system:index,date,temperature_2m,.geo
0,2004-01-01,298.5636501312256,"{""type"":""MultiPoint"",""coordinates"":[]}"
1,2004-01-02,299.57904116312665,"{""type"":""MultiPoint"",""coordinates"":[]}"
2,2004-01-03,299.26245816548663,"{""type"":""MultiPoint"",""coordinates"":[]}"
3,2004-01-04,298.5980116526286,"{""type"":""MultiPoint"",""coordinates"":[]}"
4,2004-01-05,298.86305173238117,"{""type"":""MultiPoint"",""coordinates"":[]}"
5,2004-01-06,298.5022373199463,"{""type"":""MultiPoint"",""coordinates"":[]}"
6,2004-01-07,299.09875806172687,"{""type"":""MultiPoint"",""coordinates"":[]}"
7,2004-01-08,298.9866059621175,"{""type"":""MultiPoint"",""coordinates"":[]}"
8,2004-01-09,298.9421895345052,"{""type"":""MultiPoint"",""coordinates"":[]}"
9,2004-01-10,298.995148340861,"{""type"":""MultiPoint"",""coordinates"":[]}"
10,2004-01-11,299.11739349365234,"{""type"":""MultiPoint"",""coordinates"":[]}"
11,2004-01-12,299.4162241617839,"{""type"":""MultiPoint"",""coordinates"":[]}"
12,2004-01-13,298.90555508931476,"{""type"":""MultiPoint"",""coordinates"":[]}"
13,2004-01-14,299.0363349914551,"{""type"":""MultiPoint"",""coordinates"":[]}"
14,2004-01-15,299.44620068868,"{""type"":""MultiPoint"",""coordinates"":[]}"
15,2004-01-16,299.4364528656006,"{""type"":""MultiPoint"",""coordinates"":[]}"
16,2004-01-17,299.24816640218097,"{""type"":""MultiPoint"",""coordinates"":[]}"
17,2004-01-18,299.2300828297933,"{""type"":""MultiPoint"",""coordinates"":[]}"
18,2004-01-19,298.8092091878255,"{""type"":""MultiPoint"",""coordinates"":[]}"
19,2004-01-20,298.58506711324054,"{""type"":""MultiPoint"",""coordinates"":[]}"
20,2004-01-21,298.867472966512,"{""type"":""MultiPoint"",""coordinates"":[]}"
21,2004-01-22,298.43909962972003,"{""type"":""MultiPoint"",""coordinates"":[]}"
22,2004-01-23,299.1009991963704,"{""type"":""MultiPoint"",""coordinates"":[]}"
23,2004-01-24,298.7624034881592,"{""type"":""MultiPoint"",""coordinates"":[]}"
24,2004-01-25,298.934601465861,"{""type"":""MultiPoint"",""coordinates"":[]}"
25,2004-01-26,298.54276339213055,"{""type"":""MultiPoint"",""coordinates"":[]}"
26,2004-01-27,298.5595232645671,"{""type"":""MultiPoint"",""coordinates"":[]}"
27,2004-01-28,298.66557757059735,"{""type"":""MultiPoint"",""coordinates"":[]}"
28,2004-01-29,298.0718199412028,"{""type"":""MultiPoint"",""coordinates"":[]}"
29,2004-01-30,298.97665087382,"{""type"":""MultiPoint"",""coordinates"":[]}"
30,2004-01-31,299.23181915283203,"{""type"":""MultiPoint"",""coordinates"":[]}"
31,2004-02-01,299.0429496765137,"{""type"":""MultiPoint"",""coordinates"":[]}"
32,2004-02-02,299.21409861246747,"{""type"":""MultiPoint"",""coordinates"":[]}"
33,2004-02-03,299.00135040283203,"{""type"":""MultiPoint"",""coordinates"":[]}"
34,2004-02-04,299.2036641438802,"{""type"":""MultiPoint"",""coordinates"":[]}"
35,2004-02-05,299.30355707804364,"{""type"":""MultiPoint"",""coordinates"":[]}"
36,2004-02-06,299.3260021209717,"{""type"":""MultiPoint"",""coordinates"":[]}"
37,2004-02-07,298.6656386057536,"{""type"":""MultiPoint"",""coordinates"":[]}"
38,2004-02-08,299.26366233825684,"{""type"":""MultiPoint"",""coordinates"":[]}"
39,2004-02-09,299.34066581726074,"{""type"":""MultiPoint"",""coordinates"":[]}"
40,2004-02-10,299.3146565755208,"{""type"":""MultiPoint"",""coordinates"":[]}"
41,2004-02-11,299.2281443277995,"{""type"":""MultiPoint"",""coordinates"":[]}"
42,2004-02-12,299.00817743937176,"{""type"":""MultiPoint"",""coordinates"":[]}"
43,2004-02-13,298.84458033243817,"{""type"":""MultiPoint"",""coordinates"":[]}"
44,2004-02-14,299.21600405375165,"{""type"":""MultiPoint"",""coordinates"":[]}"
45,2004-02-15,298.88753445943195,"{""type"":""MultiPoint"",""coordinates"":[]}"
46,2004-02-16,298.91756502787274,"{""type"":""MultiPoint"",""coordinates"":[]}"
47,2004-02-17,299.1064058939616,"{""type"":""MultiPoint"",""coordinates"":[]}"
48,2004-02-18,298.7706158955892,"{""type"":""MultiPoint"",""coordinates"":[]}"
49,2004-02-19,298.89496994018555,"{""type"":""MultiPoint"",""coordinates"":[]}"
50,2004-02-20,298.8041655222575,"{""type"":""MultiPoint"",""coordinates"":[]}"
51,2004-02-21,298.9385350545247,"{""type"":""MultiPoint"",""coordinates"":[]}"
52,2004-02-22,299.23609733581543,"{""type"":""MultiPoint"",""coordinates"":[]}"
53,2004-02-23,299.55677858988446,"{""type"":""MultiPoint"",""coordinates"":[]}"
54,2004-02-24,299.48806953430176,"{""type"":""MultiPoint"",""coordinates"":[]}"
55,2004-02-25,299.00538126627606,"{""type"":""MultiPoint"",""coordinates"":[]}"
56,2004-02-26,298.8326873779297,"{""type"":""MultiPoint"",""coordinates"":[]}"
57,2004-02-27,298.93171246846515,"{""type"":""MultiPoint"",""coordinates"":[]}"
58,2004-02-28,299.40549914042157,"{""type"":""MultiPoint"",""coordinates"":[]}"
59,2004-02-29,299.1915798187256,"{""type"":""MultiPoint"",""coordinates"":[]}"
60,2004-03-01,299.5852394104004,"{""type"":""MultiPoint"",""coordinates"":[]}"
61,2004-03-02,298.93188158671063,"{""type"":""MultiPoint"",""coordinates"":[]}"
62,2004-03-03,299.245512008667,"{""type"":""MultiPoint"",""coordinates"":[]}"
63,2004-03-04,298.8504047393799,"{""type"":""MultiPoint"",""coordinates"":[]}"
64,2004-03-05,299.076078414917,"{""type"":""MultiPoint"",""coordinates"":[]}"
65,2004-03-06,299.26982498168945,"{""type"":""MultiPoint"",""coordinates"":[]}"
66,2004-03-07,299.1634273529053,"{""type"":""MultiPoint"",""coordinates"":[]}"
67,2004-03-08,298.87706057230633,"{""type"":""MultiPoint"",""coordinates"":[]}"
68,2004-03-09,299.08256403605145,"{""type"":""MultiPoint"",""coordinates"":[]}"
69,2004-03-10,299.36374219258624,"{""type"":""MultiPoint"",""coordinates"":[]}"
70,2004-03-11,299.27293904622394,"{""type"":""MultiPoint"",""coordinates"":[]}"
71,2004-03-12,298.7054672241211,"{""type"":""MultiPoint"",""coordinates"":[]}"
72,2004-03-13,298.753137588501,"{""type"":""MultiPoint"",""coordinates"":[]}"
73,2004-03-14,298.99291610717773,"{""type"":""MultiPoint"",""coordinates"":[]}"
74,2004-03-15,299.1379699707031,"{""type"":""MultiPoint"",""coordinates"":[]}"
75,2004-03-16,299.11683464050293,"{""type"":""MultiPoint"",""coordinates"":[]}"
76,2004-03-17,298.9715207417806,"{""type"":""MultiPoint"",""coordinates"":[]}"
77,2004-03-18,298.6036097208659,"{""type"":""MultiPoint"",""coordinates"":[]}"
78,2004-03-19,298.89931933085126,"{""type"":""MultiPoint"",""coordinates"":[]}"
79,2004-03-20,299.26631355285645,"{""type"":""MultiPoint"",""coordinates"":[]}"
80,2004-03-21,299.4380162556966,"{""type"":""MultiPoint"",""coordinates"":[]}"
81,2004-03-22,299.42341295878094,"{""type"":""MultiPoint"",""coordinates"":[]}"
82,2004-03-23,299.59857813517254,"{""type"":""MultiPoint"",""coordinates"":[]}"
83,2004-03-24,299.52592213948566,"{""type"":""MultiPoint"",""coordinates"":[]}"
84,2004-03-25,299.4224745432536,"{""type"":""MultiPoint"",""coordinates"":[]}"
85,2004-03-26,299.19937833150226,"{""type"":""MultiPoint"",""coordinates"":[]}"
86,2004-03-27,298.94106038411456,"{""type"":""MultiPoint"",""coordinates"":[]}"
87,2004-03-28,299.03369839986163,"{""type"":""MultiPoint"",""coordinates"":[]}"
88,2004-03-29,299.21986707051593,"{""type"":""MultiPoint"",""coordinates"":[]}"
89,2004-03-30,299.5705909729004,"{""type"":""MultiPoint"",""coordinates"":[]}"
90,2004-03-31,299.5388018290202,"{""type"":""MultiPoint"",""coordinates"":[]}"
91,2004-04-01,299.7444985707601,"{""type"":""MultiPoint"",""coordinates"":[]}"
92,2004-04-02,299.60502370198566,"{""type"":""MultiPoint"",""coordinates"":[]}"
93,2004-04-03,299.6359672546387,"{""type"":""MultiPoint"",""coordinates"":[]}"
94,2004-04-04,299.8030204772949,"{""type"":""MultiPoint"",""coordinates"":[]}"
95,2004-04-05,299.3877423604329,"{""type"":""MultiPoint"",""coordinates"":[]}"
96,2004-04-06,299.7947832743327,"{""type"":""MultiPoint"",""coordinates"":[]}"
97,2004-04-07,300.0500431060791,"{""type"":""MultiPoint"",""coordinates"":[]}"
98,2004-04-08,300.01525624593097,"{""type"":""MultiPoint"",""coordinates"":[]}"
99,2004-04-09,299.74464988708496,"{""type"":""MultiPoint"",""coordinates"":[]}"
100,2004-04-10,299.5248457590739,"{""type"":""MultiPoint"",""coordinates"":[]}"
101,2004-04-11,299.93704350789386,"{""type"":""MultiPoint"",""coordinates"":[]}"
102,2004-04-12,300.0950355529785,"{""type"":""MultiPoint"",""coordinates"":[]}"
103,2004-04-13,299.99275334676105,"{""type"":""MultiPoint"",""coordinates"":[]}"
104,2004-04-14,299.48367245992023,"{""type"":""MultiPoint"",""coordinates"":[]}"
105,2004-04-15,299.2557538350423,"{""type"":""MultiPoint"",""coordinates"":[]}"
106,2004-04-16,299.19353675842285,"{""type"":""MultiPoint"",""coordinates"":[]}"
107,2004-04-17,298.9645360310872,"{""type"":""MultiPoint"",""coordinates"":[]}"
108,2004-04-18,298.4894193013509,"{""type"":""MultiPoint"",""coordinates"":[]}"
109,2004-04-19,298.6987056732178,"{""type"":""MultiPoint"",""coordinates"":[]}"
110,2004-04-20,298.8733158111572,"{""type"":""MultiPoint"",""coordinates"":[]}"
111,2004-04-21,299.26197306315106,"{""type"":""MultiPoint"",""coordinates"":[]}"
112,2004-04-22,299.57594235738117,"{""type"":""MultiPoint"",""coordinates"":[]}"
113,2004-04-23,299.281312306722,"{""type"":""MultiPoint"",""coordinates"":[]}"
114,2004-04-24,298.0736948649089,"{""type"":""MultiPoint"",""coordinates"":[]}"
115,2004-04-25,298.3595943450928,"{""type"":""MultiPoint"",""coordinates"":[]}"
116,2004-04-26,298.84530703226727,"{""type"":""MultiPoint"",""coordinates"":[]}"
117,2004-04-27,299.3281389872233,"{""type"":""MultiPoint"",""coordinates"":[]}"
118,2004-04-28,298.93859163920087,"{""type"":""MultiPoint"",""coordinates"":[]}"
119,2004-04-29,298.93790435791016,"{""type"":""MultiPoint"",""coordinates"":[]}"
120,2004-04-30,298.1368974049886,"{""type"":""MultiPoint"",""coordinates"":[]}"
121,2004-05-01,299.08728345235187,"{""type"":""MultiPoint"",""coordinates"":[]}"
122,2004-05-02,299.2364381154378,"{""type"":""MultiPoint"",""coordinates"":[]}"
123,2004-05-03,299.01574452718097,"{""type"":""MultiPoint"",""coordinates"":[]}"
124,2004-05-04,299.27538172403973,"{""type"":""MultiPoint"",""coordinates"":[]}"
125,2004-05-05,298.99388694763184,"{""type"":""MultiPoint"",""coordinates"":[]}"
126,2004-05-06,298.8238010406494,"{""type"":""MultiPoint"",""coordinates"":[]}"
127,2004-05-07,299.3646437327067,"{""type"":""MultiPoint"",""coordinates"":[]}"
128,2004-05-08,299.6366488138835,"{""type"":""MultiPoint"",""coordinates"":[]}"
129,2004-05-09,299.2898292541504,"{""type"":""MultiPoint"",""coordinates"":[]}"
130,2004-05-10,299.2073605855306,"{""type"":""MultiPoint"",""coordinates"":[]}"
131,2004-05-11,299.03172365824383,"{""type"":""MultiPoint"",""coordinates"":[]}"
132,2004-05-12,299.4979127248128,"{""type"":""MultiPoint"",""coordinates"":[]}"
133,2004-05-13,299.3062330881755,"{""type"":""MultiPoint"",""coordinates"":[]}"
134,2004-05-14,298.93786366780597,"{""type"":""MultiPoint"",""coordinates"":[]}"
135,2004-05-15,299.3772087097168,"{""type"":""MultiPoint"",""coordinates"":[]}"
136,2004-05-16,299.7007745107015,"{""type"":""MultiPoint"",""coordinates"":[]}"
137,2004-05-17,299.1562042236328,"{""type"":""MultiPoint"",""coordinates"":[]}"
138,2004-05-18,299.46360206604004,"{""type"":""MultiPoint"",""coordinates"":[]}"
139,2004-05-19,299.79017066955566,"{""type"":""MultiPoint"",""coordinates"":[]}"
140,2004-05-20,299.2849375406901,"{""type"":""MultiPoint"",""coordinates"":[]}"
141,2004-05-21,299.6025390625,"{""type"":""MultiPoint"",""coordinates"":[]}"
142,2004-05-22,299.13373883565265,"{""type"":""MultiPoint"",""coordinates"":[]}"
143,2004-05-23,299.32752990722656,"{""type"":""MultiPoint"",""coordinates"":[]}"
144,2004-05-24,299.8134848276774,"{""type"":""MultiPoint"",""coordinates"":[]}"
145,2004-05-25,299.24025599161786,"{""type"":""MultiPoint"",""coordinates"":[]}"
146,2004-05-26,298.82423210144043,"{""type"":""MultiPoint"",""coordinates"":[]}"
147,2004-05-27,299.0122324625651,"{""type"":""MultiPoint"",""coordinates"":[]}"
148,2004-05-28,299.42910703023273,"{""type"":""MultiPoint"",""coordinates"":[]}"
149,2004-05-29,298.5262966156006,"{""type"":""MultiPoint"",""coordinates"":[]}"
150,2004-05-30,298.25007756551105,"{""type"":""MultiPoint"",""coordinates"":[]}"
151,2004-05-31,298.2110023498535,"{""type"":""MultiPoint"",""coordinates"":[]}"
152,2004-06-01,298.74232292175293,"{""type"":""MultiPoint"",""coordinates"":[]}"
153,2004-06-02,298.3207181294759,"{""type"":""MultiPoint"",""coordinates"":[]}"
154,2004-06-03,298.34903144836426,"{""type"":""MultiPoint"",""coordinates"":[]}"
155,2004-06-04,298.7908083597819,"{""type"":""MultiPoint"",""coordinates"":[]}"
156,2004-06-05,298.8758544921875,"{""type"":""MultiPoint"",""coordinates"":[]}"
157,2004-06-06,298.1752624511719,"{""type"":""MultiPoint"",""coordinates"":[]}"
158,2004-06-07,298.3947919209798,"{""type"":""MultiPoint"",""coordinates"":[]}"
159,2004-06-08,298.8822644551595,"{""type"":""MultiPoint"",""coordinates"":[]}"
160,2004-06-09,298.91191991170246,"{""type"":""MultiPoint"",""coordinates"":[]}"
161,2004-06-10,299.10475794474286,"{""type"":""MultiPoint"",""coordinates"":[]}"
162,2004-06-11,298.81147893269855,"{""type"":""MultiPoint"",""coordinates"":[]}"
163,2004-06-12,298.6098512013753,"{""type"":""MultiPoint"",""coordinates"":[]}"
164,2004-06-13,298.5323963165283,"{""type"":""MultiPoint"",""coordinates"":[]}"
165,2004-06-14,298.5617904663086,"{""type"":""MultiPoint"",""coordinates"":[]}"
166,2004-06-15,298.6470012664795,"{""type"":""MultiPoint"",""coordinates"":[]}"
167,2004-06-16,298.3868465423584,"{""type"":""MultiPoint"",""coordinates"":[]}"
168,2004-06-17,298.75749015808105,"{""type"":""MultiPoint"",""coordinates"":[]}"
169,2004-06-18,298.78249677022296,"{""type"":""MultiPoint"",""coordinates"":[]}"
170,2004-06-19,298.7425136566162,"{""type"":""MultiPoint"",""coordinates"":[]}"
171,2004-06-20,299.26208305358887,"{""type"":""MultiPoint"",""coordinates"":[]}"
172,2004-06-21,298.8595479329427,"{""type"":""MultiPoint"",""coordinates"":[]}"
173,2004-06-22,298.8754463195801,"{""type"":""MultiPoint"",""coordinates"":[]}"
174,2004-06-23,299.14133135477704,"{""type"":""MultiPoint"",""coordinates"":[]}"
175,2004-06-24,298.96721903483075,"{""type"":""MultiPoint"",""coordinates"":[]}"
176,2004-06-25,298.8841667175293,"{""type"":""MultiPoint"",""coordinates"":[]}"
177,2004-06-26,298.789218266805,"{""type"":""MultiPoint"",""coordinates"":[]}"
178,2004-06-27,298.5354124704997,"{""type"":""MultiPoint"",""coordinates"":[]}"
179,2004-06-28,298.5517883300781,"{""type"":""MultiPoint"",""coordinates"":[]}"
180,2004-06-29,299.010098139445,"{""type"":""MultiPoint"",""coordinates"":[]}"
181,2004-06-30,298.9825496673584,"{""type"":""MultiPoint"",""coordinates"":[]}"
182,2004-07-01,299.4456380208333,"{""type"":""MultiPoint"",""coordinates"":[]}"
183,2004-07-02,299.15294647216797,"{""type"":""MultiPoint"",""coordinates"":[]}"
184,2004-07-03,298.969908396403,"{""type"":""MultiPoint"",""coordinates"":[]}"
185,2004-07-04,298.88727378845215,"{""type"":""MultiPoint"",""coordinates"":[]}"
186,2004-07-05,299.1441599527995,"{""type"":""MultiPoint"",""coordinates"":[]}"
187,2004-07-06,298.9836940765381,"{""type"":""MultiPoint"",""coordinates"":[]}"
188,2004-07-07,298.49622472127277,"{""type"":""MultiPoint"",""coordinates"":[]}"
189,2004-07-08,298.69005330403644,"{""type"":""MultiPoint"",""coordinates"":[]}"
190,2004-07-09,298.68646748860675,"{""type"":""MultiPoint"",""coordinates"":[]}"
191,2004-07-10,299.1423231760661,"{""type"":""MultiPoint"",""coordinates"":[]}"
192,2004-07-11,298.7445837656657,"{""type"":""MultiPoint"",""coordinates"":[]}"
193,2004-07-12,298.8011391957601,"{""type"":""MultiPoint"",""coordinates"":[]}"
194,2004-07-13,299.3436508178711,"{""type"":""MultiPoint"",""coordinates"":[]}"
195,2004-07-14,299.395751953125,"{""type"":""MultiPoint"",""coordinates"":[]}"
196,2004-07-15,299.6365102132161,"{""type"":""MultiPoint"",""coordinates"":[]}"
197,2004-07-16,299.3573417663574,"{""type"":""MultiPoint"",""coordinates"":[]}"
198,2004-07-17,299.1659590403239,"{""type"":""MultiPoint"",""coordinates"":[]}"
199,2004-07-18,298.78360748291016,"{""type"":""MultiPoint"",""coordinates"":[]}"
200,2004-07-19,298.86593437194824,"{""type"":""MultiPoint"",""coordinates"":[]}"
201,2004-07-20,299.95426750183105,"{""type"":""MultiPoint"",""coordinates"":[]}"
202,2004-07-21,299.5971686045329,"{""type"":""MultiPoint"",""coordinates"":[]}"
203,2004-07-22,299.23755645751953,"{""type"":""MultiPoint"",""coordinates"":[]}"
204,2004-07-23,299.0089473724365,"{""type"":""MultiPoint"",""coordinates"":[]}"
205,2004-07-24,299.085480372111,"{""type"":""MultiPoint"",""coordinates"":[]}"
206,2004-07-25,298.9919026692708,"{""type"":""MultiPoint"",""coordinates"":[]}"
207,2004-07-26,298.9671440124512,"{""type"":""MultiPoint"",""coordinates"":[]}"
208,2004-07-27,298.78605969746906,"{""type"":""MultiPoint"",""coordinates"":[]}"
209,2004-07-28,298.8371696472168,"{""type"":""MultiPoint"",""coordinates"":[]}"
210,2004-07-29,298.90505027770996,"{""type"":""MultiPoint"",""coordinates"":[]}"
211,2004-07-30,299.0344429016113,"{""type"":""MultiPoint"",""coordinates"":[]}"
212,2004-07-31,298.16002527872723,"{""type"":""MultiPoint"",""coordinates"":[]}"
213,2004-08-01,298.97200711568195,"{""type"":""MultiPoint"",""coordinates"":[]}"
214,2004-08-02,299.0483849843343,"{""type"":""MultiPoint"",""coordinates"":[]}"
215,2004-08-03,299.7275142669678,"{""type"":""MultiPoint"",""coordinates"":[]}"
216,2004-08-04,299.98792966206867,"{""type"":""MultiPoint"",""coordinates"":[]}"
217,2004-08-05,299.57834498087567,"{""type"":""MultiPoint"",""coordinates"":[]}"
218,2004-08-06,299.57844734191895,"{""type"":""MultiPoint"",""coordinates"":[]}"
219,2004-08-07,300.08554522196454,"{""type"":""MultiPoint"",""coordinates"":[]}"
220,2004-08-08,299.62346903483075,"{""type"":""MultiPoint"",""coordinates"":[]}"
221,2004-08-09,299.0803114573161,"{""type"":""MultiPoint"",""coordinates"":[]}"
222,2004-08-10,299.851016998291,"{""type"":""MultiPoint"",""coordinates"":[]}"
223,2004-08-11,299.8769868214925,"{""type"":""MultiPoint"",""coordinates"":[]}"
224,2004-08-12,300.1163152058919,"{""type"":""MultiPoint"",""coordinates"":[]}"
225,2004-08-13,299.8418312072754,"{""type"":""MultiPoint"",""coordinates"":[]}"
226,2004-08-14,299.6651147206624,"{""type"":""MultiPoint"",""coordinates"":[]}"
227,2004-08-15,299.74324226379395,"{""type"":""MultiPoint"",""coordinates"":[]}"
228,2004-08-16,299.31218846638996,"{""type"":""MultiPoint"",""coordinates"":[]}"
229,2004-08-17,298.93223508199054,"{""type"":""MultiPoint"",""coordinates"":[]}"
230,2004-08-18,299.60618019104004,"{""type"":""MultiPoint"",""coordinates"":[]}"
231,2004-08-19,299.73734347025555,"{""type"":""MultiPoint"",""coordinates"":[]}"
232,2004-08-20,300.11979420979816,"{""type"":""MultiPoint"",""coordinates"":[]}"
233,2004-08-21,300.2723395029704,"{""type"":""MultiPoint"",""coordinates"":[]}"
234,2004-08-22,299.9842020670573,"{""type"":""MultiPoint"",""coordinates"":[]}"
235,2004-08-23,299.9504559834798,"{""type"":""MultiPoint"",""coordinates"":[]}"
236,2004-08-24,300.4096101125081,"{""type"":""MultiPoint"",""coordinates"":[]}"
237,2004-08-25,299.88354937235516,"{""type"":""MultiPoint"",""coordinates"":[]}"
238,2004-08-26,299.83095932006836,"{""type"":""MultiPoint"",""coordinates"":[]}"
239,2004-08-27,299.88073476155597,"{""type"":""MultiPoint"",""coordinates"":[]}"
240,2004-08-28,300.5050786336263,"{""type"":""MultiPoint"",""coordinates"":[]}"
241,2004-08-29,300.9337164560954,"{""type"":""MultiPoint"",""coordinates"":[]}"
242,2004-08-30,300.96442794799805,"{""type"":""MultiPoint"",""coordinates"":[]}"
243,2004-08-31,300.1390832265218,"{""type"":""MultiPoint"",""coordinates"":[]}"
244,2004-09-01,299.96277554829913,"{""type"":""MultiPoint"",""coordinates"":[]}"
245,2004-09-02,299.760897954305,"{""type"":""MultiPoint"",""coordinates"":[]}"
246,2004-09-03,300.5431162516276,"{""type"":""MultiPoint"",""coordinates"":[]}"
247,2004-09-04,300.72294362386066,"{""type"":""MultiPoint"",""coordinates"":[]}"
248,2004-09-05,300.1078300476074,"{""type"":""MultiPoint"",""coordinates"":[]}"
249,2004-09-06,300.02073351542157,"{""type"":""MultiPoint"",""coordinates"":[]}"
250,2004-09-07,299.87958399454754,"{""type"":""MultiPoint"",""coordinates"":[]}"
251,2004-09-08,300.4794114430745,"{""type"":""MultiPoint"",""coordinates"":[]}"
252,2004-09-09,300.61546834309894,"{""type"":""MultiPoint"",""coordinates"":[]}"
253,2004-09-10,300.27745882670087,"{""type"":""MultiPoint"",""coordinates"":[]}"
254,2004-09-11,300.7020066579183,"{""type"":""MultiPoint"",""coordinates"":[]}"
255,2004-09-12,300.09767723083496,"{""type"":""MultiPoint"",""coordinates"":[]}"
256,2004-09-13,299.62149238586426,"{""type"":""MultiPoint"",""coordinates"":[]}"
257,2004-09-14,300.2766361236572,"{""type"":""MultiPoint"",""coordinates"":[]}"
258,2004-09-15,300.5384407043457,"{""type"":""MultiPoint"",""coordinates"":[]}"
259,2004-09-16,300.22484016418457,"{""type"":""MultiPoint"",""coordinates"":[]}"
260,2004-09-17,299.9492594401042,"{""type"":""MultiPoint"",""coordinates"":[]}"
261,2004-09-18,299.7349459330241,"{""type"":""MultiPoint"",""coordinates"":[]}"
262,2004-09-19,300.14838218688965,"{""type"":""MultiPoint"",""coordinates"":[]}"
263,2004-09-20,300.4269256591797,"{""type"":""MultiPoint"",""coordinates"":[]}"
264,2004-09-21,300.51944287618,"{""type"":""MultiPoint"",""coordinates"":[]}"
265,2004-09-22,300.30695215861004,"{""type"":""MultiPoint"",""coordinates"":[]}"
266,2004-09-23,300.52325503031415,"{""type"":""MultiPoint"",""coordinates"":[]}"
267,2004-09-24,300.7031052907308,"{""type"":""MultiPoint"",""coordinates"":[]}"
268,2004-09-25,300.34160232543945,"{""type"":""MultiPoint"",""coordinates"":[]}"
269,2004-09-26,300.56422932942706,"{""type"":""MultiPoint"",""coordinates"":[]}"
270,2004-09-27,300.73886426289874,"{""type"":""MultiPoint"",""coordinates"":[]}"
271,2004-09-28,300.71517690022785,"{""type"":""MultiPoint"",""coordinates"":[]}"
272,2004-09-29,300.3953628540039,"{""type"":""MultiPoint"",""coordinates"":[]}"
273,2004-09-30,300.0749568939209,"{""type"":""MultiPoint"",""coordinates"":[]}"
274,2004-10-01,300.4944527943929,"{""type"":""MultiPoint"",""coordinates"":[]}"
275,2004-10-02,300.6057529449463,"{""type"":""MultiPoint"",""coordinates"":[]}"
276,2004-10-03,300.6694761912028,"{""type"":""MultiPoint"",""coordinates"":[]}"
277,2004-10-04,300.459036509196,"{""type"":""MultiPoint"",""coordinates"":[]}"
278,2004-10-05,300.69618034362793,"{""type"":""MultiPoint"",""coordinates"":[]}"
279,2004-10-06,300.10772641499835,"{""type"":""MultiPoint"",""coordinates"":[]}"
280,2004-10-07,300.06235122680664,"{""type"":""MultiPoint"",""coordinates"":[]}"
281,2004-10-08,300.2067120869954,"{""type"":""MultiPoint"",""coordinates"":[]}"
282,2004-10-09,300.7536449432373,"{""type"":""MultiPoint"",""coordinates"":[]}"
283,2004-10-10,300.58824412027997,"{""type"":""MultiPoint"",""coordinates"":[]}"
284,2004-10-11,300.6517906188965,"{""type"":""MultiPoint"",""coordinates"":[]}"
285,2004-10-12,300.66727383931476,"{""type"":""MultiPoint"",""coordinates"":[]}"
286,2004-10-13,300.4358673095703,"{""type"":""MultiPoint"",""coordinates"":[]}"
287,2004-10-14,300.90012232462567,"{""type"":""MultiPoint"",""coordinates"":[]}"
288,2004-10-15,300.8481725056966,"{""type"":""MultiPoint"",""coordinates"":[]}"
289,2004-10-16,300.62552134195965,"{""type"":""MultiPoint"",""coordinates"":[]}"
290,2004-10-17,300.577096303304,"{""type"":""MultiPoint"",""coordinates"":[]}"
291,2004-10-18,300.7081006368001,"{""type"":""MultiPoint"",""coordinates"":[]}"
292,2004-10-19,300.6504605611165,"{""type"":""MultiPoint"",""coordinates"":[]}"
293,2004-10-20,300.95769691467285,"{""type"":""MultiPoint"",""coordinates"":[]}"
294,2004-10-21,300.8780975341797,"{""type"":""MultiPoint"",""coordinates"":[]}"
295,2004-10-22,300.7372741699219,"{""type"":""MultiPoint"",""coordinates"":[]}"
296,2004-10-23,300.60643068949383,"{""type"":""MultiPoint"",""coordinates"":[]}"
297,2004-10-24,300.6646868387858,"{""type"":""MultiPoint"",""coordinates"":[]}"
298,2004-10-25,300.2819309234619,"{""type"":""MultiPoint"",""coordinates"":[]}"
299,2004-10-26,299.8178704579671,"{""type"":""MultiPoint"",""coordinates"":[]}"
300,2004-10-27,299.95211092631024,"{""type"":""MultiPoint"",""coordinates"":[]}"
301,2004-10-28,300.5946127573649,"{""type"":""MultiPoint"",""coordinates"":[]}"
302,2004-10-29,300.3866710662842,"{""type"":""MultiPoint"",""coordinates"":[]}"
303,2004-10-30,299.7720076243083,"{""type"":""MultiPoint"",""coordinates"":[]}"
304,2004-10-31,299.8928140004476,"{""type"":""MultiPoint"",""coordinates"":[]}"
305,2004-11-01,300.1582565307617,"{""type"":""MultiPoint"",""coordinates"":[]}"
306,2004-11-02,300.48086229960126,"{""type"":""MultiPoint"",""coordinates"":[]}"
307,2004-11-03,300.5025285085042,"{""type"":""MultiPoint"",""coordinates"":[]}"
308,2004-11-04,300.6605033874512,"{""type"":""MultiPoint"",""coordinates"":[]}"
309,2004-11-05,300.79197947184247,"{""type"":""MultiPoint"",""coordinates"":[]}"
310,2004-11-06,300.6183611551921,"{""type"":""MultiPoint"",""coordinates"":[]}"
311,2004-11-07,300.2661412556966,"{""type"":""MultiPoint"",""coordinates"":[]}"
312,2004-11-08,300.6782595316569,"{""type"":""MultiPoint"",""coordinates"":[]}"
313,2004-11-09,300.66468747456867,"{""type"":""MultiPoint"",""coordinates"":[]}"
314,2004-11-10,300.84568214416504,"{""type"":""MultiPoint"",""coordinates"":[]}"
315,2004-11-11,300.9483388264974,"{""type"":""MultiPoint"",""coordinates"":[]}"
316,2004-11-12,301.22619883219403,"{""type"":""MultiPoint"",""coordinates"":[]}"
317,2004-11-13,301.20047696431476,"{""type"":""MultiPoint"",""coordinates"":[]}"
318,2004-11-14,300.97131729125977,"{""type"":""MultiPoint"",""coordinates"":[]}"
319,2004-11-15,300.3014265696208,"{""type"":""MultiPoint"",""coordinates"":[]}"
320,2004-11-16,300.8080399831136,"{""type"":""MultiPoint"",""coordinates"":[]}"
321,2004-11-17,300.9849484761556,"{""type"":""MultiPoint"",""coordinates"":[]}"
322,2004-11-18,300.86349805196124,"{""type"":""MultiPoint"",""coordinates"":[]}"
323,2004-11-19,299.958501180013,"{""type"":""MultiPoint"",""coordinates"":[]}"
324,2004-11-20,300.2051658630371,"{""type"":""MultiPoint"",""coordinates"":[]}"
325,2004-11-21,300.13593101501465,"{""type"":""MultiPoint"",""coordinates"":[]}"
326,2004-11-22,300.1468391418457,"{""type"":""MultiPoint"",""coordinates"":[]}"
327,2004-11-23,300.0593802134196,"{""type"":""MultiPoint"",""coordinates"":[]}"
328,2004-11-24,300.3196341196696,"{""type"":""MultiPoint"",""coordinates"":[]}"
329,2004-11-25,300.47547721862793,"{""type"":""MultiPoint"",""coordinates"":[]}"
330,2004-11-26,300.51285044352215,"{""type"":""MultiPoint"",""coordinates"":[]}"
331,2004-11-27,300.16446749369305,"{""type"":""MultiPoint"",""coordinates"":[]}"
332,2004-11-28,299.99677085876465,"{""type"":""MultiPoint"",""coordinates"":[]}"
333,2004-11-29,300.51544698079425,"{""type"":""MultiPoint"",""coordinates"":[]}"
334,2004-11-30,300.8258171081543,"{""type"":""MultiPoint"",""coordinates"":[]}"
335,2004-12-01,300.46294593811035,"{""type"":""MultiPoint"",""coordinates"":[]}"
336,2004-12-02,300.23744265238446,"{""type"":""MultiPoint"",""coordinates"":[]}"
337,2004-12-03,300.8904781341553,"{""type"":""MultiPoint"",""coordinates"":[]}"
338,2004-12-04,301.00999641418457,"{""type"":""MultiPoint"",""coordinates"":[]}"
339,2004-12-05,300.4577210744222,"{""type"":""MultiPoint"",""coordinates"":[]}"
340,2004-12-06,300.0165430704753,"{""type"":""MultiPoint"",""coordinates"":[]}"
341,2004-12-07,299.8049322764079,"{""type"":""MultiPoint"",""coordinates"":[]}"
342,2004-12-08,299.40706062316895,"{""type"":""MultiPoint"",""coordinates"":[]}"
343,2004-12-09,299.7561550140381,"{""type"":""MultiPoint"",""coordinates"":[]}"
344,2004-12-10,299.9304656982422,"{""type"":""MultiPoint"",""coordinates"":[]}"
345,2004-12-11,300.2563673655192,"{""type"":""MultiPoint"",""coordinates"":[]}"
346,2004-12-12,300.28506787618,"{""type"":""MultiPoint"",""coordinates"":[]}"
347,2004-12-13,300.38720830281574,"{""type"":""MultiPoint"",""coordinates"":[]}"
348,2004-12-14,300.46435864766437,"{""type"":""MultiPoint"",""coordinates"":[]}"
349,2004-12-15,300.2277011871338,"{""type"":""MultiPoint"",""coordinates"":[]}"
350,2004-12-16,300.35804684956867,"{""type"":""MultiPoint"",""coordinates"":[]}"
351,2004-12-17,300.09940973917645,"{""type"":""MultiPoint"",""coordinates"":[]}"
352,2004-12-18,299.8688437143962,"{""type"":""MultiPoint"",""coordinates"":[]}"
353,2004-12-19,300.5121212005615,"{""type"":""MultiPoint"",""coordinates"":[]}"
354,2004-12-20,300.5705903371175,"{""type"":""MultiPoint"",""coordinates"":[]}"
355,2004-12-21,299.85836664835614,"{""type"":""MultiPoint"",""coordinates"":[]}"
356,2004-12-22,299.66439692179364,"{""type"":""MultiPoint"",""coordinates"":[]}"
357,2004-12-23,299.5153573354085,"{""type"":""MultiPoint"",""coordinates"":[]}"
358,2004-12-24,299.23127937316895,"{""type"":""MultiPoint"",""coordinates"":[]}"
359,2004-12-25,299.2901388804118,"{""type"":""MultiPoint"",""coordinates"":[]}"
360,2004-12-26,299.412499109904,"{""type"":""MultiPoint"",""coordinates"":[]}"
361,2004-12-27,299.9415225982666,"{""type"":""MultiPoint"",""coordinates"":[]}"
362,2004-12-28,299.058406829834,"{""type"":""MultiPoint"",""coordinates"":[]}"
363,2004-12-29,299.2684631347656,"{""type"":""MultiPoint"",""coordinates"":[]}"
364,2004-12-30,299.2535622914632,"{""type"":""MultiPoint"",""coordinates"":[]}"
365,2004-12-31,298.86747614542645,"{""type"":""MultiPoint"",""coordinates"":[]}"
366,2005-01-01,299.3357226053874,"{""type"":""MultiPoint"",""coordinates"":[]}"
367,2005-01-02,299.12415504455566,"{""type"":""MultiPoint"",""coordinates"":[]}"
368,2005-01-03,299.0450382232666,"{""type"":""MultiPoint"",""coordinates"":[]}"
369,2005-01-04,299.79089546203613,"{""type"":""MultiPoint"",""coordinates"":[]}"
370,2005-01-05,299.1009057362874,"{""type"":""MultiPoint"",""coordinates"":[]}"
371,2005-01-06,298.74296951293945,"{""type"":""MultiPoint"",""coordinates"":[]}"
372,2005-01-07,298.82922554016113,"{""type"":""MultiPoint"",""coordinates"":[]}"
373,2005-01-08,299.5219561258952,"{""type"":""MultiPoint"",""coordinates"":[]}"
374,2005-01-09,299.4660002390544,"{""type"":""MultiPoint"",""coordinates"":[]}"
375,2005-01-10,299.94623311360675,"{""type"":""MultiPoint"",""coordinates"":[]}"
376,2005-01-11,300.32041994730633,"{""type"":""MultiPoint"",""coordinates"":[]}"
377,2005-01-12,300.18621317545575,"{""type"":""MultiPoint"",""coordinates"":[]}"
378,2005-01-13,299.65014330546063,"{""type"":""MultiPoint"",""coordinates"":[]}"
379,2005-01-14,298.91612434387207,"{""type"":""MultiPoint"",""coordinates"":[]}"
380,2005-01-15,298.8352247873942,"{""type"":""MultiPoint"",""coordinates"":[]}"
381,2005-01-16,299.4789505004883,"{""type"":""MultiPoint"",""coordinates"":[]}"
382,2005-01-17,299.50579897562665,"{""type"":""MultiPoint"",""coordinates"":[]}"
383,2005-01-18,298.5201950073242,"{""type"":""MultiPoint"",""coordinates"":[]}"
384,2005-01-19,298.60040219624835,"{""type"":""MultiPoint"",""coordinates"":[]}"
385,2005-01-20,298.9787362416585,"{""type"":""MultiPoint"",""coordinates"":[]}"
386,2005-01-21,298.4946409861247,"{""type"":""MultiPoint"",""coordinates"":[]}"
387,2005-01-22,298.9924894968669,"{""type"":""MultiPoint"",""coordinates"":[]}"
388,2005-01-23,299.1100381215413,"{""type"":""MultiPoint"",""coordinates"":[]}"
389,2005-01-24,299.009916305542,"{""type"":""MultiPoint"",""coordinates"":[]}"
390,2005-01-25,298.89966265360516,"{""type"":""MultiPoint"",""coordinates"":[]}"
391,2005-01-26,298.738582611084,"{""type"":""MultiPoint"",""coordinates"":[]}"
392,2005-01-27,298.68242899576825,"{""type"":""MultiPoint"",""coordinates"":[]}"
393,2005-01-28,299.22207323710126,"{""type"":""MultiPoint"",""coordinates"":[]}"
394,2005-01-29,298.6542218526204,"{""type"":""MultiPoint"",""coordinates"":[]}"
395,2005-01-30,298.58149337768555,"{""type"":""MultiPoint"",""coordinates"":[]}"
396,2005-01-31,298.31113052368164,"{""type"":""MultiPoint"",""coordinates"":[]}"
397,2005-02-01,298.5553544362386,"{""type"":""MultiPoint"",""coordinates"":[]}"
398,2005-02-02,298.6564133961995,"{""type"":""MultiPoint"",""coordinates"":[]}"
399,2005-02-03,298.78167788187665,"{""type"":""MultiPoint"",""coordinates"":[]}"
400,2005-02-04,298.4806722005208,"{""type"":""MultiPoint"",""coordinates"":[]}"
401,2005-02-05,298.7947362263997,"{""type"":""MultiPoint"",""coordinates"":[]}"
402,2005-02-06,299.169428507487,"{""type"":""MultiPoint"",""coordinates"":[]}"
403,2005-02-07,299.8179391225179,"{""type"":""MultiPoint"",""coordinates"":[]}"
404,2005-02-08,299.8808288574219,"{""type"":""MultiPoint"",""coordinates"":[]}"
405,2005-02-09,299.71137110392254,"{""type"":""MultiPoint"",""coordinates"":[]}"
406,2005-02-10,299.67225583394367,"{""type"":""MultiPoint"",""coordinates"":[]}"
407,2005-02-11,299.79370435078937,"{""type"":""MultiPoint"",""coordinates"":[]}"
408,2005-02-12,299.796625773112,"{""type"":""MultiPoint"",""coordinates"":[]}"
409,2005-02-13,299.4507071177165,"{""type"":""MultiPoint"",""coordinates"":[]}"
410,2005-02-14,299.523977915446,"{""type"":""MultiPoint"",""coordinates"":[]}"
411,2005-02-15,299.5910752614339,"{""type"":""MultiPoint"",""coordinates"":[]}"
412,2005-02-16,299.4441680908203,"{""type"":""MultiPoint"",""coordinates"":[]}"
413,2005-02-17,299.5710875193278,"{""type"":""MultiPoint"",""coordinates"":[]}"
414,2005-02-18,299.3663749694824,"{""type"":""MultiPoint"",""coordinates"":[]}"
415,2005-02-19,299.07516543070477,"{""type"":""MultiPoint"",""coordinates"":[]}"
416,2005-02-20,298.74292691548663,"{""type"":""MultiPoint"",""coordinates"":[]}"
417,2005-02-21,299.77368418375653,"{""type"":""MultiPoint"",""coordinates"":[]}"
418,2005-02-22,299.21666717529297,"{""type"":""MultiPoint"",""coordinates"":[]}"
419,2005-02-23,299.18213081359863,"{""type"":""MultiPoint"",""coordinates"":[]}"
420,2005-02-24,299.27720133463544,"{""type"":""MultiPoint"",""coordinates"":[]}"
421,2005-02-25,299.41958872477215,"{""type"":""MultiPoint"",""coordinates"":[]}"
422,2005-02-26,300.2702166239421,"{""type"":""MultiPoint"",""coordinates"":[]}"
423,2005-02-27,300.01269340515137,"{""type"":""MultiPoint"",""coordinates"":[]}"
424,2005-02-28,299.795659383138,"{""type"":""MultiPoint"",""coordinates"":[]}"
425,2005-03-01,299.90080579121906,"{""type"":""MultiPoint"",""coordinates"":[]}"
426,2005-03-02,299.9512774149577,"{""type"":""MultiPoint"",""coordinates"":[]}"
427,2005-03-03,299.8970082600911,"{""type"":""MultiPoint"",""coordinates"":[]}"
428,2005-03-04,300.07433700561523,"{""type"":""MultiPoint"",""coordinates"":[]}"
429,2005-03-05,300.000971476237,"{""type"":""MultiPoint"",""coordinates"":[]}"
430,2005-03-06,299.87841478983563,"{""type"":""MultiPoint"",""coordinates"":[]}"
431,2005-03-07,299.85526212056476,"{""type"":""MultiPoint"",""coordinates"":[]}"
432,2005-03-08,299.6404806772868,"{""type"":""MultiPoint"",""coordinates"":[]}"
433,2005-03-09,299.357136408488,"{""type"":""MultiPoint"",""coordinates"":[]}"
434,2005-03-10,299.49804306030273,"{""type"":""MultiPoint"",""coordinates"":[]}"
435,2005-03-11,300.0287742614746,"{""type"":""MultiPoint"",""coordinates"":[]}"
436,2005-03-12,299.486136118571,"{""type"":""MultiPoint"",""coordinates"":[]}"
437,2005-03-13,298.9978675842285,"{""type"":""MultiPoint"",""coordinates"":[]}"
438,2005-03-14,299.2762095133464,"{""type"":""MultiPoint"",""coordinates"":[]}"
439,2005-03-15,299.6005522410075,"{""type"":""MultiPoint"",""coordinates"":[]}"
440,2005-03-16,300.0074456532796,"{""type"":""MultiPoint"",""coordinates"":[]}"
441,2005-03-17,299.8051102956136,"{""type"":""MultiPoint"",""coordinates"":[]}"
442,2005-03-18,299.8531799316406,"{""type"":""MultiPoint"",""coordinates"":[]}"
443,2005-03-19,299.72448984781903,"{""type"":""MultiPoint"",""coordinates"":[]}"
444,2005-03-20,299.95286242167157,"{""type"":""MultiPoint"",""coordinates"":[]}"
445,2005-03-21,300.00522168477374,"{""type"":""MultiPoint"",""coordinates"":[]}"
446,2005-03-22,300.185697555542,"{""type"":""MultiPoint"",""coordinates"":[]}"
447,2005-03-23,299.95074971516925,"{""type"":""MultiPoint"",""coordinates"":[]}"
448,2005-03-24,299.4586607615153,"{""type"":""MultiPoint"",""coordinates"":[]}"
449,2005-03-25,299.89259274800617,"{""type"":""MultiPoint"",""coordinates"":[]}"
450,2005-03-26,299.8342870076497,"{""type"":""MultiPoint"",""coordinates"":[]}"
451,2005-03-27,299.6722920735677,"{""type"":""MultiPoint"",""coordinates"":[]}"
452,2005-03-28,300.0055923461914,"{""type"":""MultiPoint"",""coordinates"":[]}"
453,2005-03-29,299.5474338531494,"{""type"":""MultiPoint"",""coordinates"":[]}"
454,2005-03-30,299.421973546346,"{""type"":""MultiPoint"",""coordinates"":[]}"
455,2005-03-31,299.2799644470215,"{""type"":""MultiPoint"",""coordinates"":[]}"
456,2005-04-01,299.4653727213542,"{""type"":""MultiPoint"",""coordinates"":[]}"
457,2005-04-02,299.0022830963135,"{""type"":""MultiPoint"",""coordinates"":[]}"
458,2005-04-03,299.3786373138428,"{""type"":""MultiPoint"",""coordinates"":[]}"
459,2005-04-04,300.0920524597168,"{""type"":""MultiPoint"",""coordinates"":[]}"
460,2005-04-05,299.9988873799642,"{""type"":""MultiPoint"",""coordinates"":[]}"
461,2005-04-06,300.0311985015869,"{""type"":""MultiPoint"",""coordinates"":[]}"
462,2005-04-07,299.1984049479167,"{""type"":""MultiPoint"",""coordinates"":[]}"
463,2005-04-08,299.59378242492676,"{""type"":""MultiPoint"",""coordinates"":[]}"
464,2005-04-09,299.926264444987,"{""type"":""MultiPoint"",""coordinates"":[]}"
465,2005-04-10,299.3768615722656,"{""type"":""MultiPoint"",""coordinates"":[]}"
466,2005-04-11,299.0694408416748,"{""type"":""MultiPoint"",""coordinates"":[]}"
467,2005-04-12,299.31855328877765,"{""type"":""MultiPoint"",""coordinates"":[]}"
468,2005-04-13,299.5728302001953,"{""type"":""MultiPoint"",""coordinates"":[]}"
469,2005-04-14,299.9799499511719,"{""type"":""MultiPoint"",""coordinates"":[]}"
470,2005-04-15,299.86011695861816,"{""type"":""MultiPoint"",""coordinates"":[]}"
471,2005-04-16,299.70336151123047,"{""type"":""MultiPoint"",""coordinates"":[]}"
472,2005-04-17,299.6900469462077,"{""type"":""MultiPoint"",""coordinates"":[]}"
473,2005-04-18,298.92636998494464,"{""type"":""MultiPoint"",""coordinates"":[]}"
474,2005-04-19,299.86084938049316,"{""type"":""MultiPoint"",""coordinates"":[]}"
475,2005-04-20,299.51533762613934,"{""type"":""MultiPoint"",""coordinates"":[]}"
476,2005-04-21,299.5365295410156,"{""type"":""MultiPoint"",""coordinates"":[]}"
477,2005-04-22,299.7634499867757,"{""type"":""MultiPoint"",""coordinates"":[]}"
478,2005-04-23,300.19679260253906,"{""type"":""MultiPoint"",""coordinates"":[]}"
479,2005-04-24,300.1549186706543,"{""type"":""MultiPoint"",""coordinates"":[]}"
480,2005-04-25,300.16155942281085,"{""type"":""MultiPoint"",""coordinates"":[]}"
481,2005-04-26,299.3902778625488,"{""type"":""MultiPoint"",""coordinates"":[]}"
482,2005-04-27,299.53713671366376,"{""type"":""MultiPoint"",""coordinates"":[]}"
483,2005-04-28,299.2393881479899,"{""type"":""MultiPoint"",""coordinates"":[]}"
484,2005-04-29,299.50551414489746,"{""type"":""MultiPoint"",""coordinates"":[]}"
485,2005-04-30,299.11471430460614,"{""type"":""MultiPoint"",""coordinates"":[]}"
486,2005-05-01,298.8759822845459,"{""type"":""MultiPoint"",""coordinates"":[]}"
487,2005-05-02,299.96740468343097,"{""type"":""MultiPoint"",""coordinates"":[]}"
488,2005-05-03,300.3247127532959,"{""type"":""MultiPoint"",""coordinates"":[]}"
489,2005-05-04,300.13842391967773,"{""type"":""MultiPoint"",""coordinates"":[]}"
490,2005-05-05,299.31772168477374,"{""type"":""MultiPoint"",""coordinates"":[]}"
491,2005-05-06,299.6275806427002,"{""type"":""MultiPoint"",""coordinates"":[]}"
492,2005-05-07,299.05620257059735,"{""type"":""MultiPoint"",""coordinates"":[]}"
493,2005-05-08,299.22855885823566,"{""type"":""MultiPoint"",""coordinates"":[]}"
494,2005-05-09,299.9728132883708,"{""type"":""MultiPoint"",""coordinates"":[]}"
495,2005-05-10,300.0136076609294,"{""type"":""MultiPoint"",""coordinates"":[]}"
496,2005-05-11,300.19759941101074,"{""type"":""MultiPoint"",""coordinates"":[]}"
497,2005-05-12,299.87028948465985,"{""type"":""MultiPoint"",""coordinates"":[]}"
498,2005-05-13,300.19192632039386,"{""type"":""MultiPoint"",""coordinates"":[]}"
499,2005-05-14,299.97546259562176,"{""type"":""MultiPoint"",""coordinates"":[]}"
500,2005-05-15,300.0390981038411,"{""type"":""MultiPoint"",""coordinates"":[]}"
501,2005-05-16,299.8322162628174,"{""type"":""MultiPoint"",""coordinates"":[]}"
502,2005-05-17,299.33502769470215,"{""type"":""MultiPoint"",""coordinates"":[]}"
503,2005-05-18,299.37328720092773,"{""type"":""MultiPoint"",""coordinates"":[]}"
504,2005-05-19,299.76367886861163,"{""type"":""MultiPoint"",""coordinates"":[]}"
505,2005-05-20,299.31912167867023,"{""type"":""MultiPoint"",""coordinates"":[]}"
506,2005-05-21,299.8202247619629,"{""type"":""MultiPoint"",""coordinates"":[]}"
507,2005-05-22,299.72057088216144,"{""type"":""MultiPoint"",""coordinates"":[]}"
508,2005-05-23,300.55126698811847,"{""type"":""MultiPoint"",""coordinates"":[]}"
509,2005-05-24,300.55421193440753,"{""type"":""MultiPoint"",""coordinates"":[]}"
510,2005-05-25,300.2601013183594,"{""type"":""MultiPoint"",""coordinates"":[]}"
511,2005-05-26,300.38331667582196,"{""type"":""MultiPoint"",""coordinates"":[]}"
512,2005-05-27,300.32981236775714,"{""type"":""MultiPoint"",""coordinates"":[]}"
513,2005-05-28,299.47882715861004,"{""type"":""MultiPoint"",""coordinates"":[]}"
514,2005-05-29,299.26014137268066,"{""type"":""MultiPoint"",""coordinates"":[]}"
515,2005-05-30,299.4635410308838,"{""type"":""MultiPoint"",""coordinates"":[]}"
516,2005-05-31,298.9796536763509,"{""type"":""MultiPoint"",""coordinates"":[]}"
517,2005-06-01,298.89466921488446,"{""type"":""MultiPoint"",""coordinates"":[]}"
518,2005-06-02,299.06371053059894,"{""type"":""MultiPoint"",""coordinates"":[]}"
519,2005-06-03,299.11903127034503,"{""type"":""MultiPoint"",""coordinates"":[]}"
520,2005-06-04,299.2050380706787,"{""type"":""MultiPoint"",""coordinates"":[]}"
521,2005-06-05,299.9103088378906,"{""type"":""MultiPoint"",""coordinates"":[]}"
522,2005-06-06,300.3007443745931,"{""type"":""MultiPoint"",""coordinates"":[]}"
523,2005-06-07,300.04717508951825,"{""type"":""MultiPoint"",""coordinates"":[]}"
524,2005-06-08,299.36955070495605,"{""type"":""MultiPoint"",""coordinates"":[]}"
525,2005-06-09,299.9706662495931,"{""type"":""MultiPoint"",""coordinates"":[]}"
526,2005-06-10,300.2625923156738,"{""type"":""MultiPoint"",""coordinates"":[]}"
527,2005-06-11,300.5985743204753,"{""type"":""MultiPoint"",""coordinates"":[]}"
528,2005-06-12,300.11312611897785,"{""type"":""MultiPoint"",""coordinates"":[]}"
529,2005-06-13,300.0106773376465,"{""type"":""MultiPoint"",""coordinates"":[]}"
530,2005-06-14,300.73232587178546,"{""type"":""MultiPoint"",""coordinates"":[]}"
531,2005-06-15,301.18310801188153,"{""type"":""MultiPoint"",""coordinates"":[]}"
532,2005-06-16,300.7829984029134,"{""type"":""MultiPoint"",""coordinates"":[]}"
533,2005-06-17,300.3023217519124,"{""type"":""MultiPoint"",""coordinates"":[]}"
534,2005-06-18,300.0184154510498,"{""type"":""MultiPoint"",""coordinates"":[]}"
535,2005-06-19,299.9551531473796,"{""type"":""MultiPoint"",""coordinates"":[]}"
536,2005-06-20,300.4699363708496,"{""type"":""MultiPoint"",""coordinates"":[]}"
537,2005-06-21,299.6262213389079,"{""type"":""MultiPoint"",""coordinates"":[]}"
538,2005-06-22,299.5717188517253,"{""type"":""MultiPoint"",""coordinates"":[]}"
539,2005-06-23,300.2550245920817,"{""type"":""MultiPoint"",""coordinates"":[]}"
540,2005-06-24,299.53118832906085,"{""type"":""MultiPoint"",""coordinates"":[]}"
541,2005-06-25,299.2872136433919,"{""type"":""MultiPoint"",""coordinates"":[]}"
542,2005-06-26,299.53322347005206,"{""type"":""MultiPoint"",""coordinates"":[]}"
543,2005-06-27,299.4218571980794,"{""type"":""MultiPoint"",""coordinates"":[]}"
544,2005-06-28,300.15735880533856,"{""type"":""MultiPoint"",""coordinates"":[]}"
545,2005-06-29,299.53529675801593,"{""type"":""MultiPoint"",""coordinates"":[]}"
546,2005-06-30,299.73297754923504,"{""type"":""MultiPoint"",""coordinates"":[]}"
547,2005-07-01,299.4676049550374,"{""type"":""MultiPoint"",""coordinates"":[]}"
548,2005-07-02,298.7845967610677,"{""type"":""MultiPoint"",""coordinates"":[]}"
549,2005-07-03,299.135783513387,"{""type"":""MultiPoint"",""coordinates"":[]}"
550,2005-07-04,298.80253473917645,"{""type"":""MultiPoint"",""coordinates"":[]}"
551,2005-07-05,299.3314272562663,"{""type"":""MultiPoint"",""coordinates"":[]}"
552,2005-07-06,299.65464846293133,"{""type"":""MultiPoint"",""coordinates"":[]}"
553,2005-07-07,298.9645252227783,"{""type"":""MultiPoint"",""coordinates"":[]}"
554,2005-07-08,299.235413869222,"{""type"":""MultiPoint"",""coordinates"":[]}"
555,2005-07-09,299.0588830312093,"{""type"":""MultiPoint"",""coordinates"":[]}"
556,2005-07-10,298.1787395477295,"{""type"":""MultiPoint"",""coordinates"":[]}"
557,2005-07-11,298.92170906066895,"{""type"":""MultiPoint"",""coordinates"":[]}"
558,2005-07-12,299.1894016265869,"{""type"":""MultiPoint"",""coordinates"":[]}"
559,2005-07-13,299.34796651204425,"{""type"":""MultiPoint"",""coordinates"":[]}"
560,2005-07-14,298.9614766438802,"{""type"":""MultiPoint"",""coordinates"":[]}"
561,2005-07-15,299.14487075805664,"{""type"":""MultiPoint"",""coordinates"":[]}"
562,2005-07-16,299.395793279012,"{""type"":""MultiPoint"",""coordinates"":[]}"
563,2005-07-17,299.1033935546875,"{""type"":""MultiPoint"",""coordinates"":[]}"
564,2005-07-18,299.1593011220296,"{""type"":""MultiPoint"",""coordinates"":[]}"
565,2005-07-19,299.53876876831055,"{""type"":""MultiPoint"",""coordinates"":[]}"
566,2005-07-20,299.08080101013184,"{""type"":""MultiPoint"",""coordinates"":[]}"
567,2005-07-21,298.8189220428467,"{""type"":""MultiPoint"",""coordinates"":[]}"
568,2005-07-22,299.3344160715739,"{""type"":""MultiPoint"",""coordinates"":[]}"
569,2005-07-23,300.07629585266113,"{""type"":""MultiPoint"",""coordinates"":[]}"
570,2005-07-24,300.2289632161458,"{""type"":""MultiPoint"",""coordinates"":[]}"
571,2005-07-25,299.7931537628174,"{""type"":""MultiPoint"",""coordinates"":[]}"
572,2005-07-26,300.03744570414227,"{""type"":""MultiPoint"",""coordinates"":[]}"
573,2005-07-27,299.52886327107746,"{""type"":""MultiPoint"",""coordinates"":[]}"
574,2005-07-28,299.51546986897785,"{""type"":""MultiPoint"",""coordinates"":[]}"
575,2005-07-29,299.74737040201825,"{""type"":""MultiPoint"",""coordinates"":[]}"
576,2005-07-30,299.9076105753581,"{""type"":""MultiPoint"",""coordinates"":[]}"
577,2005-07-31,299.7314796447754,"{""type"":""MultiPoint"",""coordinates"":[]}"
578,2005-08-01,299.6705131530762,"{""type"":""MultiPoint"",""coordinates"":[]}"
579,2005-08-02,299.8228009541829,"{""type"":""MultiPoint"",""coordinates"":[]}"
580,2005-08-03,299.4058386484782,"{""type"":""MultiPoint"",""coordinates"":[]}"
581,2005-08-04,299.6199811299642,"{""type"":""MultiPoint"",""coordinates"":[]}"
582,2005-08-05,300.04875500996906,"{""type"":""MultiPoint"",""coordinates"":[]}"
583,2005-08-06,299.9621817270915,"{""type"":""MultiPoint"",""coordinates"":[]}"
584,2005-08-07,299.59978612263996,"{""type"":""MultiPoint"",""coordinates"":[]}"
585,2005-08-08,299.9045702616374,"{""type"":""MultiPoint"",""coordinates"":[]}"
586,2005-08-09,299.49854787190753,"{""type"":""MultiPoint"",""coordinates"":[]}"
587,2005-08-10,299.297908782959,"{""type"":""MultiPoint"",""coordinates"":[]}"
588,2005-08-11,299.790189743042,"{""type"":""MultiPoint"",""coordinates"":[]}"
589,2005-08-12,299.30383046468097,"{""type"":""MultiPoint"",""coordinates"":[]}"
590,2005-08-13,299.564879099528,"{""type"":""MultiPoint"",""coordinates"":[]}"
591,2005-08-14,299.9313208262126,"{""type"":""MultiPoint"",""coordinates"":[]}"
592,2005-08-15,300.5402971903483,"{""type"":""MultiPoint"",""coordinates"":[]}"
593,2005-08-16,300.6744956970215,"{""type"":""MultiPoint"",""coordinates"":[]}"
594,2005-08-17,300.0700988769531,"{""type"":""MultiPoint"",""coordinates"":[]}"
595,2005-08-18,300.2622839609782,"{""type"":""MultiPoint"",""coordinates"":[]}"
596,2005-08-19,300.2845706939697,"{""type"":""MultiPoint"",""coordinates"":[]}"
597,2005-08-20,299.7553901672363,"{""type"":""MultiPoint"",""coordinates"":[]}"
598,2005-08-21,299.68558502197266,"{""type"":""MultiPoint"",""coordinates"":[]}"
599,2005-08-22,299.98216756184894,"{""type"":""MultiPoint"",""coordinates"":[]}"
600,2005-08-23,300.35405858357746,"{""type"":""MultiPoint"",""coordinates"":[]}"
601,2005-08-24,300.2608013153076,"{""type"":""MultiPoint"",""coordinates"":[]}"
602,2005-08-25,300.84033393859863,"{""type"":""MultiPoint"",""coordinates"":[]}"
603,2005-08-26,300.5109672546387,"{""type"":""MultiPoint"",""coordinates"":[]}"
604,2005-08-27,300.4670060475667,"{""type"":""MultiPoint"",""coordinates"":[]}"
605,2005-08-28,300.754695892334,"{""type"":""MultiPoint"",""coordinates"":[]}"
606,2005-08-29,300.71840985616046,"{""type"":""MultiPoint"",""coordinates"":[]}"
607,2005-08-30,300.238229115804,"{""type"":""MultiPoint"",""coordinates"":[]}"
608,2005-08-31,299.48531977335614,"{""type"":""MultiPoint"",""coordinates"":[]}"
609,2005-09-01,299.98853492736816,"{""type"":""MultiPoint"",""coordinates"":[]}"
610,2005-09-02,300.667765935262,"{""type"":""MultiPoint"",""coordinates"":[]}"
611,2005-09-03,300.6287428538005,"{""type"":""MultiPoint"",""coordinates"":[]}"
612,2005-09-04,300.46105575561523,"{""type"":""MultiPoint"",""coordinates"":[]}"
613,2005-09-05,300.4052365620931,"{""type"":""MultiPoint"",""coordinates"":[]}"
614,2005-09-06,300.7926031748454,"{""type"":""MultiPoint"",""coordinates"":[]}"
615,2005-09-07,300.8251145680745,"{""type"":""MultiPoint"",""coordinates"":[]}"
616,2005-09-08,300.9413998921712,"{""type"":""MultiPoint"",""coordinates"":[]}"
617,2005-09-09,300.7423203786214,"{""type"":""MultiPoint"",""coordinates"":[]}"
618,2005-09-10,299.8110586802165,"{""type"":""MultiPoint"",""coordinates"":[]}"
619,2005-09-11,300.1301333109538,"{""type"":""MultiPoint"",""coordinates"":[]}"
620,2005-09-12,300.2749849955241,"{""type"":""MultiPoint"",""coordinates"":[]}"
621,2005-09-13,300.40859540303546,"{""type"":""MultiPoint"",""coordinates"":[]}"
622,2005-09-14,300.648198445638,"{""type"":""MultiPoint"",""coordinates"":[]}"
623,2005-09-15,300.9840615590413,"{""type"":""MultiPoint"",""coordinates"":[]}"
624,2005-09-16,300.31933784484863,"{""type"":""MultiPoint"",""coordinates"":[]}"
625,2005-09-17,299.7920786539714,"{""type"":""MultiPoint"",""coordinates"":[]}"
626,2005-09-18,300.4185651143392,"{""type"":""MultiPoint"",""coordinates"":[]}"
627,2005-09-19,301.01855913798016,"{""type"":""MultiPoint"",""coordinates"":[]}"
628,2005-09-20,301.08603286743164,"{""type"":""MultiPoint"",""coordinates"":[]}"
629,2005-09-21,301.0656820933024,"{""type"":""MultiPoint"",""coordinates"":[]}"
630,2005-09-22,300.99939092000324,"{""type"":""MultiPoint"",""coordinates"":[]}"
631,2005-09-23,301.10997009277344,"{""type"":""MultiPoint"",""coordinates"":[]}"
632,2005-09-24,300.8563117980957,"{""type"":""MultiPoint"",""coordinates"":[]}"
633,2005-09-25,300.7044849395752,"{""type"":""MultiPoint"",""coordinates"":[]}"
634,2005-09-26,300.87196985880536,"{""type"":""MultiPoint"",""coordinates"":[]}"
635,2005-09-27,301.0421206156413,"{""type"":""MultiPoint"",""coordinates"":[]}"
636,2005-09-28,300.7708733876546,"{""type"":""MultiPoint"",""coordinates"":[]}"
637,2005-09-29,300.51819038391113,"{""type"":""MultiPoint"",""coordinates"":[]}"
638,2005-09-30,300.52173169453937,"{""type"":""MultiPoint"",""coordinates"":[]}"
639,2005-10-01,300.693177541097,"{""type"":""MultiPoint"",""coordinates"":[]}"
640,2005-10-02,300.9106814066569,"{""type"":""MultiPoint"",""coordinates"":[]}"
641,2005-10-03,300.8695888519287,"{""type"":""MultiPoint"",""coordinates"":[]}"
642,2005-10-04,300.67280832926434,"{""type"":""MultiPoint"",""coordinates"":[]}"
643,2005-10-05,300.9330081939697,"{""type"":""MultiPoint"",""coordinates"":[]}"
644,2005-10-06,301.0073006947835,"{""type"":""MultiPoint"",""coordinates"":[]}"
645,2005-10-07,300.8748486836751,"{""type"":""MultiPoint"",""coordinates"":[]}"
646,2005-10-08,301.04990514119464,"{""type"":""MultiPoint"",""coordinates"":[]}"
647,2005-10-09,300.6415430704753,"{""type"":""MultiPoint"",""coordinates"":[]}"
648,2005-10-10,300.4303150177002,"{""type"":""MultiPoint"",""coordinates"":[]}"
649,2005-10-11,300.439058303833,"{""type"":""MultiPoint"",""coordinates"":[]}"
650,2005-10-12,300.51725069681805,"{""type"":""MultiPoint"",""coordinates"":[]}"
651,2005-10-13,300.77523549397785,"{""type"":""MultiPoint"",""coordinates"":[]}"
652,2005-10-14,301.0751183827718,"{""type"":""MultiPoint"",""coordinates"":[]}"
653,2005-10-15,301.29080899556476,"{""type"":""MultiPoint"",""coordinates"":[]}"
654,2005-10-16,301.15622965494794,"{""type"":""MultiPoint"",""coordinates"":[]}"
655,2005-10-17,301.27910168965656,"{""type"":""MultiPoint"",""coordinates"":[]}"
656,2005-10-18,301.18888155619305,"{""type"":""MultiPoint"",""coordinates"":[]}"
657,2005-10-19,300.9763539632161,"{""type"":""MultiPoint"",""coordinates"":[]}"
658,2005-10-20,300.6867084503174,"{""type"":""MultiPoint"",""coordinates"":[]}"
659,2005-10-21,300.86072540283203,"{""type"":""MultiPoint"",""coordinates"":[]}"
660,2005-10-22,300.9319903055827,"{""type"":""MultiPoint"",""coordinates"":[]}"
661,2005-10-23,300.67912673950195,"{""type"":""MultiPoint"",""coordinates"":[]}"
662,2005-10-24,300.3783353169759,"{""type"":""MultiPoint"",""coordinates"":[]}"
663,2005-10-25,300.4134801228841,"{""type"":""MultiPoint"",""coordinates"":[]}"
664,2005-10-26,300.42957242329913,"{""type"":""MultiPoint"",""coordinates"":[]}"
665,2005-10-27,300.603230158488,"{""type"":""MultiPoint"",""coordinates"":[]}"
666,2005-10-28,300.4810784657796,"{""type"":""MultiPoint"",""coordinates"":[]}"
667,2005-10-29,300.9041042327881,"{""type"":""MultiPoint"",""coordinates"":[]}"
668,2005-10-30,301.03223609924316,"{""type"":""MultiPoint"",""coordinates"":[]}"
669,2005-10-31,300.4773057301839,"{""type"":""MultiPoint"",""coordinates"":[]}"
670,2005-11-01,300.4329611460368,"{""type"":""MultiPoint"",""coordinates"":[]}"
671,2005-11-02,300.87991587320965,"{""type"":""MultiPoint"",""coordinates"":[]}"
672,2005-11-03,300.2222652435303,"{""type"":""MultiPoint"",""coordinates"":[]}"
673,2005-11-04,300.2226988474528,"{""type"":""MultiPoint"",""coordinates"":[]}"
674,2005-11-05,300.35280354817706,"{""type"":""MultiPoint"",""coordinates"":[]}"
675,2005-11-06,299.53578186035156,"{""type"":""MultiPoint"",""coordinates"":[]}"
676,2005-11-07,299.7814356486003,"{""type"":""MultiPoint"",""coordinates"":[]}"
677,2005-11-08,300.1000334421794,"{""type"":""MultiPoint"",""coordinates"":[]}"
678,2005-11-09,300.2780424753825,"{""type"":""MultiPoint"",""coordinates"":[]}"
679,2005-11-10,300.47446886698407,"{""type"":""MultiPoint"",""coordinates"":[]}"
680,2005-11-11,300.51625951131183,"{""type"":""MultiPoint"",""coordinates"":[]}"
681,2005-11-12,300.57627360026044,"{""type"":""MultiPoint"",""coordinates"":[]}"
682,2005-11-13,300.63151931762695,"{""type"":""MultiPoint"",""coordinates"":[]}"
683,2005-11-14,300.29863421122235,"{""type"":""MultiPoint"",""coordinates"":[]}"
684,2005-11-15,299.8530921936035,"{""type"":""MultiPoint"",""coordinates"":[]}"
685,2005-11-16,300.1906045277913,"{""type"":""MultiPoint"",""coordinates"":[]}"
686,2005-11-17,300.3463789621989,"{""type"":""MultiPoint"",""coordinates"":[]}"
687,2005-11-18,300.48409271240234,"{""type"":""MultiPoint"",""coordinates"":[]}"
688,2005-11-19,300.6802272796631,"{""type"":""MultiPoint"",""coordinates"":[]}"
689,2005-11-20,300.6927426656087,"{""type"":""MultiPoint"",""coordinates"":[]}"
690,2005-11-21,299.98021761576337,"{""type"":""MultiPoint"",""coordinates"":[]}"
691,2005-11-22,299.9714749654134,"{""type"":""MultiPoint"",""coordinates"":[]}"
692,2005-11-23,300.181360244751,"{""type"":""MultiPoint"",""coordinates"":[]}"
693,2005-11-24,300.29796981811523,"{""type"":""MultiPoint"",""coordinates"":[]}"
694,2005-11-25,300.196621576945,"{""type"":""MultiPoint"",""coordinates"":[]}"
695,2005-11-26,300.0256805419922,"{""type"":""MultiPoint"",""coordinates"":[]}"
696,2005-11-27,299.7964089711507,"{""type"":""MultiPoint"",""coordinates"":[]}"
697,2005-11-28,299.6656316121419,"{""type"":""MultiPoint"",""coordinates"":[]}"
698,2005-11-29,299.960641225179,"{""type"":""MultiPoint"",""coordinates"":[]}"
699,2005-11-30,299.6827685038249,"{""type"":""MultiPoint"",""coordinates"":[]}"
700,2005-12-01,299.6232210795085,"{""type"":""MultiPoint"",""coordinates"":[]}"
701,2005-12-02,299.2329037984212,"{""type"":""MultiPoint"",""coordinates"":[]}"
702,2005-12-03,299.02828788757324,"{""type"":""MultiPoint"",""coordinates"":[]}"
703,2005-12-04,299.1713167826335,"{""type"":""MultiPoint"",""coordinates"":[]}"
704,2005-12-05,299.42587661743164,"{""type"":""MultiPoint"",""coordinates"":[]}"
705,2005-12-06,299.34864552815753,"{""type"":""MultiPoint"",""coordinates"":[]}"
706,2005-12-07,299.05481402079266,"{""type"":""MultiPoint"",""coordinates"":[]}"
707,2005-12-08,299.1746368408203,"{""type"":""MultiPoint"",""coordinates"":[]}"
708,2005-12-09,298.65644963582355,"{""type"":""MultiPoint"",""coordinates"":[]}"
709,2005-12-10,299.3206532796224,"{""type"":""MultiPoint"",""coordinates"":[]}"
710,2005-12-11,299.5323263804118,"{""type"":""MultiPoint"",""coordinates"":[]}"
711,2005-12-12,299.1334629058838,"{""type"":""MultiPoint"",""coordinates"":[]}"
712,2005-12-13,298.93953768412274,"{""type"":""MultiPoint"",""coordinates"":[]}"
713,2005-12-14,298.8691857655843,"{""type"":""MultiPoint"",""coordinates"":[]}"
714,2005-12-15,298.8906834920247,"{""type"":""MultiPoint"",""coordinates"":[]}"
715,2005-12-16,299.19115893046063,"{""type"":""MultiPoint"",""coordinates"":[]}"
716,2005-12-17,298.6629327138265,"{""type"":""MultiPoint"",""coordinates"":[]}"
717,2005-12-18,298.68153127034503,"{""type"":""MultiPoint"",""coordinates"":[]}"
718,2005-12-19,298.32961400349933,"{""type"":""MultiPoint"",""coordinates"":[]}"
719,2005-12-20,298.37506103515625,"{""type"":""MultiPoint"",""coordinates"":[]}"
720,2005-12-21,298.2719319661458,"{""type"":""MultiPoint"",""coordinates"":[]}"
721,2005-12-22,298.47736740112305,"{""type"":""MultiPoint"",""coordinates"":[]}"
722,2005-12-23,298.3516705830892,"{""type"":""MultiPoint"",""coordinates"":[]}"
723,2005-12-24,298.566125869751,"{""type"":""MultiPoint"",""coordinates"":[]}"
724,2005-12-25,299.15372975667316,"{""type"":""MultiPoint"",""coordinates"":[]}"
725,2005-12-26,299.3406632741292,"{""type"":""MultiPoint"",""coordinates"":[]}"
726,2005-12-27,299.19849332173663,"{""type"":""MultiPoint"",""coordinates"":[]}"
727,2005-12-28,298.804391225179,"{""type"":""MultiPoint"",""coordinates"":[]}"
728,2005-12-29,299.19546445210773,"{""type"":""MultiPoint"",""coordinates"":[]}"
729,2005-12-30,298.5056851704915,"{""type"":""MultiPoint"",""coordinates"":[]}"
730,2005-12-31,298.35873794555664,"{""type"":""MultiPoint"",""coordinates"":[]}"
731,2006-01-01,298.5333665211995,"{""type"":""MultiPoint"",""coordinates"":[]}"
732,2006-01-02,298.55474917093915,"{""type"":""MultiPoint"",""coordinates"":[]}"
733,2006-01-03,297.90992164611816,"{""type"":""MultiPoint"",""coordinates"":[]}"
734,2006-01-04,297.98657417297363,"{""type"":""MultiPoint"",""coordinates"":[]}"
735,2006-01-05,298.933110555013,"{""type"":""MultiPoint"",""coordinates"":[]}"
736,2006-01-06,298.75757090250653,"{""type"":""MultiPoint"",""coordinates"":[]}"
737,2006-01-07,298.74659156799316,"{""type"":""MultiPoint"",""coordinates"":[]}"
738,2006-01-08,299.44238726298016,"{""type"":""MultiPoint"",""coordinates"":[]}"
739,2006-01-09,298.69861094156903,"{""type"":""MultiPoint"",""coordinates"":[]}"
740,2006-01-10,299.1304359436035,"{""type"":""MultiPoint"",""coordinates"":[]}"
741,2006-01-11,299.0522867838542,"{""type"":""MultiPoint"",""coordinates"":[]}"
742,2006-01-12,298.83268038431805,"{""type"":""MultiPoint"",""coordinates"":[]}"
743,2006-01-13,298.33310826619464,"{""type"":""MultiPoint"",""coordinates"":[]}"
744,2006-01-14,298.4937273661296,"{""type"":""MultiPoint"",""coordinates"":[]}"
745,2006-01-15,298.66940943400067,"{""type"":""MultiPoint"",""coordinates"":[]}"
746,2006-01-16,298.4188772837321,"{""type"":""MultiPoint"",""coordinates"":[]}"
747,2006-01-17,298.5927149454753,"{""type"":""MultiPoint"",""coordinates"":[]}"
748,2006-01-18,298.25898424784344,"{""type"":""MultiPoint"",""coordinates"":[]}"
749,2006-01-19,297.63758786519367,"{""type"":""MultiPoint"",""coordinates"":[]}"
750,2006-01-20,297.7374210357666,"{""type"":""MultiPoint"",""coordinates"":[]}"
751,2006-01-21,298.324249903361,"{""type"":""MultiPoint"",""coordinates"":[]}"
752,2006-01-22,298.99059677124023,"{""type"":""MultiPoint"",""coordinates"":[]}"
753,2006-01-23,298.99343236287433,"{""type"":""MultiPoint"",""coordinates"":[]}"
754,2006-01-24,298.71887397766113,"{""type"":""MultiPoint"",""coordinates"":[]}"
755,2006-01-25,298.5519256591797,"{""type"":""MultiPoint"",""coordinates"":[]}"
756,2006-01-26,298.6238759358724,"{""type"":""MultiPoint"",""coordinates"":[]}"
757,2006-01-27,298.7499186197917,"{""type"":""MultiPoint"",""coordinates"":[]}"
758,2006-01-28,298.9869130452474,"{""type"":""MultiPoint"",""coordinates"":[]}"
759,2006-01-29,298.85206349690753,"{""type"":""MultiPoint"",""coordinates"":[]}"
760,2006-01-30,298.8953119913737,"{""type"":""MultiPoint"",""coordinates"":[]}"
761,2006-01-31,298.4036445617676,"{""type"":""MultiPoint"",""coordinates"":[]}"
762,2006-02-01,298.7830759684245,"{""type"":""MultiPoint"",""coordinates"":[]}"
763,2006-02-02,299.44029490152997,"{""type"":""MultiPoint"",""coordinates"":[]}"
764,2006-02-03,298.73283259073895,"{""type"":""MultiPoint"",""coordinates"":[]}"
765,2006-02-04,299.20989354451496,"{""type"":""MultiPoint"",""coordinates"":[]}"
766,2006-02-05,298.705135345459,"{""type"":""MultiPoint"",""coordinates"":[]}"
767,2006-02-06,298.68176015218097,"{""type"":""MultiPoint"",""coordinates"":[]}"
768,2006-02-07,299.0929590861003,"{""type"":""MultiPoint"",""coordinates"":[]}"
769,2006-02-08,298.5263385772705,"{""type"":""MultiPoint"",""coordinates"":[]}"
770,2006-02-09,299.2524865468343,"{""type"":""MultiPoint"",""coordinates"":[]}"
771,2006-02-10,299.16031710306805,"{""type"":""MultiPoint"",""coordinates"":[]}"
772,2006-02-11,299.1693585713704,"{""type"":""MultiPoint"",""coordinates"":[]}"
773,2006-02-12,298.7118740081787,"{""type"":""MultiPoint"",""coordinates"":[]}"
774,2006-02-13,298.6435953776042,"{""type"":""MultiPoint"",""coordinates"":[]}"
775,2006-02-14,298.86229515075684,"{""type"":""MultiPoint"",""coordinates"":[]}"
776,2006-02-15,298.4964186350505,"{""type"":""MultiPoint"",""coordinates"":[]}"
777,2006-02-16,298.4320532480876,"{""type"":""MultiPoint"",""coordinates"":[]}"
778,2006-02-17,299.1777038574219,"{""type"":""MultiPoint"",""coordinates"":[]}"
779,2006-02-18,299.24012692769367,"{""type"":""MultiPoint"",""coordinates"":[]}"
780,2006-02-19,299.0384527842204,"{""type"":""MultiPoint"",""coordinates"":[]}"
781,2006-02-20,298.3132209777832,"{""type"":""MultiPoint"",""coordinates"":[]}"
782,2006-02-21,297.86651611328125,"{""type"":""MultiPoint"",""coordinates"":[]}"
783,2006-02-22,298.9406992594401,"{""type"":""MultiPoint"",""coordinates"":[]}"
784,2006-02-23,298.9402847290039,"{""type"":""MultiPoint"",""coordinates"":[]}"
785,2006-02-24,298.6946627298991,"{""type"":""MultiPoint"",""coordinates"":[]}"
786,2006-02-25,298.88725598653156,"{""type"":""MultiPoint"",""coordinates"":[]}"
787,2006-02-26,299.0981864929199,"{""type"":""MultiPoint"",""coordinates"":[]}"
788,2006-02-27,298.84287707010907,"{""type"":""MultiPoint"",""coordinates"":[]}"
789,2006-02-28,298.9702084859212,"{""type"":""MultiPoint"",""coordinates"":[]}"
790,2006-03-01,299.26696459452313,"{""type"":""MultiPoint"",""coordinates"":[]}"
791,2006-03-02,298.7955265045166,"{""type"":""MultiPoint"",""coordinates"":[]}"
792,2006-03-03,298.93214225769043,"{""type"":""MultiPoint"",""coordinates"":[]}"
793,2006-03-04,299.42373275756836,"{""type"":""MultiPoint"",""coordinates"":[]}"
794,2006-03-05,299.501797358195,"{""type"":""MultiPoint"",""coordinates"":[]}"
795,2006-03-06,299.3432146708171,"{""type"":""MultiPoint"",""coordinates"":[]}"
796,2006-03-07,299.46260197957355,"{""type"":""MultiPoint"",""coordinates"":[]}"
797,2006-03-08,299.2991186777751,"{""type"":""MultiPoint"",""coordinates"":[]}"
798,2006-03-09,299.3355833689372,"{""type"":""MultiPoint"",""coordinates"":[]}"
799,2006-03-10,299.46387481689453,"{""type"":""MultiPoint"",""coordinates"":[]}"
800,2006-03-11,299.2775484720866,"{""type"":""MultiPoint"",""coordinates"":[]}"
801,2006-03-12,298.8550554911296,"{""type"":""MultiPoint"",""coordinates"":[]}"
802,2006-03-13,298.61056836446124,"{""type"":""MultiPoint"",""coordinates"":[]}"
803,2006-03-14,299.4597632090251,"{""type"":""MultiPoint"",""coordinates"":[]}"
804,2006-03-15,299.5690778096517,"{""type"":""MultiPoint"",""coordinates"":[]}"
805,2006-03-16,299.4357630411784,"{""type"":""MultiPoint"",""coordinates"":[]}"
806,2006-03-17,298.7942860921224,"{""type"":""MultiPoint"",""coordinates"":[]}"
807,2006-03-18,298.2278709411621,"{""type"":""MultiPoint"",""coordinates"":[]}"
808,2006-03-19,298.5645116170247,"{""type"":""MultiPoint"",""coordinates"":[]}"
809,2006-03-20,298.83924674987793,"{""type"":""MultiPoint"",""coordinates"":[]}"
810,2006-03-21,299.4983018239339,"{""type"":""MultiPoint"",""coordinates"":[]}"
811,2006-03-22,299.33613840738934,"{""type"":""MultiPoint"",""coordinates"":[]}"
812,2006-03-23,299.32567469278973,"{""type"":""MultiPoint"",""coordinates"":[]}"
813,2006-03-24,298.81466484069824,"{""type"":""MultiPoint"",""coordinates"":[]}"
814,2006-03-25,299.43023745218915,"{""type"":""MultiPoint"",""coordinates"":[]}"
815,2006-03-26,299.9378662109375,"{""type"":""MultiPoint"",""coordinates"":[]}"
816,2006-03-27,299.5959536234538,"{""type"":""MultiPoint"",""coordinates"":[]}"
817,2006-03-28,299.4450677235921,"{""type"":""MultiPoint"",""coordinates"":[]}"
818,2006-03-29,299.3580665588379,"{""type"":""MultiPoint"",""coordinates"":[]}"
819,2006-03-30,299.7578067779541,"{""type"":""MultiPoint"",""coordinates"":[]}"
820,2006-03-31,299.48388481140137,"{""type"":""MultiPoint"",""coordinates"":[]}"
821,2006-04-01,299.6379197438558,"{""type"":""MultiPoint"",""coordinates"":[]}"
822,2006-04-02,299.50695927937824,"{""type"":""MultiPoint"",""coordinates"":[]}"
823,2006-04-03,299.9807325998942,"{""type"":""MultiPoint"",""coordinates"":[]}"
824,2006-04-04,299.9958845774333,"{""type"":""MultiPoint"",""coordinates"":[]}"
825,2006-04-05,299.60485394795734,"{""type"":""MultiPoint"",""coordinates"":[]}"
826,2006-04-06,299.70315170288086,"{""type"":""MultiPoint"",""coordinates"":[]}"
827,2006-04-07,299.80275853474933,"{""type"":""MultiPoint"",""coordinates"":[]}"
828,2006-04-08,299.5236288706462,"{""type"":""MultiPoint"",""coordinates"":[]}"
829,2006-04-09,299.1722062428792,"{""type"":""MultiPoint"",""coordinates"":[]}"
830,2006-04-10,299.57245445251465,"{""type"":""MultiPoint"",""coordinates"":[]}"
831,2006-04-11,299.7539806365967,"{""type"":""MultiPoint"",""coordinates"":[]}"
832,2006-04-12,299.7235991160075,"{""type"":""MultiPoint"",""coordinates"":[]}"
833,2006-04-13,299.49464162190753,"{""type"":""MultiPoint"",""coordinates"":[]}"
834,2006-04-14,299.63912200927734,"{""type"":""MultiPoint"",""coordinates"":[]}"
835,2006-04-15,299.7838382720947,"{""type"":""MultiPoint"",""coordinates"":[]}"
836,2006-04-16,299.6099217732747,"{""type"":""MultiPoint"",""coordinates"":[]}"
837,2006-04-17,299.5354741414388,"{""type"":""MultiPoint"",""coordinates"":[]}"
838,2006-04-18,299.57526206970215,"{""type"":""MultiPoint"",""coordinates"":[]}"
839,2006-04-19,299.8868293762207,"{""type"":""MultiPoint"",""coordinates"":[]}"
840,2006-04-20,299.79250717163086,"{""type"":""MultiPoint"",""coordinates"":[]}"
841,2006-04-21,299.841646194458,"{""type"":""MultiPoint"",""coordinates"":[]}"
842,2006-04-22,299.68254979451496,"{""type"":""MultiPoint"",""coordinates"":[]}"
843,2006-04-23,299.459477742513,"{""type"":""MultiPoint"",""coordinates"":[]}"
844,2006-04-24,299.4618085225423,"{""type"":""MultiPoint"",""coordinates"":[]}"
845,2006-04-25,299.6074803670247,"{""type"":""MultiPoint"",""coordinates"":[]}"
846,2006-04-26,298.7223606109619,"{""type"":""MultiPoint"",""coordinates"":[]}"
847,2006-04-27,298.7887217203776,"{""type"":""MultiPoint"",""coordinates"":[]}"
848,2006-04-28,299.11872482299805,"{""type"":""MultiPoint"",""coordinates"":[]}"
849,2006-04-29,298.51306851704913,"{""type"":""MultiPoint"",""coordinates"":[]}"
850,2006-04-30,299.70839818318683,"{""type"":""MultiPoint"",""coordinates"":[]}"
851,2006-05-01,299.5167433420817,"{""type"":""MultiPoint"",""coordinates"":[]}"
852,2006-05-02,299.5012486775716,"{""type"":""MultiPoint"",""coordinates"":[]}"
853,2006-05-03,299.1622676849365,"{""type"":""MultiPoint"",""coordinates"":[]}"
854,2006-05-04,299.35571988423663,"{""type"":""MultiPoint"",""coordinates"":[]}"
855,2006-05-05,299.18703905741376,"{""type"":""MultiPoint"",""coordinates"":[]}"
856,2006-05-06,299.52416292826337,"{""type"":""MultiPoint"",""coordinates"":[]}"
857,2006-05-07,299.76780192057294,"{""type"":""MultiPoint"",""coordinates"":[]}"
858,2006-05-08,299.2240556081136,"{""type"":""MultiPoint"",""coordinates"":[]}"
859,2006-05-09,298.8575579325358,"{""type"":""MultiPoint"",""coordinates"":[]}"
860,2006-05-10,298.5182298024495,"{""type"":""MultiPoint"",""coordinates"":[]}"
861,2006-05-11,298.73565038045246,"{""type"":""MultiPoint"",""coordinates"":[]}"
862,2006-05-12,299.1606140136719,"{""type"":""MultiPoint"",""coordinates"":[]}"
863,2006-05-13,299.66000811258954,"{""type"":""MultiPoint"",""coordinates"":[]}"
864,2006-05-14,299.0537764231364,"{""type"":""MultiPoint"",""coordinates"":[]}"
865,2006-05-15,298.71520741780597,"{""type"":""MultiPoint"",""coordinates"":[]}"
866,2006-05-16,298.99610900878906,"{""type"":""MultiPoint"",""coordinates"":[]}"
867,2006-05-17,299.13595644632977,"{""type"":""MultiPoint"",""coordinates"":[]}"
868,2006-05-18,299.4987138112386,"{""type"":""MultiPoint"",""coordinates"":[]}"
869,2006-05-19,299.8056977589925,"{""type"":""MultiPoint"",""coordinates"":[]}"
870,2006-05-20,299.78627904256183,"{""type"":""MultiPoint"",""coordinates"":[]}"
871,2006-05-21,299.0483093261719,"{""type"":""MultiPoint"",""coordinates"":[]}"
872,2006-05-22,299.9713560740153,"{""type"":""MultiPoint"",""coordinates"":[]}"
873,2006-05-23,299.36353429158527,"{""type"":""MultiPoint"",""coordinates"":[]}"
874,2006-05-24,298.68080202738446,"{""type"":""MultiPoint"",""coordinates"":[]}"
875,2006-05-25,298.7350209554036,"{""type"":""MultiPoint"",""coordinates"":[]}"
876,2006-05-26,299.0034917195638,"{""type"":""MultiPoint"",""coordinates"":[]}"
877,2006-05-27,299.32190704345703,"{""type"":""MultiPoint"",""coordinates"":[]}"
878,2006-05-28,298.90296300252277,"{""type"":""MultiPoint"",""coordinates"":[]}"
879,2006-05-29,298.40125211079913,"{""type"":""MultiPoint"",""coordinates"":[]}"
880,2006-05-30,298.87590344746906,"{""type"":""MultiPoint"",""coordinates"":[]}"
881,2006-05-31,299.0818570454915,"{""type"":""MultiPoint"",""coordinates"":[]}"
882,2006-06-01,299.32695388793945,"{""type"":""MultiPoint"",""coordinates"":[]}"
883,2006-06-02,299.62383460998535,"{""type"":""MultiPoint"",""coordinates"":[]}"
884,2006-06-03,299.30771891276044,"{""type"":""MultiPoint"",""coordinates"":[]}"
885,2006-06-04,298.6027889251709,"{""type"":""MultiPoint"",""coordinates"":[]}"
886,2006-06-05,298.7260621388753,"{""type"":""MultiPoint"",""coordinates"":[]}"
887,2006-06-06,299.1317907969157,"{""type"":""MultiPoint"",""coordinates"":[]}"
888,2006-06-07,299.07901827494305,"{""type"":""MultiPoint"",""coordinates"":[]}"
889,2006-06-08,299.0132942199707,"{""type"":""MultiPoint"",""coordinates"":[]}"
890,2006-06-09,298.8875198364258,"{""type"":""MultiPoint"",""coordinates"":[]}"
891,2006-06-10,298.20294825236004,"{""type"":""MultiPoint"",""coordinates"":[]}"
892,2006-06-11,298.54358927408856,"{""type"":""MultiPoint"",""coordinates"":[]}"
893,2006-06-12,298.9477996826172,"{""type"":""MultiPoint"",""coordinates"":[]}"
894,2006-06-13,299.3933302561442,"{""type"":""MultiPoint"",""coordinates"":[]}"
895,2006-06-14,299.489933013916,"{""type"":""MultiPoint"",""coordinates"":[]}"
896,2006-06-15,298.9615790049235,"{""type"":""MultiPoint"",""coordinates"":[]}"
897,2006-06-16,299.18415514628094,"{""type"":""MultiPoint"",""coordinates"":[]}"
898,2006-06-17,298.7188193003337,"{""type"":""MultiPoint"",""coordinates"":[]}"
899,2006-06-18,299.00137583414715,"{""type"":""MultiPoint"",""coordinates"":[]}"
900,2006-06-19,298.8749860127767,"{""type"":""MultiPoint"",""coordinates"":[]}"
901,2006-06-20,298.93709564208984,"{""type"":""MultiPoint"",""coordinates"":[]}"
902,2006-06-21,299.2655658721924,"{""type"":""MultiPoint"",""coordinates"":[]}"
903,2006-06-22,299.0509033203125,"{""type"":""MultiPoint"",""coordinates"":[]}"
904,2006-06-23,298.87510744730633,"{""type"":""MultiPoint"",""coordinates"":[]}"
905,2006-06-24,299.23487091064453,"{""type"":""MultiPoint"",""coordinates"":[]}"
906,2006-06-25,298.7071704864502,"{""type"":""MultiPoint"",""coordinates"":[]}"
907,2006-06-26,299.00975799560547,"{""type"":""MultiPoint"",""coordinates"":[]}"
908,2006-06-27,299.0971050262451,"{""type"":""MultiPoint"",""coordinates"":[]}"
909,2006-06-28,299.2821337381999,"{""type"":""MultiPoint"",""coordinates"":[]}"
910,2006-06-29,299.0176862080892,"{""type"":""MultiPoint"",""coordinates"":[]}"
911,2006-06-30,299.2900759379069,"{""type"":""MultiPoint"",""coordinates"":[]}"
912,2006-07-01,299.57194328308105,"{""type"":""MultiPoint"",""coordinates"":[]}"
913,2006-07-02,299.2899812062581,"{""type"":""MultiPoint"",""coordinates"":[]}"
914,2006-07-03,298.70689328511554,"{""type"":""MultiPoint"",""coordinates"":[]}"
915,2006-07-04,298.459529876709,"{""type"":""MultiPoint"",""coordinates"":[]}"
916,2006-07-05,298.69467798868817,"{""type"":""MultiPoint"",""coordinates"":[]}"
917,2006-07-06,299.22128168741864,"{""type"":""MultiPoint"",""coordinates"":[]}"
918,2006-07-07,299.06042226155597,"{""type"":""MultiPoint"",""coordinates"":[]}"
919,2006-07-08,299.56582832336426,"{""type"":""MultiPoint"",""coordinates"":[]}"
920,2006-07-09,299.189790725708,"{""type"":""MultiPoint"",""coordinates"":[]}"
921,2006-07-10,298.94339179992676,"{""type"":""MultiPoint"",""coordinates"":[]}"
922,2006-07-11,299.2297191619873,"{""type"":""MultiPoint"",""coordinates"":[]}"
923,2006-07-12,299.0629024505615,"{""type"":""MultiPoint"",""coordinates"":[]}"
924,2006-07-13,299.2684726715088,"{""type"":""MultiPoint"",""coordinates"":[]}"
925,2006-07-14,299.1422119140625,"{""type"":""MultiPoint"",""coordinates"":[]}"
926,2006-07-15,299.0778528849284,"{""type"":""MultiPoint"",""coordinates"":[]}"
927,2006-07-16,298.71655082702637,"{""type"":""MultiPoint"",""coordinates"":[]}"
928,2006-07-17,298.91212972005206,"{""type"":""MultiPoint"",""coordinates"":[]}"
929,2006-07-18,298.5430107116699,"{""type"":""MultiPoint"",""coordinates"":[]}"
930,2006-07-19,299.06114387512207,"{""type"":""MultiPoint"",""coordinates"":[]}"
931,2006-07-20,299.2274589538574,"{""type"":""MultiPoint"",""coordinates"":[]}"
932,2006-07-21,298.9444834391276,"{""type"":""MultiPoint"",""coordinates"":[]}"
933,2006-07-22,299.17104657491046,"{""type"":""MultiPoint"",""coordinates"":[]}"
934,2006-07-23,299.19884999593097,"{""type"":""MultiPoint"",""coordinates"":[]}"
935,2006-07-24,298.81685002644855,"{""type"":""MultiPoint"",""coordinates"":[]}"
936,2006-07-25,299.15845998128253,"{""type"":""MultiPoint"",""coordinates"":[]}"
937,2006-07-26,299.50107701619464,"{""type"":""MultiPoint"",""coordinates"":[]}"
938,2006-07-27,299.8220640818278,"{""type"":""MultiPoint"",""coordinates"":[]}"
939,2006-07-28,299.8391335805257,"{""type"":""MultiPoint"",""coordinates"":[]}"
940,2006-07-29,299.4330628712972,"{""type"":""MultiPoint"",""coordinates"":[]}"
941,2006-07-30,299.14612515767413,"{""type"":""MultiPoint"",""coordinates"":[]}"
942,2006-07-31,299.2825349171956,"{""type"":""MultiPoint"",""coordinates"":[]}"
943,2006-08-01,300.2117926279704,"{""type"":""MultiPoint"",""coordinates"":[]}"
944,2006-08-02,299.92130215962726,"{""type"":""MultiPoint"",""coordinates"":[]}"
945,2006-08-03,299.81124687194824,"{""type"":""MultiPoint"",""coordinates"":[]}"
946,2006-08-04,299.53719393412274,"{""type"":""MultiPoint"",""coordinates"":[]}"
947,2006-08-05,299.5511671702067,"{""type"":""MultiPoint"",""coordinates"":[]}"
948,2006-08-06,299.82293637593585,"{""type"":""MultiPoint"",""coordinates"":[]}"
949,2006-08-07,299.5463403065999,"{""type"":""MultiPoint"",""coordinates"":[]}"
950,2006-08-08,300.2402350107829,"{""type"":""MultiPoint"",""coordinates"":[]}"
951,2006-08-09,300.4490801493327,"{""type"":""MultiPoint"",""coordinates"":[]}"
952,2006-08-10,300.524689356486,"{""type"":""MultiPoint"",""coordinates"":[]}"
953,2006-08-11,300.406400680542,"{""type"":""MultiPoint"",""coordinates"":[]}"
954,2006-08-12,300.4738025665283,"{""type"":""MultiPoint"",""coordinates"":[]}"
955,2006-08-13,300.0573310852051,"{""type"":""MultiPoint"",""coordinates"":[]}"
956,2006-08-14,299.8062973022461,"{""type"":""MultiPoint"",""coordinates"":[]}"
957,2006-08-15,300.19679196675617,"{""type"":""MultiPoint"",""coordinates"":[]}"
958,2006-08-16,299.89374287923175,"{""type"":""MultiPoint"",""coordinates"":[]}"
959,2006-08-17,299.5937951405843,"{""type"":""MultiPoint"",""coordinates"":[]}"
960,2006-08-18,299.9110418955485,"{""type"":""MultiPoint"",""coordinates"":[]}"
961,2006-08-19,299.9712912241618,"{""type"":""MultiPoint"",""coordinates"":[]}"
962,2006-08-20,299.88089116414386,"{""type"":""MultiPoint"",""coordinates"":[]}"
963,2006-08-21,300.0368715922038,"{""type"":""MultiPoint"",""coordinates"":[]}"
964,2006-08-22,299.8589445749919,"{""type"":""MultiPoint"",""coordinates"":[]}"
965,2006-08-23,299.35508728027344,"{""type"":""MultiPoint"",""coordinates"":[]}"
966,2006-08-24,299.41134961446124,"{""type"":""MultiPoint"",""coordinates"":[]}"
967,2006-08-25,300.1954854329427,"{""type"":""MultiPoint"",""coordinates"":[]}"
968,2006-08-26,300.10459009806317,"{""type"":""MultiPoint"",""coordinates"":[]}"
969,2006-08-27,299.8518231709798,"{""type"":""MultiPoint"",""coordinates"":[]}"
970,2006-08-28,299.79755846659344,"{""type"":""MultiPoint"",""coordinates"":[]}"
971,2006-08-29,299.9680709838867,"{""type"":""MultiPoint"",""coordinates"":[]}"
972,2006-08-30,300.2178554534912,"{""type"":""MultiPoint"",""coordinates"":[]}"
973,2006-08-31,300.20687103271484,"{""type"":""MultiPoint"",""coordinates"":[]}"
974,2006-09-01,300.2194004058838,"{""type"":""MultiPoint"",""coordinates"":[]}"
975,2006-09-02,300.4738960266113,"{""type"":""MultiPoint"",""coordinates"":[]}"
976,2006-09-03,300.5540243784587,"{""type"":""MultiPoint"",""coordinates"":[]}"
977,2006-09-04,300.6984570821126,"{""type"":""MultiPoint"",""coordinates"":[]}"
978,2006-09-05,300.466791788737,"{""type"":""MultiPoint"",""coordinates"":[]}"
979,2006-09-06,300.1937452952067,"{""type"":""MultiPoint"",""coordinates"":[]}"
980,2006-09-07,300.7300777435303,"{""type"":""MultiPoint"",""coordinates"":[]}"
981,2006-09-08,300.7557252248128,"{""type"":""MultiPoint"",""coordinates"":[]}"
982,2006-09-09,300.4984995524089,"{""type"":""MultiPoint"",""coordinates"":[]}"
983,2006-09-10,300.16149520874023,"{""type"":""MultiPoint"",""coordinates"":[]}"
984,2006-09-11,300.2622496287028,"{""type"":""MultiPoint"",""coordinates"":[]}"
985,2006-09-12,300.2201976776123,"{""type"":""MultiPoint"",""coordinates"":[]}"
986,2006-09-13,300.2121721903483,"{""type"":""MultiPoint"",""coordinates"":[]}"
987,2006-09-14,299.95581309000653,"{""type"":""MultiPoint"",""coordinates"":[]}"
988,2006-09-15,299.8080412546794,"{""type"":""MultiPoint"",""coordinates"":[]}"
989,2006-09-16,299.62679354349774,"{""type"":""MultiPoint"",""coordinates"":[]}"
990,2006-09-17,300.2211507161458,"{""type"":""MultiPoint"",""coordinates"":[]}"
991,2006-09-18,300.4977321624756,"{""type"":""MultiPoint"",""coordinates"":[]}"
992,2006-09-19,300.5336774190267,"{""type"":""MultiPoint"",""coordinates"":[]}"
993,2006-09-20,300.2005736033122,"{""type"":""MultiPoint"",""coordinates"":[]}"
994,2006-09-21,300.0624580383301,"{""type"":""MultiPoint"",""coordinates"":[]}"
995,2006-09-22,300.3253237406413,"{""type"":""MultiPoint"",""coordinates"":[]}"
996,2006-09-23,300.34417788187665,"{""type"":""MultiPoint"",""coordinates"":[]}"
997,2006-09-24,300.6036631266276,"{""type"":""MultiPoint"",""coordinates"":[]}"
998,2006-09-25,300.6331532796224,"{""type"":""MultiPoint"",""coordinates"":[]}"
999,2006-09-26,300.7728697458903,"{""type"":""MultiPoint"",""coordinates"":[]}"
1000,2006-09-27,300.82861773173016,"{""type"":""MultiPoint"",""coordinates"":[]}"
1001,2006-09-28,300.40918922424316,"{""type"":""MultiPoint"",""coordinates"":[]}"
1002,2006-09-29,300.6706714630127,"{""type"":""MultiPoint"",""coordinates"":[]}"
1003,2006-09-30,300.62842559814453,"{""type"":""MultiPoint"",""coordinates"":[]}"
1004,2006-10-01,300.9128595987956,"{""type"":""MultiPoint"",""coordinates"":[]}"
1005,2006-10-02,300.74267260233563,"{""type"":""MultiPoint"",""coordinates"":[]}"
1006,2006-10-03,300.8411235809326,"{""type"":""MultiPoint"",""coordinates"":[]}"
1007,2006-10-04,300.3821481068929,"{""type"":""MultiPoint"",""coordinates"":[]}"
1008,2006-10-05,301.12092717488605,"{""type"":""MultiPoint"",""coordinates"":[]}"
1009,2006-10-06,301.1749464670817,"{""type"":""MultiPoint"",""coordinates"":[]}"
1010,2006-10-07,300.30052947998047,"{""type"":""MultiPoint"",""coordinates"":[]}"
1011,2006-10-08,300.28717549641925,"{""type"":""MultiPoint"",""coordinates"":[]}"
1012,2006-10-09,300.82215245564777,"{""type"":""MultiPoint"",""coordinates"":[]}"
1013,2006-10-10,300.6280148824056,"{""type"":""MultiPoint"",""coordinates"":[]}"
1014,2006-10-11,300.77221934000653,"{""type"":""MultiPoint"",""coordinates"":[]}"
1015,2006-10-12,300.98366864522296,"{""type"":""MultiPoint"",""coordinates"":[]}"
1016,2006-10-13,301.06209500630695,"{""type"":""MultiPoint"",""coordinates"":[]}"
1017,2006-10-14,300.7673994700114,"{""type"":""MultiPoint"",""coordinates"":[]}"
1018,2006-10-15,300.4260075887044,"{""type"":""MultiPoint"",""coordinates"":[]}"
1019,2006-10-16,300.4573281606038,"{""type"":""MultiPoint"",""coordinates"":[]}"
1020,2006-10-17,300.54273796081543,"{""type"":""MultiPoint"",""coordinates"":[]}"
1021,2006-10-18,300.19849586486816,"{""type"":""MultiPoint"",""coordinates"":[]}"
1022,2006-10-19,299.934611638387,"{""type"":""MultiPoint"",""coordinates"":[]}"
1023,2006-10-20,300.23802248636883,"{""type"":""MultiPoint"",""coordinates"":[]}"
1024,2006-10-21,300.5206521352132,"{""type"":""MultiPoint"",""coordinates"":[]}"
1025,2006-10-22,300.36074956258136,"{""type"":""MultiPoint"",""coordinates"":[]}"
1026,2006-10-23,300.4925257364909,"{""type"":""MultiPoint"",""coordinates"":[]}"
1027,2006-10-24,300.4892635345459,"{""type"":""MultiPoint"",""coordinates"":[]}"
1028,2006-10-25,300.71334648132324,"{""type"":""MultiPoint"",""coordinates"":[]}"
1029,2006-10-26,300.776517868042,"{""type"":""MultiPoint"",""coordinates"":[]}"
1030,2006-10-27,300.7395496368408,"{""type"":""MultiPoint"",""coordinates"":[]}"
1031,2006-10-28,299.91674486796063,"{""type"":""MultiPoint"",""coordinates"":[]}"
1032,2006-10-29,299.5074119567871,"{""type"":""MultiPoint"",""coordinates"":[]}"
1033,2006-10-30,300.20820172627765,"{""type"":""MultiPoint"",""coordinates"":[]}"
1034,2006-10-31,299.6283315022786,"{""type"":""MultiPoint"",""coordinates"":[]}"
1035,2006-11-01,299.3606249491374,"{""type"":""MultiPoint"",""coordinates"":[]}"
1036,2006-11-02,300.08239046732587,"{""type"":""MultiPoint"",""coordinates"":[]}"
1037,2006-11-03,300.48929595947266,"{""type"":""MultiPoint"",""coordinates"":[]}"
1038,2006-11-04,300.33386357625324,"{""type"":""MultiPoint"",""coordinates"":[]}"
1039,2006-11-05,299.8039722442627,"{""type"":""MultiPoint"",""coordinates"":[]}"
1040,2006-11-06,299.85764567057294,"{""type"":""MultiPoint"",""coordinates"":[]}"
1041,2006-11-07,299.9129530588786,"{""type"":""MultiPoint"",""coordinates"":[]}"
1042,2006-11-08,299.89261118570965,"{""type"":""MultiPoint"",""coordinates"":[]}"
1043,2006-11-09,299.1174151102702,"{""type"":""MultiPoint"",""coordinates"":[]}"
1044,2006-11-10,298.92813301086426,"{""type"":""MultiPoint"",""coordinates"":[]}"
1045,2006-11-11,299.617680867513,"{""type"":""MultiPoint"",""coordinates"":[]}"
1046,2006-11-12,299.9710776011149,"{""type"":""MultiPoint"",""coordinates"":[]}"
1047,2006-11-13,300.2349427541097,"{""type"":""MultiPoint"",""coordinates"":[]}"
1048,2006-11-14,299.9871648152669,"{""type"":""MultiPoint"",""coordinates"":[]}"
1049,2006-11-15,299.9302393595378,"{""type"":""MultiPoint"",""coordinates"":[]}"
1050,2006-11-16,299.80848185221356,"{""type"":""MultiPoint"",""coordinates"":[]}"
1051,2006-11-17,299.78809483846027,"{""type"":""MultiPoint"",""coordinates"":[]}"
1052,2006-11-18,299.6961892445882,"{""type"":""MultiPoint"",""coordinates"":[]}"
1053,2006-11-19,299.67612330118817,"{""type"":""MultiPoint"",""coordinates"":[]}"
1054,2006-11-20,299.21131960550946,"{""type"":""MultiPoint"",""coordinates"":[]}"
1055,2006-11-21,298.66581026713055,"{""type"":""MultiPoint"",""coordinates"":[]}"
1056,2006-11-22,298.4556630452474,"{""type"":""MultiPoint"",""coordinates"":[]}"
1057,2006-11-23,298.8426151275635,"{""type"":""MultiPoint"",""coordinates"":[]}"
1058,2006-11-24,299.34432220458984,"{""type"":""MultiPoint"",""coordinates"":[]}"
1059,2006-11-25,299.7421003977458,"{""type"":""MultiPoint"",""coordinates"":[]}"
1060,2006-11-26,299.89222081502277,"{""type"":""MultiPoint"",""coordinates"":[]}"
1061,2006-11-27,299.5550079345703,"{""type"":""MultiPoint"",""coordinates"":[]}"
1062,2006-11-28,299.43641408284503,"{""type"":""MultiPoint"",""coordinates"":[]}"
1063,2006-11-29,299.1567103068034,"{""type"":""MultiPoint"",""coordinates"":[]}"
1064,2006-11-30,299.33203252156574,"{""type"":""MultiPoint"",""coordinates"":[]}"
1065,2006-12-01,299.27384821573895,"{""type"":""MultiPoint"",""coordinates"":[]}"
1066,2006-12-02,299.292776743571,"{""type"":""MultiPoint"",""coordinates"":[]}"
1067,2006-12-03,299.9368699391683,"{""type"":""MultiPoint"",""coordinates"":[]}"
1068,2006-12-04,299.7391007741292,"{""type"":""MultiPoint"",""coordinates"":[]}"
1069,2006-12-05,299.4070479075114,"{""type"":""MultiPoint"",""coordinates"":[]}"
1070,2006-12-06,299.11081568400067,"{""type"":""MultiPoint"",""coordinates"":[]}"
1071,2006-12-07,299.11461639404297,"{""type"":""MultiPoint"",""coordinates"":[]}"
1072,2006-12-08,298.708740234375,"{""type"":""MultiPoint"",""coordinates"":[]}"
1073,2006-12-09,298.53301493326825,"{""type"":""MultiPoint"",""coordinates"":[]}"
1074,2006-12-10,298.6789919535319,"{""type"":""MultiPoint"",""coordinates"":[]}"
1075,2006-12-11,298.8102169036865,"{""type"":""MultiPoint"",""coordinates"":[]}"
1076,2006-12-12,299.21634165445965,"{""type"":""MultiPoint"",""coordinates"":[]}"
1077,2006-12-13,299.6327368418376,"{""type"":""MultiPoint"",""coordinates"":[]}"
1078,2006-12-14,299.38672320048016,"{""type"":""MultiPoint"",""coordinates"":[]}"
1079,2006-12-15,299.6569817860921,"{""type"":""MultiPoint"",""coordinates"":[]}"
1080,2006-12-16,298.9054985046387,"{""type"":""MultiPoint"",""coordinates"":[]}"
1081,2006-12-17,299.73544629414874,"{""type"":""MultiPoint"",""coordinates"":[]}"
1082,2006-12-18,299.379238764445,"{""type"":""MultiPoint"",""coordinates"":[]}"
1083,2006-12-19,299.306157430013,"{""type"":""MultiPoint"",""coordinates"":[]}"
1084,2006-12-20,298.7620366414388,"{""type"":""MultiPoint"",""coordinates"":[]}"
1085,2006-12-21,298.5428816477458,"{""type"":""MultiPoint"",""coordinates"":[]}"
1086,2006-12-22,298.3861897786458,"{""type"":""MultiPoint"",""coordinates"":[]}"
1087,2006-12-23,298.18133608500165,"{""type"":""MultiPoint"",""coordinates"":[]}"
1088,2006-12-24,298.3512376149495,"{""type"":""MultiPoint"",""coordinates"":[]}"
1089,2006-12-25,298.95228322347003,"{""type"":""MultiPoint"",""coordinates"":[]}"
1090,2006-12-26,298.48378499348956,"{""type"":""MultiPoint"",""coordinates"":[]}"
1091,2006-12-27,298.4019947052002,"{""type"":""MultiPoint"",""coordinates"":[]}"
1092,2006-12-28,299.3223927815755,"{""type"":""MultiPoint"",""coordinates"":[]}"
1093,2006-12-29,299.01341438293457,"{""type"":""MultiPoint"",""coordinates"":[]}"
1094,2006-12-30,298.404359181722,"{""type"":""MultiPoint"",""coordinates"":[]}"
1095,2006-12-31,298.7153574625651,"{""type"":""MultiPoint"",""coordinates"":[]}"
1096,2007-01-01,299.0872395833333,"{""type"":""MultiPoint"",""coordinates"":[]}"
1097,2007-01-02,299.33482996622723,"{""type"":""MultiPoint"",""coordinates"":[]}"
1098,2007-01-03,298.4783299763997,"{""type"":""MultiPoint"",""coordinates"":[]}"
1099,2007-01-04,298.9279390970866,"{""type"":""MultiPoint"",""coordinates"":[]}"
1100,2007-01-05,299.2560749053955,"{""type"":""MultiPoint"",""coordinates"":[]}"
1101,2007-01-06,298.23386001586914,"{""type"":""MultiPoint"",""coordinates"":[]}"
1102,2007-01-07,298.3521277109782,"{""type"":""MultiPoint"",""coordinates"":[]}"
1103,2007-01-08,298.8140869140625,"{""type"":""MultiPoint"",""coordinates"":[]}"
1104,2007-01-09,298.72073618570965,"{""type"":""MultiPoint"",""coordinates"":[]}"
1105,2007-01-10,298.94496091206867,"{""type"":""MultiPoint"",""coordinates"":[]}"
1106,2007-01-11,299.4384237925212,"{""type"":""MultiPoint"",""coordinates"":[]}"
1107,2007-01-12,299.1045678456624,"{""type"":""MultiPoint"",""coordinates"":[]}"
1108,2007-01-13,299.05530675252277,"{""type"":""MultiPoint"",""coordinates"":[]}"
1109,2007-01-14,298.8253339131673,"{""type"":""MultiPoint"",""coordinates"":[]}"
1110,2007-01-15,298.6756172180176,"{""type"":""MultiPoint"",""coordinates"":[]}"
1111,2007-01-16,298.88821601867676,"{""type"":""MultiPoint"",""coordinates"":[]}"
1112,2007-01-17,298.79808108011883,"{""type"":""MultiPoint"",""coordinates"":[]}"
1113,2007-01-18,298.3990599314372,"{""type"":""MultiPoint"",""coordinates"":[]}"
1114,2007-01-19,298.8718802134196,"{""type"":""MultiPoint"",""coordinates"":[]}"
1115,2007-01-20,299.1864776611328,"{""type"":""MultiPoint"",""coordinates"":[]}"
1116,2007-01-21,298.98541768391925,"{""type"":""MultiPoint"",""coordinates"":[]}"
1117,2007-01-22,299.25856018066406,"{""type"":""MultiPoint"",""coordinates"":[]}"
1118,2007-01-23,299.06133397420246,"{""type"":""MultiPoint"",""coordinates"":[]}"
1119,2007-01-24,299.1205012003581,"{""type"":""MultiPoint"",""coordinates"":[]}"
1120,2007-01-25,299.49461555480957,"{""type"":""MultiPoint"",""coordinates"":[]}"
1121,2007-01-26,299.1207809448242,"{""type"":""MultiPoint"",""coordinates"":[]}"
1122,2007-01-27,299.37185351053876,"{""type"":""MultiPoint"",""coordinates"":[]}"
1123,2007-01-28,299.50057156880695,"{""type"":""MultiPoint"",""coordinates"":[]}"
1124,2007-01-29,299.2411543528239,"{""type"":""MultiPoint"",""coordinates"":[]}"
1125,2007-01-30,299.06915791829425,"{""type"":""MultiPoint"",""coordinates"":[]}"
1126,2007-01-31,298.70387077331543,"{""type"":""MultiPoint"",""coordinates"":[]}"
1127,2007-02-01,299.5631275177002,"{""type"":""MultiPoint"",""coordinates"":[]}"
1128,2007-02-02,299.1576398213704,"{""type"":""MultiPoint"",""coordinates"":[]}"
1129,2007-02-03,299.4407901763916,"{""type"":""MultiPoint"",""coordinates"":[]}"
1130,2007-02-04,298.8755524953206,"{""type"":""MultiPoint"",""coordinates"":[]}"
1131,2007-02-05,299.3698438008626,"{""type"":""MultiPoint"",""coordinates"":[]}"
1132,2007-02-06,299.0527998606364,"{""type"":""MultiPoint"",""coordinates"":[]}"
1133,2007-02-07,298.61105791727704,"{""type"":""MultiPoint"",""coordinates"":[]}"
1134,2007-02-08,298.796781539917,"{""type"":""MultiPoint"",""coordinates"":[]}"
1135,2007-02-09,299.1224873860677,"{""type"":""MultiPoint"",""coordinates"":[]}"
1136,2007-02-10,299.10943094889325,"{""type"":""MultiPoint"",""coordinates"":[]}"
1137,2007-02-11,299.2157751719157,"{""type"":""MultiPoint"",""coordinates"":[]}"
1138,2007-02-12,298.73394711812335,"{""type"":""MultiPoint"",""coordinates"":[]}"
1139,2007-02-13,298.7085386912028,"{""type"":""MultiPoint"",""coordinates"":[]}"
1140,2007-02-14,299.1326738993327,"{""type"":""MultiPoint"",""coordinates"":[]}"
1141,2007-02-15,298.98684247334796,"{""type"":""MultiPoint"",""coordinates"":[]}"
1142,2007-02-16,299.45972442626953,"{""type"":""MultiPoint"",""coordinates"":[]}"
1143,2007-02-17,299.27014032999676,"{""type"":""MultiPoint"",""coordinates"":[]}"
1144,2007-02-18,299.1436373392741,"{""type"":""MultiPoint"",""coordinates"":[]}"
1145,2007-02-19,298.75703048706055,"{""type"":""MultiPoint"",""coordinates"":[]}"
1146,2007-02-20,298.0755023956299,"{""type"":""MultiPoint"",""coordinates"":[]}"
1147,2007-02-21,298.4003512064616,"{""type"":""MultiPoint"",""coordinates"":[]}"
1148,2007-02-22,298.74619420369464,"{""type"":""MultiPoint"",""coordinates"":[]}"
1149,2007-02-23,298.806355158488,"{""type"":""MultiPoint"",""coordinates"":[]}"
1150,2007-02-24,298.9116808573405,"{""type"":""MultiPoint"",""coordinates"":[]}"
1151,2007-02-25,299.17245229085285,"{""type"":""MultiPoint"",""coordinates"":[]}"
1152,2007-02-26,299.39149983723956,"{""type"":""MultiPoint"",""coordinates"":[]}"
1153,2007-02-27,299.35083961486816,"{""type"":""MultiPoint"",""coordinates"":[]}"
1154,2007-02-28,298.69038518269855,"{""type"":""MultiPoint"",""coordinates"":[]}"
1155,2007-03-01,298.9024664560954,"{""type"":""MultiPoint"",""coordinates"":[]}"
1156,2007-03-02,299.3695545196533,"{""type"":""MultiPoint"",""coordinates"":[]}"
1157,2007-03-03,299.351718266805,"{""type"":""MultiPoint"",""coordinates"":[]}"
1158,2007-03-04,298.53284645080566,"{""type"":""MultiPoint"",""coordinates"":[]}"
1159,2007-03-05,299.0957832336426,"{""type"":""MultiPoint"",""coordinates"":[]}"
1160,2007-03-06,298.70301310221356,"{""type"":""MultiPoint"",""coordinates"":[]}"
1161,2007-03-07,298.2868309020996,"{""type"":""MultiPoint"",""coordinates"":[]}"
1162,2007-03-08,299.16491317749023,"{""type"":""MultiPoint"",""coordinates"":[]}"
1163,2007-03-09,299.1720492045085,"{""type"":""MultiPoint"",""coordinates"":[]}"
1164,2007-03-10,299.0299638112386,"{""type"":""MultiPoint"",""coordinates"":[]}"
1165,2007-03-11,298.4272931416829,"{""type"":""MultiPoint"",""coordinates"":[]}"
1166,2007-03-12,298.5521303812663,"{""type"":""MultiPoint"",""coordinates"":[]}"
1167,2007-03-13,299.1691977183024,"{""type"":""MultiPoint"",""coordinates"":[]}"
1168,2007-03-14,298.9355665842692,"{""type"":""MultiPoint"",""coordinates"":[]}"
1169,2007-03-15,299.0002784729004,"{""type"":""MultiPoint"",""coordinates"":[]}"
1170,2007-03-16,298.6078592936198,"{""type"":""MultiPoint"",""coordinates"":[]}"
1171,2007-03-17,298.6840960184733,"{""type"":""MultiPoint"",""coordinates"":[]}"
1172,2007-03-18,299.2390257517497,"{""type"":""MultiPoint"",""coordinates"":[]}"
1173,2007-03-19,299.08340390523273,"{""type"":""MultiPoint"",""coordinates"":[]}"
1174,2007-03-20,298.80672899882,"{""type"":""MultiPoint"",""coordinates"":[]}"
1175,2007-03-21,298.89828809102374,"{""type"":""MultiPoint"",""coordinates"":[]}"
1176,2007-03-22,298.73310470581055,"{""type"":""MultiPoint"",""coordinates"":[]}"
1177,2007-03-23,298.343962987264,"{""type"":""MultiPoint"",""coordinates"":[]}"
1178,2007-03-24,298.6366449991862,"{""type"":""MultiPoint"",""coordinates"":[]}"
1179,2007-03-25,298.49975395202637,"{""type"":""MultiPoint"",""coordinates"":[]}"
1180,2007-03-26,298.55579376220703,"{""type"":""MultiPoint"",""coordinates"":[]}"
1181,2007-03-27,299.3337930043538,"{""type"":""MultiPoint"",""coordinates"":[]}"
1182,2007-03-28,299.6592623392741,"{""type"":""MultiPoint"",""coordinates"":[]}"
1183,2007-03-29,299.5897159576416,"{""type"":""MultiPoint"",""coordinates"":[]}"
1184,2007-03-30,299.0617669423421,"{""type"":""MultiPoint"",""coordinates"":[]}"
1185,2007-03-31,299.2874476114909,"{""type"":""MultiPoint"",""coordinates"":[]}"
1186,2007-04-01,298.8606408437093,"{""type"":""MultiPoint"",""coordinates"":[]}"
1187,2007-04-02,298.8984553019206,"{""type"":""MultiPoint"",""coordinates"":[]}"
1188,2007-04-03,298.87067794799805,"{""type"":""MultiPoint"",""coordinates"":[]}"
1189,2007-04-04,298.6068859100342,"{""type"":""MultiPoint"",""coordinates"":[]}"
1190,2007-04-05,299.52609634399414,"{""type"":""MultiPoint"",""coordinates"":[]}"
1191,2007-04-06,300.0544516245524,"{""type"":""MultiPoint"",""coordinates"":[]}"
1192,2007-04-07,299.5869140625,"{""type"":""MultiPoint"",""coordinates"":[]}"
1193,2007-04-08,299.9762083689372,"{""type"":""MultiPoint"",""coordinates"":[]}"
1194,2007-04-09,299.672114054362,"{""type"":""MultiPoint"",""coordinates"":[]}"
1195,2007-04-10,299.7430559794108,"{""type"":""MultiPoint"",""coordinates"":[]}"
1196,2007-04-11,299.78979873657227,"{""type"":""MultiPoint"",""coordinates"":[]}"
1197,2007-04-12,299.20937220255536,"{""type"":""MultiPoint"",""coordinates"":[]}"
1198,2007-04-13,299.27580070495605,"{""type"":""MultiPoint"",""coordinates"":[]}"
1199,2007-04-14,299.06951840718585,"{""type"":""MultiPoint"",""coordinates"":[]}"
1200,2007-04-15,299.1436138153076,"{""type"":""MultiPoint"",""coordinates"":[]}"
1201,2007-04-16,299.0285396575928,"{""type"":""MultiPoint"",""coordinates"":[]}"
1202,2007-04-17,299.72265307108563,"{""type"":""MultiPoint"",""coordinates"":[]}"
1203,2007-04-18,300.02297655741376,"{""type"":""MultiPoint"",""coordinates"":[]}"
1204,2007-04-19,300.071725209554,"{""type"":""MultiPoint"",""coordinates"":[]}"
1205,2007-04-20,300.0083408355713,"{""type"":""MultiPoint"",""coordinates"":[]}"
1206,2007-04-21,300.16438992818195,"{""type"":""MultiPoint"",""coordinates"":[]}"
1207,2007-04-22,300.2045650482178,"{""type"":""MultiPoint"",""coordinates"":[]}"
1208,2007-04-23,299.238333384196,"{""type"":""MultiPoint"",""coordinates"":[]}"
1209,2007-04-24,299.2906958262126,"{""type"":""MultiPoint"",""coordinates"":[]}"
1210,2007-04-25,299.2617715199788,"{""type"":""MultiPoint"",""coordinates"":[]}"
1211,2007-04-26,299.8888161977132,"{""type"":""MultiPoint"",""coordinates"":[]}"
1212,2007-04-27,299.4137541453044,"{""type"":""MultiPoint"",""coordinates"":[]}"
1213,2007-04-28,298.4519863128662,"{""type"":""MultiPoint"",""coordinates"":[]}"
1214,2007-04-29,298.9720929463704,"{""type"":""MultiPoint"",""coordinates"":[]}"
1215,2007-04-30,299.6150366465251,"{""type"":""MultiPoint"",""coordinates"":[]}"
1216,2007-05-01,299.41155433654785,"{""type"":""MultiPoint"",""coordinates"":[]}"
1217,2007-05-02,299.4195505777995,"{""type"":""MultiPoint"",""coordinates"":[]}"
1218,2007-05-03,299.8835512797038,"{""type"":""MultiPoint"",""coordinates"":[]}"
1219,2007-05-04,298.91255378723145,"{""type"":""MultiPoint"",""coordinates"":[]}"
1220,2007-05-05,299.22225697835285,"{""type"":""MultiPoint"",""coordinates"":[]}"
1221,2007-05-06,299.38333956400555,"{""type"":""MultiPoint"",""coordinates"":[]}"
1222,2007-05-07,299.6994450887044,"{""type"":""MultiPoint"",""coordinates"":[]}"
1223,2007-05-08,299.7543315887451,"{""type"":""MultiPoint"",""coordinates"":[]}"
1224,2007-05-09,300.10717900594074,"{""type"":""MultiPoint"",""coordinates"":[]}"
1225,2007-05-10,300.0197219848633,"{""type"":""MultiPoint"",""coordinates"":[]}"
1226,2007-05-11,299.3761692047119,"{""type"":""MultiPoint"",""coordinates"":[]}"
1227,2007-05-12,299.7474619547526,"{""type"":""MultiPoint"",""coordinates"":[]}"
1228,2007-05-13,299.55514844258624,"{""type"":""MultiPoint"",""coordinates"":[]}"
1229,2007-05-14,299.620459874471,"{""type"":""MultiPoint"",""coordinates"":[]}"
1230,2007-05-15,299.1560535430908,"{""type"":""MultiPoint"",""coordinates"":[]}"
1231,2007-05-16,299.38723119099933,"{""type"":""MultiPoint"",""coordinates"":[]}"
1232,2007-05-17,298.64331181844074,"{""type"":""MultiPoint"",""coordinates"":[]}"
1233,2007-05-18,299.25884501139325,"{""type"":""MultiPoint"",""coordinates"":[]}"
1234,2007-05-19,299.6512699127197,"{""type"":""MultiPoint"",""coordinates"":[]}"
1235,2007-05-20,299.4417978922526,"{""type"":""MultiPoint"",""coordinates"":[]}"
1236,2007-05-21,298.68513679504395,"{""type"":""MultiPoint"",""coordinates"":[]}"
1237,2007-05-22,298.21079508463544,"{""type"":""MultiPoint"",""coordinates"":[]}"
1238,2007-05-23,299.1053009033203,"{""type"":""MultiPoint"",""coordinates"":[]}"
1239,2007-05-24,299.60748291015625,"{""type"":""MultiPoint"",""coordinates"":[]}"
1240,2007-05-25,298.92263984680176,"{""type"":""MultiPoint"",""coordinates"":[]}"
1241,2007-05-26,299.01697031656903,"{""type"":""MultiPoint"",""coordinates"":[]}"
1242,2007-05-27,299.1304937998454,"{""type"":""MultiPoint"",""coordinates"":[]}"
1243,2007-05-28,298.3747851053874,"{""type"":""MultiPoint"",""coordinates"":[]}"
1244,2007-05-29,298.60995801289874,"{""type"":""MultiPoint"",""coordinates"":[]}"
1245,2007-05-30,298.9498697916667,"{""type"":""MultiPoint"",""coordinates"":[]}"
1246,2007-05-31,299.05615679423016,"{""type"":""MultiPoint"",""coordinates"":[]}"
1247,2007-06-01,298.53991889953613,"{""type"":""MultiPoint"",""coordinates"":[]}"
1248,2007-06-02,298.5019251505534,"{""type"":""MultiPoint"",""coordinates"":[]}"
1249,2007-06-03,298.3311545054118,"{""type"":""MultiPoint"",""coordinates"":[]}"
1250,2007-06-04,297.8003857930501,"{""type"":""MultiPoint"",""coordinates"":[]}"
1251,2007-06-05,298.71281750996906,"{""type"":""MultiPoint"",""coordinates"":[]}"
1252,2007-06-06,299.6688588460286,"{""type"":""MultiPoint"",""coordinates"":[]}"
1253,2007-06-07,299.90200487772626,"{""type"":""MultiPoint"",""coordinates"":[]}"
1254,2007-06-08,299.60570398966473,"{""type"":""MultiPoint"",""coordinates"":[]}"
1255,2007-06-09,299.80465443929035,"{""type"":""MultiPoint"",""coordinates"":[]}"
1256,2007-06-10,299.12598101298016,"{""type"":""MultiPoint"",""coordinates"":[]}"
1257,2007-06-11,299.8471279144287,"{""type"":""MultiPoint"",""coordinates"":[]}"
1258,2007-06-12,299.1236712137858,"{""type"":""MultiPoint"",""coordinates"":[]}"
1259,2007-06-13,298.9639066060384,"{""type"":""MultiPoint"",""coordinates"":[]}"
1260,2007-06-14,299.2316754659017,"{""type"":""MultiPoint"",""coordinates"":[]}"
1261,2007-06-15,298.9378306070964,"{""type"":""MultiPoint"",""coordinates"":[]}"
1262,2007-06-16,298.528616587321,"{""type"":""MultiPoint"",""coordinates"":[]}"
1263,2007-06-17,298.4685535430908,"{""type"":""MultiPoint"",""coordinates"":[]}"
1264,2007-06-18,298.56751823425293,"{""type"":""MultiPoint"",""coordinates"":[]}"
1265,2007-06-19,299.02475929260254,"{""type"":""MultiPoint"",""coordinates"":[]}"
1266,2007-06-20,299.14550654093426,"{""type"":""MultiPoint"",""coordinates"":[]}"
1267,2007-06-21,298.8109951019287,"{""type"":""MultiPoint"",""coordinates"":[]}"
1268,2007-06-22,299.2214584350586,"{""type"":""MultiPoint"",""coordinates"":[]}"
1269,2007-06-23,299.06875165303546,"{""type"":""MultiPoint"",""coordinates"":[]}"
1270,2007-06-24,298.82936604817706,"{""type"":""MultiPoint"",""coordinates"":[]}"
1271,2007-06-25,298.74404589335126,"{""type"":""MultiPoint"",""coordinates"":[]}"
1272,2007-06-26,299.11642328898114,"{""type"":""MultiPoint"",""coordinates"":[]}"
1273,2007-06-27,298.7677364349365,"{""type"":""MultiPoint"",""coordinates"":[]}"
1274,2007-06-28,298.729741414388,"{""type"":""MultiPoint"",""coordinates"":[]}"
1275,2007-06-29,298.5389181772868,"{""type"":""MultiPoint"",""coordinates"":[]}"
1276,2007-06-30,299.3040301005046,"{""type"":""MultiPoint"",""coordinates"":[]}"
1277,2007-07-01,298.94513448079425,"{""type"":""MultiPoint"",""coordinates"":[]}"
1278,2007-07-02,298.98022715250653,"{""type"":""MultiPoint"",""coordinates"":[]}"
1279,2007-07-03,299.1085402170817,"{""type"":""MultiPoint"",""coordinates"":[]}"
1280,2007-07-04,299.6795883178711,"{""type"":""MultiPoint"",""coordinates"":[]}"
1281,2007-07-05,299.83847681681317,"{""type"":""MultiPoint"",""coordinates"":[]}"
1282,2007-07-06,299.5469608306885,"{""type"":""MultiPoint"",""coordinates"":[]}"
1283,2007-07-07,298.80406951904297,"{""type"":""MultiPoint"",""coordinates"":[]}"
1284,2007-07-08,298.9159297943115,"{""type"":""MultiPoint"",""coordinates"":[]}"
1285,2007-07-09,299.1286106109619,"{""type"":""MultiPoint"",""coordinates"":[]}"
1286,2007-07-10,298.775826772054,"{""type"":""MultiPoint"",""coordinates"":[]}"
1287,2007-07-11,298.72579193115234,"{""type"":""MultiPoint"",""coordinates"":[]}"
1288,2007-07-12,299.02174695332843,"{""type"":""MultiPoint"",""coordinates"":[]}"
1289,2007-07-13,298.60514640808105,"{""type"":""MultiPoint"",""coordinates"":[]}"
1290,2007-07-14,299.38301277160645,"{""type"":""MultiPoint"",""coordinates"":[]}"
1291,2007-07-15,299.58663113911945,"{""type"":""MultiPoint"",""coordinates"":[]}"
1292,2007-07-16,299.1330261230469,"{""type"":""MultiPoint"",""coordinates"":[]}"
1293,2007-07-17,299.1296615600586,"{""type"":""MultiPoint"",""coordinates"":[]}"
1294,2007-07-18,299.0473181406657,"{""type"":""MultiPoint"",""coordinates"":[]}"
1295,2007-07-19,299.4667599995931,"{""type"":""MultiPoint"",""coordinates"":[]}"
1296,2007-07-20,299.77855682373047,"{""type"":""MultiPoint"",""coordinates"":[]}"
1297,2007-07-21,299.7062810262044,"{""type"":""MultiPoint"",""coordinates"":[]}"
1298,2007-07-22,300.02661832173663,"{""type"":""MultiPoint"",""coordinates"":[]}"
1299,2007-07-23,299.89834785461426,"{""type"":""MultiPoint"",""coordinates"":[]}"
1300,2007-07-24,299.7505289713542,"{""type"":""MultiPoint"",""coordinates"":[]}"
1301,2007-07-25,300.13401158650714,"{""type"":""MultiPoint"",""coordinates"":[]}"
1302,2007-07-26,299.9654432932536,"{""type"":""MultiPoint"",""coordinates"":[]}"
1303,2007-07-27,299.8106066385905,"{""type"":""MultiPoint"",""coordinates"":[]}"
1304,2007-07-28,299.0836639404297,"{""type"":""MultiPoint"",""coordinates"":[]}"
1305,2007-07-29,298.5929641723633,"{""type"":""MultiPoint"",""coordinates"":[]}"
1306,2007-07-30,298.49376487731934,"{""type"":""MultiPoint"",""coordinates"":[]}"
1307,2007-07-31,298.42658678690594,"{""type"":""MultiPoint"",""coordinates"":[]}"
1308,2007-08-01,299.0117842356364,"{""type"":""MultiPoint"",""coordinates"":[]}"
1309,2007-08-02,299.62146377563477,"{""type"":""MultiPoint"",""coordinates"":[]}"
1310,2007-08-03,299.8554973602295,"{""type"":""MultiPoint"",""coordinates"":[]}"
1311,2007-08-04,299.95873832702637,"{""type"":""MultiPoint"",""coordinates"":[]}"
1312,2007-08-05,299.8591314951579,"{""type"":""MultiPoint"",""coordinates"":[]}"
1313,2007-08-06,299.5896415710449,"{""type"":""MultiPoint"",""coordinates"":[]}"
1314,2007-08-07,299.83803939819336,"{""type"":""MultiPoint"",""coordinates"":[]}"
1315,2007-08-08,299.8149814605713,"{""type"":""MultiPoint"",""coordinates"":[]}"
1316,2007-08-09,299.77419408162433,"{""type"":""MultiPoint"",""coordinates"":[]}"
1317,2007-08-10,299.2484893798828,"{""type"":""MultiPoint"",""coordinates"":[]}"
1318,2007-08-11,299.6680285135905,"{""type"":""MultiPoint"",""coordinates"":[]}"
1319,2007-08-12,299.4768486022949,"{""type"":""MultiPoint"",""coordinates"":[]}"
1320,2007-08-13,299.9648380279541,"{""type"":""MultiPoint"",""coordinates"":[]}"
1321,2007-08-14,300.1739978790283,"{""type"":""MultiPoint"",""coordinates"":[]}"
1322,2007-08-15,299.8386535644531,"{""type"":""MultiPoint"",""coordinates"":[]}"
1323,2007-08-16,299.71407890319824,"{""type"":""MultiPoint"",""coordinates"":[]}"
1324,2007-08-17,299.6059226989746,"{""type"":""MultiPoint"",""coordinates"":[]}"
1325,2007-08-18,299.4204686482747,"{""type"":""MultiPoint"",""coordinates"":[]}"
1326,2007-08-19,299.5851815541585,"{""type"":""MultiPoint"",""coordinates"":[]}"
1327,2007-08-20,299.4829928080241,"{""type"":""MultiPoint"",""coordinates"":[]}"
1328,2007-08-21,299.711430867513,"{""type"":""MultiPoint"",""coordinates"":[]}"
1329,2007-08-22,299.5974699656169,"{""type"":""MultiPoint"",""coordinates"":[]}"
1330,2007-08-23,299.53657658894855,"{""type"":""MultiPoint"",""coordinates"":[]}"
1331,2007-08-24,299.65214284261066,"{""type"":""MultiPoint"",""coordinates"":[]}"
1332,2007-08-25,299.77849769592285,"{""type"":""MultiPoint"",""coordinates"":[]}"
1333,2007-08-26,300.2066243489583,"{""type"":""MultiPoint"",""coordinates"":[]}"
1334,2007-08-27,300.1405741373698,"{""type"":""MultiPoint"",""coordinates"":[]}"
1335,2007-08-28,300.053284962972,"{""type"":""MultiPoint"",""coordinates"":[]}"
1336,2007-08-29,299.8360290527344,"{""type"":""MultiPoint"",""coordinates"":[]}"
1337,2007-08-30,299.7210884094238,"{""type"":""MultiPoint"",""coordinates"":[]}"
1338,2007-08-31,299.3908863067627,"{""type"":""MultiPoint"",""coordinates"":[]}"
1339,2007-09-01,299.1167901357015,"{""type"":""MultiPoint"",""coordinates"":[]}"
1340,2007-09-02,300.22462463378906,"{""type"":""MultiPoint"",""coordinates"":[]}"
1341,2007-09-03,300.3008569081624,"{""type"":""MultiPoint"",""coordinates"":[]}"
1342,2007-09-04,300.3618907928467,"{""type"":""MultiPoint"",""coordinates"":[]}"
1343,2007-09-05,300.0020173390706,"{""type"":""MultiPoint"",""coordinates"":[]}"
1344,2007-09-06,299.97920989990234,"{""type"":""MultiPoint"",""coordinates"":[]}"
1345,2007-09-07,299.82847023010254,"{""type"":""MultiPoint"",""coordinates"":[]}"
1346,2007-09-08,299.90964126586914,"{""type"":""MultiPoint"",""coordinates"":[]}"
1347,2007-09-09,300.0633913675944,"{""type"":""MultiPoint"",""coordinates"":[]}"
1348,2007-09-10,300.0199114481608,"{""type"":""MultiPoint"",""coordinates"":[]}"
1349,2007-09-11,300.1791114807129,"{""type"":""MultiPoint"",""coordinates"":[]}"
1350,2007-09-12,300.1581808725993,"{""type"":""MultiPoint"",""coordinates"":[]}"
1351,2007-09-13,300.05650583902997,"{""type"":""MultiPoint"",""coordinates"":[]}"
1352,2007-09-14,300.3841152191162,"{""type"":""MultiPoint"",""coordinates"":[]}"
1353,2007-09-15,300.4908917744954,"{""type"":""MultiPoint"",""coordinates"":[]}"
1354,2007-09-16,300.1749718983968,"{""type"":""MultiPoint"",""coordinates"":[]}"
1355,2007-09-17,300.1857058207194,"{""type"":""MultiPoint"",""coordinates"":[]}"
1356,2007-09-18,299.9840971628825,"{""type"":""MultiPoint"",""coordinates"":[]}"
1357,2007-09-19,300.49820645650226,"{""type"":""MultiPoint"",""coordinates"":[]}"
1358,2007-09-20,300.38540013631183,"{""type"":""MultiPoint"",""coordinates"":[]}"
1359,2007-09-21,299.7292079925537,"{""type"":""MultiPoint"",""coordinates"":[]}"
1360,2007-09-22,299.5471541086833,"{""type"":""MultiPoint"",""coordinates"":[]}"
1361,2007-09-23,298.86715571085614,"{""type"":""MultiPoint"",""coordinates"":[]}"
1362,2007-09-24,299.9099407196045,"{""type"":""MultiPoint"",""coordinates"":[]}"
1363,2007-09-25,300.5931708017985,"{""type"":""MultiPoint"",""coordinates"":[]}"
1364,2007-09-26,300.3043162027995,"{""type"":""MultiPoint"",""coordinates"":[]}"
1365,2007-09-27,299.6327044169108,"{""type"":""MultiPoint"",""coordinates"":[]}"
1366,2007-09-28,299.5665855407715,"{""type"":""MultiPoint"",""coordinates"":[]}"
1367,2007-09-29,299.9054775238037,"{""type"":""MultiPoint"",""coordinates"":[]}"
1368,2007-09-30,300.26352564493817,"{""type"":""MultiPoint"",""coordinates"":[]}"
1369,2007-10-01,300.50275166829425,"{""type"":""MultiPoint"",""coordinates"":[]}"
1370,2007-10-02,300.30908393859863,"{""type"":""MultiPoint"",""coordinates"":[]}"
1371,2007-10-03,300.18571217854816,"{""type"":""MultiPoint"",""coordinates"":[]}"
1372,2007-10-04,299.9481906890869,"{""type"":""MultiPoint"",""coordinates"":[]}"
1373,2007-10-05,299.8895149230957,"{""type"":""MultiPoint"",""coordinates"":[]}"
1374,2007-10-06,300.16053263346356,"{""type"":""MultiPoint"",""coordinates"":[]}"
1375,2007-10-07,300.05969365437824,"{""type"":""MultiPoint"",""coordinates"":[]}"
1376,2007-10-08,300.0855318705241,"{""type"":""MultiPoint"",""coordinates"":[]}"
1377,2007-10-09,300.4228159586589,"{""type"":""MultiPoint"",""coordinates"":[]}"
1378,2007-10-10,300.3762855529785,"{""type"":""MultiPoint"",""coordinates"":[]}"
1379,2007-10-11,300.4444942474365,"{""type"":""MultiPoint"",""coordinates"":[]}"
1380,2007-10-12,300.1076946258545,"{""type"":""MultiPoint"",""coordinates"":[]}"
1381,2007-10-13,299.4154446919759,"{""type"":""MultiPoint"",""coordinates"":[]}"
1382,2007-10-14,300.1141535441081,"{""type"":""MultiPoint"",""coordinates"":[]}"
1383,2007-10-15,300.58595212300617,"{""type"":""MultiPoint"",""coordinates"":[]}"
1384,2007-10-16,300.187203725179,"{""type"":""MultiPoint"",""coordinates"":[]}"
1385,2007-10-17,299.89512634277344,"{""type"":""MultiPoint"",""coordinates"":[]}"
1386,2007-10-18,300.17296028137207,"{""type"":""MultiPoint"",""coordinates"":[]}"
1387,2007-10-19,300.61854044596356,"{""type"":""MultiPoint"",""coordinates"":[]}"
1388,2007-10-20,300.08826573689777,"{""type"":""MultiPoint"",""coordinates"":[]}"
1389,2007-10-21,299.87073071797687,"{""type"":""MultiPoint"",""coordinates"":[]}"
1390,2007-10-22,300.4142373402913,"{""type"":""MultiPoint"",""coordinates"":[]}"
1391,2007-10-23,300.59146817525226,"{""type"":""MultiPoint"",""coordinates"":[]}"
1392,2007-10-24,300.55263328552246,"{""type"":""MultiPoint"",""coordinates"":[]}"
1393,2007-10-25,300.3982696533203,"{""type"":""MultiPoint"",""coordinates"":[]}"
1394,2007-10-26,300.5592466990153,"{""type"":""MultiPoint"",""coordinates"":[]}"
1395,2007-10-27,300.5974820454915,"{""type"":""MultiPoint"",""coordinates"":[]}"
1396,2007-10-28,300.578337987264,"{""type"":""MultiPoint"",""coordinates"":[]}"
1397,2007-10-29,299.99462699890137,"{""type"":""MultiPoint"",""coordinates"":[]}"
1398,2007-10-30,299.3477071126302,"{""type"":""MultiPoint"",""coordinates"":[]}"
1399,2007-10-31,300.1161600748698,"{""type"":""MultiPoint"",""coordinates"":[]}"
1400,2007-11-01,299.92435455322266,"{""type"":""MultiPoint"",""coordinates"":[]}"
1401,2007-11-02,300.37877082824707,"{""type"":""MultiPoint"",""coordinates"":[]}"
1402,2007-11-03,300.6147658030192,"{""type"":""MultiPoint"",""coordinates"":[]}"
1403,2007-11-04,300.55421511332196,"{""type"":""MultiPoint"",""coordinates"":[]}"
1404,2007-11-05,300.3529160817464,"{""type"":""MultiPoint"",""coordinates"":[]}"
1405,2007-11-06,300.86888313293457,"{""type"":""MultiPoint"",""coordinates"":[]}"
1406,2007-11-07,300.64477411905926,"{""type"":""MultiPoint"",""coordinates"":[]}"
1407,2007-11-08,300.3974723815918,"{""type"":""MultiPoint"",""coordinates"":[]}"
1408,2007-11-09,299.390656153361,"{""type"":""MultiPoint"",""coordinates"":[]}"
1409,2007-11-10,299.1378930409749,"{""type"":""MultiPoint"",""coordinates"":[]}"
1410,2007-11-11,299.08932240804035,"{""type"":""MultiPoint"",""coordinates"":[]}"
1411,2007-11-12,299.3730303446452,"{""type"":""MultiPoint"",""coordinates"":[]}"
1412,2007-11-13,299.7628453572591,"{""type"":""MultiPoint"",""coordinates"":[]}"
1413,2007-11-14,299.9396635691325,"{""type"":""MultiPoint"",""coordinates"":[]}"
1414,2007-11-15,300.419148127238,"{""type"":""MultiPoint"",""coordinates"":[]}"
1415,2007-11-16,300.00809542338055,"{""type"":""MultiPoint"",""coordinates"":[]}"
1416,2007-11-17,300.12301699320477,"{""type"":""MultiPoint"",""coordinates"":[]}"
1417,2007-11-18,299.5733229319255,"{""type"":""MultiPoint"",""coordinates"":[]}"
1418,2007-11-19,299.7753505706787,"{""type"":""MultiPoint"",""coordinates"":[]}"
1419,2007-11-20,299.7079264322917,"{""type"":""MultiPoint"",""coordinates"":[]}"
1420,2007-11-21,300.0471642812093,"{""type"":""MultiPoint"",""coordinates"":[]}"
1421,2007-11-22,300.0169251759847,"{""type"":""MultiPoint"",""coordinates"":[]}"
1422,2007-11-23,299.5296166737874,"{""type"":""MultiPoint"",""coordinates"":[]}"
1423,2007-11-24,300.14677238464355,"{""type"":""MultiPoint"",""coordinates"":[]}"
1424,2007-11-25,299.9711087544759,"{""type"":""MultiPoint"",""coordinates"":[]}"
1425,2007-11-26,299.2815793355306,"{""type"":""MultiPoint"",""coordinates"":[]}"
1426,2007-11-27,299.907070795695,"{""type"":""MultiPoint"",""coordinates"":[]}"
1427,2007-11-28,298.9189281463623,"{""type"":""MultiPoint"",""coordinates"":[]}"
1428,2007-11-29,299.52475929260254,"{""type"":""MultiPoint"",""coordinates"":[]}"
1429,2007-11-30,299.3274504343669,"{""type"":""MultiPoint"",""coordinates"":[]}"
1430,2007-12-01,298.96274248758954,"{""type"":""MultiPoint"",""coordinates"":[]}"
1431,2007-12-02,298.5508893330892,"{""type"":""MultiPoint"",""coordinates"":[]}"
1432,2007-12-03,298.59711774190265,"{""type"":""MultiPoint"",""coordinates"":[]}"
1433,2007-12-04,299.417418162028,"{""type"":""MultiPoint"",""coordinates"":[]}"
1434,2007-12-05,299.8061052958171,"{""type"":""MultiPoint"",""coordinates"":[]}"
1435,2007-12-06,299.13787905375165,"{""type"":""MultiPoint"",""coordinates"":[]}"
1436,2007-12-07,298.69725100199383,"{""type"":""MultiPoint"",""coordinates"":[]}"
1437,2007-12-08,298.64422035217285,"{""type"":""MultiPoint"",""coordinates"":[]}"
1438,2007-12-09,299.02413686116535,"{""type"":""MultiPoint"",""coordinates"":[]}"
1439,2007-12-10,299.08725293477374,"{""type"":""MultiPoint"",""coordinates"":[]}"
1440,2007-12-11,299.376958211263,"{""type"":""MultiPoint"",""coordinates"":[]}"
1441,2007-12-12,299.07959938049316,"{""type"":""MultiPoint"",""coordinates"":[]}"
1442,2007-12-13,298.6978842417399,"{""type"":""MultiPoint"",""coordinates"":[]}"
1443,2007-12-14,298.33011563618976,"{""type"":""MultiPoint"",""coordinates"":[]}"
1444,2007-12-15,297.96073087056476,"{""type"":""MultiPoint"",""coordinates"":[]}"
1445,2007-12-16,297.9814453125,"{""type"":""MultiPoint"",""coordinates"":[]}"
1446,2007-12-17,298.09874471028644,"{""type"":""MultiPoint"",""coordinates"":[]}"
1447,2007-12-18,298.592472076416,"{""type"":""MultiPoint"",""coordinates"":[]}"
1448,2007-12-19,298.0062840779622,"{""type"":""MultiPoint"",""coordinates"":[]}"
1449,2007-12-20,298.2688617706299,"{""type"":""MultiPoint"",""coordinates"":[]}"
1450,2007-12-21,298.45411173502606,"{""type"":""MultiPoint"",""coordinates"":[]}"
1451,2007-12-22,298.60081418355304,"{""type"":""MultiPoint"",""coordinates"":[]}"
1452,2007-12-23,298.5383605957031,"{""type"":""MultiPoint"",""coordinates"":[]}"
1453,2007-12-24,298.2308921813965,"{""type"":""MultiPoint"",""coordinates"":[]}"
1454,2007-12-25,298.18827629089355,"{""type"":""MultiPoint"",""coordinates"":[]}"
1455,2007-12-26,299.0178801218669,"{""type"":""MultiPoint"",""coordinates"":[]}"
1456,2007-12-27,298.76186498006183,"{""type"":""MultiPoint"",""coordinates"":[]}"
1457,2007-12-28,298.87023544311523,"{""type"":""MultiPoint"",""coordinates"":[]}"
1458,2007-12-29,298.76076889038086,"{""type"":""MultiPoint"",""coordinates"":[]}"
1459,2007-12-30,298.00332196553546,"{""type"":""MultiPoint"",""coordinates"":[]}"
1460,2007-12-31,297.7261276245117,"{""type"":""MultiPoint"",""coordinates"":[]}"
1461,2008-01-01,297.5368874867757,"{""type"":""MultiPoint"",""coordinates"":[]}"
1462,2008-01-02,298.44976234436035,"{""type"":""MultiPoint"",""coordinates"":[]}"
1463,2008-01-03,298.94798851013184,"{""type"":""MultiPoint"",""coordinates"":[]}"
1464,2008-01-04,299.4347146352132,"{""type"":""MultiPoint"",""coordinates"":[]}"
1465,2008-01-05,298.5870443979899,"{""type"":""MultiPoint"",""coordinates"":[]}"
1466,2008-01-06,298.25293986002606,"{""type"":""MultiPoint"",""coordinates"":[]}"
1467,2008-01-07,297.8231035868327,"{""type"":""MultiPoint"",""coordinates"":[]}"
1468,2008-01-08,298.2512124379476,"{""type"":""MultiPoint"",""coordinates"":[]}"
1469,2008-01-09,298.5804030100505,"{""type"":""MultiPoint"",""coordinates"":[]}"
1470,2008-01-10,299.1447874704997,"{""type"":""MultiPoint"",""coordinates"":[]}"
1471,2008-01-11,299.1260223388672,"{""type"":""MultiPoint"",""coordinates"":[]}"
1472,2008-01-12,298.6129970550537,"{""type"":""MultiPoint"",""coordinates"":[]}"
1473,2008-01-13,298.71956062316895,"{""type"":""MultiPoint"",""coordinates"":[]}"
1474,2008-01-14,299.0356922149658,"{""type"":""MultiPoint"",""coordinates"":[]}"
1475,2008-01-15,298.7846927642822,"{""type"":""MultiPoint"",""coordinates"":[]}"
1476,2008-01-16,298.5453332265218,"{""type"":""MultiPoint"",""coordinates"":[]}"
1477,2008-01-17,297.84390513102215,"{""type"":""MultiPoint"",""coordinates"":[]}"
1478,2008-01-18,298.0029582977295,"{""type"":""MultiPoint"",""coordinates"":[]}"
1479,2008-01-19,298.27171325683594,"{""type"":""MultiPoint"",""coordinates"":[]}"
1480,2008-01-20,298.62449645996094,"{""type"":""MultiPoint"",""coordinates"":[]}"
1481,2008-01-21,298.6924565633138,"{""type"":""MultiPoint"",""coordinates"":[]}"
1482,2008-01-22,298.6869436899821,"{""type"":""MultiPoint"",""coordinates"":[]}"
1483,2008-01-23,298.5880470275879,"{""type"":""MultiPoint"",""coordinates"":[]}"
1484,2008-01-24,298.62085660298663,"{""type"":""MultiPoint"",""coordinates"":[]}"
1485,2008-01-25,298.6185824076335,"{""type"":""MultiPoint"",""coordinates"":[]}"
1486,2008-01-26,298.5546283721924,"{""type"":""MultiPoint"",""coordinates"":[]}"
1487,2008-01-27,298.66839536031085,"{""type"":""MultiPoint"",""coordinates"":[]}"
1488,2008-01-28,298.45665041605633,"{""type"":""MultiPoint"",""coordinates"":[]}"
1489,2008-01-29,298.70743624369305,"{""type"":""MultiPoint"",""coordinates"":[]}"
1490,2008-01-30,299.1565024058024,"{""type"":""MultiPoint"",""coordinates"":[]}"
1491,2008-01-31,298.76754061381024,"{""type"":""MultiPoint"",""coordinates"":[]}"
1492,2008-02-01,298.3077138264974,"{""type"":""MultiPoint"",""coordinates"":[]}"
1493,2008-02-02,298.4200013478597,"{""type"":""MultiPoint"",""coordinates"":[]}"
1494,2008-02-03,298.8600018819173,"{""type"":""MultiPoint"",""coordinates"":[]}"
1495,2008-02-04,298.47494316101074,"{""type"":""MultiPoint"",""coordinates"":[]}"
1496,2008-02-05,297.84094047546387,"{""type"":""MultiPoint"",""coordinates"":[]}"
1497,2008-02-06,297.7922585805257,"{""type"":""MultiPoint"",""coordinates"":[]}"
1498,2008-02-07,297.8706404368083,"{""type"":""MultiPoint"",""coordinates"":[]}"
1499,2008-02-08,298.4407908121745,"{""type"":""MultiPoint"",""coordinates"":[]}"
1500,2008-02-09,298.98691240946454,"{""type"":""MultiPoint"",""coordinates"":[]}"
1501,2008-02-10,298.3779640197754,"{""type"":""MultiPoint"",""coordinates"":[]}"
1502,2008-02-11,298.5407479604085,"{""type"":""MultiPoint"",""coordinates"":[]}"
1503,2008-02-12,298.37631607055664,"{""type"":""MultiPoint"",""coordinates"":[]}"
1504,2008-02-13,299.1358998616536,"{""type"":""MultiPoint"",""coordinates"":[]}"
1505,2008-02-14,298.528964360555,"{""type"":""MultiPoint"",""coordinates"":[]}"
1506,2008-02-15,298.25172487894696,"{""type"":""MultiPoint"",""coordinates"":[]}"
1507,2008-02-16,298.04576683044434,"{""type"":""MultiPoint"",""coordinates"":[]}"
1508,2008-02-17,297.74303754170734,"{""type"":""MultiPoint"",""coordinates"":[]}"
1509,2008-02-18,297.9286543528239,"{""type"":""MultiPoint"",""coordinates"":[]}"
1510,2008-02-19,297.9485168457031,"{""type"":""MultiPoint"",""coordinates"":[]}"
1511,2008-02-20,297.6045385996501,"{""type"":""MultiPoint"",""coordinates"":[]}"
1512,2008-02-21,297.37487411499023,"{""type"":""MultiPoint"",""coordinates"":[]}"
1513,2008-02-22,298.06211217244464,"{""type"":""MultiPoint"",""coordinates"":[]}"
1514,2008-02-23,298.50637181599933,"{""type"":""MultiPoint"",""coordinates"":[]}"
1515,2008-02-24,298.6646563212077,"{""type"":""MultiPoint"",""coordinates"":[]}"
1516,2008-02-25,298.3954709370931,"{""type"":""MultiPoint"",""coordinates"":[]}"
1517,2008-02-26,298.6940720876058,"{""type"":""MultiPoint"",""coordinates"":[]}"
1518,2008-02-27,298.6578623453776,"{""type"":""MultiPoint"",""coordinates"":[]}"
1519,2008-02-28,298.3025067647298,"{""type"":""MultiPoint"",""coordinates"":[]}"
1520,2008-02-29,298.78615315755206,"{""type"":""MultiPoint"",""coordinates"":[]}"
1521,2008-03-01,298.16269556681317,"{""type"":""MultiPoint"",""coordinates"":[]}"
1522,2008-03-02,298.4555206298828,"{""type"":""MultiPoint"",""coordinates"":[]}"
1523,2008-03-03,298.1117407480876,"{""type"":""MultiPoint"",""coordinates"":[]}"
1524,2008-03-04,297.9771251678467,"{""type"":""MultiPoint"",""coordinates"":[]}"
1525,2008-03-05,298.4397888183594,"{""type"":""MultiPoint"",""coordinates"":[]}"
1526,2008-03-06,298.58042271931964,"{""type"":""MultiPoint"",""coordinates"":[]}"
1527,2008-03-07,298.45903968811035,"{""type"":""MultiPoint"",""coordinates"":[]}"
1528,2008-03-08,298.2932993570964,"{""type"":""MultiPoint"",""coordinates"":[]}"
1529,2008-03-09,298.1830291748047,"{""type"":""MultiPoint"",""coordinates"":[]}"
1530,2008-03-10,297.5535825093587,"{""type"":""MultiPoint"",""coordinates"":[]}"
1531,2008-03-11,298.09691619873047,"{""type"":""MultiPoint"",""coordinates"":[]}"
1532,2008-03-12,298.1019941965739,"{""type"":""MultiPoint"",""coordinates"":[]}"
1533,2008-03-13,298.448060353597,"{""type"":""MultiPoint"",""coordinates"":[]}"
1534,2008-03-14,298.7246576944987,"{""type"":""MultiPoint"",""coordinates"":[]}"
1535,2008-03-15,298.6861769358317,"{""type"":""MultiPoint"",""coordinates"":[]}"
1536,2008-03-16,298.79392369588214,"{""type"":""MultiPoint"",""coordinates"":[]}"
1537,2008-03-17,298.36562156677246,"{""type"":""MultiPoint"",""coordinates"":[]}"
1538,2008-03-18,298.54198900858563,"{""type"":""MultiPoint"",""coordinates"":[]}"
1539,2008-03-19,298.66783142089844,"{""type"":""MultiPoint"",""coordinates"":[]}"
1540,2008-03-20,298.4452959696452,"{""type"":""MultiPoint"",""coordinates"":[]}"
1541,2008-03-21,298.4456984202067,"{""type"":""MultiPoint"",""coordinates"":[]}"
1542,2008-03-22,298.6497720082601,"{""type"":""MultiPoint"",""coordinates"":[]}"
1543,2008-03-23,298.86008071899414,"{""type"":""MultiPoint"",""coordinates"":[]}"
1544,2008-03-24,298.2918109893799,"{""type"":""MultiPoint"",""coordinates"":[]}"
1545,2008-03-25,298.83731333414715,"{""type"":""MultiPoint"",""coordinates"":[]}"
1546,2008-03-26,298.6261164347331,"{""type"":""MultiPoint"",""coordinates"":[]}"
1547,2008-03-27,298.48352368672687,"{""type"":""MultiPoint"",""coordinates"":[]}"
1548,2008-03-28,298.83933512369794,"{""type"":""MultiPoint"",""coordinates"":[]}"
1549,2008-03-29,298.50666491190594,"{""type"":""MultiPoint"",""coordinates"":[]}"
1550,2008-03-30,298.40027809143066,"{""type"":""MultiPoint"",""coordinates"":[]}"
1551,2008-03-31,298.61317761739093,"{""type"":""MultiPoint"",""coordinates"":[]}"
1552,2008-04-01,298.8371016184489,"{""type"":""MultiPoint"",""coordinates"":[]}"
1553,2008-04-02,298.9673245747884,"{""type"":""MultiPoint"",""coordinates"":[]}"
1554,2008-04-03,298.61365127563477,"{""type"":""MultiPoint"",""coordinates"":[]}"
1555,2008-04-04,298.87726402282715,"{""type"":""MultiPoint"",""coordinates"":[]}"
1556,2008-04-05,298.8982785542806,"{""type"":""MultiPoint"",""coordinates"":[]}"
1557,2008-04-06,298.8663921356201,"{""type"":""MultiPoint"",""coordinates"":[]}"
1558,2008-04-07,298.6090367635091,"{""type"":""MultiPoint"",""coordinates"":[]}"
1559,2008-04-08,299.33631388346356,"{""type"":""MultiPoint"",""coordinates"":[]}"
1560,2008-04-09,299.2665049235026,"{""type"":""MultiPoint"",""coordinates"":[]}"
1561,2008-04-10,298.2327423095703,"{""type"":""MultiPoint"",""coordinates"":[]}"
1562,2008-04-11,298.3192564646403,"{""type"":""MultiPoint"",""coordinates"":[]}"
1563,2008-04-12,298.4856999715169,"{""type"":""MultiPoint"",""coordinates"":[]}"
1564,2008-04-13,298.25448671976727,"{""type"":""MultiPoint"",""coordinates"":[]}"
1565,2008-04-14,299.088862101237,"{""type"":""MultiPoint"",""coordinates"":[]}"
1566,2008-04-15,299.34407297770184,"{""type"":""MultiPoint"",""coordinates"":[]}"
1567,2008-04-16,298.93138376871747,"{""type"":""MultiPoint"",""coordinates"":[]}"
1568,2008-04-17,298.8525276184082,"{""type"":""MultiPoint"",""coordinates"":[]}"
1569,2008-04-18,298.76715596516925,"{""type"":""MultiPoint"",""coordinates"":[]}"
1570,2008-04-19,298.88681920369464,"{""type"":""MultiPoint"",""coordinates"":[]}"
1571,2008-04-20,298.6218554178874,"{""type"":""MultiPoint"",""coordinates"":[]}"
1572,2008-04-21,299.09961700439453,"{""type"":""MultiPoint"",""coordinates"":[]}"
1573,2008-04-22,298.86545817057294,"{""type"":""MultiPoint"",""coordinates"":[]}"
1574,2008-04-23,298.82614517211914,"{""type"":""MultiPoint"",""coordinates"":[]}"
1575,2008-04-24,299.1683298746745,"{""type"":""MultiPoint"",""coordinates"":[]}"
1576,2008-04-25,299.690424601237,"{""type"":""MultiPoint"",""coordinates"":[]}"
1577,2008-04-26,299.8416207631429,"{""type"":""MultiPoint"",""coordinates"":[]}"
1578,2008-04-27,299.57873153686523,"{""type"":""MultiPoint"",""coordinates"":[]}"
1579,2008-04-28,299.33586565653485,"{""type"":""MultiPoint"",""coordinates"":[]}"
1580,2008-04-29,299.24051030476886,"{""type"":""MultiPoint"",""coordinates"":[]}"
1581,2008-04-30,299.56180636088055,"{""type"":""MultiPoint"",""coordinates"":[]}"
1582,2008-05-01,299.66333452860516,"{""type"":""MultiPoint"",""coordinates"":[]}"
1583,2008-05-02,299.4393990834554,"{""type"":""MultiPoint"",""coordinates"":[]}"
1584,2008-05-03,299.2176825205485,"{""type"":""MultiPoint"",""coordinates"":[]}"
1585,2008-05-04,298.70180638631183,"{""type"":""MultiPoint"",""coordinates"":[]}"
1586,2008-05-05,298.8929672241211,"{""type"":""MultiPoint"",""coordinates"":[]}"
1587,2008-05-06,299.4050057729085,"{""type"":""MultiPoint"",""coordinates"":[]}"
1588,2008-05-07,299.5042781829834,"{""type"":""MultiPoint"",""coordinates"":[]}"
1589,2008-05-08,299.7235285441081,"{""type"":""MultiPoint"",""coordinates"":[]}"
1590,2008-05-09,299.3511257171631,"{""type"":""MultiPoint"",""coordinates"":[]}"
1591,2008-05-10,299.1246509552002,"{""type"":""MultiPoint"",""coordinates"":[]}"
1592,2008-05-11,299.4857711791992,"{""type"":""MultiPoint"",""coordinates"":[]}"
1593,2008-05-12,298.4564151763916,"{""type"":""MultiPoint"",""coordinates"":[]}"
1594,2008-05-13,298.4895960489909,"{""type"":""MultiPoint"",""coordinates"":[]}"
1595,2008-05-14,298.36826197306317,"{""type"":""MultiPoint"",""coordinates"":[]}"
1596,2008-05-15,298.5267702738444,"{""type"":""MultiPoint"",""coordinates"":[]}"
1597,2008-05-16,298.99449984232587,"{""type"":""MultiPoint"",""coordinates"":[]}"
1598,2008-05-17,298.9584821065267,"{""type"":""MultiPoint"",""coordinates"":[]}"
1599,2008-05-18,299.2316474914551,"{""type"":""MultiPoint"",""coordinates"":[]}"
1600,2008-05-19,298.4792423248291,"{""type"":""MultiPoint"",""coordinates"":[]}"
1601,2008-05-20,298.1260000864665,"{""type"":""MultiPoint"",""coordinates"":[]}"
1602,2008-05-21,298.34478123982746,"{""type"":""MultiPoint"",""coordinates"":[]}"
1603,2008-05-22,298.8191515604655,"{""type"":""MultiPoint"",""coordinates"":[]}"
1604,2008-05-23,298.2985210418701,"{""type"":""MultiPoint"",""coordinates"":[]}"
1605,2008-05-24,298.9829387664795,"{""type"":""MultiPoint"",""coordinates"":[]}"
1606,2008-05-25,298.79101181030273,"{""type"":""MultiPoint"",""coordinates"":[]}"
1607,2008-05-26,299.3052221934001,"{""type"":""MultiPoint"",""coordinates"":[]}"
1608,2008-05-27,299.19765599568683,"{""type"":""MultiPoint"",""coordinates"":[]}"
1609,2008-05-28,299.5287373860677,"{""type"":""MultiPoint"",""coordinates"":[]}"
1610,2008-05-29,299.8308563232422,"{""type"":""MultiPoint"",""coordinates"":[]}"
1611,2008-05-30,299.1803805033366,"{""type"":""MultiPoint"",""coordinates"":[]}"
1612,2008-05-31,298.14613850911456,"{""type"":""MultiPoint"",""coordinates"":[]}"
1613,2008-06-01,298.36137708028156,"{""type"":""MultiPoint"",""coordinates"":[]}"
1614,2008-06-02,298.3444118499756,"{""type"":""MultiPoint"",""coordinates"":[]}"
1615,2008-06-03,298.9461975097656,"{""type"":""MultiPoint"",""coordinates"":[]}"
1616,2008-06-04,299.51826667785645,"{""type"":""MultiPoint"",""coordinates"":[]}"
1617,2008-06-05,299.40664609273273,"{""type"":""MultiPoint"",""coordinates"":[]}"
1618,2008-06-06,299.679479598999,"{""type"":""MultiPoint"",""coordinates"":[]}"
1619,2008-06-07,298.71791394551593,"{""type"":""MultiPoint"",""coordinates"":[]}"
1620,2008-06-08,298.826073328654,"{""type"":""MultiPoint"",""coordinates"":[]}"
1621,2008-06-09,298.71432367960614,"{""type"":""MultiPoint"",""coordinates"":[]}"
1622,2008-06-10,298.99643389383954,"{""type"":""MultiPoint"",""coordinates"":[]}"
1623,2008-06-11,298.8235034942627,"{""type"":""MultiPoint"",""coordinates"":[]}"
1624,2008-06-12,299.12953821818036,"{""type"":""MultiPoint"",""coordinates"":[]}"
1625,2008-06-13,299.64512316385907,"{""type"":""MultiPoint"",""coordinates"":[]}"
1626,2008-06-14,299.70713170369464,"{""type"":""MultiPoint"",""coordinates"":[]}"
1627,2008-06-15,299.85786056518555,"{""type"":""MultiPoint"",""coordinates"":[]}"
1628,2008-06-16,299.1703523000081,"{""type"":""MultiPoint"",""coordinates"":[]}"
1629,2008-06-17,298.429448445638,"{""type"":""MultiPoint"",""coordinates"":[]}"
1630,2008-06-18,298.4857705434163,"{""type"":""MultiPoint"",""coordinates"":[]}"
1631,2008-06-19,298.6097520192464,"{""type"":""MultiPoint"",""coordinates"":[]}"
1632,2008-06-20,298.615416208903,"{""type"":""MultiPoint"",""coordinates"":[]}"
1633,2008-06-21,298.80230077107746,"{""type"":""MultiPoint"",""coordinates"":[]}"
1634,2008-06-22,298.64562797546387,"{""type"":""MultiPoint"",""coordinates"":[]}"
1635,2008-06-23,298.7870044708252,"{""type"":""MultiPoint"",""coordinates"":[]}"
1636,2008-06-24,298.8273868560791,"{""type"":""MultiPoint"",""coordinates"":[]}"
1637,2008-06-25,298.5870641072591,"{""type"":""MultiPoint"",""coordinates"":[]}"
1638,2008-06-26,298.5542583465576,"{""type"":""MultiPoint"",""coordinates"":[]}"
1639,2008-06-27,298.6053301493327,"{""type"":""MultiPoint"",""coordinates"":[]}"
1640,2008-06-28,299.0219128926595,"{""type"":""MultiPoint"",""coordinates"":[]}"
1641,2008-06-29,298.8870162963867,"{""type"":""MultiPoint"",""coordinates"":[]}"
1642,2008-06-30,298.99671427408856,"{""type"":""MultiPoint"",""coordinates"":[]}"
1643,2008-07-01,299.12390263875324,"{""type"":""MultiPoint"",""coordinates"":[]}"
1644,2008-07-02,299.5595467885335,"{""type"":""MultiPoint"",""coordinates"":[]}"
1645,2008-07-03,298.67659695943195,"{""type"":""MultiPoint"",""coordinates"":[]}"
1646,2008-07-04,298.77816073099774,"{""type"":""MultiPoint"",""coordinates"":[]}"
1647,2008-07-05,299.67381286621094,"{""type"":""MultiPoint"",""coordinates"":[]}"
1648,2008-07-06,299.6248830159505,"{""type"":""MultiPoint"",""coordinates"":[]}"
1649,2008-07-07,298.9919064839681,"{""type"":""MultiPoint"",""coordinates"":[]}"
1650,2008-07-08,299.12462043762207,"{""type"":""MultiPoint"",""coordinates"":[]}"
1651,2008-07-09,298.8192145029704,"{""type"":""MultiPoint"",""coordinates"":[]}"
1652,2008-07-10,298.85469245910645,"{""type"":""MultiPoint"",""coordinates"":[]}"
1653,2008-07-11,299.063133875529,"{""type"":""MultiPoint"",""coordinates"":[]}"
1654,2008-07-12,298.8592300415039,"{""type"":""MultiPoint"",""coordinates"":[]}"
1655,2008-07-13,298.93517812093097,"{""type"":""MultiPoint"",""coordinates"":[]}"
1656,2008-07-14,299.2383035024007,"{""type"":""MultiPoint"",""coordinates"":[]}"
1657,2008-07-15,298.6767743428548,"{""type"":""MultiPoint"",""coordinates"":[]}"
1658,2008-07-16,298.1799570719401,"{""type"":""MultiPoint"",""coordinates"":[]}"
1659,2008-07-17,298.1959457397461,"{""type"":""MultiPoint"",""coordinates"":[]}"
1660,2008-07-18,298.58894602457684,"{""type"":""MultiPoint"",""coordinates"":[]}"
1661,2008-07-19,298.8018805185954,"{""type"":""MultiPoint"",""coordinates"":[]}"
1662,2008-07-20,299.13175264994305,"{""type"":""MultiPoint"",""coordinates"":[]}"
1663,2008-07-21,298.7219721476237,"{""type"":""MultiPoint"",""coordinates"":[]}"
1664,2008-07-22,299.20699373881024,"{""type"":""MultiPoint"",""coordinates"":[]}"
1665,2008-07-23,299.4537989298503,"{""type"":""MultiPoint"",""coordinates"":[]}"
1666,2008-07-24,298.99656168619794,"{""type"":""MultiPoint"",""coordinates"":[]}"
1667,2008-07-25,298.84019533793133,"{""type"":""MultiPoint"",""coordinates"":[]}"
1668,2008-07-26,299.24384117126465,"{""type"":""MultiPoint"",""coordinates"":[]}"
1669,2008-07-27,299.5361080169678,"{""type"":""MultiPoint"",""coordinates"":[]}"
1670,2008-07-28,299.52081871032715,"{""type"":""MultiPoint"",""coordinates"":[]}"
1671,2008-07-29,298.74000040690106,"{""type"":""MultiPoint"",""coordinates"":[]}"
1672,2008-07-30,299.250041325887,"{""type"":""MultiPoint"",""coordinates"":[]}"
1673,2008-07-31,299.09380467732746,"{""type"":""MultiPoint"",""coordinates"":[]}"
1674,2008-08-01,299.55840492248535,"{""type"":""MultiPoint"",""coordinates"":[]}"
1675,2008-08-02,300.37459564208984,"{""type"":""MultiPoint"",""coordinates"":[]}"
1676,2008-08-03,300.30953852335614,"{""type"":""MultiPoint"",""coordinates"":[]}"
1677,2008-08-04,300.2488441467285,"{""type"":""MultiPoint"",""coordinates"":[]}"
1678,2008-08-05,300.30923016866046,"{""type"":""MultiPoint"",""coordinates"":[]}"
1679,2008-08-06,300.40926996866864,"{""type"":""MultiPoint"",""coordinates"":[]}"
1680,2008-08-07,299.8681163787842,"{""type"":""MultiPoint"",""coordinates"":[]}"
1681,2008-08-08,299.79193178812665,"{""type"":""MultiPoint"",""coordinates"":[]}"
1682,2008-08-09,300.0049540201823,"{""type"":""MultiPoint"",""coordinates"":[]}"
1683,2008-08-10,300.302578608195,"{""type"":""MultiPoint"",""coordinates"":[]}"
1684,2008-08-11,299.90616099039715,"{""type"":""MultiPoint"",""coordinates"":[]}"
1685,2008-08-12,299.53984451293945,"{""type"":""MultiPoint"",""coordinates"":[]}"
1686,2008-08-13,299.51388295491535,"{""type"":""MultiPoint"",""coordinates"":[]}"
1687,2008-08-14,300.07579612731934,"{""type"":""MultiPoint"",""coordinates"":[]}"
1688,2008-08-15,300.0084063212077,"{""type"":""MultiPoint"",""coordinates"":[]}"
1689,2008-08-16,299.372111638387,"{""type"":""MultiPoint"",""coordinates"":[]}"
1690,2008-08-17,299.87365595499676,"{""type"":""MultiPoint"",""coordinates"":[]}"
1691,2008-08-18,300.1172275543213,"{""type"":""MultiPoint"",""coordinates"":[]}"
1692,2008-08-19,299.9274552663167,"{""type"":""MultiPoint"",""coordinates"":[]}"
1693,2008-08-20,299.304157892863,"{""type"":""MultiPoint"",""coordinates"":[]}"
1694,2008-08-21,299.29937108357746,"{""type"":""MultiPoint"",""coordinates"":[]}"
1695,2008-08-22,299.60207112630206,"{""type"":""MultiPoint"",""coordinates"":[]}"
1696,2008-08-23,299.4638131459554,"{""type"":""MultiPoint"",""coordinates"":[]}"
1697,2008-08-24,300.1060263315837,"{""type"":""MultiPoint"",""coordinates"":[]}"
1698,2008-08-25,299.619286219279,"{""type"":""MultiPoint"",""coordinates"":[]}"
1699,2008-08-26,299.85659408569336,"{""type"":""MultiPoint"",""coordinates"":[]}"
1700,2008-08-27,299.9667390187581,"{""type"":""MultiPoint"",""coordinates"":[]}"
1701,2008-08-28,300.0962378184001,"{""type"":""MultiPoint"",""coordinates"":[]}"
1702,2008-08-29,300.2888876597087,"{""type"":""MultiPoint"",""coordinates"":[]}"
1703,2008-08-30,300.6635506947835,"{""type"":""MultiPoint"",""coordinates"":[]}"
1704,2008-08-31,300.46603711446124,"{""type"":""MultiPoint"",""coordinates"":[]}"
1705,2008-09-01,300.38735580444336,"{""type"":""MultiPoint"",""coordinates"":[]}"
1706,2008-09-02,300.37310727437335,"{""type"":""MultiPoint"",""coordinates"":[]}"
1707,2008-09-03,300.55430603027344,"{""type"":""MultiPoint"",""coordinates"":[]}"
1708,2008-09-04,300.37760734558105,"{""type"":""MultiPoint"",""coordinates"":[]}"
1709,2008-09-05,300.19713592529297,"{""type"":""MultiPoint"",""coordinates"":[]}"
1710,2008-09-06,300.3933684031169,"{""type"":""MultiPoint"",""coordinates"":[]}"
1711,2008-09-07,300.6276448567708,"{""type"":""MultiPoint"",""coordinates"":[]}"
1712,2008-09-08,300.6849060058594,"{""type"":""MultiPoint"",""coordinates"":[]}"
1713,2008-09-09,300.47339884440106,"{""type"":""MultiPoint"",""coordinates"":[]}"
1714,2008-09-10,299.3812452952067,"{""type"":""MultiPoint"",""coordinates"":[]}"
1715,2008-09-11,299.50652567545575,"{""type"":""MultiPoint"",""coordinates"":[]}"
1716,2008-09-12,299.32502873738605,"{""type"":""MultiPoint"",""coordinates"":[]}"
1717,2008-09-13,299.89466349283856,"{""type"":""MultiPoint"",""coordinates"":[]}"
1718,2008-09-14,300.2661552429199,"{""type"":""MultiPoint"",""coordinates"":[]}"
1719,2008-09-15,300.4283027648926,"{""type"":""MultiPoint"",""coordinates"":[]}"
1720,2008-09-16,300.33836364746094,"{""type"":""MultiPoint"",""coordinates"":[]}"
1721,2008-09-17,299.9863535563151,"{""type"":""MultiPoint"",""coordinates"":[]}"
1722,2008-09-18,299.990624109904,"{""type"":""MultiPoint"",""coordinates"":[]}"
1723,2008-09-19,300.09075991312665,"{""type"":""MultiPoint"",""coordinates"":[]}"
1724,2008-09-20,300.36803309122723,"{""type"":""MultiPoint"",""coordinates"":[]}"
1725,2008-09-21,300.42090797424316,"{""type"":""MultiPoint"",""coordinates"":[]}"
1726,2008-09-22,299.9004904429118,"{""type"":""MultiPoint"",""coordinates"":[]}"
1727,2008-09-23,300.20791880289715,"{""type"":""MultiPoint"",""coordinates"":[]}"
1728,2008-09-24,299.4040355682373,"{""type"":""MultiPoint"",""coordinates"":[]}"
1729,2008-09-25,299.7848434448242,"{""type"":""MultiPoint"",""coordinates"":[]}"
1730,2008-09-26,300.67943954467773,"{""type"":""MultiPoint"",""coordinates"":[]}"
1731,2008-09-27,300.8017978668213,"{""type"":""MultiPoint"",""coordinates"":[]}"
1732,2008-09-28,300.5309600830078,"{""type"":""MultiPoint"",""coordinates"":[]}"
1733,2008-09-29,301.03942426045734,"{""type"":""MultiPoint"",""coordinates"":[]}"
1734,2008-09-30,301.20485560099286,"{""type"":""MultiPoint"",""coordinates"":[]}"
1735,2008-10-01,300.8556264241536,"{""type"":""MultiPoint"",""coordinates"":[]}"
1736,2008-10-02,299.61513392130536,"{""type"":""MultiPoint"",""coordinates"":[]}"
1737,2008-10-03,299.97574679056805,"{""type"":""MultiPoint"",""coordinates"":[]}"
1738,2008-10-04,300.2123565673828,"{""type"":""MultiPoint"",""coordinates"":[]}"
1739,2008-10-05,301.11072731018066,"{""type"":""MultiPoint"",""coordinates"":[]}"
1740,2008-10-06,301.1996701558431,"{""type"":""MultiPoint"",""coordinates"":[]}"
1741,2008-10-07,300.6190878550212,"{""type"":""MultiPoint"",""coordinates"":[]}"
1742,2008-10-08,299.8036861419678,"{""type"":""MultiPoint"",""coordinates"":[]}"
1743,2008-10-09,299.27866554260254,"{""type"":""MultiPoint"",""coordinates"":[]}"
1744,2008-10-10,299.6270211537679,"{""type"":""MultiPoint"",""coordinates"":[]}"
1745,2008-10-11,300.5516045888265,"{""type"":""MultiPoint"",""coordinates"":[]}"
1746,2008-10-12,300.69582748413086,"{""type"":""MultiPoint"",""coordinates"":[]}"
1747,2008-10-13,300.957181930542,"{""type"":""MultiPoint"",""coordinates"":[]}"
1748,2008-10-14,301.150239944458,"{""type"":""MultiPoint"",""coordinates"":[]}"
1749,2008-10-15,301.0976670583089,"{""type"":""MultiPoint"",""coordinates"":[]}"
1750,2008-10-16,301.0525779724121,"{""type"":""MultiPoint"",""coordinates"":[]}"
1751,2008-10-17,300.7196782430013,"{""type"":""MultiPoint"",""coordinates"":[]}"
1752,2008-10-18,300.0600420633952,"{""type"":""MultiPoint"",""coordinates"":[]}"
1753,2008-10-19,300.3153419494629,"{""type"":""MultiPoint"",""coordinates"":[]}"
1754,2008-10-20,300.7192668914795,"{""type"":""MultiPoint"",""coordinates"":[]}"
1755,2008-10-21,300.90015411376953,"{""type"":""MultiPoint"",""coordinates"":[]}"
1756,2008-10-22,300.57475662231445,"{""type"":""MultiPoint"",""coordinates"":[]}"
1757,2008-10-23,300.61251004536945,"{""type"":""MultiPoint"",""coordinates"":[]}"
1758,2008-10-24,300.80012130737305,"{""type"":""MultiPoint"",""coordinates"":[]}"
1759,2008-10-25,300.91330846150714,"{""type"":""MultiPoint"",""coordinates"":[]}"
1760,2008-10-26,300.73510615030926,"{""type"":""MultiPoint"",""coordinates"":[]}"
1761,2008-10-27,300.7446034749349,"{""type"":""MultiPoint"",""coordinates"":[]}"
1762,2008-10-28,300.624085744222,"{""type"":""MultiPoint"",""coordinates"":[]}"
1763,2008-10-29,300.5819511413574,"{""type"":""MultiPoint"",""coordinates"":[]}"
1764,2008-10-30,300.36745897928876,"{""type"":""MultiPoint"",""coordinates"":[]}"
1765,2008-10-31,300.65236218770343,"{""type"":""MultiPoint"",""coordinates"":[]}"
1766,2008-11-01,301.03991254170734,"{""type"":""MultiPoint"",""coordinates"":[]}"
1767,2008-11-02,300.6550890604655,"{""type"":""MultiPoint"",""coordinates"":[]}"
1768,2008-11-03,300.8836479187012,"{""type"":""MultiPoint"",""coordinates"":[]}"
1769,2008-11-04,300.6053822835286,"{""type"":""MultiPoint"",""coordinates"":[]}"
1770,2008-11-05,300.50737317403156,"{""type"":""MultiPoint"",""coordinates"":[]}"
1771,2008-11-06,300.3657054901123,"{""type"":""MultiPoint"",""coordinates"":[]}"
1772,2008-11-07,300.5050570170085,"{""type"":""MultiPoint"",""coordinates"":[]}"
1773,2008-11-08,300.429141998291,"{""type"":""MultiPoint"",""coordinates"":[]}"
1774,2008-11-09,300.4014549255371,"{""type"":""MultiPoint"",""coordinates"":[]}"
1775,2008-11-10,300.76659774780273,"{""type"":""MultiPoint"",""coordinates"":[]}"
1776,2008-11-11,300.64606857299805,"{""type"":""MultiPoint"",""coordinates"":[]}"
1777,2008-11-12,300.6654332478841,"{""type"":""MultiPoint"",""coordinates"":[]}"
1778,2008-11-13,300.45617548624676,"{""type"":""MultiPoint"",""coordinates"":[]}"
1779,2008-11-14,300.37322362263996,"{""type"":""MultiPoint"",""coordinates"":[]}"
1780,2008-11-15,300.1207383473714,"{""type"":""MultiPoint"",""coordinates"":[]}"
1781,2008-11-16,300.5671304066976,"{""type"":""MultiPoint"",""coordinates"":[]}"
1782,2008-11-17,300.3093948364258,"{""type"":""MultiPoint"",""coordinates"":[]}"
1783,2008-11-18,300.6134344736735,"{""type"":""MultiPoint"",""coordinates"":[]}"
1784,2008-11-19,300.70264943440753,"{""type"":""MultiPoint"",""coordinates"":[]}"
1785,2008-11-20,300.5146179199219,"{""type"":""MultiPoint"",""coordinates"":[]}"
1786,2008-11-21,300.7767785390218,"{""type"":""MultiPoint"",""coordinates"":[]}"
1787,2008-11-22,300.12635803222656,"{""type"":""MultiPoint"",""coordinates"":[]}"
1788,2008-11-23,299.7444871266683,"{""type"":""MultiPoint"",""coordinates"":[]}"
1789,2008-11-24,300.05969937642413,"{""type"":""MultiPoint"",""coordinates"":[]}"
1790,2008-11-25,300.5421091715495,"{""type"":""MultiPoint"",""coordinates"":[]}"
1791,2008-11-26,300.4939645131429,"{""type"":""MultiPoint"",""coordinates"":[]}"
1792,2008-11-27,300.54515647888184,"{""type"":""MultiPoint"",""coordinates"":[]}"
1793,2008-11-28,300.5145778656006,"{""type"":""MultiPoint"",""coordinates"":[]}"
1794,2008-11-29,300.6669521331787,"{""type"":""MultiPoint"",""coordinates"":[]}"
1795,2008-11-30,300.70335960388184,"{""type"":""MultiPoint"",""coordinates"":[]}"
1796,2008-12-01,299.73922602335614,"{""type"":""MultiPoint"",""coordinates"":[]}"
1797,2008-12-02,299.0491460164388,"{""type"":""MultiPoint"",""coordinates"":[]}"
1798,2008-12-03,299.03330421447754,"{""type"":""MultiPoint"",""coordinates"":[]}"
1799,2008-12-04,299.21619987487793,"{""type"":""MultiPoint"",""coordinates"":[]}"
1800,2008-12-05,299.4017556508382,"{""type"":""MultiPoint"",""coordinates"":[]}"
1801,2008-12-06,299.7634474436442,"{""type"":""MultiPoint"",""coordinates"":[]}"
1802,2008-12-07,299.5376313527425,"{""type"":""MultiPoint"",""coordinates"":[]}"
1803,2008-12-08,299.2903887430827,"{""type"":""MultiPoint"",""coordinates"":[]}"
1804,2008-12-09,299.1039295196533,"{""type"":""MultiPoint"",""coordinates"":[]}"
1805,2008-12-10,299.10920906066895,"{""type"":""MultiPoint"",""coordinates"":[]}"
1806,2008-12-11,298.9943733215332,"{""type"":""MultiPoint"",""coordinates"":[]}"
1807,2008-12-12,298.7628294626872,"{""type"":""MultiPoint"",""coordinates"":[]}"
1808,2008-12-13,299.4562994639079,"{""type"":""MultiPoint"",""coordinates"":[]}"
1809,2008-12-14,299.1406497955322,"{""type"":""MultiPoint"",""coordinates"":[]}"
1810,2008-12-15,299.0930341084798,"{""type"":""MultiPoint"",""coordinates"":[]}"
1811,2008-12-16,299.0454616546631,"{""type"":""MultiPoint"",""coordinates"":[]}"
1812,2008-12-17,299.6146990458171,"{""type"":""MultiPoint"",""coordinates"":[]}"
1813,2008-12-18,299.3346881866455,"{""type"":""MultiPoint"",""coordinates"":[]}"
1814,2008-12-19,298.6159489949544,"{""type"":""MultiPoint"",""coordinates"":[]}"
1815,2008-12-20,298.5977255503337,"{""type"":""MultiPoint"",""coordinates"":[]}"
1816,2008-12-21,298.72151374816895,"{""type"":""MultiPoint"",""coordinates"":[]}"
1817,2008-12-22,298.6939004262288,"{""type"":""MultiPoint"",""coordinates"":[]}"
1818,2008-12-23,298.77751604715985,"{""type"":""MultiPoint"",""coordinates"":[]}"
1819,2008-12-24,298.34669240315753,"{""type"":""MultiPoint"",""coordinates"":[]}"
1820,2008-12-25,298.03203709920246,"{""type"":""MultiPoint"",""coordinates"":[]}"
1821,2008-12-26,298.1044813791911,"{""type"":""MultiPoint"",""coordinates"":[]}"
1822,2008-12-27,298.67141850789386,"{""type"":""MultiPoint"",""coordinates"":[]}"
1823,2008-12-28,298.4724585215251,"{""type"":""MultiPoint"",""coordinates"":[]}"
1824,2008-12-29,298.4865074157715,"{""type"":""MultiPoint"",""coordinates"":[]}"
1825,2008-12-30,298.3078441619873,"{""type"":""MultiPoint"",""coordinates"":[]}"
1826,2008-12-31,298.360543568929,"{""type"":""MultiPoint"",""coordinates"":[]}"
1827,2009-01-01,299.272408803304,"{""type"":""MultiPoint"",""coordinates"":[]}"
1828,2009-01-02,299.4117069244385,"{""type"":""MultiPoint"",""coordinates"":[]}"
1829,2009-01-03,298.7100175221761,"{""type"":""MultiPoint"",""coordinates"":[]}"
1830,2009-01-04,298.68402608235675,"{""type"":""MultiPoint"",""coordinates"":[]}"
1831,2009-01-05,298.42993036905926,"{""type"":""MultiPoint"",""coordinates"":[]}"
1832,2009-01-06,298.28774070739746,"{""type"":""MultiPoint"",""coordinates"":[]}"
1833,2009-01-07,298.06512959798175,"{""type"":""MultiPoint"",""coordinates"":[]}"
1834,2009-01-08,298.22385025024414,"{""type"":""MultiPoint"",""coordinates"":[]}"
1835,2009-01-09,297.9451134999593,"{""type"":""MultiPoint"",""coordinates"":[]}"
1836,2009-01-10,298.92042287190753,"{""type"":""MultiPoint"",""coordinates"":[]}"
1837,2009-01-11,298.8092219034831,"{""type"":""MultiPoint"",""coordinates"":[]}"
1838,2009-01-12,298.27552795410156,"{""type"":""MultiPoint"",""coordinates"":[]}"
1839,2009-01-13,298.0765546162923,"{""type"":""MultiPoint"",""coordinates"":[]}"
1840,2009-01-14,298.5805657704671,"{""type"":""MultiPoint"",""coordinates"":[]}"
1841,2009-01-15,298.12738609313965,"{""type"":""MultiPoint"",""coordinates"":[]}"
1842,2009-01-16,299.2376359303792,"{""type"":""MultiPoint"",""coordinates"":[]}"
1843,2009-01-17,299.16086451212567,"{""type"":""MultiPoint"",""coordinates"":[]}"
1844,2009-01-18,299.1037832895915,"{""type"":""MultiPoint"",""coordinates"":[]}"
1845,2009-01-19,298.81846618652344,"{""type"":""MultiPoint"",""coordinates"":[]}"
1846,2009-01-20,298.2089099884033,"{""type"":""MultiPoint"",""coordinates"":[]}"
1847,2009-01-21,298.7920742034912,"{""type"":""MultiPoint"",""coordinates"":[]}"
1848,2009-01-22,299.0339813232422,"{""type"":""MultiPoint"",""coordinates"":[]}"
1849,2009-01-23,298.5023447672526,"{""type"":""MultiPoint"",""coordinates"":[]}"
1850,2009-01-24,298.42426681518555,"{""type"":""MultiPoint"",""coordinates"":[]}"
1851,2009-01-25,298.441125869751,"{""type"":""MultiPoint"",""coordinates"":[]}"
1852,2009-01-26,297.8784344991048,"{""type"":""MultiPoint"",""coordinates"":[]}"
1853,2009-01-27,298.7007993062337,"{""type"":""MultiPoint"",""coordinates"":[]}"
1854,2009-01-28,298.8217322031657,"{""type"":""MultiPoint"",""coordinates"":[]}"
1855,2009-01-29,298.6603889465332,"{""type"":""MultiPoint"",""coordinates"":[]}"
1856,2009-01-30,299.2728907267253,"{""type"":""MultiPoint"",""coordinates"":[]}"
1857,2009-01-31,299.1936321258545,"{""type"":""MultiPoint"",""coordinates"":[]}"
1858,2009-02-01,298.9653657277425,"{""type"":""MultiPoint"",""coordinates"":[]}"
1859,2009-02-02,299.25811831156415,"{""type"":""MultiPoint"",""coordinates"":[]}"
1860,2009-02-03,299.343542098999,"{""type"":""MultiPoint"",""coordinates"":[]}"
1861,2009-02-04,298.9705327351888,"{""type"":""MultiPoint"",""coordinates"":[]}"
1862,2009-02-05,299.0037778218587,"{""type"":""MultiPoint"",""coordinates"":[]}"
1863,2009-02-06,299.24369621276855,"{""type"":""MultiPoint"",""coordinates"":[]}"
1864,2009-02-07,299.18920644124347,"{""type"":""MultiPoint"",""coordinates"":[]}"
1865,2009-02-08,297.86976051330566,"{""type"":""MultiPoint"",""coordinates"":[]}"
1866,2009-02-09,298.28502527872723,"{""type"":""MultiPoint"",""coordinates"":[]}"
1867,2009-02-10,298.95059967041016,"{""type"":""MultiPoint"",""coordinates"":[]}"
1868,2009-02-11,299.2310784657796,"{""type"":""MultiPoint"",""coordinates"":[]}"
1869,2009-02-12,298.96302858988446,"{""type"":""MultiPoint"",""coordinates"":[]}"
1870,2009-02-13,299.10471598307294,"{""type"":""MultiPoint"",""coordinates"":[]}"
1871,2009-02-14,298.7654043833415,"{""type"":""MultiPoint"",""coordinates"":[]}"
1872,2009-02-15,298.2981541951497,"{""type"":""MultiPoint"",""coordinates"":[]}"
1873,2009-02-16,298.9384028116862,"{""type"":""MultiPoint"",""coordinates"":[]}"
1874,2009-02-17,298.8399092356364,"{""type"":""MultiPoint"",""coordinates"":[]}"
1875,2009-02-18,299.0695997873942,"{""type"":""MultiPoint"",""coordinates"":[]}"
1876,2009-02-19,298.7551981608073,"{""type"":""MultiPoint"",""coordinates"":[]}"
1877,2009-02-20,298.1452382405599,"{""type"":""MultiPoint"",""coordinates"":[]}"
1878,2009-02-21,298.9628149668376,"{""type"":""MultiPoint"",""coordinates"":[]}"
1879,2009-02-22,298.23803838094074,"{""type"":""MultiPoint"",""coordinates"":[]}"
1880,2009-02-23,298.8595555623372,"{""type"":""MultiPoint"",""coordinates"":[]}"
1881,2009-02-24,297.9266014099121,"{""type"":""MultiPoint"",""coordinates"":[]}"
1882,2009-02-25,298.05672963460285,"{""type"":""MultiPoint"",""coordinates"":[]}"
1883,2009-02-26,298.4439779917399,"{""type"":""MultiPoint"",""coordinates"":[]}"
1884,2009-02-27,298.4700107574463,"{""type"":""MultiPoint"",""coordinates"":[]}"
1885,2009-02-28,299.0608310699463,"{""type"":""MultiPoint"",""coordinates"":[]}"
1886,2009-03-01,298.6853275299072,"{""type"":""MultiPoint"",""coordinates"":[]}"
1887,2009-03-02,298.92434883117676,"{""type"":""MultiPoint"",""coordinates"":[]}"
1888,2009-03-03,299.23997497558594,"{""type"":""MultiPoint"",""coordinates"":[]}"
1889,2009-03-04,298.6905682881673,"{""type"":""MultiPoint"",""coordinates"":[]}"
1890,2009-03-05,298.8082383473714,"{""type"":""MultiPoint"",""coordinates"":[]}"
1891,2009-03-06,298.73530260721844,"{""type"":""MultiPoint"",""coordinates"":[]}"
1892,2009-03-07,298.79885419209796,"{""type"":""MultiPoint"",""coordinates"":[]}"
1893,2009-03-08,298.5624243418376,"{""type"":""MultiPoint"",""coordinates"":[]}"
1894,2009-03-09,298.04448954264325,"{""type"":""MultiPoint"",""coordinates"":[]}"
1895,2009-03-10,298.1252091725667,"{""type"":""MultiPoint"",""coordinates"":[]}"
1896,2009-03-11,297.83893330891925,"{""type"":""MultiPoint"",""coordinates"":[]}"
1897,2009-03-12,298.05294036865234,"{""type"":""MultiPoint"",""coordinates"":[]}"
1898,2009-03-13,298.5068009694417,"{""type"":""MultiPoint"",""coordinates"":[]}"
1899,2009-03-14,298.63502820332843,"{""type"":""MultiPoint"",""coordinates"":[]}"
1900,2009-03-15,299.166358311971,"{""type"":""MultiPoint"",""coordinates"":[]}"
1901,2009-03-16,298.90710194905597,"{""type"":""MultiPoint"",""coordinates"":[]}"
1902,2009-03-17,298.57932726542157,"{""type"":""MultiPoint"",""coordinates"":[]}"
1903,2009-03-18,298.69988505045575,"{""type"":""MultiPoint"",""coordinates"":[]}"
1904,2009-03-19,298.63737869262695,"{""type"":""MultiPoint"",""coordinates"":[]}"
1905,2009-03-20,298.5608215332031,"{""type"":""MultiPoint"",""coordinates"":[]}"
1906,2009-03-21,298.96217155456543,"{""type"":""MultiPoint"",""coordinates"":[]}"
1907,2009-03-22,299.00536664326984,"{""type"":""MultiPoint"",""coordinates"":[]}"
1908,2009-03-23,299.21445719401044,"{""type"":""MultiPoint"",""coordinates"":[]}"
1909,2009-03-24,299.5441188812256,"{""type"":""MultiPoint"",""coordinates"":[]}"
1910,2009-03-25,299.73422050476074,"{""type"":""MultiPoint"",""coordinates"":[]}"
1911,2009-03-26,299.9575131734212,"{""type"":""MultiPoint"",""coordinates"":[]}"
1912,2009-03-27,299.9107863108317,"{""type"":""MultiPoint"",""coordinates"":[]}"
1913,2009-03-28,299.68376032511395,"{""type"":""MultiPoint"",""coordinates"":[]}"
1914,2009-03-29,299.2047627766927,"{""type"":""MultiPoint"",""coordinates"":[]}"
1915,2009-03-30,299.09880383809406,"{""type"":""MultiPoint"",""coordinates"":[]}"
1916,2009-03-31,298.46752548217773,"{""type"":""MultiPoint"",""coordinates"":[]}"
1917,2009-04-01,298.2142639160156,"{""type"":""MultiPoint"",""coordinates"":[]}"
1918,2009-04-02,298.06535212198895,"{""type"":""MultiPoint"",""coordinates"":[]}"
1919,2009-04-03,298.2011121114095,"{""type"":""MultiPoint"",""coordinates"":[]}"
1920,2009-04-04,298.7541211446126,"{""type"":""MultiPoint"",""coordinates"":[]}"
1921,2009-04-05,298.4138813018799,"{""type"":""MultiPoint"",""coordinates"":[]}"
1922,2009-04-06,298.751007715861,"{""type"":""MultiPoint"",""coordinates"":[]}"
1923,2009-04-07,299.5437463124593,"{""type"":""MultiPoint"",""coordinates"":[]}"
1924,2009-04-08,299.51197179158527,"{""type"":""MultiPoint"",""coordinates"":[]}"
1925,2009-04-09,299.34978167215985,"{""type"":""MultiPoint"",""coordinates"":[]}"
1926,2009-04-10,298.8636411031087,"{""type"":""MultiPoint"",""coordinates"":[]}"
1927,2009-04-11,298.8630034128825,"{""type"":""MultiPoint"",""coordinates"":[]}"
1928,2009-04-12,299.14501953125,"{""type"":""MultiPoint"",""coordinates"":[]}"
1929,2009-04-13,299.03989537556964,"{""type"":""MultiPoint"",""coordinates"":[]}"
1930,2009-04-14,298.74819310506183,"{""type"":""MultiPoint"",""coordinates"":[]}"
1931,2009-04-15,298.6136220296224,"{""type"":""MultiPoint"",""coordinates"":[]}"
1932,2009-04-16,298.83009084065753,"{""type"":""MultiPoint"",""coordinates"":[]}"
1933,2009-04-17,299.13820775349933,"{""type"":""MultiPoint"",""coordinates"":[]}"
1934,2009-04-18,299.57490158081055,"{""type"":""MultiPoint"",""coordinates"":[]}"
1935,2009-04-19,299.9094772338867,"{""type"":""MultiPoint"",""coordinates"":[]}"
1936,2009-04-20,299.89117368062335,"{""type"":""MultiPoint"",""coordinates"":[]}"
1937,2009-04-21,299.61888376871747,"{""type"":""MultiPoint"",""coordinates"":[]}"
1938,2009-04-22,299.1841583251953,"{""type"":""MultiPoint"",""coordinates"":[]}"
1939,2009-04-23,299.2478682200114,"{""type"":""MultiPoint"",""coordinates"":[]}"
1940,2009-04-24,299.2024968465169,"{""type"":""MultiPoint"",""coordinates"":[]}"
1941,2009-04-25,299.17952156066895,"{""type"":""MultiPoint"",""coordinates"":[]}"
1942,2009-04-26,299.4359410603841,"{""type"":""MultiPoint"",""coordinates"":[]}"
1943,2009-04-27,299.3706862131755,"{""type"":""MultiPoint"",""coordinates"":[]}"
1944,2009-04-28,299.48185602823895,"{""type"":""MultiPoint"",""coordinates"":[]}"
1945,2009-04-29,299.32592646280926,"{""type"":""MultiPoint"",""coordinates"":[]}"
1946,2009-04-30,299.53211911519367,"{""type"":""MultiPoint"",""coordinates"":[]}"
1947,2009-05-01,299.9739424387614,"{""type"":""MultiPoint"",""coordinates"":[]}"
1948,2009-05-02,299.62169138590497,"{""type"":""MultiPoint"",""coordinates"":[]}"
1949,2009-05-03,299.77199300130206,"{""type"":""MultiPoint"",""coordinates"":[]}"
1950,2009-05-04,299.642302831014,"{""type"":""MultiPoint"",""coordinates"":[]}"
1951,2009-05-05,299.33857854207355,"{""type"":""MultiPoint"",""coordinates"":[]}"
1952,2009-05-06,298.97571055094403,"{""type"":""MultiPoint"",""coordinates"":[]}"
1953,2009-05-07,298.95935757954913,"{""type"":""MultiPoint"",""coordinates"":[]}"
1954,2009-05-08,299.545264561971,"{""type"":""MultiPoint"",""coordinates"":[]}"
1955,2009-05-09,299.5666910807292,"{""type"":""MultiPoint"",""coordinates"":[]}"
1956,2009-05-10,299.40587361653644,"{""type"":""MultiPoint"",""coordinates"":[]}"
1957,2009-05-11,299.4388262430827,"{""type"":""MultiPoint"",""coordinates"":[]}"
1958,2009-05-12,299.45605913798016,"{""type"":""MultiPoint"",""coordinates"":[]}"
1959,2009-05-13,299.7325019836426,"{""type"":""MultiPoint"",""coordinates"":[]}"
1960,2009-05-14,299.4558614095052,"{""type"":""MultiPoint"",""coordinates"":[]}"
1961,2009-05-15,299.63601303100586,"{""type"":""MultiPoint"",""coordinates"":[]}"
1962,2009-05-16,299.5644823710124,"{""type"":""MultiPoint"",""coordinates"":[]}"
1963,2009-05-17,299.7617982228597,"{""type"":""MultiPoint"",""coordinates"":[]}"
1964,2009-05-18,299.8748264312744,"{""type"":""MultiPoint"",""coordinates"":[]}"
1965,2009-05-19,299.958927154541,"{""type"":""MultiPoint"",""coordinates"":[]}"
1966,2009-05-20,300.0210444132487,"{""type"":""MultiPoint"",""coordinates"":[]}"
1967,2009-05-21,299.984406153361,"{""type"":""MultiPoint"",""coordinates"":[]}"
1968,2009-05-22,299.826722462972,"{""type"":""MultiPoint"",""coordinates"":[]}"
1969,2009-05-23,300.12258847554523,"{""type"":""MultiPoint"",""coordinates"":[]}"
1970,2009-05-24,299.9735336303711,"{""type"":""MultiPoint"",""coordinates"":[]}"
1971,2009-05-25,299.6626892089844,"{""type"":""MultiPoint"",""coordinates"":[]}"
1972,2009-05-26,299.9133122762044,"{""type"":""MultiPoint"",""coordinates"":[]}"
1973,2009-05-27,299.7611255645752,"{""type"":""MultiPoint"",""coordinates"":[]}"
1974,2009-05-28,300.0408821105957,"{""type"":""MultiPoint"",""coordinates"":[]}"
1975,2009-05-29,300.1958484649658,"{""type"":""MultiPoint"",""coordinates"":[]}"
1976,2009-05-30,299.60949516296387,"{""type"":""MultiPoint"",""coordinates"":[]}"
1977,2009-05-31,298.812110265096,"{""type"":""MultiPoint"",""coordinates"":[]}"
1978,2009-06-01,299.4003200531006,"{""type"":""MultiPoint"",""coordinates"":[]}"
1979,2009-06-02,299.52469126383465,"{""type"":""MultiPoint"",""coordinates"":[]}"
1980,2009-06-03,299.98384348551434,"{""type"":""MultiPoint"",""coordinates"":[]}"
1981,2009-06-04,299.91955312093097,"{""type"":""MultiPoint"",""coordinates"":[]}"
1982,2009-06-05,299.7539800008138,"{""type"":""MultiPoint"",""coordinates"":[]}"
1983,2009-06-06,298.65888086954754,"{""type"":""MultiPoint"",""coordinates"":[]}"
1984,2009-06-07,299.27180671691895,"{""type"":""MultiPoint"",""coordinates"":[]}"
1985,2009-06-08,299.2753550211589,"{""type"":""MultiPoint"",""coordinates"":[]}"
1986,2009-06-09,299.34425989786786,"{""type"":""MultiPoint"",""coordinates"":[]}"
1987,2009-06-10,299.5722249348958,"{""type"":""MultiPoint"",""coordinates"":[]}"
1988,2009-06-11,299.31053670247394,"{""type"":""MultiPoint"",""coordinates"":[]}"
1989,2009-06-12,299.3520317077637,"{""type"":""MultiPoint"",""coordinates"":[]}"
1990,2009-06-13,299.03356679280597,"{""type"":""MultiPoint"",""coordinates"":[]}"
1991,2009-06-14,299.2570114135742,"{""type"":""MultiPoint"",""coordinates"":[]}"
1992,2009-06-15,299.03681055704754,"{""type"":""MultiPoint"",""coordinates"":[]}"
1993,2009-06-16,299.1546065012614,"{""type"":""MultiPoint"",""coordinates"":[]}"
1994,2009-06-17,299.2868766784668,"{""type"":""MultiPoint"",""coordinates"":[]}"
1995,2009-06-18,298.88758595784503,"{""type"":""MultiPoint"",""coordinates"":[]}"
1996,2009-06-19,299.08487065633136,"{""type"":""MultiPoint"",""coordinates"":[]}"
1997,2009-06-20,299.0011571248372,"{""type"":""MultiPoint"",""coordinates"":[]}"
1998,2009-06-21,298.5520133972168,"{""type"":""MultiPoint"",""coordinates"":[]}"
1999,2009-06-22,299.37169710795087,"{""type"":""MultiPoint"",""coordinates"":[]}"
2000,2009-06-23,299.4850705464681,"{""type"":""MultiPoint"",""coordinates"":[]}"
2001,2009-06-24,298.3359953562419,"{""type"":""MultiPoint"",""coordinates"":[]}"
2002,2009-06-25,298.91781361897785,"{""type"":""MultiPoint"",""coordinates"":[]}"
2003,2009-06-26,298.9188067118327,"{""type"":""MultiPoint"",""coordinates"":[]}"
2004,2009-06-27,298.87044016520184,"{""type"":""MultiPoint"",""coordinates"":[]}"
2005,2009-06-28,299.35130564371747,"{""type"":""MultiPoint"",""coordinates"":[]}"
2006,2009-06-29,299.25338554382324,"{""type"":""MultiPoint"",""coordinates"":[]}"
2007,2009-06-30,299.09689203898114,"{""type"":""MultiPoint"",""coordinates"":[]}"
2008,2009-07-01,298.77060826619464,"{""type"":""MultiPoint"",""coordinates"":[]}"
2009,2009-07-02,299.0001990000407,"{""type"":""MultiPoint"",""coordinates"":[]}"
2010,2009-07-03,299.1073112487793,"{""type"":""MultiPoint"",""coordinates"":[]}"
2011,2009-07-04,298.703410466512,"{""type"":""MultiPoint"",""coordinates"":[]}"
2012,2009-07-05,299.3398265838623,"{""type"":""MultiPoint"",""coordinates"":[]}"
2013,2009-07-06,298.77657826741535,"{""type"":""MultiPoint"",""coordinates"":[]}"
2014,2009-07-07,299.04662895202637,"{""type"":""MultiPoint"",""coordinates"":[]}"
2015,2009-07-08,299.8145497639974,"{""type"":""MultiPoint"",""coordinates"":[]}"
2016,2009-07-09,300.0008850097656,"{""type"":""MultiPoint"",""coordinates"":[]}"
2017,2009-07-10,299.22528711954754,"{""type"":""MultiPoint"",""coordinates"":[]}"
2018,2009-07-11,299.0457356770833,"{""type"":""MultiPoint"",""coordinates"":[]}"
2019,2009-07-12,299.17072041829425,"{""type"":""MultiPoint"",""coordinates"":[]}"
2020,2009-07-13,299.27118555704754,"{""type"":""MultiPoint"",""coordinates"":[]}"
2021,2009-07-14,299.59313837687176,"{""type"":""MultiPoint"",""coordinates"":[]}"
2022,2009-07-15,299.26726786295575,"{""type"":""MultiPoint"",""coordinates"":[]}"
2023,2009-07-16,299.8972994486491,"{""type"":""MultiPoint"",""coordinates"":[]}"
2024,2009-07-17,299.97686131795246,"{""type"":""MultiPoint"",""coordinates"":[]}"
2025,2009-07-18,300.32301648457843,"{""type"":""MultiPoint"",""coordinates"":[]}"
2026,2009-07-19,299.1605389912923,"{""type"":""MultiPoint"",""coordinates"":[]}"
2027,2009-07-20,299.5684814453125,"{""type"":""MultiPoint"",""coordinates"":[]}"
2028,2009-07-21,299.7456817626953,"{""type"":""MultiPoint"",""coordinates"":[]}"
2029,2009-07-22,299.1953296661377,"{""type"":""MultiPoint"",""coordinates"":[]}"
2030,2009-07-23,300.11710929870605,"{""type"":""MultiPoint"",""coordinates"":[]}"
2031,2009-07-24,299.7488956451416,"{""type"":""MultiPoint"",""coordinates"":[]}"
2032,2009-07-25,300.148406346639,"{""type"":""MultiPoint"",""coordinates"":[]}"
2033,2009-07-26,300.47161229451496,"{""type"":""MultiPoint"",""coordinates"":[]}"
2034,2009-07-27,300.8604443868001,"{""type"":""MultiPoint"",""coordinates"":[]}"
2035,2009-07-28,300.51585388183594,"{""type"":""MultiPoint"",""coordinates"":[]}"
2036,2009-07-29,300.71374066670734,"{""type"":""MultiPoint"",""coordinates"":[]}"
2037,2009-07-30,300.44017855326337,"{""type"":""MultiPoint"",""coordinates"":[]}"
2038,2009-07-31,300.2770398457845,"{""type"":""MultiPoint"",""coordinates"":[]}"
2039,2009-08-01,300.0277856190999,"{""type"":""MultiPoint"",""coordinates"":[]}"
2040,2009-08-02,300.3788407643636,"{""type"":""MultiPoint"",""coordinates"":[]}"
2041,2009-08-03,300.52351506551105,"{""type"":""MultiPoint"",""coordinates"":[]}"
2042,2009-08-04,300.3921534220378,"{""type"":""MultiPoint"",""coordinates"":[]}"
2043,2009-08-05,300.529488881429,"{""type"":""MultiPoint"",""coordinates"":[]}"
2044,2009-08-06,299.99716631571454,"{""type"":""MultiPoint"",""coordinates"":[]}"
2045,2009-08-07,299.5984681447347,"{""type"":""MultiPoint"",""coordinates"":[]}"
2046,2009-08-08,299.96408144632977,"{""type"":""MultiPoint"",""coordinates"":[]}"
2047,2009-08-09,300.16748174031574,"{""type"":""MultiPoint"",""coordinates"":[]}"
2048,2009-08-10,300.05557568868,"{""type"":""MultiPoint"",""coordinates"":[]}"
2049,2009-08-11,300.23730023701984,"{""type"":""MultiPoint"",""coordinates"":[]}"
2050,2009-08-12,300.3091068267822,"{""type"":""MultiPoint"",""coordinates"":[]}"
2051,2009-08-13,300.368371963501,"{""type"":""MultiPoint"",""coordinates"":[]}"
2052,2009-08-14,300.4638493855794,"{""type"":""MultiPoint"",""coordinates"":[]}"
2053,2009-08-15,300.3760903676351,"{""type"":""MultiPoint"",""coordinates"":[]}"
2054,2009-08-16,300.38614145914715,"{""type"":""MultiPoint"",""coordinates"":[]}"
2055,2009-08-17,300.6151644388835,"{""type"":""MultiPoint"",""coordinates"":[]}"
2056,2009-08-18,300.33893966674805,"{""type"":""MultiPoint"",""coordinates"":[]}"
2057,2009-08-19,300.1008529663086,"{""type"":""MultiPoint"",""coordinates"":[]}"
2058,2009-08-20,300.4771499633789,"{""type"":""MultiPoint"",""coordinates"":[]}"
2059,2009-08-21,299.76624552408856,"{""type"":""MultiPoint"",""coordinates"":[]}"
2060,2009-08-22,299.93609046936035,"{""type"":""MultiPoint"",""coordinates"":[]}"
2061,2009-08-23,300.2789109547933,"{""type"":""MultiPoint"",""coordinates"":[]}"
2062,2009-08-24,300.5892791748047,"{""type"":""MultiPoint"",""coordinates"":[]}"
2063,2009-08-25,300.3457368214925,"{""type"":""MultiPoint"",""coordinates"":[]}"
2064,2009-08-26,300.1793378194173,"{""type"":""MultiPoint"",""coordinates"":[]}"
2065,2009-08-27,300.08536593119305,"{""type"":""MultiPoint"",""coordinates"":[]}"
2066,2009-08-28,300.18466250101727,"{""type"":""MultiPoint"",""coordinates"":[]}"
2067,2009-08-29,300.2845287322998,"{""type"":""MultiPoint"",""coordinates"":[]}"
2068,2009-08-30,299.9873911539714,"{""type"":""MultiPoint"",""coordinates"":[]}"
2069,2009-08-31,300.10937945048016,"{""type"":""MultiPoint"",""coordinates"":[]}"
2070,2009-09-01,300.5641066233317,"{""type"":""MultiPoint"",""coordinates"":[]}"
2071,2009-09-02,300.7181975046794,"{""type"":""MultiPoint"",""coordinates"":[]}"
2072,2009-09-03,300.49316279093426,"{""type"":""MultiPoint"",""coordinates"":[]}"
2073,2009-09-04,300.74839973449707,"{""type"":""MultiPoint"",""coordinates"":[]}"
2074,2009-09-05,300.74034627278644,"{""type"":""MultiPoint"",""coordinates"":[]}"
2075,2009-09-06,300.54613558451337,"{""type"":""MultiPoint"",""coordinates"":[]}"
2076,2009-09-07,300.6361967722575,"{""type"":""MultiPoint"",""coordinates"":[]}"
2077,2009-09-08,300.6668523152669,"{""type"":""MultiPoint"",""coordinates"":[]}"
2078,2009-09-09,300.1162789662679,"{""type"":""MultiPoint"",""coordinates"":[]}"
2079,2009-09-10,299.93720118204754,"{""type"":""MultiPoint"",""coordinates"":[]}"
2080,2009-09-11,300.25135167439777,"{""type"":""MultiPoint"",""coordinates"":[]}"
2081,2009-09-12,300.14465713500977,"{""type"":""MultiPoint"",""coordinates"":[]}"
2082,2009-09-13,299.8264687856038,"{""type"":""MultiPoint"",""coordinates"":[]}"
2083,2009-09-14,300.1435178120931,"{""type"":""MultiPoint"",""coordinates"":[]}"
2084,2009-09-15,300.32512219746906,"{""type"":""MultiPoint"",""coordinates"":[]}"
2085,2009-09-16,300.2008120218913,"{""type"":""MultiPoint"",""coordinates"":[]}"
2086,2009-09-17,300.189395904541,"{""type"":""MultiPoint"",""coordinates"":[]}"
2087,2009-09-18,299.95206514994305,"{""type"":""MultiPoint"",""coordinates"":[]}"
2088,2009-09-19,300.353312810262,"{""type"":""MultiPoint"",""coordinates"":[]}"
2089,2009-09-20,300.58526039123535,"{""type"":""MultiPoint"",""coordinates"":[]}"
2090,2009-09-21,300.42737134297687,"{""type"":""MultiPoint"",""coordinates"":[]}"
2091,2009-09-22,300.43875885009766,"{""type"":""MultiPoint"",""coordinates"":[]}"
2092,2009-09-23,300.22202173868817,"{""type"":""MultiPoint"",""coordinates"":[]}"
2093,2009-09-24,300.4309374491374,"{""type"":""MultiPoint"",""coordinates"":[]}"
2094,2009-09-25,300.822696685791,"{""type"":""MultiPoint"",""coordinates"":[]}"
2095,2009-09-26,300.9216245015462,"{""type"":""MultiPoint"",""coordinates"":[]}"
2096,2009-09-27,300.7379290262858,"{""type"":""MultiPoint"",""coordinates"":[]}"
2097,2009-09-28,300.68144098917645,"{""type"":""MultiPoint"",""coordinates"":[]}"
2098,2009-09-29,300.05232365926105,"{""type"":""MultiPoint"",""coordinates"":[]}"
2099,2009-09-30,299.94681040445965,"{""type"":""MultiPoint"",""coordinates"":[]}"
2100,2009-10-01,300.320707321167,"{""type"":""MultiPoint"",""coordinates"":[]}"
2101,2009-10-02,300.8672904968262,"{""type"":""MultiPoint"",""coordinates"":[]}"
2102,2009-10-03,300.78737958272296,"{""type"":""MultiPoint"",""coordinates"":[]}"
2103,2009-10-04,300.6903190612793,"{""type"":""MultiPoint"",""coordinates"":[]}"
2104,2009-10-05,300.751495997111,"{""type"":""MultiPoint"",""coordinates"":[]}"
2105,2009-10-06,300.7242774963379,"{""type"":""MultiPoint"",""coordinates"":[]}"
2106,2009-10-07,300.83313878377277,"{""type"":""MultiPoint"",""coordinates"":[]}"
2107,2009-10-08,300.2629572550456,"{""type"":""MultiPoint"",""coordinates"":[]}"
2108,2009-10-09,300.6282501220703,"{""type"":""MultiPoint"",""coordinates"":[]}"
2109,2009-10-10,299.94403711954754,"{""type"":""MultiPoint"",""coordinates"":[]}"
2110,2009-10-11,299.72927538553876,"{""type"":""MultiPoint"",""coordinates"":[]}"
2111,2009-10-12,299.8200054168701,"{""type"":""MultiPoint"",""coordinates"":[]}"
2112,2009-10-13,300.3500207265218,"{""type"":""MultiPoint"",""coordinates"":[]}"
2113,2009-10-14,299.8055006663005,"{""type"":""MultiPoint"",""coordinates"":[]}"
2114,2009-10-15,300.2960745493571,"{""type"":""MultiPoint"",""coordinates"":[]}"
2115,2009-10-16,300.480276743571,"{""type"":""MultiPoint"",""coordinates"":[]}"
2116,2009-10-17,300.23764483133954,"{""type"":""MultiPoint"",""coordinates"":[]}"
2117,2009-10-18,300.00840123494464,"{""type"":""MultiPoint"",""coordinates"":[]}"
2118,2009-10-19,300.23040771484375,"{""type"":""MultiPoint"",""coordinates"":[]}"
2119,2009-10-20,300.2155990600586,"{""type"":""MultiPoint"",""coordinates"":[]}"
2120,2009-10-21,300.70066197713214,"{""type"":""MultiPoint"",""coordinates"":[]}"
2121,2009-10-22,300.7512493133545,"{""type"":""MultiPoint"",""coordinates"":[]}"
2122,2009-10-23,300.73356946309406,"{""type"":""MultiPoint"",""coordinates"":[]}"
2123,2009-10-24,300.59071667989093,"{""type"":""MultiPoint"",""coordinates"":[]}"
2124,2009-10-25,300.1843496958415,"{""type"":""MultiPoint"",""coordinates"":[]}"
2125,2009-10-26,299.9957726796468,"{""type"":""MultiPoint"",""coordinates"":[]}"
2126,2009-10-27,299.84774525960285,"{""type"":""MultiPoint"",""coordinates"":[]}"
2127,2009-10-28,300.0022226969401,"{""type"":""MultiPoint"",""coordinates"":[]}"
2128,2009-10-29,299.66067059834796,"{""type"":""MultiPoint"",""coordinates"":[]}"
2129,2009-10-30,299.559321085612,"{""type"":""MultiPoint"",""coordinates"":[]}"
2130,2009-10-31,299.32278060913086,"{""type"":""MultiPoint"",""coordinates"":[]}"
2131,2009-11-01,299.3111152648926,"{""type"":""MultiPoint"",""coordinates"":[]}"
2132,2009-11-02,300.5825792948405,"{""type"":""MultiPoint"",""coordinates"":[]}"
2133,2009-11-03,300.08066685994464,"{""type"":""MultiPoint"",""coordinates"":[]}"
2134,2009-11-04,300.3527539571126,"{""type"":""MultiPoint"",""coordinates"":[]}"
2135,2009-11-05,300.239959081014,"{""type"":""MultiPoint"",""coordinates"":[]}"
2136,2009-11-06,300.36648114522296,"{""type"":""MultiPoint"",""coordinates"":[]}"
2137,2009-11-07,300.3223985036214,"{""type"":""MultiPoint"",""coordinates"":[]}"
2138,2009-11-08,300.4507630666097,"{""type"":""MultiPoint"",""coordinates"":[]}"
2139,2009-11-09,300.4151045481364,"{""type"":""MultiPoint"",""coordinates"":[]}"
2140,2009-11-10,300.1926695505778,"{""type"":""MultiPoint"",""coordinates"":[]}"
2141,2009-11-11,300.2584107716878,"{""type"":""MultiPoint"",""coordinates"":[]}"
2142,2009-11-12,300.00655364990234,"{""type"":""MultiPoint"",""coordinates"":[]}"
2143,2009-11-13,300.2892367045085,"{""type"":""MultiPoint"",""coordinates"":[]}"
2144,2009-11-14,300.34390449523926,"{""type"":""MultiPoint"",""coordinates"":[]}"
2145,2009-11-15,300.366263071696,"{""type"":""MultiPoint"",""coordinates"":[]}"
2146,2009-11-16,300.5018393198649,"{""type"":""MultiPoint"",""coordinates"":[]}"
2147,2009-11-17,300.69166882832843,"{""type"":""MultiPoint"",""coordinates"":[]}"
2148,2009-11-18,300.33369636535645,"{""type"":""MultiPoint"",""coordinates"":[]}"
2149,2009-11-19,300.6246922810872,"{""type"":""MultiPoint"",""coordinates"":[]}"
2150,2009-11-20,300.59197425842285,"{""type"":""MultiPoint"",""coordinates"":[]}"
2151,2009-11-21,299.6856498718262,"{""type"":""MultiPoint"",""coordinates"":[]}"
2152,2009-11-22,300.22340329488117,"{""type"":""MultiPoint"",""coordinates"":[]}"
2153,2009-11-23,299.5164915720622,"{""type"":""MultiPoint"",""coordinates"":[]}"
2154,2009-11-24,299.8048979441325,"{""type"":""MultiPoint"",""coordinates"":[]}"
2155,2009-11-25,299.29795519510907,"{""type"":""MultiPoint"",""coordinates"":[]}"
2156,2009-11-26,299.66415278116864,"{""type"":""MultiPoint"",""coordinates"":[]}"
2157,2009-11-27,300.05565134684247,"{""type"":""MultiPoint"",""coordinates"":[]}"
2158,2009-11-28,299.83340136210126,"{""type"":""MultiPoint"",""coordinates"":[]}"
2159,2009-11-29,299.3269742329915,"{""type"":""MultiPoint"",""coordinates"":[]}"
2160,2009-11-30,299.01655832926434,"{""type"":""MultiPoint"",""coordinates"":[]}"
2161,2009-12-01,299.37328338623047,"{""type"":""MultiPoint"",""coordinates"":[]}"
2162,2009-12-02,299.52865409851074,"{""type"":""MultiPoint"",""coordinates"":[]}"
2163,2009-12-03,299.7716547648112,"{""type"":""MultiPoint"",""coordinates"":[]}"
2164,2009-12-04,299.4351406097412,"{""type"":""MultiPoint"",""coordinates"":[]}"
2165,2009-12-05,298.9375966389974,"{""type"":""MultiPoint"",""coordinates"":[]}"
2166,2009-12-06,298.9818477630615,"{""type"":""MultiPoint"",""coordinates"":[]}"
2167,2009-12-07,299.0720411936442,"{""type"":""MultiPoint"",""coordinates"":[]}"
2168,2009-12-08,299.2840868631999,"{""type"":""MultiPoint"",""coordinates"":[]}"
2169,2009-12-09,299.4065411885579,"{""type"":""MultiPoint"",""coordinates"":[]}"
2170,2009-12-10,299.0096213022868,"{""type"":""MultiPoint"",""coordinates"":[]}"
2171,2009-12-11,298.229700088501,"{""type"":""MultiPoint"",""coordinates"":[]}"
2172,2009-12-12,298.4532820383708,"{""type"":""MultiPoint"",""coordinates"":[]}"
2173,2009-12-13,299.01690673828125,"{""type"":""MultiPoint"",""coordinates"":[]}"
2174,2009-12-14,299.12527656555176,"{""type"":""MultiPoint"",""coordinates"":[]}"
2175,2009-12-15,298.830410639445,"{""type"":""MultiPoint"",""coordinates"":[]}"
2176,2009-12-16,299.0812651316325,"{""type"":""MultiPoint"",""coordinates"":[]}"
2177,2009-12-17,298.64413770039874,"{""type"":""MultiPoint"",""coordinates"":[]}"
2178,2009-12-18,298.8718617757161,"{""type"":""MultiPoint"",""coordinates"":[]}"
2179,2009-12-19,298.822785059611,"{""type"":""MultiPoint"",""coordinates"":[]}"
2180,2009-12-20,298.4362157185872,"{""type"":""MultiPoint"",""coordinates"":[]}"
2181,2009-12-21,299.27361424763996,"{""type"":""MultiPoint"",""coordinates"":[]}"
2182,2009-12-22,298.56725883483887,"{""type"":""MultiPoint"",""coordinates"":[]}"
2183,2009-12-23,298.3717263539632,"{""type"":""MultiPoint"",""coordinates"":[]}"
2184,2009-12-24,299.16625277201337,"{""type"":""MultiPoint"",""coordinates"":[]}"
2185,2009-12-25,299.2477378845215,"{""type"":""MultiPoint"",""coordinates"":[]}"
2186,2009-12-26,299.485382715861,"{""type"":""MultiPoint"",""coordinates"":[]}"
2187,2009-12-27,299.00795300801593,"{""type"":""MultiPoint"",""coordinates"":[]}"
2188,2009-12-28,299.4206943511963,"{""type"":""MultiPoint"",""coordinates"":[]}"
2189,2009-12-29,299.0661144256592,"{""type"":""MultiPoint"",""coordinates"":[]}"
2190,2009-12-30,299.11689440409344,"{""type"":""MultiPoint"",""coordinates"":[]}"
2191,2009-12-31,298.85586865743,"{""type"":""MultiPoint"",""coordinates"":[]}"
2192,2010-01-01,299.05747985839844,"{""type"":""MultiPoint"",""coordinates"":[]}"
2193,2010-01-02,298.7594515482585,"{""type"":""MultiPoint"",""coordinates"":[]}"
2194,2010-01-03,298.58716583251953,"{""type"":""MultiPoint"",""coordinates"":[]}"
2195,2010-01-04,298.7103017171224,"{""type"":""MultiPoint"",""coordinates"":[]}"
2196,2010-01-05,298.7631206512451,"{""type"":""MultiPoint"",""coordinates"":[]}"
2197,2010-01-06,299.22202491760254,"{""type"":""MultiPoint"",""coordinates"":[]}"
2198,2010-01-07,299.2477906545003,"{""type"":""MultiPoint"",""coordinates"":[]}"
2199,2010-01-08,299.08347574869794,"{""type"":""MultiPoint"",""coordinates"":[]}"
2200,2010-01-09,298.9337851206462,"{""type"":""MultiPoint"",""coordinates"":[]}"
2201,2010-01-10,299.11587142944336,"{""type"":""MultiPoint"",""coordinates"":[]}"
2202,2010-01-11,298.86761983235675,"{""type"":""MultiPoint"",""coordinates"":[]}"
2203,2010-01-12,298.7949504852295,"{""type"":""MultiPoint"",""coordinates"":[]}"
2204,2010-01-13,298.9967575073242,"{""type"":""MultiPoint"",""coordinates"":[]}"
2205,2010-01-14,298.7882951100667,"{""type"":""MultiPoint"",""coordinates"":[]}"
2206,2010-01-15,298.86188888549805,"{""type"":""MultiPoint"",""coordinates"":[]}"
2207,2010-01-16,299.2053915659587,"{""type"":""MultiPoint"",""coordinates"":[]}"
2208,2010-01-17,298.94658915201825,"{""type"":""MultiPoint"",""coordinates"":[]}"
2209,2010-01-18,298.7547124226888,"{""type"":""MultiPoint"",""coordinates"":[]}"
2210,2010-01-19,299.0066909790039,"{""type"":""MultiPoint"",""coordinates"":[]}"
2211,2010-01-20,299.12997881571454,"{""type"":""MultiPoint"",""coordinates"":[]}"
2212,2010-01-21,299.29582087198895,"{""type"":""MultiPoint"",""coordinates"":[]}"
2213,2010-01-22,299.1968256632487,"{""type"":""MultiPoint"",""coordinates"":[]}"
2214,2010-01-23,299.1779301961263,"{""type"":""MultiPoint"",""coordinates"":[]}"
2215,2010-01-24,299.2149346669515,"{""type"":""MultiPoint"",""coordinates"":[]}"
2216,2010-01-25,299.26367886861163,"{""type"":""MultiPoint"",""coordinates"":[]}"
2217,2010-01-26,298.88439559936523,"{""type"":""MultiPoint"",""coordinates"":[]}"
2218,2010-01-27,298.88368288675946,"{""type"":""MultiPoint"",""coordinates"":[]}"
2219,2010-01-28,299.0544891357422,"{""type"":""MultiPoint"",""coordinates"":[]}"
2220,2010-01-29,298.8280658721924,"{""type"":""MultiPoint"",""coordinates"":[]}"
2221,2010-01-30,299.1006444295247,"{""type"":""MultiPoint"",""coordinates"":[]}"
2222,2010-01-31,298.93186887105304,"{""type"":""MultiPoint"",""coordinates"":[]}"
2223,2010-02-01,299.26626205444336,"{""type"":""MultiPoint"",""coordinates"":[]}"
2224,2010-02-02,299.255163192749,"{""type"":""MultiPoint"",""coordinates"":[]}"
2225,2010-02-03,299.336581548055,"{""type"":""MultiPoint"",""coordinates"":[]}"
2226,2010-02-04,299.58469581604004,"{""type"":""MultiPoint"",""coordinates"":[]}"
2227,2010-02-05,299.5722459157308,"{""type"":""MultiPoint"",""coordinates"":[]}"
2228,2010-02-06,299.2152093251546,"{""type"":""MultiPoint"",""coordinates"":[]}"
2229,2010-02-07,299.58484331766766,"{""type"":""MultiPoint"",""coordinates"":[]}"
2230,2010-02-08,299.7105960845947,"{""type"":""MultiPoint"",""coordinates"":[]}"
2231,2010-02-09,299.618350982666,"{""type"":""MultiPoint"",""coordinates"":[]}"
2232,2010-02-10,299.17331886291504,"{""type"":""MultiPoint"",""coordinates"":[]}"
2233,2010-02-11,298.99403889973956,"{""type"":""MultiPoint"",""coordinates"":[]}"
2234,2010-02-12,299.2696539560954,"{""type"":""MultiPoint"",""coordinates"":[]}"
2235,2010-02-13,299.551762898763,"{""type"":""MultiPoint"",""coordinates"":[]}"
2236,2010-02-14,299.212007522583,"{""type"":""MultiPoint"",""coordinates"":[]}"
2237,2010-02-15,299.38549550374347,"{""type"":""MultiPoint"",""coordinates"":[]}"
2238,2010-02-16,299.571585337321,"{""type"":""MultiPoint"",""coordinates"":[]}"
2239,2010-02-17,299.71911303202313,"{""type"":""MultiPoint"",""coordinates"":[]}"
2240,2010-02-18,299.64607365926105,"{""type"":""MultiPoint"",""coordinates"":[]}"
2241,2010-02-19,299.9382495880127,"{""type"":""MultiPoint"",""coordinates"":[]}"
2242,2010-02-20,299.6004581451416,"{""type"":""MultiPoint"",""coordinates"":[]}"
2243,2010-02-21,299.2118625640869,"{""type"":""MultiPoint"",""coordinates"":[]}"
2244,2010-02-22,298.9090118408203,"{""type"":""MultiPoint"",""coordinates"":[]}"
2245,2010-02-23,298.9644635518392,"{""type"":""MultiPoint"",""coordinates"":[]}"
2246,2010-02-24,299.9572989145915,"{""type"":""MultiPoint"",""coordinates"":[]}"
2247,2010-02-25,300.18826993306476,"{""type"":""MultiPoint"",""coordinates"":[]}"
2248,2010-02-26,300.1178951263428,"{""type"":""MultiPoint"",""coordinates"":[]}"
2249,2010-02-27,299.8703244527181,"{""type"":""MultiPoint"",""coordinates"":[]}"
2250,2010-02-28,300.0796578725179,"{""type"":""MultiPoint"",""coordinates"":[]}"
2251,2010-03-01,300.0048376719157,"{""type"":""MultiPoint"",""coordinates"":[]}"
2252,2010-03-02,299.907922744751,"{""type"":""MultiPoint"",""coordinates"":[]}"
2253,2010-03-03,300.3925196329753,"{""type"":""MultiPoint"",""coordinates"":[]}"
2254,2010-03-04,299.54895718892413,"{""type"":""MultiPoint"",""coordinates"":[]}"
2255,2010-03-05,299.9037373860677,"{""type"":""MultiPoint"",""coordinates"":[]}"
2256,2010-03-06,299.88366254170734,"{""type"":""MultiPoint"",""coordinates"":[]}"
2257,2010-03-07,299.7461732228597,"{""type"":""MultiPoint"",""coordinates"":[]}"
2258,2010-03-08,300.0257428487142,"{""type"":""MultiPoint"",""coordinates"":[]}"
2259,2010-03-09,300.2163435618083,"{""type"":""MultiPoint"",""coordinates"":[]}"
2260,2010-03-10,299.8858534495036,"{""type"":""MultiPoint"",""coordinates"":[]}"
2261,2010-03-11,299.8114153544108,"{""type"":""MultiPoint"",""coordinates"":[]}"
2262,2010-03-12,299.60928281148273,"{""type"":""MultiPoint"",""coordinates"":[]}"
2263,2010-03-13,300.0138740539551,"{""type"":""MultiPoint"",""coordinates"":[]}"
2264,2010-03-14,300.3195234934489,"{""type"":""MultiPoint"",""coordinates"":[]}"
2265,2010-03-15,299.97683842976886,"{""type"":""MultiPoint"",""coordinates"":[]}"
2266,2010-03-16,299.55222511291504,"{""type"":""MultiPoint"",""coordinates"":[]}"
2267,2010-03-17,299.75850105285645,"{""type"":""MultiPoint"",""coordinates"":[]}"
2268,2010-03-18,299.6490478515625,"{""type"":""MultiPoint"",""coordinates"":[]}"
2269,2010-03-19,300.2526117960612,"{""type"":""MultiPoint"",""coordinates"":[]}"
2270,2010-03-20,300.0705057779948,"{""type"":""MultiPoint"",""coordinates"":[]}"
2271,2010-03-21,300.105011622111,"{""type"":""MultiPoint"",""coordinates"":[]}"
2272,2010-03-22,299.8004290262858,"{""type"":""MultiPoint"",""coordinates"":[]}"
2273,2010-03-23,299.5922050476074,"{""type"":""MultiPoint"",""coordinates"":[]}"
2274,2010-03-24,299.27988624572754,"{""type"":""MultiPoint"",""coordinates"":[]}"
2275,2010-03-25,299.3814805348714,"{""type"":""MultiPoint"",""coordinates"":[]}"
2276,2010-03-26,299.6717821756999,"{""type"":""MultiPoint"",""coordinates"":[]}"
2277,2010-03-27,299.9795169830322,"{""type"":""MultiPoint"",""coordinates"":[]}"
2278,2010-03-28,299.87911796569824,"{""type"":""MultiPoint"",""coordinates"":[]}"
2279,2010-03-29,299.6472562154134,"{""type"":""MultiPoint"",""coordinates"":[]}"
2280,2010-03-30,300.1198438008626,"{""type"":""MultiPoint"",""coordinates"":[]}"
2281,2010-03-31,299.7002830505371,"{""type"":""MultiPoint"",""coordinates"":[]}"
2282,2010-04-01,299.8842436472575,"{""type"":""MultiPoint"",""coordinates"":[]}"
2283,2010-04-02,299.9167900085449,"{""type"":""MultiPoint"",""coordinates"":[]}"
2284,2010-04-03,300.1641451517741,"{""type"":""MultiPoint"",""coordinates"":[]}"
2285,2010-04-04,300.1245600382487,"{""type"":""MultiPoint"",""coordinates"":[]}"
2286,2010-04-05,299.7314205169678,"{""type"":""MultiPoint"",""coordinates"":[]}"
2287,2010-04-06,299.0029939015706,"{""type"":""MultiPoint"",""coordinates"":[]}"
2288,2010-04-07,299.43580627441406,"{""type"":""MultiPoint"",""coordinates"":[]}"
2289,2010-04-08,299.91539827982587,"{""type"":""MultiPoint"",""coordinates"":[]}"
2290,2010-04-09,300.2749430338542,"{""type"":""MultiPoint"",""coordinates"":[]}"
2291,2010-04-10,299.91342480977374,"{""type"":""MultiPoint"",""coordinates"":[]}"
2292,2010-04-11,299.37460072835285,"{""type"":""MultiPoint"",""coordinates"":[]}"
2293,2010-04-12,299.6931438446045,"{""type"":""MultiPoint"",""coordinates"":[]}"
2294,2010-04-13,299.58870697021484,"{""type"":""MultiPoint"",""coordinates"":[]}"
2295,2010-04-14,299.81420707702637,"{""type"":""MultiPoint"",""coordinates"":[]}"
2296,2010-04-15,299.43515904744464,"{""type"":""MultiPoint"",""coordinates"":[]}"
2297,2010-04-16,299.02381070454913,"{""type"":""MultiPoint"",""coordinates"":[]}"
2298,2010-04-17,300.0789368947347,"{""type"":""MultiPoint"",""coordinates"":[]}"
2299,2010-04-18,300.8721218109131,"{""type"":""MultiPoint"",""coordinates"":[]}"
2300,2010-04-19,301.24143409729004,"{""type"":""MultiPoint"",""coordinates"":[]}"
2301,2010-04-20,301.1969877878825,"{""type"":""MultiPoint"",""coordinates"":[]}"
2302,2010-04-21,301.021245320638,"{""type"":""MultiPoint"",""coordinates"":[]}"
2303,2010-04-22,300.6162192026774,"{""type"":""MultiPoint"",""coordinates"":[]}"
2304,2010-04-23,300.60409609476727,"{""type"":""MultiPoint"",""coordinates"":[]}"
2305,2010-04-24,300.2699254353841,"{""type"":""MultiPoint"",""coordinates"":[]}"
2306,2010-04-25,299.59861437479657,"{""type"":""MultiPoint"",""coordinates"":[]}"
2307,2010-04-26,300.2223924001058,"{""type"":""MultiPoint"",""coordinates"":[]}"
2308,2010-04-27,300.09376589457196,"{""type"":""MultiPoint"",""coordinates"":[]}"
2309,2010-04-28,300.69065284729004,"{""type"":""MultiPoint"",""coordinates"":[]}"
2310,2010-04-29,300.1293207804362,"{""type"":""MultiPoint"",""coordinates"":[]}"
2311,2010-04-30,299.6942259470622,"{""type"":""MultiPoint"",""coordinates"":[]}"
2312,2010-05-01,300.1456756591797,"{""type"":""MultiPoint"",""coordinates"":[]}"
2313,2010-05-02,300.22846094767254,"{""type"":""MultiPoint"",""coordinates"":[]}"
2314,2010-05-03,300.04707590738934,"{""type"":""MultiPoint"",""coordinates"":[]}"
2315,2010-05-04,299.06450843811035,"{""type"":""MultiPoint"",""coordinates"":[]}"
2316,2010-05-05,298.78698603312176,"{""type"":""MultiPoint"",""coordinates"":[]}"
2317,2010-05-06,299.4599615732829,"{""type"":""MultiPoint"",""coordinates"":[]}"
2318,2010-05-07,299.6558125813802,"{""type"":""MultiPoint"",""coordinates"":[]}"
2319,2010-05-08,300.1870536804199,"{""type"":""MultiPoint"",""coordinates"":[]}"
2320,2010-05-09,299.37354469299316,"{""type"":""MultiPoint"",""coordinates"":[]}"
2321,2010-05-10,299.5984795888265,"{""type"":""MultiPoint"",""coordinates"":[]}"
2322,2010-05-11,299.6832866668701,"{""type"":""MultiPoint"",""coordinates"":[]}"
2323,2010-05-12,299.36711565653485,"{""type"":""MultiPoint"",""coordinates"":[]}"
2324,2010-05-13,299.5742384592692,"{""type"":""MultiPoint"",""coordinates"":[]}"
2325,2010-05-14,300.241174697876,"{""type"":""MultiPoint"",""coordinates"":[]}"
2326,2010-05-15,299.6782169342041,"{""type"":""MultiPoint"",""coordinates"":[]}"
2327,2010-05-16,299.6587607065837,"{""type"":""MultiPoint"",""coordinates"":[]}"
2328,2010-05-17,299.6116415659587,"{""type"":""MultiPoint"",""coordinates"":[]}"
2329,2010-05-18,300.0950635274251,"{""type"":""MultiPoint"",""coordinates"":[]}"
2330,2010-05-19,300.1855659484863,"{""type"":""MultiPoint"",""coordinates"":[]}"
2331,2010-05-20,299.88212331136066,"{""type"":""MultiPoint"",""coordinates"":[]}"
2332,2010-05-21,299.4728997548421,"{""type"":""MultiPoint"",""coordinates"":[]}"
2333,2010-05-22,299.65205510457355,"{""type"":""MultiPoint"",""coordinates"":[]}"
2334,2010-05-23,299.8481616973877,"{""type"":""MultiPoint"",""coordinates"":[]}"
2335,2010-05-24,299.1802126566569,"{""type"":""MultiPoint"",""coordinates"":[]}"
2336,2010-05-25,300.16760635375977,"{""type"":""MultiPoint"",""coordinates"":[]}"
2337,2010-05-26,299.75233268737793,"{""type"":""MultiPoint"",""coordinates"":[]}"
2338,2010-05-27,299.7594362894694,"{""type"":""MultiPoint"",""coordinates"":[]}"
2339,2010-05-28,299.52569643656415,"{""type"":""MultiPoint"",""coordinates"":[]}"
2340,2010-05-29,299.3704668680827,"{""type"":""MultiPoint"",""coordinates"":[]}"
2341,2010-05-30,299.4912026723226,"{""type"":""MultiPoint"",""coordinates"":[]}"
2342,2010-05-31,300.00385093688965,"{""type"":""MultiPoint"",""coordinates"":[]}"
2343,2010-06-01,300.51620229085285,"{""type"":""MultiPoint"",""coordinates"":[]}"
2344,2010-06-02,300.12071291605633,"{""type"":""MultiPoint"",""coordinates"":[]}"
2345,2010-06-03,299.86483637491864,"{""type"":""MultiPoint"",""coordinates"":[]}"
2346,2010-06-04,300.2421175638835,"{""type"":""MultiPoint"",""coordinates"":[]}"
2347,2010-06-05,299.7039845784505,"{""type"":""MultiPoint"",""coordinates"":[]}"
2348,2010-06-06,299.67541821797687,"{""type"":""MultiPoint"",""coordinates"":[]}"
2349,2010-06-07,299.56455993652344,"{""type"":""MultiPoint"",""coordinates"":[]}"
2350,2010-06-08,299.87352816263837,"{""type"":""MultiPoint"",""coordinates"":[]}"
2351,2010-06-09,299.9271818796794,"{""type"":""MultiPoint"",""coordinates"":[]}"
2352,2010-06-10,299.89950625101727,"{""type"":""MultiPoint"",""coordinates"":[]}"
2353,2010-06-11,299.6055425008138,"{""type"":""MultiPoint"",""coordinates"":[]}"
2354,2010-06-12,300.21342786153156,"{""type"":""MultiPoint"",""coordinates"":[]}"
2355,2010-06-13,300.1077938079834,"{""type"":""MultiPoint"",""coordinates"":[]}"
2356,2010-06-14,299.6286277770996,"{""type"":""MultiPoint"",""coordinates"":[]}"
2357,2010-06-15,299.5404345194499,"{""type"":""MultiPoint"",""coordinates"":[]}"
2358,2010-06-16,299.5132706960042,"{""type"":""MultiPoint"",""coordinates"":[]}"
2359,2010-06-17,299.9910532633464,"{""type"":""MultiPoint"",""coordinates"":[]}"
2360,2010-06-18,299.61696434020996,"{""type"":""MultiPoint"",""coordinates"":[]}"
2361,2010-06-19,299.75334612528485,"{""type"":""MultiPoint"",""coordinates"":[]}"
2362,2010-06-20,299.033166885376,"{""type"":""MultiPoint"",""coordinates"":[]}"
2363,2010-06-21,299.49524116516113,"{""type"":""MultiPoint"",""coordinates"":[]}"
2364,2010-06-22,299.64821370442706,"{""type"":""MultiPoint"",""coordinates"":[]}"
2365,2010-06-23,299.543981552124,"{""type"":""MultiPoint"",""coordinates"":[]}"
2366,2010-06-24,299.75155321757,"{""type"":""MultiPoint"",""coordinates"":[]}"
2367,2010-06-25,300.3318926493327,"{""type"":""MultiPoint"",""coordinates"":[]}"
2368,2010-06-26,300.1988887786865,"{""type"":""MultiPoint"",""coordinates"":[]}"
2369,2010-06-27,299.5426146189372,"{""type"":""MultiPoint"",""coordinates"":[]}"
2370,2010-06-28,299.2413082122803,"{""type"":""MultiPoint"",""coordinates"":[]}"
2371,2010-06-29,298.8131573994954,"{""type"":""MultiPoint"",""coordinates"":[]}"
2372,2010-06-30,298.6014931996663,"{""type"":""MultiPoint"",""coordinates"":[]}"
2373,2010-07-01,299.4143575032552,"{""type"":""MultiPoint"",""coordinates"":[]}"
2374,2010-07-02,299.92827796936035,"{""type"":""MultiPoint"",""coordinates"":[]}"
2375,2010-07-03,299.4396165211995,"{""type"":""MultiPoint"",""coordinates"":[]}"
2376,2010-07-04,299.3218485514323,"{""type"":""MultiPoint"",""coordinates"":[]}"
2377,2010-07-05,299.1265500386556,"{""type"":""MultiPoint"",""coordinates"":[]}"
2378,2010-07-06,298.6032123565674,"{""type"":""MultiPoint"",""coordinates"":[]}"
2379,2010-07-07,299.8009656270345,"{""type"":""MultiPoint"",""coordinates"":[]}"
2380,2010-07-08,300.16844749450684,"{""type"":""MultiPoint"",""coordinates"":[]}"
2381,2010-07-09,299.6988817850749,"{""type"":""MultiPoint"",""coordinates"":[]}"
2382,2010-07-10,299.5921433766683,"{""type"":""MultiPoint"",""coordinates"":[]}"
2383,2010-07-11,299.3766225179036,"{""type"":""MultiPoint"",""coordinates"":[]}"
2384,2010-07-12,298.94225056966144,"{""type"":""MultiPoint"",""coordinates"":[]}"
2385,2010-07-13,299.11893526713055,"{""type"":""MultiPoint"",""coordinates"":[]}"
2386,2010-07-14,299.7371234893799,"{""type"":""MultiPoint"",""coordinates"":[]}"
2387,2010-07-15,299.86139424641925,"{""type"":""MultiPoint"",""coordinates"":[]}"
2388,2010-07-16,300.038569132487,"{""type"":""MultiPoint"",""coordinates"":[]}"
2389,2010-07-17,300.20890680948895,"{""type"":""MultiPoint"",""coordinates"":[]}"
2390,2010-07-18,299.8013572692871,"{""type"":""MultiPoint"",""coordinates"":[]}"
2391,2010-07-19,299.67318026224774,"{""type"":""MultiPoint"",""coordinates"":[]}"
2392,2010-07-20,299.0028642018636,"{""type"":""MultiPoint"",""coordinates"":[]}"
2393,2010-07-21,299.42647616068524,"{""type"":""MultiPoint"",""coordinates"":[]}"
2394,2010-07-22,299.7150313059489,"{""type"":""MultiPoint"",""coordinates"":[]}"
2395,2010-07-23,299.5935586293538,"{""type"":""MultiPoint"",""coordinates"":[]}"
2396,2010-07-24,299.4560038248698,"{""type"":""MultiPoint"",""coordinates"":[]}"
2397,2010-07-25,299.44084612528485,"{""type"":""MultiPoint"",""coordinates"":[]}"
2398,2010-07-26,299.3402576446533,"{""type"":""MultiPoint"",""coordinates"":[]}"
2399,2010-07-27,299.27963066101074,"{""type"":""MultiPoint"",""coordinates"":[]}"
2400,2010-07-28,299.0832125345866,"{""type"":""MultiPoint"",""coordinates"":[]}"
2401,2010-07-29,299.7290458679199,"{""type"":""MultiPoint"",""coordinates"":[]}"
2402,2010-07-30,299.942476272583,"{""type"":""MultiPoint"",""coordinates"":[]}"
2403,2010-07-31,300.0097401936849,"{""type"":""MultiPoint"",""coordinates"":[]}"
2404,2010-08-01,300.11657460530597,"{""type"":""MultiPoint"",""coordinates"":[]}"
2405,2010-08-02,299.21206283569336,"{""type"":""MultiPoint"",""coordinates"":[]}"
2406,2010-08-03,299.27831776936847,"{""type"":""MultiPoint"",""coordinates"":[]}"
2407,2010-08-04,299.66728083292645,"{""type"":""MultiPoint"",""coordinates"":[]}"
2408,2010-08-05,299.3109137217204,"{""type"":""MultiPoint"",""coordinates"":[]}"
2409,2010-08-06,299.4377047220866,"{""type"":""MultiPoint"",""coordinates"":[]}"
2410,2010-08-07,299.0866063435872,"{""type"":""MultiPoint"",""coordinates"":[]}"
2411,2010-08-08,299.55087725321454,"{""type"":""MultiPoint"",""coordinates"":[]}"
2412,2010-08-09,299.4022839864095,"{""type"":""MultiPoint"",""coordinates"":[]}"
2413,2010-08-10,299.773286819458,"{""type"":""MultiPoint"",""coordinates"":[]}"
2414,2010-08-11,299.69878069559735,"{""type"":""MultiPoint"",""coordinates"":[]}"
2415,2010-08-12,299.88952827453613,"{""type"":""MultiPoint"",""coordinates"":[]}"
2416,2010-08-13,299.7850201924642,"{""type"":""MultiPoint"",""coordinates"":[]}"
2417,2010-08-14,299.57275136311847,"{""type"":""MultiPoint"",""coordinates"":[]}"
2418,2010-08-15,299.37976392110187,"{""type"":""MultiPoint"",""coordinates"":[]}"
2419,2010-08-16,299.4326515197754,"{""type"":""MultiPoint"",""coordinates"":[]}"
2420,2010-08-17,298.8991641998291,"{""type"":""MultiPoint"",""coordinates"":[]}"
2421,2010-08-18,298.8632984161377,"{""type"":""MultiPoint"",""coordinates"":[]}"
2422,2010-08-19,299.3072878519694,"{""type"":""MultiPoint"",""coordinates"":[]}"
2423,2010-08-20,298.9020144144694,"{""type"":""MultiPoint"",""coordinates"":[]}"
2424,2010-08-21,299.1152566274007,"{""type"":""MultiPoint"",""coordinates"":[]}"
2425,2010-08-22,299.5913149515788,"{""type"":""MultiPoint"",""coordinates"":[]}"
2426,2010-08-23,300.1730359395345,"{""type"":""MultiPoint"",""coordinates"":[]}"
2427,2010-08-24,300.67737833658856,"{""type"":""MultiPoint"",""coordinates"":[]}"
2428,2010-08-25,300.7259101867676,"{""type"":""MultiPoint"",""coordinates"":[]}"
2429,2010-08-26,300.6895917256673,"{""type"":""MultiPoint"",""coordinates"":[]}"
2430,2010-08-27,300.5128885904948,"{""type"":""MultiPoint"",""coordinates"":[]}"
2431,2010-08-28,300.68416531880695,"{""type"":""MultiPoint"",""coordinates"":[]}"
2432,2010-08-29,300.8925189971924,"{""type"":""MultiPoint"",""coordinates"":[]}"
2433,2010-08-30,300.9718844095866,"{""type"":""MultiPoint"",""coordinates"":[]}"
2434,2010-08-31,301.31992212931317,"{""type"":""MultiPoint"",""coordinates"":[]}"
2435,2010-09-01,301.16000747680664,"{""type"":""MultiPoint"",""coordinates"":[]}"
2436,2010-09-02,300.8361523946126,"{""type"":""MultiPoint"",""coordinates"":[]}"
2437,2010-09-03,300.45492935180664,"{""type"":""MultiPoint"",""coordinates"":[]}"
2438,2010-09-04,300.2015317281087,"{""type"":""MultiPoint"",""coordinates"":[]}"
2439,2010-09-05,300.0528685251872,"{""type"":""MultiPoint"",""coordinates"":[]}"
2440,2010-09-06,300.09829839070636,"{""type"":""MultiPoint"",""coordinates"":[]}"
2441,2010-09-07,299.75842603047687,"{""type"":""MultiPoint"",""coordinates"":[]}"
2442,2010-09-08,299.9953530629476,"{""type"":""MultiPoint"",""coordinates"":[]}"
2443,2010-09-09,298.9372952779134,"{""type"":""MultiPoint"",""coordinates"":[]}"
2444,2010-09-10,299.17123285929364,"{""type"":""MultiPoint"",""coordinates"":[]}"
2445,2010-09-11,299.8034032185872,"{""type"":""MultiPoint"",""coordinates"":[]}"
2446,2010-09-12,300.27964464823407,"{""type"":""MultiPoint"",""coordinates"":[]}"
2447,2010-09-13,301.0030047098796,"{""type"":""MultiPoint"",""coordinates"":[]}"
2448,2010-09-14,301.1475893656413,"{""type"":""MultiPoint"",""coordinates"":[]}"
2449,2010-09-15,301.3727512359619,"{""type"":""MultiPoint"",""coordinates"":[]}"
2450,2010-09-16,301.3944460550944,"{""type"":""MultiPoint"",""coordinates"":[]}"
2451,2010-09-17,301.21731249491376,"{""type"":""MultiPoint"",""coordinates"":[]}"
2452,2010-09-18,300.735933303833,"{""type"":""MultiPoint"",""coordinates"":[]}"
2453,2010-09-19,300.0632673899333,"{""type"":""MultiPoint"",""coordinates"":[]}"
2454,2010-09-20,299.9678503672282,"{""type"":""MultiPoint"",""coordinates"":[]}"
2455,2010-09-21,299.98711522420246,"{""type"":""MultiPoint"",""coordinates"":[]}"
2456,2010-09-22,299.8381112416585,"{""type"":""MultiPoint"",""coordinates"":[]}"
2457,2010-09-23,300.8196792602539,"{""type"":""MultiPoint"",""coordinates"":[]}"
2458,2010-09-24,301.1368529001872,"{""type"":""MultiPoint"",""coordinates"":[]}"
2459,2010-09-25,301.03395970662433,"{""type"":""MultiPoint"",""coordinates"":[]}"
2460,2010-09-26,300.86739285786945,"{""type"":""MultiPoint"",""coordinates"":[]}"
2461,2010-09-27,300.9117323557536,"{""type"":""MultiPoint"",""coordinates"":[]}"
2462,2010-09-28,300.76289558410645,"{""type"":""MultiPoint"",""coordinates"":[]}"
2463,2010-09-29,300.9530378977458,"{""type"":""MultiPoint"",""coordinates"":[]}"
2464,2010-09-30,300.56957562764484,"{""type"":""MultiPoint"",""coordinates"":[]}"
2465,2010-10-01,300.915776570638,"{""type"":""MultiPoint"",""coordinates"":[]}"
2466,2010-10-02,301.08475557963055,"{""type"":""MultiPoint"",""coordinates"":[]}"
2467,2010-10-03,301.39297103881836,"{""type"":""MultiPoint"",""coordinates"":[]}"
2468,2010-10-04,301.5079873402913,"{""type"":""MultiPoint"",""coordinates"":[]}"
2469,2010-10-05,301.6230824788411,"{""type"":""MultiPoint"",""coordinates"":[]}"
2470,2010-10-06,301.14458020528156,"{""type"":""MultiPoint"",""coordinates"":[]}"
2471,2010-10-07,301.48120562235516,"{""type"":""MultiPoint"",""coordinates"":[]}"
2472,2010-10-08,301.4945576985677,"{""type"":""MultiPoint"",""coordinates"":[]}"
2473,2010-10-09,301.36465644836426,"{""type"":""MultiPoint"",""coordinates"":[]}"
2474,2010-10-10,301.015910466512,"{""type"":""MultiPoint"",""coordinates"":[]}"
2475,2010-10-11,300.5574429829915,"{""type"":""MultiPoint"",""coordinates"":[]}"
2476,2010-10-12,300.03378041585285,"{""type"":""MultiPoint"",""coordinates"":[]}"
2477,2010-10-13,300.78551546732587,"{""type"":""MultiPoint"",""coordinates"":[]}"
2478,2010-10-14,301.184326171875,"{""type"":""MultiPoint"",""coordinates"":[]}"
2479,2010-10-15,301.1947765350342,"{""type"":""MultiPoint"",""coordinates"":[]}"
2480,2010-10-16,301.2687193552653,"{""type"":""MultiPoint"",""coordinates"":[]}"
2481,2010-10-17,301.1479721069336,"{""type"":""MultiPoint"",""coordinates"":[]}"
2482,2010-10-18,300.89612261454266,"{""type"":""MultiPoint"",""coordinates"":[]}"
2483,2010-10-19,300.7096455891927,"{""type"":""MultiPoint"",""coordinates"":[]}"
2484,2010-10-20,300.29107093811035,"{""type"":""MultiPoint"",""coordinates"":[]}"
2485,2010-10-21,299.97867584228516,"{""type"":""MultiPoint"",""coordinates"":[]}"
2486,2010-10-22,299.9260088602702,"{""type"":""MultiPoint"",""coordinates"":[]}"
2487,2010-10-23,300.8358345031738,"{""type"":""MultiPoint"",""coordinates"":[]}"
2488,2010-10-24,300.59767214457196,"{""type"":""MultiPoint"",""coordinates"":[]}"
2489,2010-10-25,300.52273114522296,"{""type"":""MultiPoint"",""coordinates"":[]}"
2490,2010-10-26,300.6282666524251,"{""type"":""MultiPoint"",""coordinates"":[]}"
2491,2010-10-27,300.47426923116046,"{""type"":""MultiPoint"",""coordinates"":[]}"
2492,2010-10-28,300.24081103007,"{""type"":""MultiPoint"",""coordinates"":[]}"
2493,2010-10-29,300.1735782623291,"{""type"":""MultiPoint"",""coordinates"":[]}"
2494,2010-10-30,301.0959936777751,"{""type"":""MultiPoint"",""coordinates"":[]}"
2495,2010-10-31,301.4316984812419,"{""type"":""MultiPoint"",""coordinates"":[]}"
2496,2010-11-01,301.2545274098714,"{""type"":""MultiPoint"",""coordinates"":[]}"
2497,2010-11-02,301.19012959798175,"{""type"":""MultiPoint"",""coordinates"":[]}"
2498,2010-11-03,300.33424313863117,"{""type"":""MultiPoint"",""coordinates"":[]}"
2499,2010-11-04,300.0978075663249,"{""type"":""MultiPoint"",""coordinates"":[]}"
2500,2010-11-05,300.7908681233724,"{""type"":""MultiPoint"",""coordinates"":[]}"
2501,2010-11-06,300.8503526051839,"{""type"":""MultiPoint"",""coordinates"":[]}"
2502,2010-11-07,300.8759625752767,"{""type"":""MultiPoint"",""coordinates"":[]}"
2503,2010-11-08,301.08097648620605,"{""type"":""MultiPoint"",""coordinates"":[]}"
2504,2010-11-09,300.6585687001546,"{""type"":""MultiPoint"",""coordinates"":[]}"
2505,2010-11-10,300.50821240743,"{""type"":""MultiPoint"",""coordinates"":[]}"
2506,2010-11-11,300.6440366109212,"{""type"":""MultiPoint"",""coordinates"":[]}"
2507,2010-11-12,300.35151863098145,"{""type"":""MultiPoint"",""coordinates"":[]}"
2508,2010-11-13,299.5499045054118,"{""type"":""MultiPoint"",""coordinates"":[]}"
2509,2010-11-14,299.6565450032552,"{""type"":""MultiPoint"",""coordinates"":[]}"
2510,2010-11-15,300.11257553100586,"{""type"":""MultiPoint"",""coordinates"":[]}"
2511,2010-11-16,300.2147165934245,"{""type"":""MultiPoint"",""coordinates"":[]}"
2512,2010-11-17,300.1503321329753,"{""type"":""MultiPoint"",""coordinates"":[]}"
2513,2010-11-18,299.29498863220215,"{""type"":""MultiPoint"",""coordinates"":[]}"
2514,2010-11-19,298.9036115010579,"{""type"":""MultiPoint"",""coordinates"":[]}"
2515,2010-11-20,299.1162694295247,"{""type"":""MultiPoint"",""coordinates"":[]}"
2516,2010-11-21,299.1289939880371,"{""type"":""MultiPoint"",""coordinates"":[]}"
2517,2010-11-22,299.4539114634196,"{""type"":""MultiPoint"",""coordinates"":[]}"
2518,2010-11-23,299.36440149943036,"{""type"":""MultiPoint"",""coordinates"":[]}"
2519,2010-11-24,299.23179054260254,"{""type"":""MultiPoint"",""coordinates"":[]}"
2520,2010-11-25,300.52885754903156,"{""type"":""MultiPoint"",""coordinates"":[]}"
2521,2010-11-26,300.55127207438153,"{""type"":""MultiPoint"",""coordinates"":[]}"
2522,2010-11-27,300.18102010091144,"{""type"":""MultiPoint"",""coordinates"":[]}"
2523,2010-11-28,299.8388786315918,"{""type"":""MultiPoint"",""coordinates"":[]}"
2524,2010-11-29,299.7183322906494,"{""type"":""MultiPoint"",""coordinates"":[]}"
2525,2010-11-30,300.1211808522542,"{""type"":""MultiPoint"",""coordinates"":[]}"
2526,2010-12-01,300.21064376831055,"{""type"":""MultiPoint"",""coordinates"":[]}"
2527,2010-12-02,300.27744420369464,"{""type"":""MultiPoint"",""coordinates"":[]}"
2528,2010-12-03,300.3690268198649,"{""type"":""MultiPoint"",""coordinates"":[]}"
2529,2010-12-04,299.5188210805257,"{""type"":""MultiPoint"",""coordinates"":[]}"
2530,2010-12-05,298.9241720835368,"{""type"":""MultiPoint"",""coordinates"":[]}"
2531,2010-12-06,299.04444249471027,"{""type"":""MultiPoint"",""coordinates"":[]}"
2532,2010-12-07,299.34888648986816,"{""type"":""MultiPoint"",""coordinates"":[]}"
2533,2010-12-08,299.6237506866455,"{""type"":""MultiPoint"",""coordinates"":[]}"
2534,2010-12-09,299.56199073791504,"{""type"":""MultiPoint"",""coordinates"":[]}"
2535,2010-12-10,299.6797733306885,"{""type"":""MultiPoint"",""coordinates"":[]}"
2536,2010-12-11,299.59705034891766,"{""type"":""MultiPoint"",""coordinates"":[]}"
2537,2010-12-12,299.533483505249,"{""type"":""MultiPoint"",""coordinates"":[]}"
2538,2010-12-13,299.5761127471924,"{""type"":""MultiPoint"",""coordinates"":[]}"
2539,2010-12-14,300.05768903096515,"{""type"":""MultiPoint"",""coordinates"":[]}"
2540,2010-12-15,299.25438435872394,"{""type"":""MultiPoint"",""coordinates"":[]}"
2541,2010-12-16,299.2074368794759,"{""type"":""MultiPoint"",""coordinates"":[]}"
2542,2010-12-17,298.5882848103841,"{""type"":""MultiPoint"",""coordinates"":[]}"
2543,2010-12-18,298.7277660369873,"{""type"":""MultiPoint"",""coordinates"":[]}"
2544,2010-12-19,299.512357711792,"{""type"":""MultiPoint"",""coordinates"":[]}"
2545,2010-12-20,299.42605845133465,"{""type"":""MultiPoint"",""coordinates"":[]}"
2546,2010-12-21,299.1571413675944,"{""type"":""MultiPoint"",""coordinates"":[]}"
2547,2010-12-22,298.71102205912274,"{""type"":""MultiPoint"",""coordinates"":[]}"
2548,2010-12-23,299.06414159138996,"{""type"":""MultiPoint"",""coordinates"":[]}"
2549,2010-12-24,299.1691385904948,"{""type"":""MultiPoint"",""coordinates"":[]}"
2550,2010-12-25,299.5052738189697,"{""type"":""MultiPoint"",""coordinates"":[]}"
2551,2010-12-26,299.16852887471515,"{""type"":""MultiPoint"",""coordinates"":[]}"
2552,2010-12-27,299.12660725911456,"{""type"":""MultiPoint"",""coordinates"":[]}"
2553,2010-12-28,299.19678179423016,"{""type"":""MultiPoint"",""coordinates"":[]}"
2554,2010-12-29,299.2465108235677,"{""type"":""MultiPoint"",""coordinates"":[]}"
2555,2010-12-30,299.6581751505534,"{""type"":""MultiPoint"",""coordinates"":[]}"
2556,2010-12-31,299.17044830322266,"{""type"":""MultiPoint"",""coordinates"":[]}"
2557,2011-01-01,298.73142941792804,"{""type"":""MultiPoint"",""coordinates"":[]}"
2558,2011-01-02,298.54430198669434,"{""type"":""MultiPoint"",""coordinates"":[]}"
2559,2011-01-03,298.5313523610433,"{""type"":""MultiPoint"",""coordinates"":[]}"
2560,2011-01-04,298.43097559611004,"{""type"":""MultiPoint"",""coordinates"":[]}"
2561,2011-01-05,298.497371673584,"{""type"":""MultiPoint"",""coordinates"":[]}"
2562,2011-01-06,298.7191816965739,"{""type"":""MultiPoint"",""coordinates"":[]}"
2563,2011-01-07,298.84377988179523,"{""type"":""MultiPoint"",""coordinates"":[]}"
2564,2011-01-08,298.70278867085773,"{""type"":""MultiPoint"",""coordinates"":[]}"
2565,2011-01-09,298.6224136352539,"{""type"":""MultiPoint"",""coordinates"":[]}"
2566,2011-01-10,298.9825890858968,"{""type"":""MultiPoint"",""coordinates"":[]}"
2567,2011-01-11,298.8733666737874,"{""type"":""MultiPoint"",""coordinates"":[]}"
2568,2011-01-12,299.2548720041911,"{""type"":""MultiPoint"",""coordinates"":[]}"
2569,2011-01-13,299.42480850219727,"{""type"":""MultiPoint"",""coordinates"":[]}"
2570,2011-01-14,299.41616439819336,"{""type"":""MultiPoint"",""coordinates"":[]}"
2571,2011-01-15,299.2178090413411,"{""type"":""MultiPoint"",""coordinates"":[]}"
2572,2011-01-16,299.4859371185303,"{""type"":""MultiPoint"",""coordinates"":[]}"
2573,2011-01-17,298.77106221516925,"{""type"":""MultiPoint"",""coordinates"":[]}"
2574,2011-01-18,298.7902488708496,"{""type"":""MultiPoint"",""coordinates"":[]}"
2575,2011-01-19,298.83584912618,"{""type"":""MultiPoint"",""coordinates"":[]}"
2576,2011-01-20,298.7242368062337,"{""type"":""MultiPoint"",""coordinates"":[]}"
2577,2011-01-21,298.60756556193036,"{""type"":""MultiPoint"",""coordinates"":[]}"
2578,2011-01-22,298.8093999226888,"{""type"":""MultiPoint"",""coordinates"":[]}"
2579,2011-01-23,298.5013707478841,"{""type"":""MultiPoint"",""coordinates"":[]}"
2580,2011-01-24,298.58766810099286,"{""type"":""MultiPoint"",""coordinates"":[]}"
2581,2011-01-25,298.6905860900879,"{""type"":""MultiPoint"",""coordinates"":[]}"
2582,2011-01-26,298.77061144510907,"{""type"":""MultiPoint"",""coordinates"":[]}"
2583,2011-01-27,298.82998275756836,"{""type"":""MultiPoint"",""coordinates"":[]}"
2584,2011-01-28,298.67108154296875,"{""type"":""MultiPoint"",""coordinates"":[]}"
2585,2011-01-29,298.6841735839844,"{""type"":""MultiPoint"",""coordinates"":[]}"
2586,2011-01-30,298.4703763326009,"{""type"":""MultiPoint"",""coordinates"":[]}"
2587,2011-01-31,298.19328689575195,"{""type"":""MultiPoint"",""coordinates"":[]}"
2588,2011-02-01,299.0487454732259,"{""type"":""MultiPoint"",""coordinates"":[]}"
2589,2011-02-02,298.933053334554,"{""type"":""MultiPoint"",""coordinates"":[]}"
2590,2011-02-03,298.5550676981608,"{""type"":""MultiPoint"",""coordinates"":[]}"
2591,2011-02-04,299.3094762166341,"{""type"":""MultiPoint"",""coordinates"":[]}"
2592,2011-02-05,299.3779067993164,"{""type"":""MultiPoint"",""coordinates"":[]}"
2593,2011-02-06,299.205015818278,"{""type"":""MultiPoint"",""coordinates"":[]}"
2594,2011-02-07,299.42837460835773,"{""type"":""MultiPoint"",""coordinates"":[]}"
2595,2011-02-08,299.43705558776855,"{""type"":""MultiPoint"",""coordinates"":[]}"
2596,2011-02-09,298.2206522623698,"{""type"":""MultiPoint"",""coordinates"":[]}"
2597,2011-02-10,297.91064071655273,"{""type"":""MultiPoint"",""coordinates"":[]}"
2598,2011-02-11,298.56050809224445,"{""type"":""MultiPoint"",""coordinates"":[]}"
2599,2011-02-12,298.54840024312335,"{""type"":""MultiPoint"",""coordinates"":[]}"
2600,2011-02-13,298.295415242513,"{""type"":""MultiPoint"",""coordinates"":[]}"
2601,2011-02-14,299.1531340281169,"{""type"":""MultiPoint"",""coordinates"":[]}"
2602,2011-02-15,298.6858882904053,"{""type"":""MultiPoint"",""coordinates"":[]}"
2603,2011-02-16,298.5611146291097,"{""type"":""MultiPoint"",""coordinates"":[]}"
2604,2011-02-17,298.07885424296063,"{""type"":""MultiPoint"",""coordinates"":[]}"
2605,2011-02-18,298.69420687357587,"{""type"":""MultiPoint"",""coordinates"":[]}"
2606,2011-02-19,298.66528574625653,"{""type"":""MultiPoint"",""coordinates"":[]}"
2607,2011-02-20,297.85651779174805,"{""type"":""MultiPoint"",""coordinates"":[]}"
2608,2011-02-21,298.15422375996906,"{""type"":""MultiPoint"",""coordinates"":[]}"
2609,2011-02-22,298.5634053548177,"{""type"":""MultiPoint"",""coordinates"":[]}"
2610,2011-02-23,299.4619948069255,"{""type"":""MultiPoint"",""coordinates"":[]}"
2611,2011-02-24,299.2864761352539,"{""type"":""MultiPoint"",""coordinates"":[]}"
2612,2011-02-25,299.42856470743817,"{""type"":""MultiPoint"",""coordinates"":[]}"
2613,2011-02-26,299.4085121154785,"{""type"":""MultiPoint"",""coordinates"":[]}"
2614,2011-02-27,299.1123975118001,"{""type"":""MultiPoint"",""coordinates"":[]}"
2615,2011-02-28,297.7003930409749,"{""type"":""MultiPoint"",""coordinates"":[]}"
2616,2011-03-01,297.87285232543945,"{""type"":""MultiPoint"",""coordinates"":[]}"
2617,2011-03-02,298.7170702616374,"{""type"":""MultiPoint"",""coordinates"":[]}"
2618,2011-03-03,298.28005599975586,"{""type"":""MultiPoint"",""coordinates"":[]}"
2619,2011-03-04,298.39713287353516,"{""type"":""MultiPoint"",""coordinates"":[]}"
2620,2011-03-05,298.9286880493164,"{""type"":""MultiPoint"",""coordinates"":[]}"
2621,2011-03-06,298.57401339213055,"{""type"":""MultiPoint"",""coordinates"":[]}"
2622,2011-03-07,298.59969838460285,"{""type"":""MultiPoint"",""coordinates"":[]}"
2623,2011-03-08,298.285888671875,"{""type"":""MultiPoint"",""coordinates"":[]}"
2624,2011-03-09,298.1998240152995,"{""type"":""MultiPoint"",""coordinates"":[]}"
2625,2011-03-10,298.11412302652997,"{""type"":""MultiPoint"",""coordinates"":[]}"
2626,2011-03-11,297.8893515268962,"{""type"":""MultiPoint"",""coordinates"":[]}"
2627,2011-03-12,297.6449451446533,"{""type"":""MultiPoint"",""coordinates"":[]}"
2628,2011-03-13,297.77785809834796,"{""type"":""MultiPoint"",""coordinates"":[]}"
2629,2011-03-14,298.65712038675946,"{""type"":""MultiPoint"",""coordinates"":[]}"
2630,2011-03-15,298.1771068572998,"{""type"":""MultiPoint"",""coordinates"":[]}"
2631,2011-03-16,298.46634165445965,"{""type"":""MultiPoint"",""coordinates"":[]}"
2632,2011-03-17,299.0833746592204,"{""type"":""MultiPoint"",""coordinates"":[]}"
2633,2011-03-18,298.81024233500165,"{""type"":""MultiPoint"",""coordinates"":[]}"
2634,2011-03-19,298.79380162556964,"{""type"":""MultiPoint"",""coordinates"":[]}"
2635,2011-03-20,299.1888014475505,"{""type"":""MultiPoint"",""coordinates"":[]}"
2636,2011-03-21,298.83426030476886,"{""type"":""MultiPoint"",""coordinates"":[]}"
2637,2011-03-22,298.8193988800049,"{""type"":""MultiPoint"",""coordinates"":[]}"
2638,2011-03-23,299.002254486084,"{""type"":""MultiPoint"",""coordinates"":[]}"
2639,2011-03-24,299.2216269175212,"{""type"":""MultiPoint"",""coordinates"":[]}"
2640,2011-03-25,299.90272013346356,"{""type"":""MultiPoint"",""coordinates"":[]}"
2641,2011-03-26,299.61447525024414,"{""type"":""MultiPoint"",""coordinates"":[]}"
2642,2011-03-27,299.54612414042157,"{""type"":""MultiPoint"",""coordinates"":[]}"
2643,2011-03-28,299.8489812215169,"{""type"":""MultiPoint"",""coordinates"":[]}"
2644,2011-03-29,299.3788235982259,"{""type"":""MultiPoint"",""coordinates"":[]}"
2645,2011-03-30,299.9637095133464,"{""type"":""MultiPoint"",""coordinates"":[]}"
2646,2011-03-31,299.53113174438477,"{""type"":""MultiPoint"",""coordinates"":[]}"
2647,2011-04-01,299.5884138743083,"{""type"":""MultiPoint"",""coordinates"":[]}"
2648,2011-04-02,299.6882667541504,"{""type"":""MultiPoint"",""coordinates"":[]}"
2649,2011-04-03,299.62793159484863,"{""type"":""MultiPoint"",""coordinates"":[]}"
2650,2011-04-04,299.51440238952637,"{""type"":""MultiPoint"",""coordinates"":[]}"
2651,2011-04-05,299.50112597147626,"{""type"":""MultiPoint"",""coordinates"":[]}"
2652,2011-04-06,299.34352684020996,"{""type"":""MultiPoint"",""coordinates"":[]}"
2653,2011-04-07,299.5696366628011,"{""type"":""MultiPoint"",""coordinates"":[]}"
2654,2011-04-08,299.50230089823407,"{""type"":""MultiPoint"",""coordinates"":[]}"
2655,2011-04-09,299.57471466064453,"{""type"":""MultiPoint"",""coordinates"":[]}"
2656,2011-04-10,298.84751256306964,"{""type"":""MultiPoint"",""coordinates"":[]}"
2657,2011-04-11,298.73772621154785,"{""type"":""MultiPoint"",""coordinates"":[]}"
2658,2011-04-12,299.42713165283203,"{""type"":""MultiPoint"",""coordinates"":[]}"
2659,2011-04-13,299.78857739766437,"{""type"":""MultiPoint"",""coordinates"":[]}"
2660,2011-04-14,299.8461284637451,"{""type"":""MultiPoint"",""coordinates"":[]}"
2661,2011-04-15,299.930850982666,"{""type"":""MultiPoint"",""coordinates"":[]}"
2662,2011-04-16,299.8333435058594,"{""type"":""MultiPoint"",""coordinates"":[]}"
2663,2011-04-17,299.7880280812581,"{""type"":""MultiPoint"",""coordinates"":[]}"
2664,2011-04-18,300.1191984812419,"{""type"":""MultiPoint"",""coordinates"":[]}"
2665,2011-04-19,299.94798851013184,"{""type"":""MultiPoint"",""coordinates"":[]}"
2666,2011-04-20,299.77229499816895,"{""type"":""MultiPoint"",""coordinates"":[]}"
2667,2011-04-21,299.38352902730304,"{""type"":""MultiPoint"",""coordinates"":[]}"
2668,2011-04-22,299.80780537923175,"{""type"":""MultiPoint"",""coordinates"":[]}"
2669,2011-04-23,300.2429841359456,"{""type"":""MultiPoint"",""coordinates"":[]}"
2670,2011-04-24,300.3138961791992,"{""type"":""MultiPoint"",""coordinates"":[]}"
2671,2011-04-25,300.0635795593262,"{""type"":""MultiPoint"",""coordinates"":[]}"
2672,2011-04-26,300.4174149831136,"{""type"":""MultiPoint"",""coordinates"":[]}"
2673,2011-04-27,300.4969018300374,"{""type"":""MultiPoint"",""coordinates"":[]}"
2674,2011-04-28,300.2509574890137,"{""type"":""MultiPoint"",""coordinates"":[]}"
2675,2011-04-29,300.43615595499676,"{""type"":""MultiPoint"",""coordinates"":[]}"
2676,2011-04-30,300.7687905629476,"{""type"":""MultiPoint"",""coordinates"":[]}"
2677,2011-05-01,300.4669329325358,"{""type"":""MultiPoint"",""coordinates"":[]}"
2678,2011-05-02,299.6916669209798,"{""type"":""MultiPoint"",""coordinates"":[]}"
2679,2011-05-03,299.72094917297363,"{""type"":""MultiPoint"",""coordinates"":[]}"
2680,2011-05-04,299.64798800150555,"{""type"":""MultiPoint"",""coordinates"":[]}"
2681,2011-05-05,299.62546412150067,"{""type"":""MultiPoint"",""coordinates"":[]}"
2682,2011-05-06,299.5863863627116,"{""type"":""MultiPoint"",""coordinates"":[]}"
2683,2011-05-07,299.9984722137451,"{""type"":""MultiPoint"",""coordinates"":[]}"
2684,2011-05-08,299.82136789957684,"{""type"":""MultiPoint"",""coordinates"":[]}"
2685,2011-05-09,299.3215668996175,"{""type"":""MultiPoint"",""coordinates"":[]}"
2686,2011-05-10,300.0934130350749,"{""type"":""MultiPoint"",""coordinates"":[]}"
2687,2011-05-11,300.3028138478597,"{""type"":""MultiPoint"",""coordinates"":[]}"
2688,2011-05-12,299.6822026570638,"{""type"":""MultiPoint"",""coordinates"":[]}"
2689,2011-05-13,299.7534580230713,"{""type"":""MultiPoint"",""coordinates"":[]}"
2690,2011-05-14,300.33314450581867,"{""type"":""MultiPoint"",""coordinates"":[]}"
2691,2011-05-15,300.6415106455485,"{""type"":""MultiPoint"",""coordinates"":[]}"
2692,2011-05-16,299.61430740356445,"{""type"":""MultiPoint"",""coordinates"":[]}"
2693,2011-05-17,299.8495337168376,"{""type"":""MultiPoint"",""coordinates"":[]}"
2694,2011-05-18,298.63062286376953,"{""type"":""MultiPoint"",""coordinates"":[]}"
2695,2011-05-19,299.1498196919759,"{""type"":""MultiPoint"",""coordinates"":[]}"
2696,2011-05-20,299.6133569081624,"{""type"":""MultiPoint"",""coordinates"":[]}"
2697,2011-05-21,298.6379025777181,"{""type"":""MultiPoint"",""coordinates"":[]}"
2698,2011-05-22,298.7203833262126,"{""type"":""MultiPoint"",""coordinates"":[]}"
2699,2011-05-23,299.27991104125977,"{""type"":""MultiPoint"",""coordinates"":[]}"
2700,2011-05-24,299.0344320933024,"{""type"":""MultiPoint"",""coordinates"":[]}"
2701,2011-05-25,298.8641128540039,"{""type"":""MultiPoint"",""coordinates"":[]}"
2702,2011-05-26,299.36203066507977,"{""type"":""MultiPoint"",""coordinates"":[]}"
2703,2011-05-27,299.36191431681317,"{""type"":""MultiPoint"",""coordinates"":[]}"
2704,2011-05-28,299.6431528727214,"{""type"":""MultiPoint"",""coordinates"":[]}"
2705,2011-05-29,299.67585881551105,"{""type"":""MultiPoint"",""coordinates"":[]}"
2706,2011-05-30,299.52572441101074,"{""type"":""MultiPoint"",""coordinates"":[]}"
2707,2011-05-31,299.20676612854004,"{""type"":""MultiPoint"",""coordinates"":[]}"
2708,2011-06-01,298.9047673543294,"{""type"":""MultiPoint"",""coordinates"":[]}"
2709,2011-06-02,299.2459487915039,"{""type"":""MultiPoint"",""coordinates"":[]}"
2710,2011-06-03,298.73426310221356,"{""type"":""MultiPoint"",""coordinates"":[]}"
2711,2011-06-04,298.2577362060547,"{""type"":""MultiPoint"",""coordinates"":[]}"
2712,2011-06-05,299.1678924560547,"{""type"":""MultiPoint"",""coordinates"":[]}"
2713,2011-06-06,299.46875699361163,"{""type"":""MultiPoint"",""coordinates"":[]}"
2714,2011-06-07,299.72129885355633,"{""type"":""MultiPoint"",""coordinates"":[]}"
2715,2011-06-08,300.48545773824054,"{""type"":""MultiPoint"",""coordinates"":[]}"
2716,2011-06-09,300.1717898050944,"{""type"":""MultiPoint"",""coordinates"":[]}"
2717,2011-06-10,299.5713577270508,"{""type"":""MultiPoint"",""coordinates"":[]}"
2718,2011-06-11,299.28063646952313,"{""type"":""MultiPoint"",""coordinates"":[]}"
2719,2011-06-12,300.3520088195801,"{""type"":""MultiPoint"",""coordinates"":[]}"
2720,2011-06-13,300.1384156545003,"{""type"":""MultiPoint"",""coordinates"":[]}"
2721,2011-06-14,299.9536558787028,"{""type"":""MultiPoint"",""coordinates"":[]}"
2722,2011-06-15,299.29358863830566,"{""type"":""MultiPoint"",""coordinates"":[]}"
2723,2011-06-16,299.246524810791,"{""type"":""MultiPoint"",""coordinates"":[]}"
2724,2011-06-17,298.99228922526044,"{""type"":""MultiPoint"",""coordinates"":[]}"
2725,2011-06-18,299.29030164082843,"{""type"":""MultiPoint"",""coordinates"":[]}"
2726,2011-06-19,298.9841728210449,"{""type"":""MultiPoint"",""coordinates"":[]}"
2727,2011-06-20,299.15833536783856,"{""type"":""MultiPoint"",""coordinates"":[]}"
2728,2011-06-21,299.38733673095703,"{""type"":""MultiPoint"",""coordinates"":[]}"
2729,2011-06-22,299.5129788716634,"{""type"":""MultiPoint"",""coordinates"":[]}"
2730,2011-06-23,299.5756022135417,"{""type"":""MultiPoint"",""coordinates"":[]}"
2731,2011-06-24,299.1648693084717,"{""type"":""MultiPoint"",""coordinates"":[]}"
2732,2011-06-25,299.5181070963542,"{""type"":""MultiPoint"",""coordinates"":[]}"
2733,2011-06-26,300.02136484781903,"{""type"":""MultiPoint"",""coordinates"":[]}"
2734,2011-06-27,299.192341486613,"{""type"":""MultiPoint"",""coordinates"":[]}"
2735,2011-06-28,299.0253372192383,"{""type"":""MultiPoint"",""coordinates"":[]}"
2736,2011-06-29,299.5532004038493,"{""type"":""MultiPoint"",""coordinates"":[]}"
2737,2011-06-30,299.6917413075765,"{""type"":""MultiPoint"",""coordinates"":[]}"
2738,2011-07-01,299.9173520406087,"{""type"":""MultiPoint"",""coordinates"":[]}"
2739,2011-07-02,299.9371681213379,"{""type"":""MultiPoint"",""coordinates"":[]}"
2740,2011-07-03,299.8535614013672,"{""type"":""MultiPoint"",""coordinates"":[]}"
2741,2011-07-04,299.07591311136883,"{""type"":""MultiPoint"",""coordinates"":[]}"
2742,2011-07-05,299.0814673105876,"{""type"":""MultiPoint"",""coordinates"":[]}"
2743,2011-07-06,299.4496192932129,"{""type"":""MultiPoint"",""coordinates"":[]}"
2744,2011-07-07,298.5786012013753,"{""type"":""MultiPoint"",""coordinates"":[]}"
2745,2011-07-08,299.17176310221356,"{""type"":""MultiPoint"",""coordinates"":[]}"
2746,2011-07-09,300.0652453104655,"{""type"":""MultiPoint"",""coordinates"":[]}"
2747,2011-07-10,298.82656796773273,"{""type"":""MultiPoint"",""coordinates"":[]}"
2748,2011-07-11,299.2222499847412,"{""type"":""MultiPoint"",""coordinates"":[]}"
2749,2011-07-12,299.5208447774251,"{""type"":""MultiPoint"",""coordinates"":[]}"
2750,2011-07-13,299.0664641062419,"{""type"":""MultiPoint"",""coordinates"":[]}"
2751,2011-07-14,299.25494956970215,"{""type"":""MultiPoint"",""coordinates"":[]}"
2752,2011-07-15,298.8205731709798,"{""type"":""MultiPoint"",""coordinates"":[]}"
2753,2011-07-16,299.00965054829913,"{""type"":""MultiPoint"",""coordinates"":[]}"
2754,2011-07-17,299.4693425496419,"{""type"":""MultiPoint"",""coordinates"":[]}"
2755,2011-07-18,299.3360703786214,"{""type"":""MultiPoint"",""coordinates"":[]}"
2756,2011-07-19,299.60309410095215,"{""type"":""MultiPoint"",""coordinates"":[]}"
2757,2011-07-20,300.0087292989095,"{""type"":""MultiPoint"",""coordinates"":[]}"
2758,2011-07-21,299.4866123199463,"{""type"":""MultiPoint"",""coordinates"":[]}"
2759,2011-07-22,299.3901170094808,"{""type"":""MultiPoint"",""coordinates"":[]}"
2760,2011-07-23,299.6077143351237,"{""type"":""MultiPoint"",""coordinates"":[]}"
2761,2011-07-24,299.67331886291504,"{""type"":""MultiPoint"",""coordinates"":[]}"
2762,2011-07-25,299.4517478942871,"{""type"":""MultiPoint"",""coordinates"":[]}"
2763,2011-07-26,299.6354586283366,"{""type"":""MultiPoint"",""coordinates"":[]}"
2764,2011-07-27,299.69619433085126,"{""type"":""MultiPoint"",""coordinates"":[]}"
2765,2011-07-28,299.52301025390625,"{""type"":""MultiPoint"",""coordinates"":[]}"
2766,2011-07-29,299.259578704834,"{""type"":""MultiPoint"",""coordinates"":[]}"
2767,2011-07-30,298.82476743062335,"{""type"":""MultiPoint"",""coordinates"":[]}"
2768,2011-07-31,299.44628461201984,"{""type"":""MultiPoint"",""coordinates"":[]}"
2769,2011-08-01,298.3491547902425,"{""type"":""MultiPoint"",""coordinates"":[]}"
2770,2011-08-02,299.7183895111084,"{""type"":""MultiPoint"",""coordinates"":[]}"
2771,2011-08-03,300.8864606221517,"{""type"":""MultiPoint"",""coordinates"":[]}"
2772,2011-08-04,300.90191014607746,"{""type"":""MultiPoint"",""coordinates"":[]}"
2773,2011-08-05,300.78761927286786,"{""type"":""MultiPoint"",""coordinates"":[]}"
2774,2011-08-06,300.588529586792,"{""type"":""MultiPoint"",""coordinates"":[]}"
2775,2011-08-07,300.53022956848145,"{""type"":""MultiPoint"",""coordinates"":[]}"
2776,2011-08-08,300.51656341552734,"{""type"":""MultiPoint"",""coordinates"":[]}"
2777,2011-08-09,300.40771293640137,"{""type"":""MultiPoint"",""coordinates"":[]}"
2778,2011-08-10,300.06814257303876,"{""type"":""MultiPoint"",""coordinates"":[]}"
2779,2011-08-11,300.2028096516927,"{""type"":""MultiPoint"",""coordinates"":[]}"
2780,2011-08-12,300.52966117858887,"{""type"":""MultiPoint"",""coordinates"":[]}"
2781,2011-08-13,300.3519287109375,"{""type"":""MultiPoint"",""coordinates"":[]}"
2782,2011-08-14,300.2211004892985,"{""type"":""MultiPoint"",""coordinates"":[]}"
2783,2011-08-15,299.65478515625,"{""type"":""MultiPoint"",""coordinates"":[]}"
2784,2011-08-16,300.30697441101074,"{""type"":""MultiPoint"",""coordinates"":[]}"
2785,2011-08-17,300.22047233581543,"{""type"":""MultiPoint"",""coordinates"":[]}"
2786,2011-08-18,300.4704475402832,"{""type"":""MultiPoint"",""coordinates"":[]}"
2787,2011-08-19,300.858699798584,"{""type"":""MultiPoint"",""coordinates"":[]}"
2788,2011-08-20,300.70325152079266,"{""type"":""MultiPoint"",""coordinates"":[]}"
2789,2011-08-21,299.963908513387,"{""type"":""MultiPoint"",""coordinates"":[]}"
2790,2011-08-22,299.69941902160645,"{""type"":""MultiPoint"",""coordinates"":[]}"
2791,2011-08-23,299.5156955718994,"{""type"":""MultiPoint"",""coordinates"":[]}"
2792,2011-08-24,299.6531410217285,"{""type"":""MultiPoint"",""coordinates"":[]}"
2793,2011-08-25,299.98351033528644,"{""type"":""MultiPoint"",""coordinates"":[]}"
2794,2011-08-26,299.4573434193929,"{""type"":""MultiPoint"",""coordinates"":[]}"
2795,2011-08-27,300.3747030893962,"{""type"":""MultiPoint"",""coordinates"":[]}"
2796,2011-08-28,300.789249420166,"{""type"":""MultiPoint"",""coordinates"":[]}"
2797,2011-08-29,300.7623399098714,"{""type"":""MultiPoint"",""coordinates"":[]}"
2798,2011-08-30,300.87971687316895,"{""type"":""MultiPoint"",""coordinates"":[]}"
2799,2011-08-31,300.7228190104167,"{""type"":""MultiPoint"",""coordinates"":[]}"
2800,2011-09-01,300.6332295735677,"{""type"":""MultiPoint"",""coordinates"":[]}"
2801,2011-09-02,300.5210183461507,"{""type"":""MultiPoint"",""coordinates"":[]}"
2802,2011-09-03,300.5844249725342,"{""type"":""MultiPoint"",""coordinates"":[]}"
2803,2011-09-04,300.32518641153973,"{""type"":""MultiPoint"",""coordinates"":[]}"
2804,2011-09-05,300.01476287841797,"{""type"":""MultiPoint"",""coordinates"":[]}"
2805,2011-09-06,300.29140599568683,"{""type"":""MultiPoint"",""coordinates"":[]}"
2806,2011-09-07,300.8450457255046,"{""type"":""MultiPoint"",""coordinates"":[]}"
2807,2011-09-08,300.8853759765625,"{""type"":""MultiPoint"",""coordinates"":[]}"
2808,2011-09-09,300.9102217356364,"{""type"":""MultiPoint"",""coordinates"":[]}"
2809,2011-09-10,300.71395937601727,"{""type"":""MultiPoint"",""coordinates"":[]}"
2810,2011-09-11,301.1344623565674,"{""type"":""MultiPoint"",""coordinates"":[]}"
2811,2011-09-12,301.02851486206055,"{""type"":""MultiPoint"",""coordinates"":[]}"
2812,2011-09-13,300.39042981465656,"{""type"":""MultiPoint"",""coordinates"":[]}"
2813,2011-09-14,299.43844922383624,"{""type"":""MultiPoint"",""coordinates"":[]}"
2814,2011-09-15,299.72681935628253,"{""type"":""MultiPoint"",""coordinates"":[]}"
2815,2011-09-16,300.26523272196454,"{""type"":""MultiPoint"",""coordinates"":[]}"
2816,2011-09-17,300.5646158854167,"{""type"":""MultiPoint"",""coordinates"":[]}"
2817,2011-09-18,300.96209144592285,"{""type"":""MultiPoint"",""coordinates"":[]}"
2818,2011-09-19,300.9646511077881,"{""type"":""MultiPoint"",""coordinates"":[]}"
2819,2011-09-20,300.21371205647785,"{""type"":""MultiPoint"",""coordinates"":[]}"
2820,2011-09-21,299.8253860473633,"{""type"":""MultiPoint"",""coordinates"":[]}"
2821,2011-09-22,300.1326656341553,"{""type"":""MultiPoint"",""coordinates"":[]}"
2822,2011-09-23,300.23267046610516,"{""type"":""MultiPoint"",""coordinates"":[]}"
2823,2011-09-24,300.81051381429035,"{""type"":""MultiPoint"",""coordinates"":[]}"
2824,2011-09-25,301.3537680308024,"{""type"":""MultiPoint"",""coordinates"":[]}"
2825,2011-09-26,301.2449245452881,"{""type"":""MultiPoint"",""coordinates"":[]}"
2826,2011-09-27,300.62982813517254,"{""type"":""MultiPoint"",""coordinates"":[]}"
2827,2011-09-28,300.7739486694336,"{""type"":""MultiPoint"",""coordinates"":[]}"
2828,2011-09-29,300.7920087178548,"{""type"":""MultiPoint"",""coordinates"":[]}"
2829,2011-09-30,300.89219156901044,"{""type"":""MultiPoint"",""coordinates"":[]}"
2830,2011-10-01,300.2628479003906,"{""type"":""MultiPoint"",""coordinates"":[]}"
2831,2011-10-02,299.77562713623047,"{""type"":""MultiPoint"",""coordinates"":[]}"
2832,2011-10-03,299.67979685465497,"{""type"":""MultiPoint"",""coordinates"":[]}"
2833,2011-10-04,299.8249104817708,"{""type"":""MultiPoint"",""coordinates"":[]}"
2834,2011-10-05,299.90671984354657,"{""type"":""MultiPoint"",""coordinates"":[]}"
2835,2011-10-06,300.3475933074951,"{""type"":""MultiPoint"",""coordinates"":[]}"
2836,2011-10-07,300.69897206624347,"{""type"":""MultiPoint"",""coordinates"":[]}"
2837,2011-10-08,300.2062047322591,"{""type"":""MultiPoint"",""coordinates"":[]}"
2838,2011-10-09,300.18333943684894,"{""type"":""MultiPoint"",""coordinates"":[]}"
2839,2011-10-10,300.50375111897785,"{""type"":""MultiPoint"",""coordinates"":[]}"
2840,2011-10-11,300.432466506958,"{""type"":""MultiPoint"",""coordinates"":[]}"
2841,2011-10-12,299.73942375183105,"{""type"":""MultiPoint"",""coordinates"":[]}"
2842,2011-10-13,299.78850746154785,"{""type"":""MultiPoint"",""coordinates"":[]}"
2843,2011-10-14,300.61951700846356,"{""type"":""MultiPoint"",""coordinates"":[]}"
2844,2011-10-15,300.4688542683919,"{""type"":""MultiPoint"",""coordinates"":[]}"
2845,2011-10-16,300.42480214436847,"{""type"":""MultiPoint"",""coordinates"":[]}"
2846,2011-10-17,300.63023885091144,"{""type"":""MultiPoint"",""coordinates"":[]}"
2847,2011-10-18,300.3632984161377,"{""type"":""MultiPoint"",""coordinates"":[]}"
2848,2011-10-19,299.71006774902344,"{""type"":""MultiPoint"",""coordinates"":[]}"
2849,2011-10-20,299.400354385376,"{""type"":""MultiPoint"",""coordinates"":[]}"
2850,2011-10-21,298.29823621114093,"{""type"":""MultiPoint"",""coordinates"":[]}"
2851,2011-10-22,299.0924822489421,"{""type"":""MultiPoint"",""coordinates"":[]}"
2852,2011-10-23,299.5863545735677,"{""type"":""MultiPoint"",""coordinates"":[]}"
2853,2011-10-24,299.1525370279948,"{""type"":""MultiPoint"",""coordinates"":[]}"
2854,2011-10-25,299.6373984018962,"{""type"":""MultiPoint"",""coordinates"":[]}"
2855,2011-10-26,300.3525225321452,"{""type"":""MultiPoint"",""coordinates"":[]}"
2856,2011-10-27,300.3998196919759,"{""type"":""MultiPoint"",""coordinates"":[]}"
2857,2011-10-28,300.4598553975423,"{""type"":""MultiPoint"",""coordinates"":[]}"
2858,2011-10-29,300.0450731913249,"{""type"":""MultiPoint"",""coordinates"":[]}"
2859,2011-10-30,299.3500626881917,"{""type"":""MultiPoint"",""coordinates"":[]}"
2860,2011-10-31,299.1213258107503,"{""type"":""MultiPoint"",""coordinates"":[]}"
2861,2011-11-01,298.9198939005534,"{""type"":""MultiPoint"",""coordinates"":[]}"
2862,2011-11-02,299.2114454905192,"{""type"":""MultiPoint"",""coordinates"":[]}"
2863,2011-11-03,299.9040126800537,"{""type"":""MultiPoint"",""coordinates"":[]}"
2864,2011-11-04,300.1288833618164,"{""type"":""MultiPoint"",""coordinates"":[]}"
2865,2011-11-05,300.2881501515706,"{""type"":""MultiPoint"",""coordinates"":[]}"
2866,2011-11-06,300.48353894551593,"{""type"":""MultiPoint"",""coordinates"":[]}"
2867,2011-11-07,300.3420003255208,"{""type"":""MultiPoint"",""coordinates"":[]}"
2868,2011-11-08,300.29094950358075,"{""type"":""MultiPoint"",""coordinates"":[]}"
2869,2011-11-09,299.9385732014974,"{""type"":""MultiPoint"",""coordinates"":[]}"
2870,2011-11-10,300.0016911824544,"{""type"":""MultiPoint"",""coordinates"":[]}"
2871,2011-11-11,299.76269658406574,"{""type"":""MultiPoint"",""coordinates"":[]}"
2872,2011-11-12,299.2138729095459,"{""type"":""MultiPoint"",""coordinates"":[]}"
2873,2011-11-13,299.51776695251465,"{""type"":""MultiPoint"",""coordinates"":[]}"
2874,2011-11-14,299.20940653483075,"{""type"":""MultiPoint"",""coordinates"":[]}"
2875,2011-11-15,299.6224644978841,"{""type"":""MultiPoint"",""coordinates"":[]}"
2876,2011-11-16,299.79405212402344,"{""type"":""MultiPoint"",""coordinates"":[]}"
2877,2011-11-17,300.20972696940106,"{""type"":""MultiPoint"",""coordinates"":[]}"
2878,2011-11-18,300.1798890431722,"{""type"":""MultiPoint"",""coordinates"":[]}"
2879,2011-11-19,300.27207374572754,"{""type"":""MultiPoint"",""coordinates"":[]}"
2880,2011-11-20,299.97980308532715,"{""type"":""MultiPoint"",""coordinates"":[]}"
2881,2011-11-21,299.77672004699707,"{""type"":""MultiPoint"",""coordinates"":[]}"
2882,2011-11-22,299.78646914164227,"{""type"":""MultiPoint"",""coordinates"":[]}"
2883,2011-11-23,300.03085962931317,"{""type"":""MultiPoint"",""coordinates"":[]}"
2884,2011-11-24,299.62428601582843,"{""type"":""MultiPoint"",""coordinates"":[]}"
2885,2011-11-25,299.5777816772461,"{""type"":""MultiPoint"",""coordinates"":[]}"
2886,2011-11-26,299.60974248250324,"{""type"":""MultiPoint"",""coordinates"":[]}"
2887,2011-11-27,299.77090390523273,"{""type"":""MultiPoint"",""coordinates"":[]}"
2888,2011-11-28,299.84460322062176,"{""type"":""MultiPoint"",""coordinates"":[]}"
2889,2011-11-29,299.85492579142254,"{""type"":""MultiPoint"",""coordinates"":[]}"
2890,2011-11-30,299.8217544555664,"{""type"":""MultiPoint"",""coordinates"":[]}"
2891,2011-12-01,299.7779191335042,"{""type"":""MultiPoint"",""coordinates"":[]}"
2892,2011-12-02,300.2306219736735,"{""type"":""MultiPoint"",""coordinates"":[]}"
2893,2011-12-03,300.09618759155273,"{""type"":""MultiPoint"",""coordinates"":[]}"
2894,2011-12-04,299.91786193847656,"{""type"":""MultiPoint"",""coordinates"":[]}"
2895,2011-12-05,299.8085409800212,"{""type"":""MultiPoint"",""coordinates"":[]}"
2896,2011-12-06,299.7819372812907,"{""type"":""MultiPoint"",""coordinates"":[]}"
2897,2011-12-07,300.04951032002765,"{""type"":""MultiPoint"",""coordinates"":[]}"
2898,2011-12-08,299.9079055786133,"{""type"":""MultiPoint"",""coordinates"":[]}"
2899,2011-12-09,299.62068367004395,"{""type"":""MultiPoint"",""coordinates"":[]}"
2900,2011-12-10,299.8666877746582,"{""type"":""MultiPoint"",""coordinates"":[]}"
2901,2011-12-11,299.89474805196124,"{""type"":""MultiPoint"",""coordinates"":[]}"
2902,2011-12-12,299.3736864725749,"{""type"":""MultiPoint"",""coordinates"":[]}"
2903,2011-12-13,298.9564208984375,"{""type"":""MultiPoint"",""coordinates"":[]}"
2904,2011-12-14,299.0165780385335,"{""type"":""MultiPoint"",""coordinates"":[]}"
2905,2011-12-15,299.41771443684894,"{""type"":""MultiPoint"",""coordinates"":[]}"
2906,2011-12-16,299.62581634521484,"{""type"":""MultiPoint"",""coordinates"":[]}"
2907,2011-12-17,299.39623260498047,"{""type"":""MultiPoint"",""coordinates"":[]}"
2908,2011-12-18,299.8010450998942,"{""type"":""MultiPoint"",""coordinates"":[]}"
2909,2011-12-19,299.778569539388,"{""type"":""MultiPoint"",""coordinates"":[]}"
2910,2011-12-20,299.2710132598877,"{""type"":""MultiPoint"",""coordinates"":[]}"
2911,2011-12-21,298.766503016154,"{""type"":""MultiPoint"",""coordinates"":[]}"
2912,2011-12-22,298.74017906188965,"{""type"":""MultiPoint"",""coordinates"":[]}"
2913,2011-12-23,299.39012209574383,"{""type"":""MultiPoint"",""coordinates"":[]}"
2914,2011-12-24,298.98300488789874,"{""type"":""MultiPoint"",""coordinates"":[]}"
2915,2011-12-25,298.8285662333171,"{""type"":""MultiPoint"",""coordinates"":[]}"
2916,2011-12-26,298.90002822875977,"{""type"":""MultiPoint"",""coordinates"":[]}"
2917,2011-12-27,298.77758026123047,"{""type"":""MultiPoint"",""coordinates"":[]}"
2918,2011-12-28,299.36881891886395,"{""type"":""MultiPoint"",""coordinates"":[]}"
2919,2011-12-29,299.6504325866699,"{""type"":""MultiPoint"",""coordinates"":[]}"
2920,2011-12-30,299.36074956258136,"{""type"":""MultiPoint"",""coordinates"":[]}"
2921,2011-12-31,298.5998287200928,"{""type"":""MultiPoint"",""coordinates"":[]}"
2922,2012-01-01,298.4434045155843,"{""type"":""MultiPoint"",""coordinates"":[]}"
2923,2012-01-02,298.57403628031415,"{""type"":""MultiPoint"",""coordinates"":[]}"
2924,2012-01-03,299.11377652486163,"{""type"":""MultiPoint"",""coordinates"":[]}"
2925,2012-01-04,299.31044324239093,"{""type"":""MultiPoint"",""coordinates"":[]}"
2926,2012-01-05,298.88527997334796,"{""type"":""MultiPoint"",""coordinates"":[]}"
2927,2012-01-06,299.11992772420246,"{""type"":""MultiPoint"",""coordinates"":[]}"
2928,2012-01-07,298.88744862874347,"{""type"":""MultiPoint"",""coordinates"":[]}"
2929,2012-01-08,298.52968915303546,"{""type"":""MultiPoint"",""coordinates"":[]}"
2930,2012-01-09,298.90285619099933,"{""type"":""MultiPoint"",""coordinates"":[]}"
2931,2012-01-10,298.99283599853516,"{""type"":""MultiPoint"",""coordinates"":[]}"
2932,2012-01-11,298.75164731343585,"{""type"":""MultiPoint"",""coordinates"":[]}"
2933,2012-01-12,298.81638526916504,"{""type"":""MultiPoint"",""coordinates"":[]}"
2934,2012-01-13,299.3799114227295,"{""type"":""MultiPoint"",""coordinates"":[]}"
2935,2012-01-14,299.1898765563965,"{""type"":""MultiPoint"",""coordinates"":[]}"
2936,2012-01-15,298.65187581380206,"{""type"":""MultiPoint"",""coordinates"":[]}"
2937,2012-01-16,298.3514264424642,"{""type"":""MultiPoint"",""coordinates"":[]}"
2938,2012-01-17,298.12178293863934,"{""type"":""MultiPoint"",""coordinates"":[]}"
2939,2012-01-18,298.40611902872723,"{""type"":""MultiPoint"",""coordinates"":[]}"
2940,2012-01-19,298.1587390899658,"{""type"":""MultiPoint"",""coordinates"":[]}"
2941,2012-01-20,298.1492563883464,"{""type"":""MultiPoint"",""coordinates"":[]}"
2942,2012-01-21,298.08071517944336,"{""type"":""MultiPoint"",""coordinates"":[]}"
2943,2012-01-22,297.90746752421063,"{""type"":""MultiPoint"",""coordinates"":[]}"
2944,2012-01-23,298.9245688120524,"{""type"":""MultiPoint"",""coordinates"":[]}"
2945,2012-01-24,298.99114418029785,"{""type"":""MultiPoint"",""coordinates"":[]}"
2946,2012-01-25,298.52736218770343,"{""type"":""MultiPoint"",""coordinates"":[]}"
2947,2012-01-26,298.52261543273926,"{""type"":""MultiPoint"",""coordinates"":[]}"
2948,2012-01-27,297.8647352854411,"{""type"":""MultiPoint"",""coordinates"":[]}"
2949,2012-01-28,297.9258677164714,"{""type"":""MultiPoint"",""coordinates"":[]}"
2950,2012-01-29,297.7934163411458,"{""type"":""MultiPoint"",""coordinates"":[]}"
2951,2012-01-30,298.39661598205566,"{""type"":""MultiPoint"",""coordinates"":[]}"
2952,2012-01-31,297.80366071065265,"{""type"":""MultiPoint"",""coordinates"":[]}"
2953,2012-02-01,297.7692788441976,"{""type"":""MultiPoint"",""coordinates"":[]}"
2954,2012-02-02,298.001558303833,"{""type"":""MultiPoint"",""coordinates"":[]}"
2955,2012-02-03,297.8495438893636,"{""type"":""MultiPoint"",""coordinates"":[]}"
2956,2012-02-04,298.06864229838055,"{""type"":""MultiPoint"",""coordinates"":[]}"
2957,2012-02-05,298.68609619140625,"{""type"":""MultiPoint"",""coordinates"":[]}"
2958,2012-02-06,298.30699221293133,"{""type"":""MultiPoint"",""coordinates"":[]}"
2959,2012-02-07,298.864995320638,"{""type"":""MultiPoint"",""coordinates"":[]}"
2960,2012-02-08,299.1636606852214,"{""type"":""MultiPoint"",""coordinates"":[]}"
2961,2012-02-09,299.2736180623372,"{""type"":""MultiPoint"",""coordinates"":[]}"
2962,2012-02-10,298.7856210072835,"{""type"":""MultiPoint"",""coordinates"":[]}"
2963,2012-02-11,298.4326852162679,"{""type"":""MultiPoint"",""coordinates"":[]}"
2964,2012-02-12,298.1292368570964,"{""type"":""MultiPoint"",""coordinates"":[]}"
2965,2012-02-13,298.0448633829753,"{""type"":""MultiPoint"",""coordinates"":[]}"
2966,2012-02-14,298.08253288269043,"{""type"":""MultiPoint"",""coordinates"":[]}"
2967,2012-02-15,298.09683481852215,"{""type"":""MultiPoint"",""coordinates"":[]}"
2968,2012-02-16,297.88930066426593,"{""type"":""MultiPoint"",""coordinates"":[]}"
2969,2012-02-17,298.42906951904297,"{""type"":""MultiPoint"",""coordinates"":[]}"
2970,2012-02-18,298.92032178243,"{""type"":""MultiPoint"",""coordinates"":[]}"
2971,2012-02-19,298.58559163411456,"{""type"":""MultiPoint"",""coordinates"":[]}"
2972,2012-02-20,297.8808828989665,"{""type"":""MultiPoint"",""coordinates"":[]}"
2973,2012-02-21,298.2811864217122,"{""type"":""MultiPoint"",""coordinates"":[]}"
2974,2012-02-22,298.0813897450765,"{""type"":""MultiPoint"",""coordinates"":[]}"
2975,2012-02-23,297.9734586079915,"{""type"":""MultiPoint"",""coordinates"":[]}"
2976,2012-02-24,298.6414031982422,"{""type"":""MultiPoint"",""coordinates"":[]}"
2977,2012-02-25,298.8562577565511,"{""type"":""MultiPoint"",""coordinates"":[]}"
2978,2012-02-26,298.40011660257977,"{""type"":""MultiPoint"",""coordinates"":[]}"
2979,2012-02-27,298.1308759053548,"{""type"":""MultiPoint"",""coordinates"":[]}"
2980,2012-02-28,297.8436444600423,"{""type"":""MultiPoint"",""coordinates"":[]}"
2981,2012-02-29,297.7677930196126,"{""type"":""MultiPoint"",""coordinates"":[]}"
2982,2012-03-01,298.5829607645671,"{""type"":""MultiPoint"",""coordinates"":[]}"
2983,2012-03-02,299.0415751139323,"{""type"":""MultiPoint"",""coordinates"":[]}"
2984,2012-03-03,299.0360800425212,"{""type"":""MultiPoint"",""coordinates"":[]}"
2985,2012-03-04,299.03748321533203,"{""type"":""MultiPoint"",""coordinates"":[]}"
2986,2012-03-05,298.58021481831867,"{""type"":""MultiPoint"",""coordinates"":[]}"
2987,2012-03-06,298.50560633341473,"{""type"":""MultiPoint"",""coordinates"":[]}"
2988,2012-03-07,297.77827072143555,"{""type"":""MultiPoint"",""coordinates"":[]}"
2989,2012-03-08,298.77675755818683,"{""type"":""MultiPoint"",""coordinates"":[]}"
2990,2012-03-09,298.9065539042155,"{""type"":""MultiPoint"",""coordinates"":[]}"
2991,2012-03-10,299.0543276468913,"{""type"":""MultiPoint"",""coordinates"":[]}"
2992,2012-03-11,298.77342987060547,"{""type"":""MultiPoint"",""coordinates"":[]}"
2993,2012-03-12,299.0155150095622,"{""type"":""MultiPoint"",""coordinates"":[]}"
2994,2012-03-13,298.82153193155926,"{""type"":""MultiPoint"",""coordinates"":[]}"
2995,2012-03-14,298.92367935180664,"{""type"":""MultiPoint"",""coordinates"":[]}"
2996,2012-03-15,299.06226921081543,"{""type"":""MultiPoint"",""coordinates"":[]}"
2997,2012-03-16,299.00347963968915,"{""type"":""MultiPoint"",""coordinates"":[]}"
2998,2012-03-17,298.54956181844074,"{""type"":""MultiPoint"",""coordinates"":[]}"
2999,2012-03-18,298.72220547993976,"{""type"":""MultiPoint"",""coordinates"":[]}"
3000,2012-03-19,299.0565764109294,"{""type"":""MultiPoint"",""coordinates"":[]}"
3001,2012-03-20,299.2863686879476,"{""type"":""MultiPoint"",""coordinates"":[]}"
3002,2012-03-21,299.42619196573895,"{""type"":""MultiPoint"",""coordinates"":[]}"
3003,2012-03-22,299.21534156799316,"{""type"":""MultiPoint"",""coordinates"":[]}"
3004,2012-03-23,299.1646849314372,"{""type"":""MultiPoint"",""coordinates"":[]}"
3005,2012-03-24,298.99175453186035,"{""type"":""MultiPoint"",""coordinates"":[]}"
3006,2012-03-25,299.3454392751058,"{""type"":""MultiPoint"",""coordinates"":[]}"
3007,2012-03-26,299.1728293100993,"{""type"":""MultiPoint"",""coordinates"":[]}"
3008,2012-03-27,299.33543395996094,"{""type"":""MultiPoint"",""coordinates"":[]}"
3009,2012-03-28,299.3003387451172,"{""type"":""MultiPoint"",""coordinates"":[]}"
3010,2012-03-29,299.12234687805176,"{""type"":""MultiPoint"",""coordinates"":[]}"
3011,2012-03-30,299.2795575459798,"{""type"":""MultiPoint"",""coordinates"":[]}"
3012,2012-03-31,299.27539316813153,"{""type"":""MultiPoint"",""coordinates"":[]}"
3013,2012-04-01,299.11263338724774,"{""type"":""MultiPoint"",""coordinates"":[]}"
3014,2012-04-02,298.68613052368164,"{""type"":""MultiPoint"",""coordinates"":[]}"
3015,2012-04-03,299.12871678670246,"{""type"":""MultiPoint"",""coordinates"":[]}"
3016,2012-04-04,299.5559991200765,"{""type"":""MultiPoint"",""coordinates"":[]}"
3017,2012-04-05,298.3708140055339,"{""type"":""MultiPoint"",""coordinates"":[]}"
3018,2012-04-06,298.2807896931966,"{""type"":""MultiPoint"",""coordinates"":[]}"
3019,2012-04-07,298.69141387939453,"{""type"":""MultiPoint"",""coordinates"":[]}"
3020,2012-04-08,298.6108163197835,"{""type"":""MultiPoint"",""coordinates"":[]}"
3021,2012-04-09,299.2113914489746,"{""type"":""MultiPoint"",""coordinates"":[]}"
3022,2012-04-10,299.20060030619305,"{""type"":""MultiPoint"",""coordinates"":[]}"
3023,2012-04-11,298.76605161031085,"{""type"":""MultiPoint"",""coordinates"":[]}"
3024,2012-04-12,298.79423904418945,"{""type"":""MultiPoint"",""coordinates"":[]}"
3025,2012-04-13,298.7679023742676,"{""type"":""MultiPoint"",""coordinates"":[]}"
3026,2012-04-14,298.9689114888509,"{""type"":""MultiPoint"",""coordinates"":[]}"
3027,2012-04-15,299.1952133178711,"{""type"":""MultiPoint"",""coordinates"":[]}"
3028,2012-04-16,298.7939739227295,"{""type"":""MultiPoint"",""coordinates"":[]}"
3029,2012-04-17,298.99407450358075,"{""type"":""MultiPoint"",""coordinates"":[]}"
3030,2012-04-18,299.4487584431966,"{""type"":""MultiPoint"",""coordinates"":[]}"
3031,2012-04-19,299.5485960642497,"{""type"":""MultiPoint"",""coordinates"":[]}"
3032,2012-04-20,299.4729474385579,"{""type"":""MultiPoint"",""coordinates"":[]}"
3033,2012-04-21,299.53038597106934,"{""type"":""MultiPoint"",""coordinates"":[]}"
3034,2012-04-22,299.83163324991864,"{""type"":""MultiPoint"",""coordinates"":[]}"
3035,2012-04-23,299.9610131581624,"{""type"":""MultiPoint"",""coordinates"":[]}"
3036,2012-04-24,299.76492245992023,"{""type"":""MultiPoint"",""coordinates"":[]}"
3037,2012-04-25,299.3111375172933,"{""type"":""MultiPoint"",""coordinates"":[]}"
3038,2012-04-26,299.06962331136066,"{""type"":""MultiPoint"",""coordinates"":[]}"
3039,2012-04-27,299.1118647257487,"{""type"":""MultiPoint"",""coordinates"":[]}"
3040,2012-04-28,299.5127995808919,"{""type"":""MultiPoint"",""coordinates"":[]}"
3041,2012-04-29,298.79563395182294,"{""type"":""MultiPoint"",""coordinates"":[]}"
3042,2012-04-30,298.7464014689128,"{""type"":""MultiPoint"",""coordinates"":[]}"
3043,2012-05-01,299.03275235493976,"{""type"":""MultiPoint"",""coordinates"":[]}"
3044,2012-05-02,299.38619232177734,"{""type"":""MultiPoint"",""coordinates"":[]}"
3045,2012-05-03,299.3637949625651,"{""type"":""MultiPoint"",""coordinates"":[]}"
3046,2012-05-04,299.0204378763835,"{""type"":""MultiPoint"",""coordinates"":[]}"
3047,2012-05-05,298.759968439738,"{""type"":""MultiPoint"",""coordinates"":[]}"
3048,2012-05-06,299.30409558614093,"{""type"":""MultiPoint"",""coordinates"":[]}"
3049,2012-05-07,299.316219329834,"{""type"":""MultiPoint"",""coordinates"":[]}"
3050,2012-05-08,299.4354667663574,"{""type"":""MultiPoint"",""coordinates"":[]}"
3051,2012-05-09,299.710152943929,"{""type"":""MultiPoint"",""coordinates"":[]}"
3052,2012-05-10,299.6230411529541,"{""type"":""MultiPoint"",""coordinates"":[]}"
3053,2012-05-11,299.27221870422363,"{""type"":""MultiPoint"",""coordinates"":[]}"
3054,2012-05-12,300.1231683095296,"{""type"":""MultiPoint"",""coordinates"":[]}"
3055,2012-05-13,300.0179971059163,"{""type"":""MultiPoint"",""coordinates"":[]}"
3056,2012-05-14,298.91805330912274,"{""type"":""MultiPoint"",""coordinates"":[]}"
3057,2012-05-15,299.35204633076984,"{""type"":""MultiPoint"",""coordinates"":[]}"
3058,2012-05-16,299.3110637664795,"{""type"":""MultiPoint"",""coordinates"":[]}"
3059,2012-05-17,298.8751049041748,"{""type"":""MultiPoint"",""coordinates"":[]}"
3060,2012-05-18,299.19305928548175,"{""type"":""MultiPoint"",""coordinates"":[]}"
3061,2012-05-19,299.4658997853597,"{""type"":""MultiPoint"",""coordinates"":[]}"
3062,2012-05-20,298.54663785298663,"{""type"":""MultiPoint"",""coordinates"":[]}"
3063,2012-05-21,298.9934361775716,"{""type"":""MultiPoint"",""coordinates"":[]}"
3064,2012-05-22,299.1890761057536,"{""type"":""MultiPoint"",""coordinates"":[]}"
3065,2012-05-23,299.4183177947998,"{""type"":""MultiPoint"",""coordinates"":[]}"
3066,2012-05-24,298.9702326456706,"{""type"":""MultiPoint"",""coordinates"":[]}"
3067,2012-05-25,299.17187245686847,"{""type"":""MultiPoint"",""coordinates"":[]}"
3068,2012-05-26,299.1736431121826,"{""type"":""MultiPoint"",""coordinates"":[]}"
3069,2012-05-27,299.3660717010498,"{""type"":""MultiPoint"",""coordinates"":[]}"
3070,2012-05-28,299.87070719401044,"{""type"":""MultiPoint"",""coordinates"":[]}"
3071,2012-05-29,299.2940031687419,"{""type"":""MultiPoint"",""coordinates"":[]}"
3072,2012-05-30,298.9120896657308,"{""type"":""MultiPoint"",""coordinates"":[]}"
3073,2012-05-31,299.0122006734212,"{""type"":""MultiPoint"",""coordinates"":[]}"
3074,2012-06-01,299.1502736409505,"{""type"":""MultiPoint"",""coordinates"":[]}"
3075,2012-06-02,299.40664037068683,"{""type"":""MultiPoint"",""coordinates"":[]}"
3076,2012-06-03,299.65565236409503,"{""type"":""MultiPoint"",""coordinates"":[]}"
3077,2012-06-04,299.2234338124593,"{""type"":""MultiPoint"",""coordinates"":[]}"
3078,2012-06-05,299.35498174031574,"{""type"":""MultiPoint"",""coordinates"":[]}"
3079,2012-06-06,299.2156168619792,"{""type"":""MultiPoint"",""coordinates"":[]}"
3080,2012-06-07,298.57977803548175,"{""type"":""MultiPoint"",""coordinates"":[]}"
3081,2012-06-08,298.7863070170085,"{""type"":""MultiPoint"",""coordinates"":[]}"
3082,2012-06-09,299.07615343729657,"{""type"":""MultiPoint"",""coordinates"":[]}"
3083,2012-06-10,299.25908342997235,"{""type"":""MultiPoint"",""coordinates"":[]}"
3084,2012-06-11,299.01995913187665,"{""type"":""MultiPoint"",""coordinates"":[]}"
3085,2012-06-12,298.92371559143066,"{""type"":""MultiPoint"",""coordinates"":[]}"
3086,2012-06-13,298.72070757548016,"{""type"":""MultiPoint"",""coordinates"":[]}"
3087,2012-06-14,298.93289883931476,"{""type"":""MultiPoint"",""coordinates"":[]}"
3088,2012-06-15,299.05712127685547,"{""type"":""MultiPoint"",""coordinates"":[]}"
3089,2012-06-16,299.6540985107422,"{""type"":""MultiPoint"",""coordinates"":[]}"
3090,2012-06-17,299.15040397644043,"{""type"":""MultiPoint"",""coordinates"":[]}"
3091,2012-06-18,298.6144282023112,"{""type"":""MultiPoint"",""coordinates"":[]}"
3092,2012-06-19,299.041056950887,"{""type"":""MultiPoint"",""coordinates"":[]}"
3093,2012-06-20,299.72388648986816,"{""type"":""MultiPoint"",""coordinates"":[]}"
3094,2012-06-21,299.2176202138265,"{""type"":""MultiPoint"",""coordinates"":[]}"
3095,2012-06-22,299.50688489278156,"{""type"":""MultiPoint"",""coordinates"":[]}"
3096,2012-06-23,299.8458894093831,"{""type"":""MultiPoint"",""coordinates"":[]}"
3097,2012-06-24,299.24580510457355,"{""type"":""MultiPoint"",""coordinates"":[]}"
3098,2012-06-25,298.91211891174316,"{""type"":""MultiPoint"",""coordinates"":[]}"
3099,2012-06-26,299.1204490661621,"{""type"":""MultiPoint"",""coordinates"":[]}"
3100,2012-06-27,299.0550429026286,"{""type"":""MultiPoint"",""coordinates"":[]}"
3101,2012-06-28,298.6683489481608,"{""type"":""MultiPoint"",""coordinates"":[]}"
3102,2012-06-29,298.79355875651044,"{""type"":""MultiPoint"",""coordinates"":[]}"
3103,2012-06-30,299.19829813639325,"{""type"":""MultiPoint"",""coordinates"":[]}"
3104,2012-07-01,299.07859484354657,"{""type"":""MultiPoint"",""coordinates"":[]}"
3105,2012-07-02,298.5600357055664,"{""type"":""MultiPoint"",""coordinates"":[]}"
3106,2012-07-03,299.0861345926921,"{""type"":""MultiPoint"",""coordinates"":[]}"
3107,2012-07-04,299.3344084421794,"{""type"":""MultiPoint"",""coordinates"":[]}"
3108,2012-07-05,299.04912821451825,"{""type"":""MultiPoint"",""coordinates"":[]}"
3109,2012-07-06,299.71583557128906,"{""type"":""MultiPoint"",""coordinates"":[]}"
3110,2012-07-07,299.460262298584,"{""type"":""MultiPoint"",""coordinates"":[]}"
3111,2012-07-08,299.2809473673503,"{""type"":""MultiPoint"",""coordinates"":[]}"
3112,2012-07-09,298.9470405578613,"{""type"":""MultiPoint"",""coordinates"":[]}"
3113,2012-07-10,299.0807393391927,"{""type"":""MultiPoint"",""coordinates"":[]}"
3114,2012-07-11,298.9140396118164,"{""type"":""MultiPoint"",""coordinates"":[]}"
3115,2012-07-12,298.81897735595703,"{""type"":""MultiPoint"",""coordinates"":[]}"
3116,2012-07-13,298.9929504394531,"{""type"":""MultiPoint"",""coordinates"":[]}"
3117,2012-07-14,299.5506312052409,"{""type"":""MultiPoint"",""coordinates"":[]}"
3118,2012-07-15,299.1741180419922,"{""type"":""MultiPoint"",""coordinates"":[]}"
3119,2012-07-16,298.72456614176434,"{""type"":""MultiPoint"",""coordinates"":[]}"
3120,2012-07-17,298.7261823018392,"{""type"":""MultiPoint"",""coordinates"":[]}"
3121,2012-07-18,298.944096883138,"{""type"":""MultiPoint"",""coordinates"":[]}"
3122,2012-07-19,299.155216217041,"{""type"":""MultiPoint"",""coordinates"":[]}"
3123,2012-07-20,298.89965947469074,"{""type"":""MultiPoint"",""coordinates"":[]}"
3124,2012-07-21,299.0801753997803,"{""type"":""MultiPoint"",""coordinates"":[]}"
3125,2012-07-22,299.2796376546224,"{""type"":""MultiPoint"",""coordinates"":[]}"
3126,2012-07-23,299.69618225097656,"{""type"":""MultiPoint"",""coordinates"":[]}"
3127,2012-07-24,300.34865951538086,"{""type"":""MultiPoint"",""coordinates"":[]}"
3128,2012-07-25,299.4141216278076,"{""type"":""MultiPoint"",""coordinates"":[]}"
3129,2012-07-26,299.0836950937907,"{""type"":""MultiPoint"",""coordinates"":[]}"
3130,2012-07-27,299.9592049916585,"{""type"":""MultiPoint"",""coordinates"":[]}"
3131,2012-07-28,300.24347432454425,"{""type"":""MultiPoint"",""coordinates"":[]}"
3132,2012-07-29,300.3116963704427,"{""type"":""MultiPoint"",""coordinates"":[]}"
3133,2012-07-30,300.16878573099774,"{""type"":""MultiPoint"",""coordinates"":[]}"
3134,2012-07-31,299.989751180013,"{""type"":""MultiPoint"",""coordinates"":[]}"
3135,2012-08-01,299.10125732421875,"{""type"":""MultiPoint"",""coordinates"":[]}"
3136,2012-08-02,298.5901279449463,"{""type"":""MultiPoint"",""coordinates"":[]}"
3137,2012-08-03,299.66662152608234,"{""type"":""MultiPoint"",""coordinates"":[]}"
3138,2012-08-04,299.76026407877606,"{""type"":""MultiPoint"",""coordinates"":[]}"
3139,2012-08-05,299.69490877787274,"{""type"":""MultiPoint"",""coordinates"":[]}"
3140,2012-08-06,299.7491003672282,"{""type"":""MultiPoint"",""coordinates"":[]}"
3141,2012-08-07,299.79230880737305,"{""type"":""MultiPoint"",""coordinates"":[]}"
3142,2012-08-08,299.53825759887695,"{""type"":""MultiPoint"",""coordinates"":[]}"
3143,2012-08-09,299.33797454833984,"{""type"":""MultiPoint"",""coordinates"":[]}"
3144,2012-08-10,299.49060249328613,"{""type"":""MultiPoint"",""coordinates"":[]}"
3145,2012-08-11,299.5094045003255,"{""type"":""MultiPoint"",""coordinates"":[]}"
3146,2012-08-12,300.13711675008136,"{""type"":""MultiPoint"",""coordinates"":[]}"
3147,2012-08-13,299.8672637939453,"{""type"":""MultiPoint"",""coordinates"":[]}"
3148,2012-08-14,299.8068383534749,"{""type"":""MultiPoint"",""coordinates"":[]}"
3149,2012-08-15,299.86542383829754,"{""type"":""MultiPoint"",""coordinates"":[]}"
3150,2012-08-16,299.12221399943036,"{""type"":""MultiPoint"",""coordinates"":[]}"
3151,2012-08-17,299.72136306762695,"{""type"":""MultiPoint"",""coordinates"":[]}"
3152,2012-08-18,300.19083976745605,"{""type"":""MultiPoint"",""coordinates"":[]}"
3153,2012-08-19,299.81048520406085,"{""type"":""MultiPoint"",""coordinates"":[]}"
3154,2012-08-20,299.1173915863037,"{""type"":""MultiPoint"",""coordinates"":[]}"
3155,2012-08-21,299.09031613667804,"{""type"":""MultiPoint"",""coordinates"":[]}"
3156,2012-08-22,299.31886037190753,"{""type"":""MultiPoint"",""coordinates"":[]}"
3157,2012-08-23,300.0462468465169,"{""type"":""MultiPoint"",""coordinates"":[]}"
3158,2012-08-24,300.22516504923504,"{""type"":""MultiPoint"",""coordinates"":[]}"
3159,2012-08-25,300.3703791300456,"{""type"":""MultiPoint"",""coordinates"":[]}"
3160,2012-08-26,300.45356369018555,"{""type"":""MultiPoint"",""coordinates"":[]}"
3161,2012-08-27,300.2242997487386,"{""type"":""MultiPoint"",""coordinates"":[]}"
3162,2012-08-28,300.43915303548175,"{""type"":""MultiPoint"",""coordinates"":[]}"
3163,2012-08-29,300.5906588236491,"{""type"":""MultiPoint"",""coordinates"":[]}"
3164,2012-08-30,300.40716552734375,"{""type"":""MultiPoint"",""coordinates"":[]}"
3165,2012-08-31,300.34509595235187,"{""type"":""MultiPoint"",""coordinates"":[]}"
3166,2012-09-01,300.36147435506183,"{""type"":""MultiPoint"",""coordinates"":[]}"
3167,2012-09-02,300.3679428100586,"{""type"":""MultiPoint"",""coordinates"":[]}"
3168,2012-09-03,300.29004796346027,"{""type"":""MultiPoint"",""coordinates"":[]}"
3169,2012-09-04,300.4803524017334,"{""type"":""MultiPoint"",""coordinates"":[]}"
3170,2012-09-05,300.4587237040202,"{""type"":""MultiPoint"",""coordinates"":[]}"
3171,2012-09-06,300.3819268544515,"{""type"":""MultiPoint"",""coordinates"":[]}"
3172,2012-09-07,300.40975824991864,"{""type"":""MultiPoint"",""coordinates"":[]}"
3173,2012-09-08,300.5011863708496,"{""type"":""MultiPoint"",""coordinates"":[]}"
3174,2012-09-09,300.53376897176105,"{""type"":""MultiPoint"",""coordinates"":[]}"
3175,2012-09-10,300.4918797810872,"{""type"":""MultiPoint"",""coordinates"":[]}"
3176,2012-09-11,300.43851407368976,"{""type"":""MultiPoint"",""coordinates"":[]}"
3177,2012-09-12,300.2645492553711,"{""type"":""MultiPoint"",""coordinates"":[]}"
3178,2012-09-13,300.51417350769043,"{""type"":""MultiPoint"",""coordinates"":[]}"
3179,2012-09-14,300.5992348988851,"{""type"":""MultiPoint"",""coordinates"":[]}"
3180,2012-09-15,300.46931648254395,"{""type"":""MultiPoint"",""coordinates"":[]}"
3181,2012-09-16,300.39791679382324,"{""type"":""MultiPoint"",""coordinates"":[]}"
3182,2012-09-17,300.49646759033203,"{""type"":""MultiPoint"",""coordinates"":[]}"
3183,2012-09-18,300.61863962809247,"{""type"":""MultiPoint"",""coordinates"":[]}"
3184,2012-09-19,300.11926078796387,"{""type"":""MultiPoint"",""coordinates"":[]}"
3185,2012-09-20,300.38968594868976,"{""type"":""MultiPoint"",""coordinates"":[]}"
3186,2012-09-21,300.6780529022217,"{""type"":""MultiPoint"",""coordinates"":[]}"
3187,2012-09-22,300.21002705891925,"{""type"":""MultiPoint"",""coordinates"":[]}"
3188,2012-09-23,300.5798530578613,"{""type"":""MultiPoint"",""coordinates"":[]}"
3189,2012-09-24,300.7726879119873,"{""type"":""MultiPoint"",""coordinates"":[]}"
3190,2012-09-25,300.8187942504883,"{""type"":""MultiPoint"",""coordinates"":[]}"
3191,2012-09-26,300.8021297454834,"{""type"":""MultiPoint"",""coordinates"":[]}"
3192,2012-09-27,300.98459243774414,"{""type"":""MultiPoint"",""coordinates"":[]}"
3193,2012-09-28,300.8715756734212,"{""type"":""MultiPoint"",""coordinates"":[]}"
3194,2012-09-29,301.0652879079183,"{""type"":""MultiPoint"",""coordinates"":[]}"
3195,2012-09-30,300.70544751485187,"{""type"":""MultiPoint"",""coordinates"":[]}"
3196,2012-10-01,300.65158971150714,"{""type"":""MultiPoint"",""coordinates"":[]}"
3197,2012-10-02,300.5867048899333,"{""type"":""MultiPoint"",""coordinates"":[]}"
3198,2012-10-03,300.90008036295575,"{""type"":""MultiPoint"",""coordinates"":[]}"
3199,2012-10-04,301.1586513519287,"{""type"":""MultiPoint"",""coordinates"":[]}"
3200,2012-10-05,301.1722977956136,"{""type"":""MultiPoint"",""coordinates"":[]}"
3201,2012-10-06,301.1796760559082,"{""type"":""MultiPoint"",""coordinates"":[]}"
3202,2012-10-07,301.16805203755695,"{""type"":""MultiPoint"",""coordinates"":[]}"
3203,2012-10-08,300.4025624593099,"{""type"":""MultiPoint"",""coordinates"":[]}"
3204,2012-10-09,299.6867872873942,"{""type"":""MultiPoint"",""coordinates"":[]}"
3205,2012-10-10,299.452486038208,"{""type"":""MultiPoint"",""coordinates"":[]}"
3206,2012-10-11,300.0263449350993,"{""type"":""MultiPoint"",""coordinates"":[]}"
3207,2012-10-12,300.3765621185303,"{""type"":""MultiPoint"",""coordinates"":[]}"
3208,2012-10-13,300.76353136698407,"{""type"":""MultiPoint"",""coordinates"":[]}"
3209,2012-10-14,300.76101938883465,"{""type"":""MultiPoint"",""coordinates"":[]}"
3210,2012-10-15,300.76989364624023,"{""type"":""MultiPoint"",""coordinates"":[]}"
3211,2012-10-16,300.8200543721517,"{""type"":""MultiPoint"",""coordinates"":[]}"
3212,2012-10-17,301.02570724487305,"{""type"":""MultiPoint"",""coordinates"":[]}"
3213,2012-10-18,301.0285727183024,"{""type"":""MultiPoint"",""coordinates"":[]}"
3214,2012-10-19,300.7218379974365,"{""type"":""MultiPoint"",""coordinates"":[]}"
3215,2012-10-20,300.88515853881836,"{""type"":""MultiPoint"",""coordinates"":[]}"
3216,2012-10-21,300.7906799316406,"{""type"":""MultiPoint"",""coordinates"":[]}"
3217,2012-10-22,300.4530423482259,"{""type"":""MultiPoint"",""coordinates"":[]}"
3218,2012-10-23,300.6645450592041,"{""type"":""MultiPoint"",""coordinates"":[]}"
3219,2012-10-24,300.8281777699788,"{""type"":""MultiPoint"",""coordinates"":[]}"
3220,2012-10-25,300.8345603942871,"{""type"":""MultiPoint"",""coordinates"":[]}"
3221,2012-10-26,300.87801297505695,"{""type"":""MultiPoint"",""coordinates"":[]}"
3222,2012-10-27,300.62582778930664,"{""type"":""MultiPoint"",""coordinates"":[]}"
3223,2012-10-28,301.2263011932373,"{""type"":""MultiPoint"",""coordinates"":[]}"
3224,2012-10-29,301.55335807800293,"{""type"":""MultiPoint"",""coordinates"":[]}"
3225,2012-10-30,301.5040054321289,"{""type"":""MultiPoint"",""coordinates"":[]}"
3226,2012-10-31,300.37269655863446,"{""type"":""MultiPoint"",""coordinates"":[]}"
3227,2012-11-01,300.3320115407308,"{""type"":""MultiPoint"",""coordinates"":[]}"
3228,2012-11-02,300.23257700602215,"{""type"":""MultiPoint"",""coordinates"":[]}"
3229,2012-11-03,300.186669031779,"{""type"":""MultiPoint"",""coordinates"":[]}"
3230,2012-11-04,300.82335154215497,"{""type"":""MultiPoint"",""coordinates"":[]}"
3231,2012-11-05,301.1300506591797,"{""type"":""MultiPoint"",""coordinates"":[]}"
3232,2012-11-06,300.612019220988,"{""type"":""MultiPoint"",""coordinates"":[]}"
3233,2012-11-07,300.3397210439046,"{""type"":""MultiPoint"",""coordinates"":[]}"
3234,2012-11-08,300.7701047261556,"{""type"":""MultiPoint"",""coordinates"":[]}"
3235,2012-11-09,300.7383982340495,"{""type"":""MultiPoint"",""coordinates"":[]}"
3236,2012-11-10,300.3106231689453,"{""type"":""MultiPoint"",""coordinates"":[]}"
3237,2012-11-11,300.47705968221027,"{""type"":""MultiPoint"",""coordinates"":[]}"
3238,2012-11-12,300.6518306732178,"{""type"":""MultiPoint"",""coordinates"":[]}"
3239,2012-11-13,300.85129737854004,"{""type"":""MultiPoint"",""coordinates"":[]}"
3240,2012-11-14,300.7229518890381,"{""type"":""MultiPoint"",""coordinates"":[]}"
3241,2012-11-15,300.19782002766925,"{""type"":""MultiPoint"",""coordinates"":[]}"
3242,2012-11-16,300.2614638010661,"{""type"":""MultiPoint"",""coordinates"":[]}"
3243,2012-11-17,300.6887912750244,"{""type"":""MultiPoint"",""coordinates"":[]}"
3244,2012-11-18,300.79004096984863,"{""type"":""MultiPoint"",""coordinates"":[]}"
3245,2012-11-19,300.6329625447591,"{""type"":""MultiPoint"",""coordinates"":[]}"
3246,2012-11-20,300.4816424051921,"{""type"":""MultiPoint"",""coordinates"":[]}"
3247,2012-11-21,300.95321718851727,"{""type"":""MultiPoint"",""coordinates"":[]}"
3248,2012-11-22,300.88071123758954,"{""type"":""MultiPoint"",""coordinates"":[]}"
3249,2012-11-23,299.504093170166,"{""type"":""MultiPoint"",""coordinates"":[]}"
3250,2012-11-24,300.3330478668213,"{""type"":""MultiPoint"",""coordinates"":[]}"
3251,2012-11-25,300.4120184580485,"{""type"":""MultiPoint"",""coordinates"":[]}"
3252,2012-11-26,299.4178924560547,"{""type"":""MultiPoint"",""coordinates"":[]}"
3253,2012-11-27,299.3368269602458,"{""type"":""MultiPoint"",""coordinates"":[]}"
3254,2012-11-28,299.41916211446124,"{""type"":""MultiPoint"",""coordinates"":[]}"
3255,2012-11-29,299.22358957926434,"{""type"":""MultiPoint"",""coordinates"":[]}"
3256,2012-11-30,299.62092145284015,"{""type"":""MultiPoint"",""coordinates"":[]}"
3257,2012-12-01,299.9282061258952,"{""type"":""MultiPoint"",""coordinates"":[]}"
3258,2012-12-02,299.94300587972003,"{""type"":""MultiPoint"",""coordinates"":[]}"
3259,2012-12-03,299.9706834157308,"{""type"":""MultiPoint"",""coordinates"":[]}"
3260,2012-12-04,300.1770159403483,"{""type"":""MultiPoint"",""coordinates"":[]}"
3261,2012-12-05,300.4273910522461,"{""type"":""MultiPoint"",""coordinates"":[]}"
3262,2012-12-06,300.34199142456055,"{""type"":""MultiPoint"",""coordinates"":[]}"
3263,2012-12-07,300.1036294301351,"{""type"":""MultiPoint"",""coordinates"":[]}"
3264,2012-12-08,300.44448534647626,"{""type"":""MultiPoint"",""coordinates"":[]}"
3265,2012-12-09,299.9279848734538,"{""type"":""MultiPoint"",""coordinates"":[]}"
3266,2012-12-10,299.6052411397298,"{""type"":""MultiPoint"",""coordinates"":[]}"
3267,2012-12-11,299.6245632171631,"{""type"":""MultiPoint"",""coordinates"":[]}"
3268,2012-12-12,299.3698393503825,"{""type"":""MultiPoint"",""coordinates"":[]}"
3269,2012-12-13,299.18932660420734,"{""type"":""MultiPoint"",""coordinates"":[]}"
3270,2012-12-14,299.49216715494794,"{""type"":""MultiPoint"",""coordinates"":[]}"
3271,2012-12-15,299.87583859761554,"{""type"":""MultiPoint"",""coordinates"":[]}"
3272,2012-12-16,299.5752493540446,"{""type"":""MultiPoint"",""coordinates"":[]}"
3273,2012-12-17,299.8495801289876,"{""type"":""MultiPoint"",""coordinates"":[]}"
3274,2012-12-18,299.7039311726888,"{""type"":""MultiPoint"",""coordinates"":[]}"
3275,2012-12-19,299.76913324991864,"{""type"":""MultiPoint"",""coordinates"":[]}"
3276,2012-12-20,298.92600440979004,"{""type"":""MultiPoint"",""coordinates"":[]}"
3277,2012-12-21,299.01273918151855,"{""type"":""MultiPoint"",""coordinates"":[]}"
3278,2012-12-22,299.3477528889974,"{""type"":""MultiPoint"",""coordinates"":[]}"
3279,2012-12-23,298.82320340474445,"{""type"":""MultiPoint"",""coordinates"":[]}"
3280,2012-12-24,298.8711446126302,"{""type"":""MultiPoint"",""coordinates"":[]}"
3281,2012-12-25,298.7135982513428,"{""type"":""MultiPoint"",""coordinates"":[]}"
3282,2012-12-26,299.3810628255208,"{""type"":""MultiPoint"",""coordinates"":[]}"
3283,2012-12-27,299.4998779296875,"{""type"":""MultiPoint"",""coordinates"":[]}"
3284,2012-12-28,299.404686609904,"{""type"":""MultiPoint"",""coordinates"":[]}"
3285,2012-12-29,298.93691380818683,"{""type"":""MultiPoint"",""coordinates"":[]}"
3286,2012-12-30,299.3880443572998,"{""type"":""MultiPoint"",""coordinates"":[]}"
3287,2012-12-31,299.4255657196045,"{""type"":""MultiPoint"",""coordinates"":[]}"
3288,2013-01-01,299.43730545043945,"{""type"":""MultiPoint"",""coordinates"":[]}"
3289,2013-01-02,299.1368325551351,"{""type"":""MultiPoint"",""coordinates"":[]}"
3290,2013-01-03,298.95370546976727,"{""type"":""MultiPoint"",""coordinates"":[]}"
3291,2013-01-04,299.02038129170734,"{""type"":""MultiPoint"",""coordinates"":[]}"
3292,2013-01-05,299.39101537068683,"{""type"":""MultiPoint"",""coordinates"":[]}"
3293,2013-01-06,298.74229431152344,"{""type"":""MultiPoint"",""coordinates"":[]}"
3294,2013-01-07,298.7687225341797,"{""type"":""MultiPoint"",""coordinates"":[]}"
3295,2013-01-08,298.88199043273926,"{""type"":""MultiPoint"",""coordinates"":[]}"
3296,2013-01-09,299.22286732991535,"{""type"":""MultiPoint"",""coordinates"":[]}"
3297,2013-01-10,298.39732424418133,"{""type"":""MultiPoint"",""coordinates"":[]}"
3298,2013-01-11,298.6406701405843,"{""type"":""MultiPoint"",""coordinates"":[]}"
3299,2013-01-12,298.7577323913574,"{""type"":""MultiPoint"",""coordinates"":[]}"
3300,2013-01-13,298.8146317799886,"{""type"":""MultiPoint"",""coordinates"":[]}"
3301,2013-01-14,298.6198387145996,"{""type"":""MultiPoint"",""coordinates"":[]}"
3302,2013-01-15,299.0821139017741,"{""type"":""MultiPoint"",""coordinates"":[]}"
3303,2013-01-16,298.833454767863,"{""type"":""MultiPoint"",""coordinates"":[]}"
3304,2013-01-17,298.82494990030926,"{""type"":""MultiPoint"",""coordinates"":[]}"
3305,2013-01-18,298.98936525980633,"{""type"":""MultiPoint"",""coordinates"":[]}"
3306,2013-01-19,298.4758898417155,"{""type"":""MultiPoint"",""coordinates"":[]}"
3307,2013-01-20,298.9009195963542,"{""type"":""MultiPoint"",""coordinates"":[]}"
3308,2013-01-21,299.2177200317383,"{""type"":""MultiPoint"",""coordinates"":[]}"
3309,2013-01-22,298.733730951945,"{""type"":""MultiPoint"",""coordinates"":[]}"
3310,2013-01-23,299.0749155680339,"{""type"":""MultiPoint"",""coordinates"":[]}"
3311,2013-01-24,299.2545216878255,"{""type"":""MultiPoint"",""coordinates"":[]}"
3312,2013-01-25,299.233590443929,"{""type"":""MultiPoint"",""coordinates"":[]}"
3313,2013-01-26,298.96910921732587,"{""type"":""MultiPoint"",""coordinates"":[]}"
3314,2013-01-27,299.0840721130371,"{""type"":""MultiPoint"",""coordinates"":[]}"
3315,2013-01-28,299.2961966196696,"{""type"":""MultiPoint"",""coordinates"":[]}"
3316,2013-01-29,299.43335914611816,"{""type"":""MultiPoint"",""coordinates"":[]}"
3317,2013-01-30,298.77928161621094,"{""type"":""MultiPoint"",""coordinates"":[]}"
3318,2013-01-31,298.4504820505778,"{""type"":""MultiPoint"",""coordinates"":[]}"
3319,2013-02-01,298.4284585316976,"{""type"":""MultiPoint"",""coordinates"":[]}"
3320,2013-02-02,298.80477587382,"{""type"":""MultiPoint"",""coordinates"":[]}"
3321,2013-02-03,298.7734680175781,"{""type"":""MultiPoint"",""coordinates"":[]}"
3322,2013-02-04,298.22680918375653,"{""type"":""MultiPoint"",""coordinates"":[]}"
3323,2013-02-05,298.46933428446454,"{""type"":""MultiPoint"",""coordinates"":[]}"
3324,2013-02-06,298.9828567504883,"{""type"":""MultiPoint"",""coordinates"":[]}"
3325,2013-02-07,299.16666348775226,"{""type"":""MultiPoint"",""coordinates"":[]}"
3326,2013-02-08,299.25341097513837,"{""type"":""MultiPoint"",""coordinates"":[]}"
3327,2013-02-09,298.6839230855306,"{""type"":""MultiPoint"",""coordinates"":[]}"
3328,2013-02-10,298.7032070159912,"{""type"":""MultiPoint"",""coordinates"":[]}"
3329,2013-02-11,298.8676821390788,"{""type"":""MultiPoint"",""coordinates"":[]}"
3330,2013-02-12,298.0253378550212,"{""type"":""MultiPoint"",""coordinates"":[]}"
3331,2013-02-13,298.3399937947591,"{""type"":""MultiPoint"",""coordinates"":[]}"
3332,2013-02-14,299.1013247172038,"{""type"":""MultiPoint"",""coordinates"":[]}"
3333,2013-02-15,298.57135073343915,"{""type"":""MultiPoint"",""coordinates"":[]}"
3334,2013-02-16,298.55737495422363,"{""type"":""MultiPoint"",""coordinates"":[]}"
3335,2013-02-17,298.2078666687012,"{""type"":""MultiPoint"",""coordinates"":[]}"
3336,2013-02-18,298.1919002532959,"{""type"":""MultiPoint"",""coordinates"":[]}"
3337,2013-02-19,298.84214719136554,"{""type"":""MultiPoint"",""coordinates"":[]}"
3338,2013-02-20,299.0393695831299,"{""type"":""MultiPoint"",""coordinates"":[]}"
3339,2013-02-21,299.2231254577637,"{""type"":""MultiPoint"",""coordinates"":[]}"
3340,2013-02-22,298.92044258117676,"{""type"":""MultiPoint"",""coordinates"":[]}"
3341,2013-02-23,298.55252329508465,"{""type"":""MultiPoint"",""coordinates"":[]}"
3342,2013-02-24,299.32668113708496,"{""type"":""MultiPoint"",""coordinates"":[]}"
3343,2013-02-25,298.93509165445965,"{""type"":""MultiPoint"",""coordinates"":[]}"
3344,2013-02-26,299.11179033915204,"{""type"":""MultiPoint"",""coordinates"":[]}"
3345,2013-02-27,299.317632039388,"{""type"":""MultiPoint"",""coordinates"":[]}"
3346,2013-02-28,299.1347592671712,"{""type"":""MultiPoint"",""coordinates"":[]}"
3347,2013-03-01,298.89184188842773,"{""type"":""MultiPoint"",""coordinates"":[]}"
3348,2013-03-02,298.8436902364095,"{""type"":""MultiPoint"",""coordinates"":[]}"
3349,2013-03-03,299.5061779022217,"{""type"":""MultiPoint"",""coordinates"":[]}"
3350,2013-03-04,299.68585268656415,"{""type"":""MultiPoint"",""coordinates"":[]}"
3351,2013-03-05,299.47351519266766,"{""type"":""MultiPoint"",""coordinates"":[]}"
3352,2013-03-06,299.4348570505778,"{""type"":""MultiPoint"",""coordinates"":[]}"
3353,2013-03-07,299.43315442403156,"{""type"":""MultiPoint"",""coordinates"":[]}"
3354,2013-03-08,299.40603001912433,"{""type"":""MultiPoint"",""coordinates"":[]}"
3355,2013-03-09,299.0122540791829,"{""type"":""MultiPoint"",""coordinates"":[]}"
3356,2013-03-10,299.3905741373698,"{""type"":""MultiPoint"",""coordinates"":[]}"
3357,2013-03-11,299.6011397043864,"{""type"":""MultiPoint"",""coordinates"":[]}"
3358,2013-03-12,299.4641812642415,"{""type"":""MultiPoint"",""coordinates"":[]}"
3359,2013-03-13,299.53783162434894,"{""type"":""MultiPoint"",""coordinates"":[]}"
3360,2013-03-14,299.47935167948407,"{""type"":""MultiPoint"",""coordinates"":[]}"
3361,2013-03-15,299.5451520284017,"{""type"":""MultiPoint"",""coordinates"":[]}"
3362,2013-03-16,300.0104401906331,"{""type"":""MultiPoint"",""coordinates"":[]}"
3363,2013-03-17,299.5739218393962,"{""type"":""MultiPoint"",""coordinates"":[]}"
3364,2013-03-18,299.533883412679,"{""type"":""MultiPoint"",""coordinates"":[]}"
3365,2013-03-19,299.4441744486491,"{""type"":""MultiPoint"",""coordinates"":[]}"
3366,2013-03-20,298.68314870198566,"{""type"":""MultiPoint"",""coordinates"":[]}"
3367,2013-03-21,299.495662689209,"{""type"":""MultiPoint"",""coordinates"":[]}"
3368,2013-03-22,299.48315175374347,"{""type"":""MultiPoint"",""coordinates"":[]}"
3369,2013-03-23,299.37670453389484,"{""type"":""MultiPoint"",""coordinates"":[]}"
3370,2013-03-24,299.2148806254069,"{""type"":""MultiPoint"",""coordinates"":[]}"
3371,2013-03-25,298.9175853729248,"{""type"":""MultiPoint"",""coordinates"":[]}"
3372,2013-03-26,299.2073580423991,"{""type"":""MultiPoint"",""coordinates"":[]}"
3373,2013-03-27,299.66150919596356,"{""type"":""MultiPoint"",""coordinates"":[]}"
3374,2013-03-28,299.6865234375,"{""type"":""MultiPoint"",""coordinates"":[]}"
3375,2013-03-29,299.685551961263,"{""type"":""MultiPoint"",""coordinates"":[]}"
3376,2013-03-30,299.4572950998942,"{""type"":""MultiPoint"",""coordinates"":[]}"
3377,2013-03-31,299.3677463531494,"{""type"":""MultiPoint"",""coordinates"":[]}"
3378,2013-04-01,299.3039957682292,"{""type"":""MultiPoint"",""coordinates"":[]}"
3379,2013-04-02,299.6426836649577,"{""type"":""MultiPoint"",""coordinates"":[]}"
3380,2013-04-03,299.42377916971844,"{""type"":""MultiPoint"",""coordinates"":[]}"
3381,2013-04-04,299.36365636189777,"{""type"":""MultiPoint"",""coordinates"":[]}"
3382,2013-04-05,299.4883982340495,"{""type"":""MultiPoint"",""coordinates"":[]}"
3383,2013-04-06,299.7085386912028,"{""type"":""MultiPoint"",""coordinates"":[]}"
3384,2013-04-07,299.7726008097331,"{""type"":""MultiPoint"",""coordinates"":[]}"
3385,2013-04-08,299.3342094421387,"{""type"":""MultiPoint"",""coordinates"":[]}"
3386,2013-04-09,299.22464243570965,"{""type"":""MultiPoint"",""coordinates"":[]}"
3387,2013-04-10,298.68496068318683,"{""type"":""MultiPoint"",""coordinates"":[]}"
3388,2013-04-11,298.8586076100667,"{""type"":""MultiPoint"",""coordinates"":[]}"
3389,2013-04-12,299.5915756225586,"{""type"":""MultiPoint"",""coordinates"":[]}"
3390,2013-04-13,299.492431640625,"{""type"":""MultiPoint"",""coordinates"":[]}"
3391,2013-04-14,298.93305651346844,"{""type"":""MultiPoint"",""coordinates"":[]}"
3392,2013-04-15,299.5947793324788,"{""type"":""MultiPoint"",""coordinates"":[]}"
3393,2013-04-16,299.64955647786456,"{""type"":""MultiPoint"",""coordinates"":[]}"
3394,2013-04-17,299.39258066813153,"{""type"":""MultiPoint"",""coordinates"":[]}"
3395,2013-04-18,299.62731806437176,"{""type"":""MultiPoint"",""coordinates"":[]}"
3396,2013-04-19,299.36517270406085,"{""type"":""MultiPoint"",""coordinates"":[]}"
3397,2013-04-20,299.0617478688558,"{""type"":""MultiPoint"",""coordinates"":[]}"
3398,2013-04-21,299.67593002319336,"{""type"":""MultiPoint"",""coordinates"":[]}"
3399,2013-04-22,299.22915776570636,"{""type"":""MultiPoint"",""coordinates"":[]}"
3400,2013-04-23,298.97451972961426,"{""type"":""MultiPoint"",""coordinates"":[]}"
3401,2013-04-24,298.7898546854655,"{""type"":""MultiPoint"",""coordinates"":[]}"
3402,2013-04-25,298.58912658691406,"{""type"":""MultiPoint"",""coordinates"":[]}"
3403,2013-04-26,298.77620760599774,"{""type"":""MultiPoint"",""coordinates"":[]}"
3404,2013-04-27,298.4901593526204,"{""type"":""MultiPoint"",""coordinates"":[]}"
3405,2013-04-28,298.8111222585042,"{""type"":""MultiPoint"",""coordinates"":[]}"
3406,2013-04-29,299.2614351908366,"{""type"":""MultiPoint"",""coordinates"":[]}"
3407,2013-04-30,299.42076937357587,"{""type"":""MultiPoint"",""coordinates"":[]}"
3408,2013-05-01,299.62334569295246,"{""type"":""MultiPoint"",""coordinates"":[]}"
3409,2013-05-02,299.72012265523273,"{""type"":""MultiPoint"",""coordinates"":[]}"
3410,2013-05-03,299.0591106414795,"{""type"":""MultiPoint"",""coordinates"":[]}"
3411,2013-05-04,299.372750600179,"{""type"":""MultiPoint"",""coordinates"":[]}"
3412,2013-05-05,300.1822052001953,"{""type"":""MultiPoint"",""coordinates"":[]}"
3413,2013-05-06,300.15769068400067,"{""type"":""MultiPoint"",""coordinates"":[]}"
3414,2013-05-07,299.328582127889,"{""type"":""MultiPoint"",""coordinates"":[]}"
3415,2013-05-08,299.4266045888265,"{""type"":""MultiPoint"",""coordinates"":[]}"
3416,2013-05-09,299.8393306732178,"{""type"":""MultiPoint"",""coordinates"":[]}"
3417,2013-05-10,298.9442539215088,"{""type"":""MultiPoint"",""coordinates"":[]}"
3418,2013-05-11,298.68728001912433,"{""type"":""MultiPoint"",""coordinates"":[]}"
3419,2013-05-12,298.8163611094157,"{""type"":""MultiPoint"",""coordinates"":[]}"
3420,2013-05-13,298.8478438059489,"{""type"":""MultiPoint"",""coordinates"":[]}"
3421,2013-05-14,298.9481150309245,"{""type"":""MultiPoint"",""coordinates"":[]}"
3422,2013-05-15,298.9720713297526,"{""type"":""MultiPoint"",""coordinates"":[]}"
3423,2013-05-16,299.6958471934001,"{""type"":""MultiPoint"",""coordinates"":[]}"
3424,2013-05-17,298.4915714263916,"{""type"":""MultiPoint"",""coordinates"":[]}"
3425,2013-05-18,298.92378934224445,"{""type"":""MultiPoint"",""coordinates"":[]}"
3426,2013-05-19,298.899595896403,"{""type"":""MultiPoint"",""coordinates"":[]}"
3427,2013-05-20,299.0575256347656,"{""type"":""MultiPoint"",""coordinates"":[]}"
3428,2013-05-21,299.09340794881183,"{""type"":""MultiPoint"",""coordinates"":[]}"
3429,2013-05-22,299.7321968078613,"{""type"":""MultiPoint"",""coordinates"":[]}"
3430,2013-05-23,299.7074788411458,"{""type"":""MultiPoint"",""coordinates"":[]}"
3431,2013-05-24,299.35958162943524,"{""type"":""MultiPoint"",""coordinates"":[]}"
3432,2013-05-25,299.02236557006836,"{""type"":""MultiPoint"",""coordinates"":[]}"
3433,2013-05-26,299.07052485148114,"{""type"":""MultiPoint"",""coordinates"":[]}"
3434,2013-05-27,299.0255883534749,"{""type"":""MultiPoint"",""coordinates"":[]}"
3435,2013-05-28,298.4540373484294,"{""type"":""MultiPoint"",""coordinates"":[]}"
3436,2013-05-29,298.90684191385907,"{""type"":""MultiPoint"",""coordinates"":[]}"
3437,2013-05-30,298.91140429178876,"{""type"":""MultiPoint"",""coordinates"":[]}"
3438,2013-05-31,299.065616607666,"{""type"":""MultiPoint"",""coordinates"":[]}"
3439,2013-06-01,298.9505500793457,"{""type"":""MultiPoint"",""coordinates"":[]}"
3440,2013-06-02,299.3987528483073,"{""type"":""MultiPoint"",""coordinates"":[]}"
3441,2013-06-03,299.4100691477458,"{""type"":""MultiPoint"",""coordinates"":[]}"
3442,2013-06-04,298.7845821380615,"{""type"":""MultiPoint"",""coordinates"":[]}"
3443,2013-06-05,298.80884742736816,"{""type"":""MultiPoint"",""coordinates"":[]}"
3444,2013-06-06,299.2056484222412,"{""type"":""MultiPoint"",""coordinates"":[]}"
3445,2013-06-07,299.8345082600911,"{""type"":""MultiPoint"",""coordinates"":[]}"
3446,2013-06-08,299.6616433461507,"{""type"":""MultiPoint"",""coordinates"":[]}"
3447,2013-06-09,298.97684542338055,"{""type"":""MultiPoint"",""coordinates"":[]}"
3448,2013-06-10,298.67946179707843,"{""type"":""MultiPoint"",""coordinates"":[]}"
3449,2013-06-11,299.22237459818524,"{""type"":""MultiPoint"",""coordinates"":[]}"
3450,2013-06-12,299.05396397908527,"{""type"":""MultiPoint"",""coordinates"":[]}"
3451,2013-06-13,298.9848213195801,"{""type"":""MultiPoint"",""coordinates"":[]}"
3452,2013-06-14,299.183006922404,"{""type"":""MultiPoint"",""coordinates"":[]}"
3453,2013-06-15,298.95474179585773,"{""type"":""MultiPoint"",""coordinates"":[]}"
3454,2013-06-16,298.89000129699707,"{""type"":""MultiPoint"",""coordinates"":[]}"
3455,2013-06-17,299.383731842041,"{""type"":""MultiPoint"",""coordinates"":[]}"
3456,2013-06-18,299.76466306050617,"{""type"":""MultiPoint"",""coordinates"":[]}"
3457,2013-06-19,298.927448908488,"{""type"":""MultiPoint"",""coordinates"":[]}"
3458,2013-06-20,299.4113648732503,"{""type"":""MultiPoint"",""coordinates"":[]}"
3459,2013-06-21,299.1506233215332,"{""type"":""MultiPoint"",""coordinates"":[]}"
3460,2013-06-22,298.8793315887451,"{""type"":""MultiPoint"",""coordinates"":[]}"
3461,2013-06-23,299.35032335917157,"{""type"":""MultiPoint"",""coordinates"":[]}"
3462,2013-06-24,299.889799118042,"{""type"":""MultiPoint"",""coordinates"":[]}"
3463,2013-06-25,300.1135450998942,"{""type"":""MultiPoint"",""coordinates"":[]}"
3464,2013-06-26,299.645757039388,"{""type"":""MultiPoint"",""coordinates"":[]}"
3465,2013-06-27,299.398977915446,"{""type"":""MultiPoint"",""coordinates"":[]}"
3466,2013-06-28,299.19241587320965,"{""type"":""MultiPoint"",""coordinates"":[]}"
3467,2013-06-29,299.26844724019367,"{""type"":""MultiPoint"",""coordinates"":[]}"
3468,2013-06-30,299.67118708292645,"{""type"":""MultiPoint"",""coordinates"":[]}"
3469,2013-07-01,299.7755266825358,"{""type"":""MultiPoint"",""coordinates"":[]}"
3470,2013-07-02,299.5671984354655,"{""type"":""MultiPoint"",""coordinates"":[]}"
3471,2013-07-03,299.7793725331624,"{""type"":""MultiPoint"",""coordinates"":[]}"
3472,2013-07-04,298.9873631795247,"{""type"":""MultiPoint"",""coordinates"":[]}"
3473,2013-07-05,298.4566427866618,"{""type"":""MultiPoint"",""coordinates"":[]}"
3474,2013-07-06,298.8099721272786,"{""type"":""MultiPoint"",""coordinates"":[]}"
3475,2013-07-07,299.0405851999919,"{""type"":""MultiPoint"",""coordinates"":[]}"
3476,2013-07-08,299.18896357218426,"{""type"":""MultiPoint"",""coordinates"":[]}"
3477,2013-07-09,299.16893577575684,"{""type"":""MultiPoint"",""coordinates"":[]}"
3478,2013-07-10,299.3901227315267,"{""type"":""MultiPoint"",""coordinates"":[]}"
3479,2013-07-11,298.97824414571124,"{""type"":""MultiPoint"",""coordinates"":[]}"
3480,2013-07-12,298.43382835388184,"{""type"":""MultiPoint"",""coordinates"":[]}"
3481,2013-07-13,298.37742296854657,"{""type"":""MultiPoint"",""coordinates"":[]}"
3482,2013-07-14,298.8589496612549,"{""type"":""MultiPoint"",""coordinates"":[]}"
3483,2013-07-15,298.7518704732259,"{""type"":""MultiPoint"",""coordinates"":[]}"
3484,2013-07-16,299.5519212086995,"{""type"":""MultiPoint"",""coordinates"":[]}"
3485,2013-07-17,300.2613061269124,"{""type"":""MultiPoint"",""coordinates"":[]}"
3486,2013-07-18,298.80592664082843,"{""type"":""MultiPoint"",""coordinates"":[]}"
3487,2013-07-19,299.0900230407715,"{""type"":""MultiPoint"",""coordinates"":[]}"
3488,2013-07-20,299.0805079142253,"{""type"":""MultiPoint"",""coordinates"":[]}"
3489,2013-07-21,299.2165584564209,"{""type"":""MultiPoint"",""coordinates"":[]}"
3490,2013-07-22,299.38714599609375,"{""type"":""MultiPoint"",""coordinates"":[]}"
3491,2013-07-23,299.40707461039227,"{""type"":""MultiPoint"",""coordinates"":[]}"
3492,2013-07-24,299.11557324727374,"{""type"":""MultiPoint"",""coordinates"":[]}"
3493,2013-07-25,298.9598496754964,"{""type"":""MultiPoint"",""coordinates"":[]}"
3494,2013-07-26,299.29187329610187,"{""type"":""MultiPoint"",""coordinates"":[]}"
3495,2013-07-27,298.63950475056964,"{""type"":""MultiPoint"",""coordinates"":[]}"
3496,2013-07-28,298.87527720133465,"{""type"":""MultiPoint"",""coordinates"":[]}"
3497,2013-07-29,299.6486250559489,"{""type"":""MultiPoint"",""coordinates"":[]}"
3498,2013-07-30,299.872132619222,"{""type"":""MultiPoint"",""coordinates"":[]}"
3499,2013-07-31,299.60637855529785,"{""type"":""MultiPoint"",""coordinates"":[]}"
3500,2013-08-01,299.3875567118327,"{""type"":""MultiPoint"",""coordinates"":[]}"
3501,2013-08-02,299.5174865722656,"{""type"":""MultiPoint"",""coordinates"":[]}"
3502,2013-08-03,300.2929045359294,"{""type"":""MultiPoint"",""coordinates"":[]}"
3503,2013-08-04,298.91773796081543,"{""type"":""MultiPoint"",""coordinates"":[]}"
3504,2013-08-05,299.4855327606201,"{""type"":""MultiPoint"",""coordinates"":[]}"
3505,2013-08-06,299.17102241516113,"{""type"":""MultiPoint"",""coordinates"":[]}"
3506,2013-08-07,299.1667645772298,"{""type"":""MultiPoint"",""coordinates"":[]}"
3507,2013-08-08,299.4120267232259,"{""type"":""MultiPoint"",""coordinates"":[]}"
3508,2013-08-09,299.6819299062093,"{""type"":""MultiPoint"",""coordinates"":[]}"
3509,2013-08-10,299.22798983256024,"{""type"":""MultiPoint"",""coordinates"":[]}"
3510,2013-08-11,299.2605838775635,"{""type"":""MultiPoint"",""coordinates"":[]}"
3511,2013-08-12,299.6527671813965,"{""type"":""MultiPoint"",""coordinates"":[]}"
3512,2013-08-13,299.7615439097087,"{""type"":""MultiPoint"",""coordinates"":[]}"
3513,2013-08-14,299.98254140218097,"{""type"":""MultiPoint"",""coordinates"":[]}"
3514,2013-08-15,299.58685302734375,"{""type"":""MultiPoint"",""coordinates"":[]}"
3515,2013-08-16,299.5667864481608,"{""type"":""MultiPoint"",""coordinates"":[]}"
3516,2013-08-17,299.2123673756917,"{""type"":""MultiPoint"",""coordinates"":[]}"
3517,2013-08-18,299.63537406921387,"{""type"":""MultiPoint"",""coordinates"":[]}"
3518,2013-08-19,300.03256289164227,"{""type"":""MultiPoint"",""coordinates"":[]}"
3519,2013-08-20,300.35288937886554,"{""type"":""MultiPoint"",""coordinates"":[]}"
3520,2013-08-21,300.25623321533203,"{""type"":""MultiPoint"",""coordinates"":[]}"
3521,2013-08-22,300.0312620798747,"{""type"":""MultiPoint"",""coordinates"":[]}"
3522,2013-08-23,300.08872095743817,"{""type"":""MultiPoint"",""coordinates"":[]}"
3523,2013-08-24,300.17268562316895,"{""type"":""MultiPoint"",""coordinates"":[]}"
3524,2013-08-25,299.97173500061035,"{""type"":""MultiPoint"",""coordinates"":[]}"
3525,2013-08-26,299.5559940338135,"{""type"":""MultiPoint"",""coordinates"":[]}"
3526,2013-08-27,300.01238950093585,"{""type"":""MultiPoint"",""coordinates"":[]}"
3527,2013-08-28,299.71922302246094,"{""type"":""MultiPoint"",""coordinates"":[]}"
3528,2013-08-29,299.5197270711263,"{""type"":""MultiPoint"",""coordinates"":[]}"
3529,2013-08-30,299.4789505004883,"{""type"":""MultiPoint"",""coordinates"":[]}"
3530,2013-08-31,299.77536455790204,"{""type"":""MultiPoint"",""coordinates"":[]}"
3531,2013-09-01,300.06076367696124,"{""type"":""MultiPoint"",""coordinates"":[]}"
3532,2013-09-02,300.18359692891437,"{""type"":""MultiPoint"",""coordinates"":[]}"
3533,2013-09-03,300.452938079834,"{""type"":""MultiPoint"",""coordinates"":[]}"
3534,2013-09-04,300.56861813863117,"{""type"":""MultiPoint"",""coordinates"":[]}"
3535,2013-09-05,301.0260588328044,"{""type"":""MultiPoint"",""coordinates"":[]}"
3536,2013-09-06,300.97997919718426,"{""type"":""MultiPoint"",""coordinates"":[]}"
3537,2013-09-07,300.23617871602374,"{""type"":""MultiPoint"",""coordinates"":[]}"
3538,2013-09-08,300.5199451446533,"{""type"":""MultiPoint"",""coordinates"":[]}"
3539,2013-09-09,300.461212793986,"{""type"":""MultiPoint"",""coordinates"":[]}"
3540,2013-09-10,300.4924914042155,"{""type"":""MultiPoint"",""coordinates"":[]}"
3541,2013-09-11,300.4203224182129,"{""type"":""MultiPoint"",""coordinates"":[]}"
3542,2013-09-12,300.2373911539714,"{""type"":""MultiPoint"",""coordinates"":[]}"
3543,2013-09-13,300.23407491048175,"{""type"":""MultiPoint"",""coordinates"":[]}"
3544,2013-09-14,300.2335039774577,"{""type"":""MultiPoint"",""coordinates"":[]}"
3545,2013-09-15,300.11095937093097,"{""type"":""MultiPoint"",""coordinates"":[]}"
3546,2013-09-16,299.89661407470703,"{""type"":""MultiPoint"",""coordinates"":[]}"
3547,2013-09-17,300.3326333363851,"{""type"":""MultiPoint"",""coordinates"":[]}"
3548,2013-09-18,300.7527046203613,"{""type"":""MultiPoint"",""coordinates"":[]}"
3549,2013-09-19,300.67922019958496,"{""type"":""MultiPoint"",""coordinates"":[]}"
3550,2013-09-20,300.7439606984456,"{""type"":""MultiPoint"",""coordinates"":[]}"
3551,2013-09-21,300.1126658121745,"{""type"":""MultiPoint"",""coordinates"":[]}"
3552,2013-09-22,300.31864229838055,"{""type"":""MultiPoint"",""coordinates"":[]}"
3553,2013-09-23,300.7682062784831,"{""type"":""MultiPoint"",""coordinates"":[]}"
3554,2013-09-24,300.55419158935547,"{""type"":""MultiPoint"",""coordinates"":[]}"
3555,2013-09-25,300.67743428548175,"{""type"":""MultiPoint"",""coordinates"":[]}"
3556,2013-09-26,300.85811106363934,"{""type"":""MultiPoint"",""coordinates"":[]}"
3557,2013-09-27,301.18527030944824,"{""type"":""MultiPoint"",""coordinates"":[]}"
3558,2013-09-28,300.8977591196696,"{""type"":""MultiPoint"",""coordinates"":[]}"
3559,2013-09-29,299.40501912434894,"{""type"":""MultiPoint"",""coordinates"":[]}"
3560,2013-09-30,299.4841473897298,"{""type"":""MultiPoint"",""coordinates"":[]}"
3561,2013-10-01,299.63900566101074,"{""type"":""MultiPoint"",""coordinates"":[]}"
3562,2013-10-02,299.83946482340497,"{""type"":""MultiPoint"",""coordinates"":[]}"
3563,2013-10-03,300.415007909139,"{""type"":""MultiPoint"",""coordinates"":[]}"
3564,2013-10-04,300.60166358947754,"{""type"":""MultiPoint"",""coordinates"":[]}"
3565,2013-10-05,300.17753918965656,"{""type"":""MultiPoint"",""coordinates"":[]}"
3566,2013-10-06,300.11720275878906,"{""type"":""MultiPoint"",""coordinates"":[]}"
3567,2013-10-07,300.27715492248535,"{""type"":""MultiPoint"",""coordinates"":[]}"
3568,2013-10-08,299.99411328633624,"{""type"":""MultiPoint"",""coordinates"":[]}"
3569,2013-10-09,299.7086531321208,"{""type"":""MultiPoint"",""coordinates"":[]}"
3570,2013-10-10,300.131144841512,"{""type"":""MultiPoint"",""coordinates"":[]}"
3571,2013-10-11,300.45170402526855,"{""type"":""MultiPoint"",""coordinates"":[]}"
3572,2013-10-12,300.2665615081787,"{""type"":""MultiPoint"",""coordinates"":[]}"
3573,2013-10-13,300.2292728424072,"{""type"":""MultiPoint"",""coordinates"":[]}"
3574,2013-10-14,300.1848951975505,"{""type"":""MultiPoint"",""coordinates"":[]}"
3575,2013-10-15,300.15208943684894,"{""type"":""MultiPoint"",""coordinates"":[]}"
3576,2013-10-16,300.40664863586426,"{""type"":""MultiPoint"",""coordinates"":[]}"
3577,2013-10-17,300.4019304911296,"{""type"":""MultiPoint"",""coordinates"":[]}"
3578,2013-10-18,300.1619021097819,"{""type"":""MultiPoint"",""coordinates"":[]}"
3579,2013-10-19,300.24688720703125,"{""type"":""MultiPoint"",""coordinates"":[]}"
3580,2013-10-20,300.37001546223956,"{""type"":""MultiPoint"",""coordinates"":[]}"
3581,2013-10-21,299.87259165445965,"{""type"":""MultiPoint"",""coordinates"":[]}"
3582,2013-10-22,300.4790287017822,"{""type"":""MultiPoint"",""coordinates"":[]}"
3583,2013-10-23,300.5325520833333,"{""type"":""MultiPoint"",""coordinates"":[]}"
3584,2013-10-24,300.15905952453613,"{""type"":""MultiPoint"",""coordinates"":[]}"
3585,2013-10-25,300.38268788655597,"{""type"":""MultiPoint"",""coordinates"":[]}"
3586,2013-10-26,299.96883964538574,"{""type"":""MultiPoint"",""coordinates"":[]}"
3587,2013-10-27,299.7085126241048,"{""type"":""MultiPoint"",""coordinates"":[]}"
3588,2013-10-28,299.8411693572998,"{""type"":""MultiPoint"",""coordinates"":[]}"
3589,2013-10-29,298.918701171875,"{""type"":""MultiPoint"",""coordinates"":[]}"
3590,2013-10-30,298.8623396555583,"{""type"":""MultiPoint"",""coordinates"":[]}"
3591,2013-10-31,299.5161412556966,"{""type"":""MultiPoint"",""coordinates"":[]}"
3592,2013-11-01,299.59042104085285,"{""type"":""MultiPoint"",""coordinates"":[]}"
3593,2013-11-02,299.9290707906087,"{""type"":""MultiPoint"",""coordinates"":[]}"
3594,2013-11-03,299.98352432250977,"{""type"":""MultiPoint"",""coordinates"":[]}"
3595,2013-11-04,299.77070236206055,"{""type"":""MultiPoint"",""coordinates"":[]}"
3596,2013-11-05,299.74867884318036,"{""type"":""MultiPoint"",""coordinates"":[]}"
3597,2013-11-06,300.1602643330892,"{""type"":""MultiPoint"",""coordinates"":[]}"
3598,2013-11-07,300.11929003397626,"{""type"":""MultiPoint"",""coordinates"":[]}"
3599,2013-11-08,300.025151570638,"{""type"":""MultiPoint"",""coordinates"":[]}"
3600,2013-11-09,299.1907075246175,"{""type"":""MultiPoint"",""coordinates"":[]}"
3601,2013-11-10,299.1087455749512,"{""type"":""MultiPoint"",""coordinates"":[]}"
3602,2013-11-11,299.0467166900635,"{""type"":""MultiPoint"",""coordinates"":[]}"
3603,2013-11-12,299.56543731689453,"{""type"":""MultiPoint"",""coordinates"":[]}"
3604,2013-11-13,299.47141138712567,"{""type"":""MultiPoint"",""coordinates"":[]}"
3605,2013-11-14,299.92560895284015,"{""type"":""MultiPoint"",""coordinates"":[]}"
3606,2013-11-15,299.93856875101727,"{""type"":""MultiPoint"",""coordinates"":[]}"
3607,2013-11-16,299.5850003560384,"{""type"":""MultiPoint"",""coordinates"":[]}"
3608,2013-11-17,299.99713071187335,"{""type"":""MultiPoint"",""coordinates"":[]}"
3609,2013-11-18,300.23520278930664,"{""type"":""MultiPoint"",""coordinates"":[]}"
3610,2013-11-19,300.13250668843585,"{""type"":""MultiPoint"",""coordinates"":[]}"
3611,2013-11-20,300.06922976175946,"{""type"":""MultiPoint"",""coordinates"":[]}"
3612,2013-11-21,299.7382297515869,"{""type"":""MultiPoint"",""coordinates"":[]}"
3613,2013-11-22,298.9608275095622,"{""type"":""MultiPoint"",""coordinates"":[]}"
3614,2013-11-23,299.1795171101888,"{""type"":""MultiPoint"",""coordinates"":[]}"
3615,2013-11-24,299.5507984161377,"{""type"":""MultiPoint"",""coordinates"":[]}"
3616,2013-11-25,299.9559243520101,"{""type"":""MultiPoint"",""coordinates"":[]}"
3617,2013-11-26,299.3067054748535,"{""type"":""MultiPoint"",""coordinates"":[]}"
3618,2013-11-27,298.6871916453044,"{""type"":""MultiPoint"",""coordinates"":[]}"
3619,2013-11-28,298.75209617614746,"{""type"":""MultiPoint"",""coordinates"":[]}"
3620,2013-11-29,298.84512583414715,"{""type"":""MultiPoint"",""coordinates"":[]}"
3621,2013-11-30,299.04858779907227,"{""type"":""MultiPoint"",""coordinates"":[]}"
3622,2013-12-01,299.71680959065753,"{""type"":""MultiPoint"",""coordinates"":[]}"
3623,2013-12-02,300.00135803222656,"{""type"":""MultiPoint"",""coordinates"":[]}"
3624,2013-12-03,300.09544308980304,"{""type"":""MultiPoint"",""coordinates"":[]}"
3625,2013-12-04,299.3024533589681,"{""type"":""MultiPoint"",""coordinates"":[]}"
3626,2013-12-05,299.21681022644043,"{""type"":""MultiPoint"",""coordinates"":[]}"
3627,2013-12-06,299.3635559082031,"{""type"":""MultiPoint"",""coordinates"":[]}"
3628,2013-12-07,299.4455140431722,"{""type"":""MultiPoint"",""coordinates"":[]}"
3629,2013-12-08,299.670862197876,"{""type"":""MultiPoint"",""coordinates"":[]}"
3630,2013-12-09,299.17916170756024,"{""type"":""MultiPoint"",""coordinates"":[]}"
3631,2013-12-10,299.6411584218343,"{""type"":""MultiPoint"",""coordinates"":[]}"
3632,2013-12-11,300.0034891764323,"{""type"":""MultiPoint"",""coordinates"":[]}"
3633,2013-12-12,298.9286874135335,"{""type"":""MultiPoint"",""coordinates"":[]}"
3634,2013-12-13,298.46279525756836,"{""type"":""MultiPoint"",""coordinates"":[]}"
3635,2013-12-14,298.45150502522785,"{""type"":""MultiPoint"",""coordinates"":[]}"
3636,2013-12-15,298.3598327636719,"{""type"":""MultiPoint"",""coordinates"":[]}"
3637,2013-12-16,298.8511206309001,"{""type"":""MultiPoint"",""coordinates"":[]}"
3638,2013-12-17,298.8860327402751,"{""type"":""MultiPoint"",""coordinates"":[]}"
3639,2013-12-18,299.11169179280597,"{""type"":""MultiPoint"",""coordinates"":[]}"
3640,2013-12-19,298.5050271352132,"{""type"":""MultiPoint"",""coordinates"":[]}"
3641,2013-12-20,298.81627527872723,"{""type"":""MultiPoint"",""coordinates"":[]}"
3642,2013-12-21,298.7630386352539,"{""type"":""MultiPoint"",""coordinates"":[]}"
3643,2013-12-22,298.7783845265706,"{""type"":""MultiPoint"",""coordinates"":[]}"
3644,2013-12-23,298.319393157959,"{""type"":""MultiPoint"",""coordinates"":[]}"
3645,2013-12-24,299.01027488708496,"{""type"":""MultiPoint"",""coordinates"":[]}"
3646,2013-12-25,298.85362752278644,"{""type"":""MultiPoint"",""coordinates"":[]}"
3647,2013-12-26,298.2494633992513,"{""type"":""MultiPoint"",""coordinates"":[]}"
3648,2013-12-27,298.80854988098145,"{""type"":""MultiPoint"",""coordinates"":[]}"
3649,2013-12-28,298.41771189371747,"{""type"":""MultiPoint"",""coordinates"":[]}"
3650,2013-12-29,298.6220537821452,"{""type"":""MultiPoint"",""coordinates"":[]}"
3651,2013-12-30,299.1600151062012,"{""type"":""MultiPoint"",""coordinates"":[]}"
3652,2013-12-31,298.86207580566406,"{""type"":""MultiPoint"",""coordinates"":[]}"
3653,2014-01-01,298.57494862874347,"{""type"":""MultiPoint"",""coordinates"":[]}"
3654,2014-01-02,298.76912625630695,"{""type"":""MultiPoint"",""coordinates"":[]}"
3655,2014-01-03,299.12474250793457,"{""type"":""MultiPoint"",""coordinates"":[]}"
3656,2014-01-04,299.02148628234863,"{""type"":""MultiPoint"",""coordinates"":[]}"
3657,2014-01-05,299.05814870198566,"{""type"":""MultiPoint"",""coordinates"":[]}"
3658,2014-01-06,298.45020802815753,"{""type"":""MultiPoint"",""coordinates"":[]}"
3659,2014-01-07,298.705898920695,"{""type"":""MultiPoint"",""coordinates"":[]}"
3660,2014-01-08,298.35105323791504,"{""type"":""MultiPoint"",""coordinates"":[]}"
3661,2014-01-09,298.22520955403644,"{""type"":""MultiPoint"",""coordinates"":[]}"
3662,2014-01-10,298.3294626871745,"{""type"":""MultiPoint"",""coordinates"":[]}"
3663,2014-01-11,298.17771593729657,"{""type"":""MultiPoint"",""coordinates"":[]}"
3664,2014-01-12,298.1973400115967,"{""type"":""MultiPoint"",""coordinates"":[]}"
3665,2014-01-13,297.9877643585205,"{""type"":""MultiPoint"",""coordinates"":[]}"
3666,2014-01-14,298.24497413635254,"{""type"":""MultiPoint"",""coordinates"":[]}"
3667,2014-01-15,298.0795033772786,"{""type"":""MultiPoint"",""coordinates"":[]}"
3668,2014-01-16,298.22631581624347,"{""type"":""MultiPoint"",""coordinates"":[]}"
3669,2014-01-17,298.7389481862386,"{""type"":""MultiPoint"",""coordinates"":[]}"
3670,2014-01-18,299.0237636566162,"{""type"":""MultiPoint"",""coordinates"":[]}"
3671,2014-01-19,298.9651616414388,"{""type"":""MultiPoint"",""coordinates"":[]}"
3672,2014-01-20,298.66690190633136,"{""type"":""MultiPoint"",""coordinates"":[]}"
3673,2014-01-21,298.3882700602214,"{""type"":""MultiPoint"",""coordinates"":[]}"
3674,2014-01-22,298.99160448710126,"{""type"":""MultiPoint"",""coordinates"":[]}"
3675,2014-01-23,299.06419054667157,"{""type"":""MultiPoint"",""coordinates"":[]}"
3676,2014-01-24,298.8170680999756,"{""type"":""MultiPoint"",""coordinates"":[]}"
3677,2014-01-25,298.5087496439616,"{""type"":""MultiPoint"",""coordinates"":[]}"
3678,2014-01-26,298.48440806070965,"{""type"":""MultiPoint"",""coordinates"":[]}"
3679,2014-01-27,298.73118591308594,"{""type"":""MultiPoint"",""coordinates"":[]}"
3680,2014-01-28,298.5242780049642,"{""type"":""MultiPoint"",""coordinates"":[]}"
3681,2014-01-29,298.7224998474121,"{""type"":""MultiPoint"",""coordinates"":[]}"
3682,2014-01-30,298.0062090555827,"{""type"":""MultiPoint"",""coordinates"":[]}"
3683,2014-01-31,297.8046811421712,"{""type"":""MultiPoint"",""coordinates"":[]}"
3684,2014-02-01,298.1187089284261,"{""type"":""MultiPoint"",""coordinates"":[]}"
3685,2014-02-02,298.65749804178876,"{""type"":""MultiPoint"",""coordinates"":[]}"
3686,2014-02-03,298.92981402079266,"{""type"":""MultiPoint"",""coordinates"":[]}"
3687,2014-02-04,298.8987897237142,"{""type"":""MultiPoint"",""coordinates"":[]}"
3688,2014-02-05,298.3933684031169,"{""type"":""MultiPoint"",""coordinates"":[]}"
3689,2014-02-06,298.20990498860675,"{""type"":""MultiPoint"",""coordinates"":[]}"
3690,2014-02-07,298.5599708557129,"{""type"":""MultiPoint"",""coordinates"":[]}"
3691,2014-02-08,298.21885045369464,"{""type"":""MultiPoint"",""coordinates"":[]}"
3692,2014-02-09,298.3179651896159,"{""type"":""MultiPoint"",""coordinates"":[]}"
3693,2014-02-10,298.4058532714844,"{""type"":""MultiPoint"",""coordinates"":[]}"
3694,2014-02-11,298.9757302602132,"{""type"":""MultiPoint"",""coordinates"":[]}"
3695,2014-02-12,298.69467544555664,"{""type"":""MultiPoint"",""coordinates"":[]}"
3696,2014-02-13,298.6057662963867,"{""type"":""MultiPoint"",""coordinates"":[]}"
3697,2014-02-14,298.35936609903973,"{""type"":""MultiPoint"",""coordinates"":[]}"
3698,2014-02-15,298.3813648223877,"{""type"":""MultiPoint"",""coordinates"":[]}"
3699,2014-02-16,298.3622868855794,"{""type"":""MultiPoint"",""coordinates"":[]}"
3700,2014-02-17,298.5276304880778,"{""type"":""MultiPoint"",""coordinates"":[]}"
3701,2014-02-18,298.28377978007,"{""type"":""MultiPoint"",""coordinates"":[]}"
3702,2014-02-19,298.5856596628825,"{""type"":""MultiPoint"",""coordinates"":[]}"
3703,2014-02-20,298.60919825236004,"{""type"":""MultiPoint"",""coordinates"":[]}"
3704,2014-02-21,298.27431805928546,"{""type"":""MultiPoint"",""coordinates"":[]}"
3705,2014-02-22,298.43574714660645,"{""type"":""MultiPoint"",""coordinates"":[]}"
3706,2014-02-23,298.9874661763509,"{""type"":""MultiPoint"",""coordinates"":[]}"
3707,2014-02-24,298.62767219543457,"{""type"":""MultiPoint"",""coordinates"":[]}"
3708,2014-02-25,298.23996925354004,"{""type"":""MultiPoint"",""coordinates"":[]}"
3709,2014-02-26,298.4827995300293,"{""type"":""MultiPoint"",""coordinates"":[]}"
3710,2014-02-27,298.7471758524577,"{""type"":""MultiPoint"",""coordinates"":[]}"
3711,2014-02-28,298.9979057312012,"{""type"":""MultiPoint"",""coordinates"":[]}"
3712,2014-03-01,298.8743782043457,"{""type"":""MultiPoint"",""coordinates"":[]}"
3713,2014-03-02,298.7091312408447,"{""type"":""MultiPoint"",""coordinates"":[]}"
3714,2014-03-03,298.6406002044678,"{""type"":""MultiPoint"",""coordinates"":[]}"
3715,2014-03-04,298.80382855733234,"{""type"":""MultiPoint"",""coordinates"":[]}"
3716,2014-03-05,298.5273787180583,"{""type"":""MultiPoint"",""coordinates"":[]}"
3717,2014-03-06,298.6756731669108,"{""type"":""MultiPoint"",""coordinates"":[]}"
3718,2014-03-07,298.60037485758465,"{""type"":""MultiPoint"",""coordinates"":[]}"
3719,2014-03-08,298.6304931640625,"{""type"":""MultiPoint"",""coordinates"":[]}"
3720,2014-03-09,298.86238288879395,"{""type"":""MultiPoint"",""coordinates"":[]}"
3721,2014-03-10,298.927926381429,"{""type"":""MultiPoint"",""coordinates"":[]}"
3722,2014-03-11,298.95818583170575,"{""type"":""MultiPoint"",""coordinates"":[]}"
3723,2014-03-12,299.23181851704913,"{""type"":""MultiPoint"",""coordinates"":[]}"
3724,2014-03-13,299.4608980814616,"{""type"":""MultiPoint"",""coordinates"":[]}"
3725,2014-03-14,298.96727625528973,"{""type"":""MultiPoint"",""coordinates"":[]}"
3726,2014-03-15,298.8235613505046,"{""type"":""MultiPoint"",""coordinates"":[]}"
3727,2014-03-16,299.1355495452881,"{""type"":""MultiPoint"",""coordinates"":[]}"
3728,2014-03-17,299.2914231618245,"{""type"":""MultiPoint"",""coordinates"":[]}"
3729,2014-03-18,299.30215390523273,"{""type"":""MultiPoint"",""coordinates"":[]}"
3730,2014-03-19,298.98363304138184,"{""type"":""MultiPoint"",""coordinates"":[]}"
3731,2014-03-20,298.8879451751709,"{""type"":""MultiPoint"",""coordinates"":[]}"
3732,2014-03-21,299.3062280019124,"{""type"":""MultiPoint"",""coordinates"":[]}"
3733,2014-03-22,298.9870491027832,"{""type"":""MultiPoint"",""coordinates"":[]}"
3734,2014-03-23,299.0810629526774,"{""type"":""MultiPoint"",""coordinates"":[]}"
3735,2014-03-24,299.18651644388837,"{""type"":""MultiPoint"",""coordinates"":[]}"
3736,2014-03-25,299.0182622273763,"{""type"":""MultiPoint"",""coordinates"":[]}"
3737,2014-03-26,299.1481405893962,"{""type"":""MultiPoint"",""coordinates"":[]}"
3738,2014-03-27,299.0467834472656,"{""type"":""MultiPoint"",""coordinates"":[]}"
3739,2014-03-28,298.97040367126465,"{""type"":""MultiPoint"",""coordinates"":[]}"
3740,2014-03-29,298.7946135203044,"{""type"":""MultiPoint"",""coordinates"":[]}"
3741,2014-03-30,298.63829803466797,"{""type"":""MultiPoint"",""coordinates"":[]}"
3742,2014-03-31,298.8223584493001,"{""type"":""MultiPoint"",""coordinates"":[]}"
3743,2014-04-01,298.9877993265788,"{""type"":""MultiPoint"",""coordinates"":[]}"
3744,2014-04-02,299.4030952453613,"{""type"":""MultiPoint"",""coordinates"":[]}"
3745,2014-04-03,299.1798572540283,"{""type"":""MultiPoint"",""coordinates"":[]}"
3746,2014-04-04,299.2095355987549,"{""type"":""MultiPoint"",""coordinates"":[]}"
3747,2014-04-05,299.3284339904785,"{""type"":""MultiPoint"",""coordinates"":[]}"
3748,2014-04-06,299.6342309315999,"{""type"":""MultiPoint"",""coordinates"":[]}"
3749,2014-04-07,299.5815773010254,"{""type"":""MultiPoint"",""coordinates"":[]}"
3750,2014-04-08,299.57997067769367,"{""type"":""MultiPoint"",""coordinates"":[]}"
3751,2014-04-09,299.50428517659503,"{""type"":""MultiPoint"",""coordinates"":[]}"
3752,2014-04-10,299.05675824483234,"{""type"":""MultiPoint"",""coordinates"":[]}"
3753,2014-04-11,298.48118527730304,"{""type"":""MultiPoint"",""coordinates"":[]}"
3754,2014-04-12,298.79818471272785,"{""type"":""MultiPoint"",""coordinates"":[]}"
3755,2014-04-13,298.6566022237142,"{""type"":""MultiPoint"",""coordinates"":[]}"
3756,2014-04-14,298.15535799662274,"{""type"":""MultiPoint"",""coordinates"":[]}"
3757,2014-04-15,298.8936538696289,"{""type"":""MultiPoint"",""coordinates"":[]}"
3758,2014-04-16,299.4000352223714,"{""type"":""MultiPoint"",""coordinates"":[]}"
3759,2014-04-17,299.7666212717692,"{""type"":""MultiPoint"",""coordinates"":[]}"
3760,2014-04-18,299.70765177408856,"{""type"":""MultiPoint"",""coordinates"":[]}"
3761,2014-04-19,299.30942408243817,"{""type"":""MultiPoint"",""coordinates"":[]}"
3762,2014-04-20,299.3175360361735,"{""type"":""MultiPoint"",""coordinates"":[]}"
3763,2014-04-21,299.62500953674316,"{""type"":""MultiPoint"",""coordinates"":[]}"
3764,2014-04-22,299.5427303314209,"{""type"":""MultiPoint"",""coordinates"":[]}"
3765,2014-04-23,299.46354420979816,"{""type"":""MultiPoint"",""coordinates"":[]}"
3766,2014-04-24,299.57946650187176,"{""type"":""MultiPoint"",""coordinates"":[]}"
3767,2014-04-25,299.3983796437581,"{""type"":""MultiPoint"",""coordinates"":[]}"
3768,2014-04-26,299.29849370320636,"{""type"":""MultiPoint"",""coordinates"":[]}"
3769,2014-04-27,299.5612436930339,"{""type"":""MultiPoint"",""coordinates"":[]}"
3770,2014-04-28,299.5841312408447,"{""type"":""MultiPoint"",""coordinates"":[]}"
3771,2014-04-29,299.4388033548991,"{""type"":""MultiPoint"",""coordinates"":[]}"
3772,2014-04-30,299.56257184346515,"{""type"":""MultiPoint"",""coordinates"":[]}"
3773,2014-05-01,299.4806543986003,"{""type"":""MultiPoint"",""coordinates"":[]}"
3774,2014-05-02,299.5205949147542,"{""type"":""MultiPoint"",""coordinates"":[]}"
3775,2014-05-03,299.6287333170573,"{""type"":""MultiPoint"",""coordinates"":[]}"
3776,2014-05-04,299.6288890838623,"{""type"":""MultiPoint"",""coordinates"":[]}"
3777,2014-05-05,299.2235565185547,"{""type"":""MultiPoint"",""coordinates"":[]}"
3778,2014-05-06,299.45287386576337,"{""type"":""MultiPoint"",""coordinates"":[]}"
3779,2014-05-07,299.6997191111247,"{""type"":""MultiPoint"",""coordinates"":[]}"
3780,2014-05-08,299.5632069905599,"{""type"":""MultiPoint"",""coordinates"":[]}"
3781,2014-05-09,299.4743169148763,"{""type"":""MultiPoint"",""coordinates"":[]}"
3782,2014-05-10,299.8512541453044,"{""type"":""MultiPoint"",""coordinates"":[]}"
3783,2014-05-11,299.4871654510498,"{""type"":""MultiPoint"",""coordinates"":[]}"
3784,2014-05-12,299.5031674702962,"{""type"":""MultiPoint"",""coordinates"":[]}"
3785,2014-05-13,299.60046577453613,"{""type"":""MultiPoint"",""coordinates"":[]}"
3786,2014-05-14,300.0447533925374,"{""type"":""MultiPoint"",""coordinates"":[]}"
3787,2014-05-15,299.8860041300456,"{""type"":""MultiPoint"",""coordinates"":[]}"
3788,2014-05-16,299.50526237487793,"{""type"":""MultiPoint"",""coordinates"":[]}"
3789,2014-05-17,299.9807554880778,"{""type"":""MultiPoint"",""coordinates"":[]}"
3790,2014-05-18,299.98627916971844,"{""type"":""MultiPoint"",""coordinates"":[]}"
3791,2014-05-19,298.7452036539714,"{""type"":""MultiPoint"",""coordinates"":[]}"
3792,2014-05-20,299.7609386444092,"{""type"":""MultiPoint"",""coordinates"":[]}"
3793,2014-05-21,299.97146542867023,"{""type"":""MultiPoint"",""coordinates"":[]}"
3794,2014-05-22,299.68781089782715,"{""type"":""MultiPoint"",""coordinates"":[]}"
3795,2014-05-23,299.66772778828937,"{""type"":""MultiPoint"",""coordinates"":[]}"
3796,2014-05-24,299.41790199279785,"{""type"":""MultiPoint"",""coordinates"":[]}"
3797,2014-05-25,298.973908106486,"{""type"":""MultiPoint"",""coordinates"":[]}"
3798,2014-05-26,299.42819849650067,"{""type"":""MultiPoint"",""coordinates"":[]}"
3799,2014-05-27,299.07489077250165,"{""type"":""MultiPoint"",""coordinates"":[]}"
3800,2014-05-28,298.96046384175617,"{""type"":""MultiPoint"",""coordinates"":[]}"
3801,2014-05-29,299.63887786865234,"{""type"":""MultiPoint"",""coordinates"":[]}"
3802,2014-05-30,299.0549119313558,"{""type"":""MultiPoint"",""coordinates"":[]}"
3803,2014-05-31,298.6871388753255,"{""type"":""MultiPoint"",""coordinates"":[]}"
3804,2014-06-01,299.03252538045246,"{""type"":""MultiPoint"",""coordinates"":[]}"
3805,2014-06-02,299.4824587504069,"{""type"":""MultiPoint"",""coordinates"":[]}"
3806,2014-06-03,299.53368186950684,"{""type"":""MultiPoint"",""coordinates"":[]}"
3807,2014-06-04,299.36076100667316,"{""type"":""MultiPoint"",""coordinates"":[]}"
3808,2014-06-05,298.87483469645184,"{""type"":""MultiPoint"",""coordinates"":[]}"
3809,2014-06-06,299.3658339182536,"{""type"":""MultiPoint"",""coordinates"":[]}"
3810,2014-06-07,299.04843457539874,"{""type"":""MultiPoint"",""coordinates"":[]}"
3811,2014-06-08,299.4497152964274,"{""type"":""MultiPoint"",""coordinates"":[]}"
3812,2014-06-09,299.2698504130046,"{""type"":""MultiPoint"",""coordinates"":[]}"
3813,2014-06-10,299.6497395833333,"{""type"":""MultiPoint"",""coordinates"":[]}"
3814,2014-06-11,299.4327341715495,"{""type"":""MultiPoint"",""coordinates"":[]}"
3815,2014-06-12,299.2003033955892,"{""type"":""MultiPoint"",""coordinates"":[]}"
3816,2014-06-13,299.02280044555664,"{""type"":""MultiPoint"",""coordinates"":[]}"
3817,2014-06-14,299.0960807800293,"{""type"":""MultiPoint"",""coordinates"":[]}"
3818,2014-06-15,299.0491491953532,"{""type"":""MultiPoint"",""coordinates"":[]}"
3819,2014-06-16,299.7402051289876,"{""type"":""MultiPoint"",""coordinates"":[]}"
3820,2014-06-17,299.52905019124347,"{""type"":""MultiPoint"",""coordinates"":[]}"
3821,2014-06-18,299.4777825673421,"{""type"":""MultiPoint"",""coordinates"":[]}"
3822,2014-06-19,299.1828276316325,"{""type"":""MultiPoint"",""coordinates"":[]}"
3823,2014-06-20,299.20441246032715,"{""type"":""MultiPoint"",""coordinates"":[]}"
3824,2014-06-21,299.2007579803467,"{""type"":""MultiPoint"",""coordinates"":[]}"
3825,2014-06-22,299.0235118865967,"{""type"":""MultiPoint"",""coordinates"":[]}"
3826,2014-06-23,298.8383369445801,"{""type"":""MultiPoint"",""coordinates"":[]}"
3827,2014-06-24,299.384422938029,"{""type"":""MultiPoint"",""coordinates"":[]}"
3828,2014-06-25,299.41211318969727,"{""type"":""MultiPoint"",""coordinates"":[]}"
3829,2014-06-26,298.93940989176434,"{""type"":""MultiPoint"",""coordinates"":[]}"
3830,2014-06-27,299.1024627685547,"{""type"":""MultiPoint"",""coordinates"":[]}"
3831,2014-06-28,299.1401831309001,"{""type"":""MultiPoint"",""coordinates"":[]}"
3832,2014-06-29,299.1587200164795,"{""type"":""MultiPoint"",""coordinates"":[]}"
3833,2014-06-30,299.37252871195477,"{""type"":""MultiPoint"",""coordinates"":[]}"
3834,2014-07-01,299.2629909515381,"{""type"":""MultiPoint"",""coordinates"":[]}"
3835,2014-07-02,299.2003542582194,"{""type"":""MultiPoint"",""coordinates"":[]}"
3836,2014-07-03,298.71994400024414,"{""type"":""MultiPoint"",""coordinates"":[]}"
3837,2014-07-04,298.91521072387695,"{""type"":""MultiPoint"",""coordinates"":[]}"
3838,2014-07-05,299.27493476867676,"{""type"":""MultiPoint"",""coordinates"":[]}"
3839,2014-07-06,299.06422360738117,"{""type"":""MultiPoint"",""coordinates"":[]}"
3840,2014-07-07,299.31946563720703,"{""type"":""MultiPoint"",""coordinates"":[]}"
3841,2014-07-08,298.9489002227783,"{""type"":""MultiPoint"",""coordinates"":[]}"
3842,2014-07-09,298.6986598968506,"{""type"":""MultiPoint"",""coordinates"":[]}"
3843,2014-07-10,298.308796564738,"{""type"":""MultiPoint"",""coordinates"":[]}"
3844,2014-07-11,298.68921915690106,"{""type"":""MultiPoint"",""coordinates"":[]}"
3845,2014-07-12,299.36320940653485,"{""type"":""MultiPoint"",""coordinates"":[]}"
3846,2014-07-13,299.73081334431964,"{""type"":""MultiPoint"",""coordinates"":[]}"
3847,2014-07-14,299.2361348470052,"{""type"":""MultiPoint"",""coordinates"":[]}"
3848,2014-07-15,299.55799102783203,"{""type"":""MultiPoint"",""coordinates"":[]}"
3849,2014-07-16,300.1975015004476,"{""type"":""MultiPoint"",""coordinates"":[]}"
3850,2014-07-17,299.19324429829913,"{""type"":""MultiPoint"",""coordinates"":[]}"
3851,2014-07-18,299.3206265767415,"{""type"":""MultiPoint"",""coordinates"":[]}"
3852,2014-07-19,299.37182426452637,"{""type"":""MultiPoint"",""coordinates"":[]}"
3853,2014-07-20,299.88706398010254,"{""type"":""MultiPoint"",""coordinates"":[]}"
3854,2014-07-21,299.9099655151367,"{""type"":""MultiPoint"",""coordinates"":[]}"
3855,2014-07-22,299.7945982615153,"{""type"":""MultiPoint"",""coordinates"":[]}"
3856,2014-07-23,300.27970186869305,"{""type"":""MultiPoint"",""coordinates"":[]}"
3857,2014-07-24,299.89929517110187,"{""type"":""MultiPoint"",""coordinates"":[]}"
3858,2014-07-25,299.73674964904785,"{""type"":""MultiPoint"",""coordinates"":[]}"
3859,2014-07-26,300.0890064239502,"{""type"":""MultiPoint"",""coordinates"":[]}"
3860,2014-07-27,299.97870381673175,"{""type"":""MultiPoint"",""coordinates"":[]}"
3861,2014-07-28,299.9803587595622,"{""type"":""MultiPoint"",""coordinates"":[]}"
3862,2014-07-29,299.7509644826253,"{""type"":""MultiPoint"",""coordinates"":[]}"
3863,2014-07-30,299.62363052368164,"{""type"":""MultiPoint"",""coordinates"":[]}"
3864,2014-07-31,299.6748860677083,"{""type"":""MultiPoint"",""coordinates"":[]}"
3865,2014-08-01,299.3882369995117,"{""type"":""MultiPoint"",""coordinates"":[]}"
3866,2014-08-02,299.3169975280762,"{""type"":""MultiPoint"",""coordinates"":[]}"
3867,2014-08-03,299.3514455159505,"{""type"":""MultiPoint"",""coordinates"":[]}"
3868,2014-08-04,300.08469518025714,"{""type"":""MultiPoint"",""coordinates"":[]}"
3869,2014-08-05,299.253714243571,"{""type"":""MultiPoint"",""coordinates"":[]}"
3870,2014-08-06,299.3011302947998,"{""type"":""MultiPoint"",""coordinates"":[]}"
3871,2014-08-07,299.88829549153644,"{""type"":""MultiPoint"",""coordinates"":[]}"
3872,2014-08-08,299.96730041503906,"{""type"":""MultiPoint"",""coordinates"":[]}"
3873,2014-08-09,300.20299275716144,"{""type"":""MultiPoint"",""coordinates"":[]}"
3874,2014-08-10,299.76903025309247,"{""type"":""MultiPoint"",""coordinates"":[]}"
3875,2014-08-11,299.61915524800617,"{""type"":""MultiPoint"",""coordinates"":[]}"
3876,2014-08-12,300.1970583597819,"{""type"":""MultiPoint"",""coordinates"":[]}"
3877,2014-08-13,300.09092903137207,"{""type"":""MultiPoint"",""coordinates"":[]}"
3878,2014-08-14,299.85341453552246,"{""type"":""MultiPoint"",""coordinates"":[]}"
3879,2014-08-15,299.86755688985187,"{""type"":""MultiPoint"",""coordinates"":[]}"
3880,2014-08-16,299.66543706258136,"{""type"":""MultiPoint"",""coordinates"":[]}"
3881,2014-08-17,300.20339520772296,"{""type"":""MultiPoint"",""coordinates"":[]}"
3882,2014-08-18,299.8040517171224,"{""type"":""MultiPoint"",""coordinates"":[]}"
3883,2014-08-19,299.1933657328288,"{""type"":""MultiPoint"",""coordinates"":[]}"
3884,2014-08-20,298.57828521728516,"{""type"":""MultiPoint"",""coordinates"":[]}"
3885,2014-08-21,298.8659807840983,"{""type"":""MultiPoint"",""coordinates"":[]}"
3886,2014-08-22,299.7172787984212,"{""type"":""MultiPoint"",""coordinates"":[]}"
3887,2014-08-23,299.82232157389325,"{""type"":""MultiPoint"",""coordinates"":[]}"
3888,2014-08-24,300.3124593098958,"{""type"":""MultiPoint"",""coordinates"":[]}"
3889,2014-08-25,300.28772417704266,"{""type"":""MultiPoint"",""coordinates"":[]}"
3890,2014-08-26,300.09307797749835,"{""type"":""MultiPoint"",""coordinates"":[]}"
3891,2014-08-27,300.1631546020508,"{""type"":""MultiPoint"",""coordinates"":[]}"
3892,2014-08-28,300.06920433044434,"{""type"":""MultiPoint"",""coordinates"":[]}"
3893,2014-08-29,300.21900431315106,"{""type"":""MultiPoint"",""coordinates"":[]}"
3894,2014-08-30,300.3523858388265,"{""type"":""MultiPoint"",""coordinates"":[]}"
3895,2014-08-31,300.1505883534749,"{""type"":""MultiPoint"",""coordinates"":[]}"
3896,2014-09-01,299.8615525563558,"{""type"":""MultiPoint"",""coordinates"":[]}"
3897,2014-09-02,300.390380859375,"{""type"":""MultiPoint"",""coordinates"":[]}"
3898,2014-09-03,300.69535064697266,"{""type"":""MultiPoint"",""coordinates"":[]}"
3899,2014-09-04,300.3006229400635,"{""type"":""MultiPoint"",""coordinates"":[]}"
3900,2014-09-05,300.2989781697591,"{""type"":""MultiPoint"",""coordinates"":[]}"
3901,2014-09-06,300.4634329477946,"{""type"":""MultiPoint"",""coordinates"":[]}"
3902,2014-09-07,300.1811809539795,"{""type"":""MultiPoint"",""coordinates"":[]}"
3903,2014-09-08,299.96935907999676,"{""type"":""MultiPoint"",""coordinates"":[]}"
3904,2014-09-09,299.79168192545575,"{""type"":""MultiPoint"",""coordinates"":[]}"
3905,2014-09-10,300.302043279012,"{""type"":""MultiPoint"",""coordinates"":[]}"
3906,2014-09-11,300.1602719624837,"{""type"":""MultiPoint"",""coordinates"":[]}"
3907,2014-09-12,299.9412549336751,"{""type"":""MultiPoint"",""coordinates"":[]}"
3908,2014-09-13,300.1857217152913,"{""type"":""MultiPoint"",""coordinates"":[]}"
3909,2014-09-14,300.5779463450114,"{""type"":""MultiPoint"",""coordinates"":[]}"
3910,2014-09-15,300.3965543111165,"{""type"":""MultiPoint"",""coordinates"":[]}"
3911,2014-09-16,300.3324502309163,"{""type"":""MultiPoint"",""coordinates"":[]}"
3912,2014-09-17,300.3103656768799,"{""type"":""MultiPoint"",""coordinates"":[]}"
3913,2014-09-18,300.4557698567708,"{""type"":""MultiPoint"",""coordinates"":[]}"
3914,2014-09-19,299.97818183898926,"{""type"":""MultiPoint"",""coordinates"":[]}"
3915,2014-09-20,300.1681989034017,"{""type"":""MultiPoint"",""coordinates"":[]}"
3916,2014-09-21,300.4118932088216,"{""type"":""MultiPoint"",""coordinates"":[]}"
3917,2014-09-22,300.53639030456543,"{""type"":""MultiPoint"",""coordinates"":[]}"
3918,2014-09-23,300.73269335428876,"{""type"":""MultiPoint"",""coordinates"":[]}"
3919,2014-09-24,300.707176844279,"{""type"":""MultiPoint"",""coordinates"":[]}"
3920,2014-09-25,300.4455909729004,"{""type"":""MultiPoint"",""coordinates"":[]}"
3921,2014-09-26,300.7538636525472,"{""type"":""MultiPoint"",""coordinates"":[]}"
3922,2014-09-27,300.57886123657227,"{""type"":""MultiPoint"",""coordinates"":[]}"
3923,2014-09-28,300.5118408203125,"{""type"":""MultiPoint"",""coordinates"":[]}"
3924,2014-09-29,300.5134398142497,"{""type"":""MultiPoint"",""coordinates"":[]}"
3925,2014-09-30,300.1614850362142,"{""type"":""MultiPoint"",""coordinates"":[]}"
3926,2014-10-01,300.5623264312744,"{""type"":""MultiPoint"",""coordinates"":[]}"
3927,2014-10-02,300.8904088338216,"{""type"":""MultiPoint"",""coordinates"":[]}"
3928,2014-10-03,300.71473058064777,"{""type"":""MultiPoint"",""coordinates"":[]}"
3929,2014-10-04,300.70529047648114,"{""type"":""MultiPoint"",""coordinates"":[]}"
3930,2014-10-05,300.26279131571454,"{""type"":""MultiPoint"",""coordinates"":[]}"
3931,2014-10-06,300.6322021484375,"{""type"":""MultiPoint"",""coordinates"":[]}"
3932,2014-10-07,300.5850836435954,"{""type"":""MultiPoint"",""coordinates"":[]}"
3933,2014-10-08,300.19082768758136,"{""type"":""MultiPoint"",""coordinates"":[]}"
3934,2014-10-09,300.4987653096517,"{""type"":""MultiPoint"",""coordinates"":[]}"
3935,2014-10-10,300.46707916259766,"{""type"":""MultiPoint"",""coordinates"":[]}"
3936,2014-10-11,300.64287821451825,"{""type"":""MultiPoint"",""coordinates"":[]}"
3937,2014-10-12,300.65165011088055,"{""type"":""MultiPoint"",""coordinates"":[]}"
3938,2014-10-13,300.4783426920573,"{""type"":""MultiPoint"",""coordinates"":[]}"
3939,2014-10-14,300.67264620463055,"{""type"":""MultiPoint"",""coordinates"":[]}"
3940,2014-10-15,300.7784875233968,"{""type"":""MultiPoint"",""coordinates"":[]}"
3941,2014-10-16,300.61995760599774,"{""type"":""MultiPoint"",""coordinates"":[]}"
3942,2014-10-17,300.4338092803955,"{""type"":""MultiPoint"",""coordinates"":[]}"
3943,2014-10-18,300.48888842264813,"{""type"":""MultiPoint"",""coordinates"":[]}"
3944,2014-10-19,300.52670923868817,"{""type"":""MultiPoint"",""coordinates"":[]}"
3945,2014-10-20,300.3223508199056,"{""type"":""MultiPoint"",""coordinates"":[]}"
3946,2014-10-21,300.25916290283203,"{""type"":""MultiPoint"",""coordinates"":[]}"
3947,2014-10-22,300.39912033081055,"{""type"":""MultiPoint"",""coordinates"":[]}"
3948,2014-10-23,300.48219045003253,"{""type"":""MultiPoint"",""coordinates"":[]}"
3949,2014-10-24,300.1923071543376,"{""type"":""MultiPoint"",""coordinates"":[]}"
3950,2014-10-25,300.39047050476074,"{""type"":""MultiPoint"",""coordinates"":[]}"
3951,2014-10-26,300.35533396402997,"{""type"":""MultiPoint"",""coordinates"":[]}"
3952,2014-10-27,300.3594118754069,"{""type"":""MultiPoint"",""coordinates"":[]}"
3953,2014-10-28,300.49341773986816,"{""type"":""MultiPoint"",""coordinates"":[]}"
3954,2014-10-29,300.438263575236,"{""type"":""MultiPoint"",""coordinates"":[]}"
3955,2014-10-30,300.62245241800946,"{""type"":""MultiPoint"",""coordinates"":[]}"
3956,2014-10-31,300.8254451751709,"{""type"":""MultiPoint"",""coordinates"":[]}"
3957,2014-11-01,300.37771797180176,"{""type"":""MultiPoint"",""coordinates"":[]}"
3958,2014-11-02,299.26223882039386,"{""type"":""MultiPoint"",""coordinates"":[]}"
3959,2014-11-03,299.36683400472003,"{""type"":""MultiPoint"",""coordinates"":[]}"
3960,2014-11-04,299.7437210083008,"{""type"":""MultiPoint"",""coordinates"":[]}"
3961,2014-11-05,300.13100814819336,"{""type"":""MultiPoint"",""coordinates"":[]}"
3962,2014-11-06,300.34263102213544,"{""type"":""MultiPoint"",""coordinates"":[]}"
3963,2014-11-07,300.54928906758624,"{""type"":""MultiPoint"",""coordinates"":[]}"
3964,2014-11-08,300.355660756429,"{""type"":""MultiPoint"",""coordinates"":[]}"
3965,2014-11-09,300.380859375,"{""type"":""MultiPoint"",""coordinates"":[]}"
3966,2014-11-10,299.9831682840983,"{""type"":""MultiPoint"",""coordinates"":[]}"
3967,2014-11-11,299.47955385843915,"{""type"":""MultiPoint"",""coordinates"":[]}"
3968,2014-11-12,300.01407051086426,"{""type"":""MultiPoint"",""coordinates"":[]}"
3969,2014-11-13,299.95490074157715,"{""type"":""MultiPoint"",""coordinates"":[]}"
3970,2014-11-14,299.87585322062176,"{""type"":""MultiPoint"",""coordinates"":[]}"
3971,2014-11-15,300.1907564798991,"{""type"":""MultiPoint"",""coordinates"":[]}"
3972,2014-11-16,300.12381108601886,"{""type"":""MultiPoint"",""coordinates"":[]}"
3973,2014-11-17,299.92847696940106,"{""type"":""MultiPoint"",""coordinates"":[]}"
3974,2014-11-18,299.7354901631673,"{""type"":""MultiPoint"",""coordinates"":[]}"
3975,2014-11-19,299.4602762858073,"{""type"":""MultiPoint"",""coordinates"":[]}"
3976,2014-11-20,299.06778717041016,"{""type"":""MultiPoint"",""coordinates"":[]}"
3977,2014-11-21,299.3239288330078,"{""type"":""MultiPoint"",""coordinates"":[]}"
3978,2014-11-22,299.4251569112142,"{""type"":""MultiPoint"",""coordinates"":[]}"
3979,2014-11-23,299.802059173584,"{""type"":""MultiPoint"",""coordinates"":[]}"
3980,2014-11-24,299.44476318359375,"{""type"":""MultiPoint"",""coordinates"":[]}"
3981,2014-11-25,298.86824735005695,"{""type"":""MultiPoint"",""coordinates"":[]}"
3982,2014-11-26,298.6505292256673,"{""type"":""MultiPoint"",""coordinates"":[]}"
3983,2014-11-27,298.85458183288574,"{""type"":""MultiPoint"",""coordinates"":[]}"
3984,2014-11-28,299.3613745371501,"{""type"":""MultiPoint"",""coordinates"":[]}"
3985,2014-11-29,299.1695849100749,"{""type"":""MultiPoint"",""coordinates"":[]}"
3986,2014-11-30,299.7241579691569,"{""type"":""MultiPoint"",""coordinates"":[]}"
3987,2014-12-01,299.88351313273114,"{""type"":""MultiPoint"",""coordinates"":[]}"
3988,2014-12-02,299.729253133138,"{""type"":""MultiPoint"",""coordinates"":[]}"
3989,2014-12-03,299.82494862874347,"{""type"":""MultiPoint"",""coordinates"":[]}"
3990,2014-12-04,299.9063917795817,"{""type"":""MultiPoint"",""coordinates"":[]}"
3991,2014-12-05,299.58983484903973,"{""type"":""MultiPoint"",""coordinates"":[]}"
3992,2014-12-06,299.56366539001465,"{""type"":""MultiPoint"",""coordinates"":[]}"
3993,2014-12-07,299.5286858876546,"{""type"":""MultiPoint"",""coordinates"":[]}"
3994,2014-12-08,299.3645782470703,"{""type"":""MultiPoint"",""coordinates"":[]}"
3995,2014-12-09,298.9681739807129,"{""type"":""MultiPoint"",""coordinates"":[]}"
3996,2014-12-10,299.03944206237793,"{""type"":""MultiPoint"",""coordinates"":[]}"
3997,2014-12-11,299.17129071553546,"{""type"":""MultiPoint"",""coordinates"":[]}"
3998,2014-12-12,298.10779698689777,"{""type"":""MultiPoint"",""coordinates"":[]}"
3999,2014-12-13,298.9103724161784,"{""type"":""MultiPoint"",""coordinates"":[]}"
4000,2014-12-14,299.26151275634766,"{""type"":""MultiPoint"",""coordinates"":[]}"
4001,2014-12-15,299.72387886047363,"{""type"":""MultiPoint"",""coordinates"":[]}"
4002,2014-12-16,299.39578374226886,"{""type"":""MultiPoint"",""coordinates"":[]}"
4003,2014-12-17,299.3240610758464,"{""type"":""MultiPoint"",""coordinates"":[]}"
4004,2014-12-18,299.2860762278239,"{""type"":""MultiPoint"",""coordinates"":[]}"
4005,2014-12-19,299.22657267252606,"{""type"":""MultiPoint"",""coordinates"":[]}"
4006,2014-12-20,298.8006903330485,"{""type"":""MultiPoint"",""coordinates"":[]}"
4007,2014-12-21,299.0238087972005,"{""type"":""MultiPoint"",""coordinates"":[]}"
4008,2014-12-22,299.16070556640625,"{""type"":""MultiPoint"",""coordinates"":[]}"
4009,2014-12-23,298.726287206014,"{""type"":""MultiPoint"",""coordinates"":[]}"
4010,2014-12-24,298.83044306437176,"{""type"":""MultiPoint"",""coordinates"":[]}"
4011,2014-12-25,298.8517812093099,"{""type"":""MultiPoint"",""coordinates"":[]}"
4012,2014-12-26,299.3761329650879,"{""type"":""MultiPoint"",""coordinates"":[]}"
4013,2014-12-27,299.10983721415204,"{""type"":""MultiPoint"",""coordinates"":[]}"
4014,2014-12-28,298.3278268178304,"{""type"":""MultiPoint"",""coordinates"":[]}"
4015,2014-12-29,298.9252249399821,"{""type"":""MultiPoint"",""coordinates"":[]}"
4016,2014-12-30,298.7176144917806,"{""type"":""MultiPoint"",""coordinates"":[]}"
4017,2014-12-31,299.1879475911458,"{""type"":""MultiPoint"",""coordinates"":[]}"
4018,2015-01-01,298.6552569071452,"{""type"":""MultiPoint"",""coordinates"":[]}"
4019,2015-01-02,299.0449053446452,"{""type"":""MultiPoint"",""coordinates"":[]}"
4020,2015-01-03,298.64852650960285,"{""type"":""MultiPoint"",""coordinates"":[]}"
4021,2015-01-04,298.0051275889079,"{""type"":""MultiPoint"",""coordinates"":[]}"
4022,2015-01-05,298.4439449310303,"{""type"":""MultiPoint"",""coordinates"":[]}"
4023,2015-01-06,298.69686063130695,"{""type"":""MultiPoint"",""coordinates"":[]}"
4024,2015-01-07,298.15961901346844,"{""type"":""MultiPoint"",""coordinates"":[]}"
4025,2015-01-08,298.00531514485675,"{""type"":""MultiPoint"",""coordinates"":[]}"
4026,2015-01-09,298.51362164815265,"{""type"":""MultiPoint"",""coordinates"":[]}"
4027,2015-01-10,298.9232648213704,"{""type"":""MultiPoint"",""coordinates"":[]}"
4028,2015-01-11,299.03090222676593,"{""type"":""MultiPoint"",""coordinates"":[]}"
4029,2015-01-12,299.06896718343097,"{""type"":""MultiPoint"",""coordinates"":[]}"
4030,2015-01-13,298.7677872975667,"{""type"":""MultiPoint"",""coordinates"":[]}"
4031,2015-01-14,298.3406066894531,"{""type"":""MultiPoint"",""coordinates"":[]}"
4032,2015-01-15,298.33003934224445,"{""type"":""MultiPoint"",""coordinates"":[]}"
4033,2015-01-16,298.14386622111004,"{""type"":""MultiPoint"",""coordinates"":[]}"
4034,2015-01-17,298.2401860555013,"{""type"":""MultiPoint"",""coordinates"":[]}"
4035,2015-01-18,298.8322003682454,"{""type"":""MultiPoint"",""coordinates"":[]}"
4036,2015-01-19,298.4950148264567,"{""type"":""MultiPoint"",""coordinates"":[]}"
4037,2015-01-20,298.67272186279297,"{""type"":""MultiPoint"",""coordinates"":[]}"
4038,2015-01-21,298.716978708903,"{""type"":""MultiPoint"",""coordinates"":[]}"
4039,2015-01-22,298.7915732065837,"{""type"":""MultiPoint"",""coordinates"":[]}"
4040,2015-01-23,298.77747027079266,"{""type"":""MultiPoint"",""coordinates"":[]}"
4041,2015-01-24,298.58276748657227,"{""type"":""MultiPoint"",""coordinates"":[]}"
4042,2015-01-25,298.043696085612,"{""type"":""MultiPoint"",""coordinates"":[]}"
4043,2015-01-26,298.6683349609375,"{""type"":""MultiPoint"",""coordinates"":[]}"
4044,2015-01-27,298.2427463531494,"{""type"":""MultiPoint"",""coordinates"":[]}"
4045,2015-01-28,298.32336235046387,"{""type"":""MultiPoint"",""coordinates"":[]}"
4046,2015-01-29,298.5458215077718,"{""type"":""MultiPoint"",""coordinates"":[]}"
4047,2015-01-30,298.47263526916504,"{""type"":""MultiPoint"",""coordinates"":[]}"
4048,2015-01-31,298.68078931172687,"{""type"":""MultiPoint"",""coordinates"":[]}"
4049,2015-02-01,299.10913276672363,"{""type"":""MultiPoint"",""coordinates"":[]}"
4050,2015-02-02,298.95882415771484,"{""type"":""MultiPoint"",""coordinates"":[]}"
4051,2015-02-03,298.9161122639974,"{""type"":""MultiPoint"",""coordinates"":[]}"
4052,2015-02-04,298.9399585723877,"{""type"":""MultiPoint"",""coordinates"":[]}"
4053,2015-02-05,298.72171783447266,"{""type"":""MultiPoint"",""coordinates"":[]}"
4054,2015-02-06,298.66191482543945,"{""type"":""MultiPoint"",""coordinates"":[]}"
4055,2015-02-07,298.56722323099774,"{""type"":""MultiPoint"",""coordinates"":[]}"
4056,2015-02-08,299.08290990193683,"{""type"":""MultiPoint"",""coordinates"":[]}"
4057,2015-02-09,299.0409514109294,"{""type"":""MultiPoint"",""coordinates"":[]}"
4058,2015-02-10,298.8220920562744,"{""type"":""MultiPoint"",""coordinates"":[]}"
4059,2015-02-11,299.4124075571696,"{""type"":""MultiPoint"",""coordinates"":[]}"
4060,2015-02-12,299.57408905029297,"{""type"":""MultiPoint"",""coordinates"":[]}"
4061,2015-02-13,299.5137297312419,"{""type"":""MultiPoint"",""coordinates"":[]}"
4062,2015-02-14,299.3338139851888,"{""type"":""MultiPoint"",""coordinates"":[]}"
4063,2015-02-15,298.9322923024495,"{""type"":""MultiPoint"",""coordinates"":[]}"
4064,2015-02-16,298.83692741394043,"{""type"":""MultiPoint"",""coordinates"":[]}"
4065,2015-02-17,298.5234025319417,"{""type"":""MultiPoint"",""coordinates"":[]}"
4066,2015-02-18,299.047461827596,"{""type"":""MultiPoint"",""coordinates"":[]}"
4067,2015-02-19,298.67886479695636,"{""type"":""MultiPoint"",""coordinates"":[]}"
4068,2015-02-20,298.5657711029053,"{""type"":""MultiPoint"",""coordinates"":[]}"
4069,2015-02-21,298.40816561381024,"{""type"":""MultiPoint"",""coordinates"":[]}"
4070,2015-02-22,298.51146189371747,"{""type"":""MultiPoint"",""coordinates"":[]}"
4071,2015-02-23,298.826862970988,"{""type"":""MultiPoint"",""coordinates"":[]}"
4072,2015-02-24,298.80909156799316,"{""type"":""MultiPoint"",""coordinates"":[]}"
4073,2015-02-25,298.5443032582601,"{""type"":""MultiPoint"",""coordinates"":[]}"
4074,2015-02-26,298.3968855539958,"{""type"":""MultiPoint"",""coordinates"":[]}"
4075,2015-02-27,299.2592207590739,"{""type"":""MultiPoint"",""coordinates"":[]}"
4076,2015-02-28,298.9246298472087,"{""type"":""MultiPoint"",""coordinates"":[]}"
4077,2015-03-01,298.5722993214925,"{""type"":""MultiPoint"",""coordinates"":[]}"
4078,2015-03-02,297.8194885253906,"{""type"":""MultiPoint"",""coordinates"":[]}"
4079,2015-03-03,297.9304796854655,"{""type"":""MultiPoint"",""coordinates"":[]}"
4080,2015-03-04,298.19868596394855,"{""type"":""MultiPoint"",""coordinates"":[]}"
4081,2015-03-05,298.7532215118408,"{""type"":""MultiPoint"",""coordinates"":[]}"
4082,2015-03-06,299.1543820699056,"{""type"":""MultiPoint"",""coordinates"":[]}"
4083,2015-03-07,298.5766665140788,"{""type"":""MultiPoint"",""coordinates"":[]}"
4084,2015-03-08,298.86544609069824,"{""type"":""MultiPoint"",""coordinates"":[]}"
4085,2015-03-09,298.60964330037433,"{""type"":""MultiPoint"",""coordinates"":[]}"
4086,2015-03-10,299.2442150115967,"{""type"":""MultiPoint"",""coordinates"":[]}"
4087,2015-03-11,298.98958524068195,"{""type"":""MultiPoint"",""coordinates"":[]}"
4088,2015-03-12,299.12669881184894,"{""type"":""MultiPoint"",""coordinates"":[]}"
4089,2015-03-13,299.05839856465656,"{""type"":""MultiPoint"",""coordinates"":[]}"
4090,2015-03-14,299.3984254201253,"{""type"":""MultiPoint"",""coordinates"":[]}"
4091,2015-03-15,299.5054467519124,"{""type"":""MultiPoint"",""coordinates"":[]}"
4092,2015-03-16,299.4900385538737,"{""type"":""MultiPoint"",""coordinates"":[]}"
4093,2015-03-17,299.1907850901286,"{""type"":""MultiPoint"",""coordinates"":[]}"
4094,2015-03-18,299.3794574737549,"{""type"":""MultiPoint"",""coordinates"":[]}"
4095,2015-03-19,299.30921936035156,"{""type"":""MultiPoint"",""coordinates"":[]}"
4096,2015-03-20,299.03908983866376,"{""type"":""MultiPoint"",""coordinates"":[]}"
4097,2015-03-21,298.79144922892254,"{""type"":""MultiPoint"",""coordinates"":[]}"
4098,2015-03-22,298.9475517272949,"{""type"":""MultiPoint"",""coordinates"":[]}"
4099,2015-03-23,299.08985900878906,"{""type"":""MultiPoint"",""coordinates"":[]}"
4100,2015-03-24,298.8141320546468,"{""type"":""MultiPoint"",""coordinates"":[]}"
4101,2015-03-25,298.873291015625,"{""type"":""MultiPoint"",""coordinates"":[]}"
4102,2015-03-26,299.2930221557617,"{""type"":""MultiPoint"",""coordinates"":[]}"
4103,2015-03-27,298.99694506327313,"{""type"":""MultiPoint"",""coordinates"":[]}"
4104,2015-03-28,299.25108528137207,"{""type"":""MultiPoint"",""coordinates"":[]}"
4105,2015-03-29,298.88624382019043,"{""type"":""MultiPoint"",""coordinates"":[]}"
4106,2015-03-30,298.8864885965983,"{""type"":""MultiPoint"",""coordinates"":[]}"
4107,2015-03-31,299.03729820251465,"{""type"":""MultiPoint"",""coordinates"":[]}"
4108,2015-04-01,299.2499720255534,"{""type"":""MultiPoint"",""coordinates"":[]}"
4109,2015-04-02,299.36320877075195,"{""type"":""MultiPoint"",""coordinates"":[]}"
4110,2015-04-03,299.2825412750244,"{""type"":""MultiPoint"",""coordinates"":[]}"
4111,2015-04-04,299.07886505126953,"{""type"":""MultiPoint"",""coordinates"":[]}"
4112,2015-04-05,299.1137638092041,"{""type"":""MultiPoint"",""coordinates"":[]}"
4113,2015-04-06,299.17195383707684,"{""type"":""MultiPoint"",""coordinates"":[]}"
4114,2015-04-07,298.75067647298175,"{""type"":""MultiPoint"",""coordinates"":[]}"
4115,2015-04-08,299.0779863993327,"{""type"":""MultiPoint"",""coordinates"":[]}"
4116,2015-04-09,299.25926717122394,"{""type"":""MultiPoint"",""coordinates"":[]}"
4117,2015-04-10,299.32471593221027,"{""type"":""MultiPoint"",""coordinates"":[]}"
4118,2015-04-11,299.31382751464844,"{""type"":""MultiPoint"",""coordinates"":[]}"
4119,2015-04-12,299.2239252726237,"{""type"":""MultiPoint"",""coordinates"":[]}"
4120,2015-04-13,299.4009780883789,"{""type"":""MultiPoint"",""coordinates"":[]}"
4121,2015-04-14,299.4457950592041,"{""type"":""MultiPoint"",""coordinates"":[]}"
4122,2015-04-15,299.17613792419434,"{""type"":""MultiPoint"",""coordinates"":[]}"
4123,2015-04-16,299.08996454874676,"{""type"":""MultiPoint"",""coordinates"":[]}"
4124,2015-04-17,298.5818926493327,"{""type"":""MultiPoint"",""coordinates"":[]}"
4125,2015-04-18,299.02096366882324,"{""type"":""MultiPoint"",""coordinates"":[]}"
4126,2015-04-19,299.11292521158856,"{""type"":""MultiPoint"",""coordinates"":[]}"
4127,2015-04-20,299.4781545003255,"{""type"":""MultiPoint"",""coordinates"":[]}"
4128,2015-04-21,298.9583257039388,"{""type"":""MultiPoint"",""coordinates"":[]}"
4129,2015-04-22,298.26395416259766,"{""type"":""MultiPoint"",""coordinates"":[]}"
4130,2015-04-23,298.722131729126,"{""type"":""MultiPoint"",""coordinates"":[]}"
4131,2015-04-24,299.035436630249,"{""type"":""MultiPoint"",""coordinates"":[]}"
4132,2015-04-25,299.34095573425293,"{""type"":""MultiPoint"",""coordinates"":[]}"
4133,2015-04-26,299.6460933685303,"{""type"":""MultiPoint"",""coordinates"":[]}"
4134,2015-04-27,299.68532307942706,"{""type"":""MultiPoint"",""coordinates"":[]}"
4135,2015-04-28,299.6592540740967,"{""type"":""MultiPoint"",""coordinates"":[]}"
4136,2015-04-29,299.6864827473958,"{""type"":""MultiPoint"",""coordinates"":[]}"
4137,2015-04-30,299.5161959330241,"{""type"":""MultiPoint"",""coordinates"":[]}"
4138,2015-05-01,299.59320068359375,"{""type"":""MultiPoint"",""coordinates"":[]}"
4139,2015-05-02,299.58269055684406,"{""type"":""MultiPoint"",""coordinates"":[]}"
4140,2015-05-03,299.6658999125163,"{""type"":""MultiPoint"",""coordinates"":[]}"
4141,2015-05-04,299.5669225056966,"{""type"":""MultiPoint"",""coordinates"":[]}"
4142,2015-05-05,299.419625600179,"{""type"":""MultiPoint"",""coordinates"":[]}"
4143,2015-05-06,299.79823875427246,"{""type"":""MultiPoint"",""coordinates"":[]}"
4144,2015-05-07,299.5500895182292,"{""type"":""MultiPoint"",""coordinates"":[]}"
4145,2015-05-08,299.75859387715656,"{""type"":""MultiPoint"",""coordinates"":[]}"
4146,2015-05-09,299.54081598917645,"{""type"":""MultiPoint"",""coordinates"":[]}"
4147,2015-05-10,299.3681246439616,"{""type"":""MultiPoint"",""coordinates"":[]}"
4148,2015-05-11,299.4018955230713,"{""type"":""MultiPoint"",""coordinates"":[]}"
4149,2015-05-12,299.29324277242023,"{""type"":""MultiPoint"",""coordinates"":[]}"
4150,2015-05-13,298.88506571451825,"{""type"":""MultiPoint"",""coordinates"":[]}"
4151,2015-05-14,298.4041862487793,"{""type"":""MultiPoint"",""coordinates"":[]}"
4152,2015-05-15,298.51640065511066,"{""type"":""MultiPoint"",""coordinates"":[]}"
4153,2015-05-16,298.7562681833903,"{""type"":""MultiPoint"",""coordinates"":[]}"
4154,2015-05-17,298.88668123881024,"{""type"":""MultiPoint"",""coordinates"":[]}"
4155,2015-05-18,299.6806805928548,"{""type"":""MultiPoint"",""coordinates"":[]}"
4156,2015-05-19,299.18931579589844,"{""type"":""MultiPoint"",""coordinates"":[]}"
4157,2015-05-20,298.54235076904297,"{""type"":""MultiPoint"",""coordinates"":[]}"
4158,2015-05-21,298.99665959676105,"{""type"":""MultiPoint"",""coordinates"":[]}"
4159,2015-05-22,299.11116154988605,"{""type"":""MultiPoint"",""coordinates"":[]}"
4160,2015-05-23,298.5351727803548,"{""type"":""MultiPoint"",""coordinates"":[]}"
4161,2015-05-24,298.9975954691569,"{""type"":""MultiPoint"",""coordinates"":[]}"
4162,2015-05-25,299.2192319234212,"{""type"":""MultiPoint"",""coordinates"":[]}"
4163,2015-05-26,298.52295049031574,"{""type"":""MultiPoint"",""coordinates"":[]}"
4164,2015-05-27,298.77745119730633,"{""type"":""MultiPoint"",""coordinates"":[]}"
4165,2015-05-28,298.87481753031415,"{""type"":""MultiPoint"",""coordinates"":[]}"
4166,2015-05-29,299.39254824320477,"{""type"":""MultiPoint"",""coordinates"":[]}"
4167,2015-05-30,298.86612192789715,"{""type"":""MultiPoint"",""coordinates"":[]}"
4168,2015-05-31,298.89209683736163,"{""type"":""MultiPoint"",""coordinates"":[]}"
4169,2015-06-01,298.9106248219808,"{""type"":""MultiPoint"",""coordinates"":[]}"
4170,2015-06-02,299.3390744527181,"{""type"":""MultiPoint"",""coordinates"":[]}"
4171,2015-06-03,299.46486790974933,"{""type"":""MultiPoint"",""coordinates"":[]}"
4172,2015-06-04,299.47100893656415,"{""type"":""MultiPoint"",""coordinates"":[]}"
4173,2015-06-05,299.2011597951253,"{""type"":""MultiPoint"",""coordinates"":[]}"
4174,2015-06-06,298.73294321695965,"{""type"":""MultiPoint"",""coordinates"":[]}"
4175,2015-06-07,298.65792083740234,"{""type"":""MultiPoint"",""coordinates"":[]}"
4176,2015-06-08,298.82313537597656,"{""type"":""MultiPoint"",""coordinates"":[]}"
4177,2015-06-09,298.6140886942546,"{""type"":""MultiPoint"",""coordinates"":[]}"
4178,2015-06-10,298.8810857137044,"{""type"":""MultiPoint"",""coordinates"":[]}"
4179,2015-06-11,298.8583176930745,"{""type"":""MultiPoint"",""coordinates"":[]}"
4180,2015-06-12,298.5245189666748,"{""type"":""MultiPoint"",""coordinates"":[]}"
4181,2015-06-13,298.8551769256592,"{""type"":""MultiPoint"",""coordinates"":[]}"
4182,2015-06-14,299.00216547648114,"{""type"":""MultiPoint"",""coordinates"":[]}"
4183,2015-06-15,299.40507952372235,"{""type"":""MultiPoint"",""coordinates"":[]}"
4184,2015-06-16,298.8950780232747,"{""type"":""MultiPoint"",""coordinates"":[]}"
4185,2015-06-17,299.56296666463214,"{""type"":""MultiPoint"",""coordinates"":[]}"
4186,2015-06-18,299.3777796427409,"{""type"":""MultiPoint"",""coordinates"":[]}"
4187,2015-06-19,298.87889099121094,"{""type"":""MultiPoint"",""coordinates"":[]}"
4188,2015-06-20,299.63282012939453,"{""type"":""MultiPoint"",""coordinates"":[]}"
4189,2015-06-21,299.4603678385417,"{""type"":""MultiPoint"",""coordinates"":[]}"
4190,2015-06-22,299.5692901611328,"{""type"":""MultiPoint"",""coordinates"":[]}"
4191,2015-06-23,299.58858489990234,"{""type"":""MultiPoint"",""coordinates"":[]}"
4192,2015-06-24,298.91485023498535,"{""type"":""MultiPoint"",""coordinates"":[]}"
4193,2015-06-25,299.43624114990234,"{""type"":""MultiPoint"",""coordinates"":[]}"
4194,2015-06-26,299.6343510945638,"{""type"":""MultiPoint"",""coordinates"":[]}"
4195,2015-06-27,299.5415229797363,"{""type"":""MultiPoint"",""coordinates"":[]}"
4196,2015-06-28,298.4051926930745,"{""type"":""MultiPoint"",""coordinates"":[]}"
4197,2015-06-29,298.85704612731934,"{""type"":""MultiPoint"",""coordinates"":[]}"
4198,2015-06-30,299.26724497477215,"{""type"":""MultiPoint"",""coordinates"":[]}"
4199,2015-07-01,299.0588633219401,"{""type"":""MultiPoint"",""coordinates"":[]}"
4200,2015-07-02,299.62909444173175,"{""type"":""MultiPoint"",""coordinates"":[]}"
4201,2015-07-03,299.59504890441895,"{""type"":""MultiPoint"",""coordinates"":[]}"
4202,2015-07-04,299.6173496246338,"{""type"":""MultiPoint"",""coordinates"":[]}"
4203,2015-07-05,299.54492314656574,"{""type"":""MultiPoint"",""coordinates"":[]}"
4204,2015-07-06,299.8689963022868,"{""type"":""MultiPoint"",""coordinates"":[]}"
4205,2015-07-07,299.6636651357015,"{""type"":""MultiPoint"",""coordinates"":[]}"
4206,2015-07-08,299.50728607177734,"{""type"":""MultiPoint"",""coordinates"":[]}"
4207,2015-07-09,299.6887900034587,"{""type"":""MultiPoint"",""coordinates"":[]}"
4208,2015-07-10,300.2329788208008,"{""type"":""MultiPoint"",""coordinates"":[]}"
4209,2015-07-11,300.2643114725749,"{""type"":""MultiPoint"",""coordinates"":[]}"
4210,2015-07-12,299.26399358113605,"{""type"":""MultiPoint"",""coordinates"":[]}"
4211,2015-07-13,299.4094924926758,"{""type"":""MultiPoint"",""coordinates"":[]}"
4212,2015-07-14,299.2767988840739,"{""type"":""MultiPoint"",""coordinates"":[]}"
4213,2015-07-15,299.0769786834717,"{""type"":""MultiPoint"",""coordinates"":[]}"
4214,2015-07-16,298.9059034983317,"{""type"":""MultiPoint"",""coordinates"":[]}"
4215,2015-07-17,299.50722312927246,"{""type"":""MultiPoint"",""coordinates"":[]}"
4216,2015-07-18,298.9770202636719,"{""type"":""MultiPoint"",""coordinates"":[]}"
4217,2015-07-19,299.7275625864665,"{""type"":""MultiPoint"",""coordinates"":[]}"
4218,2015-07-20,298.93372535705566,"{""type"":""MultiPoint"",""coordinates"":[]}"
4219,2015-07-21,299.17674891153973,"{""type"":""MultiPoint"",""coordinates"":[]}"
4220,2015-07-22,298.8216921488444,"{""type"":""MultiPoint"",""coordinates"":[]}"
4221,2015-07-23,298.61778195699054,"{""type"":""MultiPoint"",""coordinates"":[]}"
4222,2015-07-24,299.05397669474286,"{""type"":""MultiPoint"",""coordinates"":[]}"
4223,2015-07-25,299.4263750712077,"{""type"":""MultiPoint"",""coordinates"":[]}"
4224,2015-07-26,298.8842633565267,"{""type"":""MultiPoint"",""coordinates"":[]}"
4225,2015-07-27,299.69361305236816,"{""type"":""MultiPoint"",""coordinates"":[]}"
4226,2015-07-28,300.11008707682294,"{""type"":""MultiPoint"",""coordinates"":[]}"
4227,2015-07-29,299.84608205159503,"{""type"":""MultiPoint"",""coordinates"":[]}"
4228,2015-07-30,300.1103235880534,"{""type"":""MultiPoint"",""coordinates"":[]}"
4229,2015-07-31,299.87474568684894,"{""type"":""MultiPoint"",""coordinates"":[]}"
4230,2015-08-01,299.8349895477295,"{""type"":""MultiPoint"",""coordinates"":[]}"
4231,2015-08-02,299.63246663411456,"{""type"":""MultiPoint"",""coordinates"":[]}"
4232,2015-08-03,300.356237411499,"{""type"":""MultiPoint"",""coordinates"":[]}"
4233,2015-08-04,300.7206522623698,"{""type"":""MultiPoint"",""coordinates"":[]}"
4234,2015-08-05,300.15102831522626,"{""type"":""MultiPoint"",""coordinates"":[]}"
4235,2015-08-06,300.053321202596,"{""type"":""MultiPoint"",""coordinates"":[]}"
4236,2015-08-07,300.4675935109456,"{""type"":""MultiPoint"",""coordinates"":[]}"
4237,2015-08-08,300.3076368967692,"{""type"":""MultiPoint"",""coordinates"":[]}"
4238,2015-08-09,299.841339747111,"{""type"":""MultiPoint"",""coordinates"":[]}"
4239,2015-08-10,300.02493540445965,"{""type"":""MultiPoint"",""coordinates"":[]}"
4240,2015-08-11,300.33798027038574,"{""type"":""MultiPoint"",""coordinates"":[]}"
4241,2015-08-12,300.4017785390218,"{""type"":""MultiPoint"",""coordinates"":[]}"
4242,2015-08-13,300.2403456370036,"{""type"":""MultiPoint"",""coordinates"":[]}"
4243,2015-08-14,300.56068166097003,"{""type"":""MultiPoint"",""coordinates"":[]}"
4244,2015-08-15,299.92736117045087,"{""type"":""MultiPoint"",""coordinates"":[]}"
4245,2015-08-16,300.00238545735675,"{""type"":""MultiPoint"",""coordinates"":[]}"
4246,2015-08-17,300.1039098103841,"{""type"":""MultiPoint"",""coordinates"":[]}"
4247,2015-08-18,299.7963975270589,"{""type"":""MultiPoint"",""coordinates"":[]}"
4248,2015-08-19,299.4976463317871,"{""type"":""MultiPoint"",""coordinates"":[]}"
4249,2015-08-20,299.40475845336914,"{""type"":""MultiPoint"",""coordinates"":[]}"
4250,2015-08-21,299.427775700887,"{""type"":""MultiPoint"",""coordinates"":[]}"
4251,2015-08-22,299.9122149149577,"{""type"":""MultiPoint"",""coordinates"":[]}"
4252,2015-08-23,300.40136273701984,"{""type"":""MultiPoint"",""coordinates"":[]}"
4253,2015-08-24,300.7357718149821,"{""type"":""MultiPoint"",""coordinates"":[]}"
4254,2015-08-25,300.8478883107503,"{""type"":""MultiPoint"",""coordinates"":[]}"
4255,2015-08-26,300.6323712666829,"{""type"":""MultiPoint"",""coordinates"":[]}"
4256,2015-08-27,300.5742772420247,"{""type"":""MultiPoint"",""coordinates"":[]}"
4257,2015-08-28,300.62872823079425,"{""type"":""MultiPoint"",""coordinates"":[]}"
4258,2015-08-29,300.5223077138265,"{""type"":""MultiPoint"",""coordinates"":[]}"
4259,2015-08-30,300.5590235392253,"{""type"":""MultiPoint"",""coordinates"":[]}"
4260,2015-08-31,300.66879081726074,"{""type"":""MultiPoint"",""coordinates"":[]}"
4261,2015-09-01,300.15328216552734,"{""type"":""MultiPoint"",""coordinates"":[]}"
4262,2015-09-02,300.01476923624676,"{""type"":""MultiPoint"",""coordinates"":[]}"
4263,2015-09-03,299.91394170125324,"{""type"":""MultiPoint"",""coordinates"":[]}"
4264,2015-09-04,300.0792229970296,"{""type"":""MultiPoint"",""coordinates"":[]}"
4265,2015-09-05,300.5152702331543,"{""type"":""MultiPoint"",""coordinates"":[]}"
4266,2015-09-06,300.9418290456136,"{""type"":""MultiPoint"",""coordinates"":[]}"
4267,2015-09-07,301.06238683064777,"{""type"":""MultiPoint"",""coordinates"":[]}"
4268,2015-09-08,300.40697542826337,"{""type"":""MultiPoint"",""coordinates"":[]}"
4269,2015-09-09,300.59824498494464,"{""type"":""MultiPoint"",""coordinates"":[]}"
4270,2015-09-10,300.6551259358724,"{""type"":""MultiPoint"",""coordinates"":[]}"
4271,2015-09-11,300.5141537984212,"{""type"":""MultiPoint"",""coordinates"":[]}"
4272,2015-09-12,300.6722215016683,"{""type"":""MultiPoint"",""coordinates"":[]}"
4273,2015-09-13,300.80776341756183,"{""type"":""MultiPoint"",""coordinates"":[]}"
4274,2015-09-14,300.6569538116455,"{""type"":""MultiPoint"",""coordinates"":[]}"
4275,2015-09-15,300.8571128845215,"{""type"":""MultiPoint"",""coordinates"":[]}"
4276,2015-09-16,300.6326147715251,"{""type"":""MultiPoint"",""coordinates"":[]}"
4277,2015-09-17,300.802734375,"{""type"":""MultiPoint"",""coordinates"":[]}"
4278,2015-09-18,301.0159689585368,"{""type"":""MultiPoint"",""coordinates"":[]}"
4279,2015-09-19,301.0820592244466,"{""type"":""MultiPoint"",""coordinates"":[]}"
4280,2015-09-20,300.94674491882324,"{""type"":""MultiPoint"",""coordinates"":[]}"
4281,2015-09-21,300.9583212534587,"{""type"":""MultiPoint"",""coordinates"":[]}"
4282,2015-09-22,300.6520570119222,"{""type"":""MultiPoint"",""coordinates"":[]}"
4283,2015-09-23,300.5571479797363,"{""type"":""MultiPoint"",""coordinates"":[]}"
4284,2015-09-24,300.6738808949788,"{""type"":""MultiPoint"",""coordinates"":[]}"
4285,2015-09-25,300.8309440612793,"{""type"":""MultiPoint"",""coordinates"":[]}"
4286,2015-09-26,300.72317059834796,"{""type"":""MultiPoint"",""coordinates"":[]}"
4287,2015-09-27,300.78685824076337,"{""type"":""MultiPoint"",""coordinates"":[]}"
4288,2015-09-28,300.5606180826823,"{""type"":""MultiPoint"",""coordinates"":[]}"
4289,2015-09-29,300.44682629903156,"{""type"":""MultiPoint"",""coordinates"":[]}"
4290,2015-09-30,300.7755552927653,"{""type"":""MultiPoint"",""coordinates"":[]}"
4291,2015-10-01,300.66858609517413,"{""type"":""MultiPoint"",""coordinates"":[]}"
4292,2015-10-02,300.6615619659424,"{""type"":""MultiPoint"",""coordinates"":[]}"
4293,2015-10-03,300.6749184926351,"{""type"":""MultiPoint"",""coordinates"":[]}"
4294,2015-10-04,300.643341700236,"{""type"":""MultiPoint"",""coordinates"":[]}"
4295,2015-10-05,300.80046399434406,"{""type"":""MultiPoint"",""coordinates"":[]}"
4296,2015-10-06,301.08659172058105,"{""type"":""MultiPoint"",""coordinates"":[]}"
4297,2015-10-07,300.8890520731608,"{""type"":""MultiPoint"",""coordinates"":[]}"
4298,2015-10-08,300.2408676147461,"{""type"":""MultiPoint"",""coordinates"":[]}"
4299,2015-10-09,300.14871915181476,"{""type"":""MultiPoint"",""coordinates"":[]}"
4300,2015-10-10,300.49542808532715,"{""type"":""MultiPoint"",""coordinates"":[]}"
4301,2015-10-11,300.73275820414227,"{""type"":""MultiPoint"",""coordinates"":[]}"
4302,2015-10-12,300.829641977946,"{""type"":""MultiPoint"",""coordinates"":[]}"
4303,2015-10-13,300.65310605367023,"{""type"":""MultiPoint"",""coordinates"":[]}"
4304,2015-10-14,300.3617407480876,"{""type"":""MultiPoint"",""coordinates"":[]}"
4305,2015-10-15,299.88966687520343,"{""type"":""MultiPoint"",""coordinates"":[]}"
4306,2015-10-16,300.22745005289715,"{""type"":""MultiPoint"",""coordinates"":[]}"
4307,2015-10-17,300.8399823506673,"{""type"":""MultiPoint"",""coordinates"":[]}"
4308,2015-10-18,300.801238377889,"{""type"":""MultiPoint"",""coordinates"":[]}"
4309,2015-10-19,300.8907922108968,"{""type"":""MultiPoint"",""coordinates"":[]}"
4310,2015-10-20,301.283686319987,"{""type"":""MultiPoint"",""coordinates"":[]}"
4311,2015-10-21,301.3826548258464,"{""type"":""MultiPoint"",""coordinates"":[]}"
4312,2015-10-22,301.41507085164386,"{""type"":""MultiPoint"",""coordinates"":[]}"
4313,2015-10-23,301.33290735880536,"{""type"":""MultiPoint"",""coordinates"":[]}"
4314,2015-10-24,301.54328028361004,"{""type"":""MultiPoint"",""coordinates"":[]}"
4315,2015-10-25,301.11645126342773,"{""type"":""MultiPoint"",""coordinates"":[]}"
4316,2015-10-26,300.6708990732829,"{""type"":""MultiPoint"",""coordinates"":[]}"
4317,2015-10-27,300.89792251586914,"{""type"":""MultiPoint"",""coordinates"":[]}"
4318,2015-10-28,300.8993403116862,"{""type"":""MultiPoint"",""coordinates"":[]}"
4319,2015-10-29,300.77508481343585,"{""type"":""MultiPoint"",""coordinates"":[]}"
4320,2015-10-30,300.52360407511395,"{""type"":""MultiPoint"",""coordinates"":[]}"
4321,2015-10-31,300.7013765970866,"{""type"":""MultiPoint"",""coordinates"":[]}"
4322,2015-11-01,300.85815048217773,"{""type"":""MultiPoint"",""coordinates"":[]}"
4323,2015-11-02,300.9270731608073,"{""type"":""MultiPoint"",""coordinates"":[]}"
4324,2015-11-03,300.5208791097005,"{""type"":""MultiPoint"",""coordinates"":[]}"
4325,2015-11-04,300.5729509989421,"{""type"":""MultiPoint"",""coordinates"":[]}"
4326,2015-11-05,300.540958404541,"{""type"":""MultiPoint"",""coordinates"":[]}"
4327,2015-11-06,300.32289187113446,"{""type"":""MultiPoint"",""coordinates"":[]}"
4328,2015-11-07,300.60022862752277,"{""type"":""MultiPoint"",""coordinates"":[]}"
4329,2015-11-08,300.9006627400716,"{""type"":""MultiPoint"",""coordinates"":[]}"
4330,2015-11-09,300.33007558186847,"{""type"":""MultiPoint"",""coordinates"":[]}"
4331,2015-11-10,300.2081775665283,"{""type"":""MultiPoint"",""coordinates"":[]}"
4332,2015-11-11,300.0751584370931,"{""type"":""MultiPoint"",""coordinates"":[]}"
4333,2015-11-12,299.7768923441569,"{""type"":""MultiPoint"",""coordinates"":[]}"
4334,2015-11-13,299.8759702046712,"{""type"":""MultiPoint"",""coordinates"":[]}"
4335,2015-11-14,300.06322797139484,"{""type"":""MultiPoint"",""coordinates"":[]}"
4336,2015-11-15,299.82259877522785,"{""type"":""MultiPoint"",""coordinates"":[]}"
4337,2015-11-16,299.67471567789715,"{""type"":""MultiPoint"",""coordinates"":[]}"
4338,2015-11-17,299.53622500101727,"{""type"":""MultiPoint"",""coordinates"":[]}"
4339,2015-11-18,299.61804453531903,"{""type"":""MultiPoint"",""coordinates"":[]}"
4340,2015-11-19,299.76746304829913,"{""type"":""MultiPoint"",""coordinates"":[]}"
4341,2015-11-20,299.9584725697835,"{""type"":""MultiPoint"",""coordinates"":[]}"
4342,2015-11-21,300.30209096272785,"{""type"":""MultiPoint"",""coordinates"":[]}"
4343,2015-11-22,300.39439646402997,"{""type"":""MultiPoint"",""coordinates"":[]}"
4344,2015-11-23,299.74245770772296,"{""type"":""MultiPoint"",""coordinates"":[]}"
4345,2015-11-24,299.6714344024658,"{""type"":""MultiPoint"",""coordinates"":[]}"
4346,2015-11-25,299.247345606486,"{""type"":""MultiPoint"",""coordinates"":[]}"
4347,2015-11-26,299.647803624471,"{""type"":""MultiPoint"",""coordinates"":[]}"
4348,2015-11-27,299.8025417327881,"{""type"":""MultiPoint"",""coordinates"":[]}"
4349,2015-11-28,300.0162633260091,"{""type"":""MultiPoint"",""coordinates"":[]}"
4350,2015-11-29,300.352580388387,"{""type"":""MultiPoint"",""coordinates"":[]}"
4351,2015-11-30,300.27259063720703,"{""type"":""MultiPoint"",""coordinates"":[]}"
4352,2015-12-01,299.8556791941325,"{""type"":""MultiPoint"",""coordinates"":[]}"
4353,2015-12-02,299.19090906778973,"{""type"":""MultiPoint"",""coordinates"":[]}"
4354,2015-12-03,299.3004233042399,"{""type"":""MultiPoint"",""coordinates"":[]}"
4355,2015-12-04,299.28861745198566,"{""type"":""MultiPoint"",""coordinates"":[]}"
4356,2015-12-05,299.6567846934001,"{""type"":""MultiPoint"",""coordinates"":[]}"
4357,2015-12-06,299.0493965148926,"{""type"":""MultiPoint"",""coordinates"":[]}"
4358,2015-12-07,299.2399393717448,"{""type"":""MultiPoint"",""coordinates"":[]}"
4359,2015-12-08,299.53508377075195,"{""type"":""MultiPoint"",""coordinates"":[]}"
4360,2015-12-09,299.46226565043133,"{""type"":""MultiPoint"",""coordinates"":[]}"
4361,2015-12-10,299.3904158274333,"{""type"":""MultiPoint"",""coordinates"":[]}"
4362,2015-12-11,299.5712833404541,"{""type"":""MultiPoint"",""coordinates"":[]}"
4363,2015-12-12,299.1717999776204,"{""type"":""MultiPoint"",""coordinates"":[]}"
4364,2015-12-13,299.5103251139323,"{""type"":""MultiPoint"",""coordinates"":[]}"
4365,2015-12-14,299.27765401204425,"{""type"":""MultiPoint"",""coordinates"":[]}"
4366,2015-12-15,299.29308064778644,"{""type"":""MultiPoint"",""coordinates"":[]}"
4367,2015-12-16,299.62847264607746,"{""type"":""MultiPoint"",""coordinates"":[]}"
4368,2015-12-17,299.6350402832031,"{""type"":""MultiPoint"",""coordinates"":[]}"
4369,2015-12-18,299.5636068979899,"{""type"":""MultiPoint"",""coordinates"":[]}"
4370,2015-12-19,299.0150680541992,"{""type"":""MultiPoint"",""coordinates"":[]}"
4371,2015-12-20,298.4763692220052,"{""type"":""MultiPoint"",""coordinates"":[]}"
4372,2015-12-21,299.30714416503906,"{""type"":""MultiPoint"",""coordinates"":[]}"
4373,2015-12-22,298.82901128133136,"{""type"":""MultiPoint"",""coordinates"":[]}"
4374,2015-12-23,298.5426375071208,"{""type"":""MultiPoint"",""coordinates"":[]}"
4375,2015-12-24,298.97436332702637,"{""type"":""MultiPoint"",""coordinates"":[]}"
4376,2015-12-25,299.12426567077637,"{""type"":""MultiPoint"",""coordinates"":[]}"
4377,2015-12-26,298.39098230997723,"{""type"":""MultiPoint"",""coordinates"":[]}"
4378,2015-12-27,298.83152262369794,"{""type"":""MultiPoint"",""coordinates"":[]}"
4379,2015-12-28,298.32647705078125,"{""type"":""MultiPoint"",""coordinates"":[]}"
4380,2015-12-29,299.2032216389974,"{""type"":""MultiPoint"",""coordinates"":[]}"
4381,2015-12-30,299.4322516123454,"{""type"":""MultiPoint"",""coordinates"":[]}"
4382,2015-12-31,299.17989349365234,"{""type"":""MultiPoint"",""coordinates"":[]}"
4383,2016-01-01,299.08973630269367,"{""type"":""MultiPoint"",""coordinates"":[]}"
4384,2016-01-02,299.02705637613934,"{""type"":""MultiPoint"",""coordinates"":[]}"
4385,2016-01-03,299.0964075724284,"{""type"":""MultiPoint"",""coordinates"":[]}"
4386,2016-01-04,299.1151186625163,"{""type"":""MultiPoint"",""coordinates"":[]}"
4387,2016-01-05,299.03443145751953,"{""type"":""MultiPoint"",""coordinates"":[]}"
4388,2016-01-06,298.6917069753011,"{""type"":""MultiPoint"",""coordinates"":[]}"
4389,2016-01-07,298.9102948506673,"{""type"":""MultiPoint"",""coordinates"":[]}"
4390,2016-01-08,298.9938227335612,"{""type"":""MultiPoint"",""coordinates"":[]}"
4391,2016-01-09,298.93730481465656,"{""type"":""MultiPoint"",""coordinates"":[]}"
4392,2016-01-10,299.05700556437176,"{""type"":""MultiPoint"",""coordinates"":[]}"
4393,2016-01-11,299.04728571573895,"{""type"":""MultiPoint"",""coordinates"":[]}"
4394,2016-01-12,299.2955182393392,"{""type"":""MultiPoint"",""coordinates"":[]}"
4395,2016-01-13,299.0899028778076,"{""type"":""MultiPoint"",""coordinates"":[]}"
4396,2016-01-14,299.1372947692871,"{""type"":""MultiPoint"",""coordinates"":[]}"
4397,2016-01-15,299.02623049418133,"{""type"":""MultiPoint"",""coordinates"":[]}"
4398,2016-01-16,299.0736198425293,"{""type"":""MultiPoint"",""coordinates"":[]}"
4399,2016-01-17,299.321959177653,"{""type"":""MultiPoint"",""coordinates"":[]}"
4400,2016-01-18,299.11002985636395,"{""type"":""MultiPoint"",""coordinates"":[]}"
4401,2016-01-19,299.5038534800212,"{""type"":""MultiPoint"",""coordinates"":[]}"
4402,2016-01-20,299.01742299397785,"{""type"":""MultiPoint"",""coordinates"":[]}"
4403,2016-01-21,299.0179907480876,"{""type"":""MultiPoint"",""coordinates"":[]}"
4404,2016-01-22,299.1286811828613,"{""type"":""MultiPoint"",""coordinates"":[]}"
4405,2016-01-23,299.2716471354167,"{""type"":""MultiPoint"",""coordinates"":[]}"
4406,2016-01-24,299.1208375295003,"{""type"":""MultiPoint"",""coordinates"":[]}"
4407,2016-01-25,299.3710231781006,"{""type"":""MultiPoint"",""coordinates"":[]}"
4408,2016-01-26,299.19166882832843,"{""type"":""MultiPoint"",""coordinates"":[]}"
4409,2016-01-27,298.6819534301758,"{""type"":""MultiPoint"",""coordinates"":[]}"
4410,2016-01-28,298.74466641743976,"{""type"":""MultiPoint"",""coordinates"":[]}"
4411,2016-01-29,299.2360331217448,"{""type"":""MultiPoint"",""coordinates"":[]}"
4412,2016-01-30,299.16647211710614,"{""type"":""MultiPoint"",""coordinates"":[]}"
4413,2016-01-31,299.154847462972,"{""type"":""MultiPoint"",""coordinates"":[]}"
4414,2016-02-01,298.8402016957601,"{""type"":""MultiPoint"",""coordinates"":[]}"
4415,2016-02-02,299.0754165649414,"{""type"":""MultiPoint"",""coordinates"":[]}"
4416,2016-02-03,298.4427121480306,"{""type"":""MultiPoint"",""coordinates"":[]}"
4417,2016-02-04,298.8634605407715,"{""type"":""MultiPoint"",""coordinates"":[]}"
4418,2016-02-05,299.50993728637695,"{""type"":""MultiPoint"",""coordinates"":[]}"
4419,2016-02-06,299.3636945088704,"{""type"":""MultiPoint"",""coordinates"":[]}"
4420,2016-02-07,299.1960856119792,"{""type"":""MultiPoint"",""coordinates"":[]}"
4421,2016-02-08,299.2455571492513,"{""type"":""MultiPoint"",""coordinates"":[]}"
4422,2016-02-09,299.3604386647542,"{""type"":""MultiPoint"",""coordinates"":[]}"
4423,2016-02-10,299.0698706309001,"{""type"":""MultiPoint"",""coordinates"":[]}"
4424,2016-02-11,299.01727231343585,"{""type"":""MultiPoint"",""coordinates"":[]}"
4425,2016-02-12,298.8959280649821,"{""type"":""MultiPoint"",""coordinates"":[]}"
4426,2016-02-13,298.8718007405599,"{""type"":""MultiPoint"",""coordinates"":[]}"
4427,2016-02-14,298.652894337972,"{""type"":""MultiPoint"",""coordinates"":[]}"
4428,2016-02-15,298.9896640777588,"{""type"":""MultiPoint"",""coordinates"":[]}"
4429,2016-02-16,299.56054369608563,"{""type"":""MultiPoint"",""coordinates"":[]}"
4430,2016-02-17,299.4726053873698,"{""type"":""MultiPoint"",""coordinates"":[]}"
4431,2016-02-18,299.3712323506673,"{""type"":""MultiPoint"",""coordinates"":[]}"
4432,2016-02-19,299.58330790201825,"{""type"":""MultiPoint"",""coordinates"":[]}"
4433,2016-02-20,299.47768147786456,"{""type"":""MultiPoint"",""coordinates"":[]}"
4434,2016-02-21,298.89394124348956,"{""type"":""MultiPoint"",""coordinates"":[]}"
4435,2016-02-22,298.75195503234863,"{""type"":""MultiPoint"",""coordinates"":[]}"
4436,2016-02-23,298.61963017781574,"{""type"":""MultiPoint"",""coordinates"":[]}"
4437,2016-02-24,299.54814020792645,"{""type"":""MultiPoint"",""coordinates"":[]}"
4438,2016-02-25,299.53467114766437,"{""type"":""MultiPoint"",""coordinates"":[]}"
4439,2016-02-26,299.3024075826009,"{""type"":""MultiPoint"",""coordinates"":[]}"
4440,2016-02-27,299.22975095113117,"{""type"":""MultiPoint"",""coordinates"":[]}"
4441,2016-02-28,299.5317846934001,"{""type"":""MultiPoint"",""coordinates"":[]}"
4442,2016-02-29,299.70305188496906,"{""type"":""MultiPoint"",""coordinates"":[]}"
4443,2016-03-01,299.3116346995036,"{""type"":""MultiPoint"",""coordinates"":[]}"
4444,2016-03-02,299.51623789469403,"{""type"":""MultiPoint"",""coordinates"":[]}"
4445,2016-03-03,299.4151439666748,"{""type"":""MultiPoint"",""coordinates"":[]}"
4446,2016-03-04,299.54190254211426,"{""type"":""MultiPoint"",""coordinates"":[]}"
4447,2016-03-05,299.66755867004395,"{""type"":""MultiPoint"",""coordinates"":[]}"
4448,2016-03-06,299.6322485605876,"{""type"":""MultiPoint"",""coordinates"":[]}"
4449,2016-03-07,299.6840419769287,"{""type"":""MultiPoint"",""coordinates"":[]}"
4450,2016-03-08,299.7427895863851,"{""type"":""MultiPoint"",""coordinates"":[]}"
4451,2016-03-09,299.54356638590497,"{""type"":""MultiPoint"",""coordinates"":[]}"
4452,2016-03-10,299.5449040730794,"{""type"":""MultiPoint"",""coordinates"":[]}"
4453,2016-03-11,300.0334250132243,"{""type"":""MultiPoint"",""coordinates"":[]}"
4454,2016-03-12,299.61717732747394,"{""type"":""MultiPoint"",""coordinates"":[]}"
4455,2016-03-13,298.6619389851888,"{""type"":""MultiPoint"",""coordinates"":[]}"
4456,2016-03-14,299.5612443288167,"{""type"":""MultiPoint"",""coordinates"":[]}"
4457,2016-03-15,299.7506758371989,"{""type"":""MultiPoint"",""coordinates"":[]}"
4458,2016-03-16,300.0102825164795,"{""type"":""MultiPoint"",""coordinates"":[]}"
4459,2016-03-17,299.94115193684894,"{""type"":""MultiPoint"",""coordinates"":[]}"
4460,2016-03-18,300.0266920725505,"{""type"":""MultiPoint"",""coordinates"":[]}"
4461,2016-03-19,300.0187447865804,"{""type"":""MultiPoint"",""coordinates"":[]}"
4462,2016-03-20,300.1253140767415,"{""type"":""MultiPoint"",""coordinates"":[]}"
4463,2016-03-21,300.0692990620931,"{""type"":""MultiPoint"",""coordinates"":[]}"
4464,2016-03-22,299.9450035095215,"{""type"":""MultiPoint"",""coordinates"":[]}"
4465,2016-03-23,299.9301948547363,"{""type"":""MultiPoint"",""coordinates"":[]}"
4466,2016-03-24,299.89281845092773,"{""type"":""MultiPoint"",""coordinates"":[]}"
4467,2016-03-25,299.7792371114095,"{""type"":""MultiPoint"",""coordinates"":[]}"
4468,2016-03-26,299.3519681294759,"{""type"":""MultiPoint"",""coordinates"":[]}"
4469,2016-03-27,299.1739133199056,"{""type"":""MultiPoint"",""coordinates"":[]}"
4470,2016-03-28,299.885461807251,"{""type"":""MultiPoint"",""coordinates"":[]}"
4471,2016-03-29,299.8345756530762,"{""type"":""MultiPoint"",""coordinates"":[]}"
4472,2016-03-30,299.5177866617839,"{""type"":""MultiPoint"",""coordinates"":[]}"
4473,2016-03-31,299.010014851888,"{""type"":""MultiPoint"",""coordinates"":[]}"
4474,2016-04-01,299.6504770914714,"{""type"":""MultiPoint"",""coordinates"":[]}"
4475,2016-04-02,299.55070241292316,"{""type"":""MultiPoint"",""coordinates"":[]}"
4476,2016-04-03,299.9118461608887,"{""type"":""MultiPoint"",""coordinates"":[]}"
4477,2016-04-04,299.7243849436442,"{""type"":""MultiPoint"",""coordinates"":[]}"
4478,2016-04-05,299.989985148112,"{""type"":""MultiPoint"",""coordinates"":[]}"
4479,2016-04-06,299.8135986328125,"{""type"":""MultiPoint"",""coordinates"":[]}"
4480,2016-04-07,300.18138058980304,"{""type"":""MultiPoint"",""coordinates"":[]}"
4481,2016-04-08,300.3710117340088,"{""type"":""MultiPoint"",""coordinates"":[]}"
4482,2016-04-09,300.07640902201337,"{""type"":""MultiPoint"",""coordinates"":[]}"
4483,2016-04-10,300.0581760406494,"{""type"":""MultiPoint"",""coordinates"":[]}"
4484,2016-04-11,299.7751941680908,"{""type"":""MultiPoint"",""coordinates"":[]}"
4485,2016-04-12,299.465145111084,"{""type"":""MultiPoint"",""coordinates"":[]}"
4486,2016-04-13,299.0226535797119,"{""type"":""MultiPoint"",""coordinates"":[]}"
4487,2016-04-14,298.929017384847,"{""type"":""MultiPoint"",""coordinates"":[]}"
4488,2016-04-15,300.0485026041667,"{""type"":""MultiPoint"",""coordinates"":[]}"
4489,2016-04-16,300.3464361826579,"{""type"":""MultiPoint"",""coordinates"":[]}"
4490,2016-04-17,300.0357011159261,"{""type"":""MultiPoint"",""coordinates"":[]}"
4491,2016-04-18,300.02518526713055,"{""type"":""MultiPoint"",""coordinates"":[]}"
4492,2016-04-19,300.38523928324383,"{""type"":""MultiPoint"",""coordinates"":[]}"
4493,2016-04-20,299.93055216471356,"{""type"":""MultiPoint"",""coordinates"":[]}"
4494,2016-04-21,299.24878946940106,"{""type"":""MultiPoint"",""coordinates"":[]}"
4495,2016-04-22,299.4613717397054,"{""type"":""MultiPoint"",""coordinates"":[]}"
4496,2016-04-23,299.89254824320477,"{""type"":""MultiPoint"",""coordinates"":[]}"
4497,2016-04-24,300.21583366394043,"{""type"":""MultiPoint"",""coordinates"":[]}"
4498,2016-04-25,299.98471387227374,"{""type"":""MultiPoint"",""coordinates"":[]}"
4499,2016-04-26,299.66552480061847,"{""type"":""MultiPoint"",""coordinates"":[]}"
4500,2016-04-27,299.7989222208659,"{""type"":""MultiPoint"",""coordinates"":[]}"
4501,2016-04-28,299.5025698343913,"{""type"":""MultiPoint"",""coordinates"":[]}"
4502,2016-04-29,298.9847634633382,"{""type"":""MultiPoint"",""coordinates"":[]}"
4503,2016-04-30,298.8152681986491,"{""type"":""MultiPoint"",""coordinates"":[]}"
4504,2016-05-01,299.18555132548016,"{""type"":""MultiPoint"",""coordinates"":[]}"
4505,2016-05-02,298.9696782430013,"{""type"":""MultiPoint"",""coordinates"":[]}"
4506,2016-05-03,298.92909049987793,"{""type"":""MultiPoint"",""coordinates"":[]}"
4507,2016-05-04,300.18445205688477,"{""type"":""MultiPoint"",""coordinates"":[]}"
4508,2016-05-05,299.80333582560223,"{""type"":""MultiPoint"",""coordinates"":[]}"
4509,2016-05-06,299.57154655456543,"{""type"":""MultiPoint"",""coordinates"":[]}"
4510,2016-05-07,299.7826798756917,"{""type"":""MultiPoint"",""coordinates"":[]}"
4511,2016-05-08,299.4257507324219,"{""type"":""MultiPoint"",""coordinates"":[]}"
4512,2016-05-09,299.30942217508954,"{""type"":""MultiPoint"",""coordinates"":[]}"
4513,2016-05-10,299.3629233042399,"{""type"":""MultiPoint"",""coordinates"":[]}"
4514,2016-05-11,299.2455259958903,"{""type"":""MultiPoint"",""coordinates"":[]}"
4515,2016-05-12,299.2411111195882,"{""type"":""MultiPoint"",""coordinates"":[]}"
4516,2016-05-13,300.2489325205485,"{""type"":""MultiPoint"",""coordinates"":[]}"
4517,2016-05-14,300.4686196645101,"{""type"":""MultiPoint"",""coordinates"":[]}"
4518,2016-05-15,299.8659585316976,"{""type"":""MultiPoint"",""coordinates"":[]}"
4519,2016-05-16,299.7316608428955,"{""type"":""MultiPoint"",""coordinates"":[]}"
4520,2016-05-17,299.6977996826172,"{""type"":""MultiPoint"",""coordinates"":[]}"
4521,2016-05-18,299.94895299275714,"{""type"":""MultiPoint"",""coordinates"":[]}"
4522,2016-05-19,299.3467960357666,"{""type"":""MultiPoint"",""coordinates"":[]}"
4523,2016-05-20,299.7856101989746,"{""type"":""MultiPoint"",""coordinates"":[]}"
4524,2016-05-21,300.3466968536377,"{""type"":""MultiPoint"",""coordinates"":[]}"
4525,2016-05-22,300.3997052510579,"{""type"":""MultiPoint"",""coordinates"":[]}"
4526,2016-05-23,300.2674395243327,"{""type"":""MultiPoint"",""coordinates"":[]}"
4527,2016-05-24,299.17152150472003,"{""type"":""MultiPoint"",""coordinates"":[]}"
4528,2016-05-25,299.84599685668945,"{""type"":""MultiPoint"",""coordinates"":[]}"
4529,2016-05-26,299.77909660339355,"{""type"":""MultiPoint"",""coordinates"":[]}"
4530,2016-05-27,299.8755645751953,"{""type"":""MultiPoint"",""coordinates"":[]}"
4531,2016-05-28,300.1531925201416,"{""type"":""MultiPoint"",""coordinates"":[]}"
4532,2016-05-29,299.67104657491046,"{""type"":""MultiPoint"",""coordinates"":[]}"
4533,2016-05-30,299.16443188985187,"{""type"":""MultiPoint"",""coordinates"":[]}"
4534,2016-05-31,299.4441343943278,"{""type"":""MultiPoint"",""coordinates"":[]}"
4535,2016-06-01,298.8432782491048,"{""type"":""MultiPoint"",""coordinates"":[]}"
4536,2016-06-02,299.73959159851074,"{""type"":""MultiPoint"",""coordinates"":[]}"
4537,2016-06-03,299.81712277730304,"{""type"":""MultiPoint"",""coordinates"":[]}"
4538,2016-06-04,299.1051381429036,"{""type"":""MultiPoint"",""coordinates"":[]}"
4539,2016-06-05,299.4322903951009,"{""type"":""MultiPoint"",""coordinates"":[]}"
4540,2016-06-06,300.2313938140869,"{""type"":""MultiPoint"",""coordinates"":[]}"
4541,2016-06-07,300.02714920043945,"{""type"":""MultiPoint"",""coordinates"":[]}"
4542,2016-06-08,299.5489082336426,"{""type"":""MultiPoint"",""coordinates"":[]}"
4543,2016-06-09,299.4082088470459,"{""type"":""MultiPoint"",""coordinates"":[]}"
4544,2016-06-10,299.5095049540202,"{""type"":""MultiPoint"",""coordinates"":[]}"
4545,2016-06-11,299.30184110005695,"{""type"":""MultiPoint"",""coordinates"":[]}"
4546,2016-06-12,299.4354756673177,"{""type"":""MultiPoint"",""coordinates"":[]}"
4547,2016-06-13,298.7554448445638,"{""type"":""MultiPoint"",""coordinates"":[]}"
4548,2016-06-14,299.3706245422363,"{""type"":""MultiPoint"",""coordinates"":[]}"
4549,2016-06-15,299.12744331359863,"{""type"":""MultiPoint"",""coordinates"":[]}"
4550,2016-06-16,298.43195724487305,"{""type"":""MultiPoint"",""coordinates"":[]}"
4551,2016-06-17,298.9967727661133,"{""type"":""MultiPoint"",""coordinates"":[]}"
4552,2016-06-18,299.33830134073895,"{""type"":""MultiPoint"",""coordinates"":[]}"
4553,2016-06-19,299.17985916137695,"{""type"":""MultiPoint"",""coordinates"":[]}"
4554,2016-06-20,299.00241470336914,"{""type"":""MultiPoint"",""coordinates"":[]}"
4555,2016-06-21,298.3571192423503,"{""type"":""MultiPoint"",""coordinates"":[]}"
4556,2016-06-22,299.23148918151855,"{""type"":""MultiPoint"",""coordinates"":[]}"
4557,2016-06-23,299.02079073588055,"{""type"":""MultiPoint"",""coordinates"":[]}"
4558,2016-06-24,299.36417325337726,"{""type"":""MultiPoint"",""coordinates"":[]}"
4559,2016-06-25,299.2518367767334,"{""type"":""MultiPoint"",""coordinates"":[]}"
4560,2016-06-26,299.368865331014,"{""type"":""MultiPoint"",""coordinates"":[]}"
4561,2016-06-27,299.84789021809894,"{""type"":""MultiPoint"",""coordinates"":[]}"
4562,2016-06-28,299.4879506429036,"{""type"":""MultiPoint"",""coordinates"":[]}"
4563,2016-06-29,299.04848289489746,"{""type"":""MultiPoint"",""coordinates"":[]}"
4564,2016-06-30,299.2853755950928,"{""type"":""MultiPoint"",""coordinates"":[]}"
4565,2016-07-01,299.7720254262288,"{""type"":""MultiPoint"",""coordinates"":[]}"
4566,2016-07-02,299.3116677602132,"{""type"":""MultiPoint"",""coordinates"":[]}"
4567,2016-07-03,298.9087263743083,"{""type"":""MultiPoint"",""coordinates"":[]}"
4568,2016-07-04,299.09655952453613,"{""type"":""MultiPoint"",""coordinates"":[]}"
4569,2016-07-05,298.79774411519367,"{""type"":""MultiPoint"",""coordinates"":[]}"
4570,2016-07-06,299.2830810546875,"{""type"":""MultiPoint"",""coordinates"":[]}"
4571,2016-07-07,300.0978240966797,"{""type"":""MultiPoint"",""coordinates"":[]}"
4572,2016-07-08,299.95928891499835,"{""type"":""MultiPoint"",""coordinates"":[]}"
4573,2016-07-09,299.90599250793457,"{""type"":""MultiPoint"",""coordinates"":[]}"
4574,2016-07-10,300.43442217508954,"{""type"":""MultiPoint"",""coordinates"":[]}"
4575,2016-07-11,299.7092278798421,"{""type"":""MultiPoint"",""coordinates"":[]}"
4576,2016-07-12,299.8440856933594,"{""type"":""MultiPoint"",""coordinates"":[]}"
4577,2016-07-13,299.93006896972656,"{""type"":""MultiPoint"",""coordinates"":[]}"
4578,2016-07-14,299.6280110677083,"{""type"":""MultiPoint"",""coordinates"":[]}"
4579,2016-07-15,299.3246377309163,"{""type"":""MultiPoint"",""coordinates"":[]}"
4580,2016-07-16,299.46341069539386,"{""type"":""MultiPoint"",""coordinates"":[]}"
4581,2016-07-17,298.8138949076335,"{""type"":""MultiPoint"",""coordinates"":[]}"
4582,2016-07-18,299.41194915771484,"{""type"":""MultiPoint"",""coordinates"":[]}"
4583,2016-07-19,299.3931191762288,"{""type"":""MultiPoint"",""coordinates"":[]}"
4584,2016-07-20,299.6118329366048,"{""type"":""MultiPoint"",""coordinates"":[]}"
4585,2016-07-21,299.71515973409015,"{""type"":""MultiPoint"",""coordinates"":[]}"
4586,2016-07-22,299.8654257456462,"{""type"":""MultiPoint"",""coordinates"":[]}"
4587,2016-07-23,299.20858510335285,"{""type"":""MultiPoint"",""coordinates"":[]}"
4588,2016-07-24,299.2234166463216,"{""type"":""MultiPoint"",""coordinates"":[]}"
4589,2016-07-25,299.3221969604492,"{""type"":""MultiPoint"",""coordinates"":[]}"
4590,2016-07-26,299.6092529296875,"{""type"":""MultiPoint"",""coordinates"":[]}"
4591,2016-07-27,299.71150461832684,"{""type"":""MultiPoint"",""coordinates"":[]}"
4592,2016-07-28,299.8107198079427,"{""type"":""MultiPoint"",""coordinates"":[]}"
4593,2016-07-29,300.2280985514323,"{""type"":""MultiPoint"",""coordinates"":[]}"
4594,2016-07-30,300.1519482930501,"{""type"":""MultiPoint"",""coordinates"":[]}"
4595,2016-07-31,299.56490325927734,"{""type"":""MultiPoint"",""coordinates"":[]}"
4596,2016-08-01,299.5968729654948,"{""type"":""MultiPoint"",""coordinates"":[]}"
4597,2016-08-02,299.7197729746501,"{""type"":""MultiPoint"",""coordinates"":[]}"
4598,2016-08-03,299.7723903656006,"{""type"":""MultiPoint"",""coordinates"":[]}"
4599,2016-08-04,299.5127709706624,"{""type"":""MultiPoint"",""coordinates"":[]}"
4600,2016-08-05,299.8186257680257,"{""type"":""MultiPoint"",""coordinates"":[]}"
4601,2016-08-06,299.94637807210285,"{""type"":""MultiPoint"",""coordinates"":[]}"
4602,2016-08-07,299.51437441507977,"{""type"":""MultiPoint"",""coordinates"":[]}"
4603,2016-08-08,300.30142974853516,"{""type"":""MultiPoint"",""coordinates"":[]}"
4604,2016-08-09,300.3976294199626,"{""type"":""MultiPoint"",""coordinates"":[]}"
4605,2016-08-10,300.4046579996745,"{""type"":""MultiPoint"",""coordinates"":[]}"
4606,2016-08-11,300.70429674784344,"{""type"":""MultiPoint"",""coordinates"":[]}"
4607,2016-08-12,300.3606548309326,"{""type"":""MultiPoint"",""coordinates"":[]}"
4608,2016-08-13,300.34099260965985,"{""type"":""MultiPoint"",""coordinates"":[]}"
4609,2016-08-14,299.8859348297119,"{""type"":""MultiPoint"",""coordinates"":[]}"
4610,2016-08-15,300.0468559265137,"{""type"":""MultiPoint"",""coordinates"":[]}"
4611,2016-08-16,299.8067855834961,"{""type"":""MultiPoint"",""coordinates"":[]}"
4612,2016-08-17,300.0840587615967,"{""type"":""MultiPoint"",""coordinates"":[]}"
4613,2016-08-18,300.64354578653973,"{""type"":""MultiPoint"",""coordinates"":[]}"
4614,2016-08-19,300.8294734954834,"{""type"":""MultiPoint"",""coordinates"":[]}"
4615,2016-08-20,300.6921977996826,"{""type"":""MultiPoint"",""coordinates"":[]}"
4616,2016-08-21,300.7189184824626,"{""type"":""MultiPoint"",""coordinates"":[]}"
4617,2016-08-22,300.84313583374023,"{""type"":""MultiPoint"",""coordinates"":[]}"
4618,2016-08-23,300.7129414876302,"{""type"":""MultiPoint"",""coordinates"":[]}"
4619,2016-08-24,300.63797187805176,"{""type"":""MultiPoint"",""coordinates"":[]}"
4620,2016-08-25,300.0140558878581,"{""type"":""MultiPoint"",""coordinates"":[]}"
4621,2016-08-26,300.21018346150714,"{""type"":""MultiPoint"",""coordinates"":[]}"
4622,2016-08-27,300.4312604268392,"{""type"":""MultiPoint"",""coordinates"":[]}"
4623,2016-08-28,299.4453760782878,"{""type"":""MultiPoint"",""coordinates"":[]}"
4624,2016-08-29,300.2246551513672,"{""type"":""MultiPoint"",""coordinates"":[]}"
4625,2016-08-30,300.8457482655843,"{""type"":""MultiPoint"",""coordinates"":[]}"
4626,2016-08-31,300.86859766642254,"{""type"":""MultiPoint"",""coordinates"":[]}"
4627,2016-09-01,301.03305689493817,"{""type"":""MultiPoint"",""coordinates"":[]}"
4628,2016-09-02,300.4103488922119,"{""type"":""MultiPoint"",""coordinates"":[]}"
4629,2016-09-03,300.2421480814616,"{""type"":""MultiPoint"",""coordinates"":[]}"
4630,2016-09-04,300.12984402974445,"{""type"":""MultiPoint"",""coordinates"":[]}"
4631,2016-09-05,300.9133637746175,"{""type"":""MultiPoint"",""coordinates"":[]}"
4632,2016-09-06,301.06123479207355,"{""type"":""MultiPoint"",""coordinates"":[]}"
4633,2016-09-07,300.72100830078125,"{""type"":""MultiPoint"",""coordinates"":[]}"
4634,2016-09-08,299.7910442352295,"{""type"":""MultiPoint"",""coordinates"":[]}"
4635,2016-09-09,300.0198510487874,"{""type"":""MultiPoint"",""coordinates"":[]}"
4636,2016-09-10,299.8011302947998,"{""type"":""MultiPoint"",""coordinates"":[]}"
4637,2016-09-11,299.6337248484294,"{""type"":""MultiPoint"",""coordinates"":[]}"
4638,2016-09-12,299.65891710917157,"{""type"":""MultiPoint"",""coordinates"":[]}"
4639,2016-09-13,300.66558774312335,"{""type"":""MultiPoint"",""coordinates"":[]}"
4640,2016-09-14,300.2837028503418,"{""type"":""MultiPoint"",""coordinates"":[]}"
4641,2016-09-15,300.12654304504395,"{""type"":""MultiPoint"",""coordinates"":[]}"
4642,2016-09-16,300.00639788309735,"{""type"":""MultiPoint"",""coordinates"":[]}"
4643,2016-09-17,300.5148124694824,"{""type"":""MultiPoint"",""coordinates"":[]}"
4644,2016-09-18,300.9424165089925,"{""type"":""MultiPoint"",""coordinates"":[]}"
4645,2016-09-19,300.5548788706462,"{""type"":""MultiPoint"",""coordinates"":[]}"
4646,2016-09-20,300.68746821085614,"{""type"":""MultiPoint"",""coordinates"":[]}"
4647,2016-09-21,300.86328125,"{""type"":""MultiPoint"",""coordinates"":[]}"
4648,2016-09-22,300.98840014139813,"{""type"":""MultiPoint"",""coordinates"":[]}"
4649,2016-09-23,300.97677421569824,"{""type"":""MultiPoint"",""coordinates"":[]}"
4650,2016-09-24,300.76028696695965,"{""type"":""MultiPoint"",""coordinates"":[]}"
4651,2016-09-25,300.7784881591797,"{""type"":""MultiPoint"",""coordinates"":[]}"
4652,2016-09-26,300.7867857615153,"{""type"":""MultiPoint"",""coordinates"":[]}"
4653,2016-09-27,300.85975138346356,"{""type"":""MultiPoint"",""coordinates"":[]}"
4654,2016-09-28,301.09520530700684,"{""type"":""MultiPoint"",""coordinates"":[]}"
4655,2016-09-29,301.063783009847,"{""type"":""MultiPoint"",""coordinates"":[]}"
4656,2016-09-30,301.14262835184735,"{""type"":""MultiPoint"",""coordinates"":[]}"
4657,2016-10-01,301.03594334920246,"{""type"":""MultiPoint"",""coordinates"":[]}"
4658,2016-10-02,301.07265027364093,"{""type"":""MultiPoint"",""coordinates"":[]}"
4659,2016-10-03,301.07720311482746,"{""type"":""MultiPoint"",""coordinates"":[]}"
4660,2016-10-04,300.7344099680583,"{""type"":""MultiPoint"",""coordinates"":[]}"
4661,2016-10-05,300.79111353556317,"{""type"":""MultiPoint"",""coordinates"":[]}"
4662,2016-10-06,301.0945116678874,"{""type"":""MultiPoint"",""coordinates"":[]}"
4663,2016-10-07,300.8257255554199,"{""type"":""MultiPoint"",""coordinates"":[]}"
4664,2016-10-08,300.8628184000651,"{""type"":""MultiPoint"",""coordinates"":[]}"
4665,2016-10-09,300.97768147786456,"{""type"":""MultiPoint"",""coordinates"":[]}"
4666,2016-10-10,300.60194206237793,"{""type"":""MultiPoint"",""coordinates"":[]}"
4667,2016-10-11,300.5378220876058,"{""type"":""MultiPoint"",""coordinates"":[]}"
4668,2016-10-12,300.6292260487874,"{""type"":""MultiPoint"",""coordinates"":[]}"
4669,2016-10-13,300.722354888916,"{""type"":""MultiPoint"",""coordinates"":[]}"
4670,2016-10-14,300.97883288065594,"{""type"":""MultiPoint"",""coordinates"":[]}"
4671,2016-10-15,300.96304512023926,"{""type"":""MultiPoint"",""coordinates"":[]}"
4672,2016-10-16,300.57556851704913,"{""type"":""MultiPoint"",""coordinates"":[]}"
4673,2016-10-17,300.8783613840739,"{""type"":""MultiPoint"",""coordinates"":[]}"
4674,2016-10-18,301.18347485860187,"{""type"":""MultiPoint"",""coordinates"":[]}"
4675,2016-10-19,301.1083736419678,"{""type"":""MultiPoint"",""coordinates"":[]}"
4676,2016-10-20,300.97023646036786,"{""type"":""MultiPoint"",""coordinates"":[]}"
4677,2016-10-21,300.309632619222,"{""type"":""MultiPoint"",""coordinates"":[]}"
4678,2016-10-22,300.0914115905762,"{""type"":""MultiPoint"",""coordinates"":[]}"
4679,2016-10-23,299.76599375406903,"{""type"":""MultiPoint"",""coordinates"":[]}"
4680,2016-10-24,299.6223265329997,"{""type"":""MultiPoint"",""coordinates"":[]}"
4681,2016-10-25,300.3791681925456,"{""type"":""MultiPoint"",""coordinates"":[]}"
4682,2016-10-26,300.3575973510742,"{""type"":""MultiPoint"",""coordinates"":[]}"
4683,2016-10-27,300.41674613952637,"{""type"":""MultiPoint"",""coordinates"":[]}"
4684,2016-10-28,300.36843236287433,"{""type"":""MultiPoint"",""coordinates"":[]}"
4685,2016-10-29,300.614460627238,"{""type"":""MultiPoint"",""coordinates"":[]}"
4686,2016-10-30,300.6221841176351,"{""type"":""MultiPoint"",""coordinates"":[]}"
4687,2016-10-31,300.6090602874756,"{""type"":""MultiPoint"",""coordinates"":[]}"
4688,2016-11-01,300.6818428039551,"{""type"":""MultiPoint"",""coordinates"":[]}"
4689,2016-11-02,300.7907911936442,"{""type"":""MultiPoint"",""coordinates"":[]}"
4690,2016-11-03,301.0139675140381,"{""type"":""MultiPoint"",""coordinates"":[]}"
4691,2016-11-04,301.0001443227132,"{""type"":""MultiPoint"",""coordinates"":[]}"
4692,2016-11-05,300.6057821909587,"{""type"":""MultiPoint"",""coordinates"":[]}"
4693,2016-11-06,299.7265911102295,"{""type"":""MultiPoint"",""coordinates"":[]}"
4694,2016-11-07,299.7889684041341,"{""type"":""MultiPoint"",""coordinates"":[]}"
4695,2016-11-08,300.19054222106934,"{""type"":""MultiPoint"",""coordinates"":[]}"
4696,2016-11-09,300.6592311859131,"{""type"":""MultiPoint"",""coordinates"":[]}"
4697,2016-11-10,300.84689076741535,"{""type"":""MultiPoint"",""coordinates"":[]}"
4698,2016-11-11,300.764851252238,"{""type"":""MultiPoint"",""coordinates"":[]}"
4699,2016-11-12,300.78185081481934,"{""type"":""MultiPoint"",""coordinates"":[]}"
4700,2016-11-13,300.3416233062744,"{""type"":""MultiPoint"",""coordinates"":[]}"
4701,2016-11-14,299.96889305114746,"{""type"":""MultiPoint"",""coordinates"":[]}"
4702,2016-11-15,300.1249809265137,"{""type"":""MultiPoint"",""coordinates"":[]}"
4703,2016-11-16,300.5113608042399,"{""type"":""MultiPoint"",""coordinates"":[]}"
4704,2016-11-17,300.747807820638,"{""type"":""MultiPoint"",""coordinates"":[]}"
4705,2016-11-18,300.55580774943036,"{""type"":""MultiPoint"",""coordinates"":[]}"
4706,2016-11-19,299.60679690043133,"{""type"":""MultiPoint"",""coordinates"":[]}"
4707,2016-11-20,299.73178545633954,"{""type"":""MultiPoint"",""coordinates"":[]}"
4708,2016-11-21,300.37232462565106,"{""type"":""MultiPoint"",""coordinates"":[]}"
4709,2016-11-22,300.3636786142985,"{""type"":""MultiPoint"",""coordinates"":[]}"
4710,2016-11-23,300.606637318929,"{""type"":""MultiPoint"",""coordinates"":[]}"
4711,2016-11-24,300.68815994262695,"{""type"":""MultiPoint"",""coordinates"":[]}"
4712,2016-11-25,300.4377892812093,"{""type"":""MultiPoint"",""coordinates"":[]}"
4713,2016-11-26,300.3997968037923,"{""type"":""MultiPoint"",""coordinates"":[]}"
4714,2016-11-27,300.29945373535156,"{""type"":""MultiPoint"",""coordinates"":[]}"
4715,2016-11-28,300.6297022501628,"{""type"":""MultiPoint"",""coordinates"":[]}"
4716,2016-11-29,300.70946248372394,"{""type"":""MultiPoint"",""coordinates"":[]}"
4717,2016-11-30,300.8853410085042,"{""type"":""MultiPoint"",""coordinates"":[]}"
4718,2016-12-01,300.5575205485026,"{""type"":""MultiPoint"",""coordinates"":[]}"
4719,2016-12-02,300.3078498840332,"{""type"":""MultiPoint"",""coordinates"":[]}"
4720,2016-12-03,300.12323633829754,"{""type"":""MultiPoint"",""coordinates"":[]}"
4721,2016-12-04,300.03420003255206,"{""type"":""MultiPoint"",""coordinates"":[]}"
4722,2016-12-05,300.48368708292645,"{""type"":""MultiPoint"",""coordinates"":[]}"
4723,2016-12-06,300.1764373779297,"{""type"":""MultiPoint"",""coordinates"":[]}"
4724,2016-12-07,300.17072614034015,"{""type"":""MultiPoint"",""coordinates"":[]}"
4725,2016-12-08,300.0602626800537,"{""type"":""MultiPoint"",""coordinates"":[]}"
4726,2016-12-09,299.95484987894696,"{""type"":""MultiPoint"",""coordinates"":[]}"
4727,2016-12-10,300.045129776001,"{""type"":""MultiPoint"",""coordinates"":[]}"
4728,2016-12-11,299.2773914337158,"{""type"":""MultiPoint"",""coordinates"":[]}"
4729,2016-12-12,299.09303092956543,"{""type"":""MultiPoint"",""coordinates"":[]}"
4730,2016-12-13,298.9580732981364,"{""type"":""MultiPoint"",""coordinates"":[]}"
4731,2016-12-14,299.93613052368164,"{""type"":""MultiPoint"",""coordinates"":[]}"
4732,2016-12-15,299.42066955566406,"{""type"":""MultiPoint"",""coordinates"":[]}"
4733,2016-12-16,298.88769658406574,"{""type"":""MultiPoint"",""coordinates"":[]}"
4734,2016-12-17,299.05164591471356,"{""type"":""MultiPoint"",""coordinates"":[]}"
4735,2016-12-18,298.56508445739746,"{""type"":""MultiPoint"",""coordinates"":[]}"
4736,2016-12-19,298.52135785420734,"{""type"":""MultiPoint"",""coordinates"":[]}"
4737,2016-12-20,298.4837532043457,"{""type"":""MultiPoint"",""coordinates"":[]}"
4738,2016-12-21,298.8983402252197,"{""type"":""MultiPoint"",""coordinates"":[]}"
4739,2016-12-22,298.93635114034015,"{""type"":""MultiPoint"",""coordinates"":[]}"
4740,2016-12-23,298.5752817789714,"{""type"":""MultiPoint"",""coordinates"":[]}"
4741,2016-12-24,298.525292078654,"{""type"":""MultiPoint"",""coordinates"":[]}"
4742,2016-12-25,298.8516737620036,"{""type"":""MultiPoint"",""coordinates"":[]}"
4743,2016-12-26,298.76449966430664,"{""type"":""MultiPoint"",""coordinates"":[]}"
4744,2016-12-27,298.921350479126,"{""type"":""MultiPoint"",""coordinates"":[]}"
4745,2016-12-28,298.74352327982587,"{""type"":""MultiPoint"",""coordinates"":[]}"
4746,2016-12-29,299.2420794169108,"{""type"":""MultiPoint"",""coordinates"":[]}"
4747,2016-12-30,299.11059761047363,"{""type"":""MultiPoint"",""coordinates"":[]}"
4748,2016-12-31,299.31390953063965,"{""type"":""MultiPoint"",""coordinates"":[]}"
4749,2017-01-01,299.33503977457684,"{""type"":""MultiPoint"",""coordinates"":[]}"
4750,2017-01-02,299.2720896402995,"{""type"":""MultiPoint"",""coordinates"":[]}"
4751,2017-01-03,298.60520871480304,"{""type"":""MultiPoint"",""coordinates"":[]}"
4752,2017-01-04,298.471523920695,"{""type"":""MultiPoint"",""coordinates"":[]}"
4753,2017-01-05,298.7213617960612,"{""type"":""MultiPoint"",""coordinates"":[]}"
4754,2017-01-06,299.0662479400635,"{""type"":""MultiPoint"",""coordinates"":[]}"
4755,2017-01-07,299.3196029663086,"{""type"":""MultiPoint"",""coordinates"":[]}"
4756,2017-01-08,298.99871826171875,"{""type"":""MultiPoint"",""coordinates"":[]}"
4757,2017-01-09,298.7610677083333,"{""type"":""MultiPoint"",""coordinates"":[]}"
4758,2017-01-10,298.857458114624,"{""type"":""MultiPoint"",""coordinates"":[]}"
4759,2017-01-11,298.9073034922282,"{""type"":""MultiPoint"",""coordinates"":[]}"
4760,2017-01-12,299.01489957173663,"{""type"":""MultiPoint"",""coordinates"":[]}"
4761,2017-01-13,298.9280885060628,"{""type"":""MultiPoint"",""coordinates"":[]}"
4762,2017-01-14,298.3718910217285,"{""type"":""MultiPoint"",""coordinates"":[]}"
4763,2017-01-15,298.28395652770996,"{""type"":""MultiPoint"",""coordinates"":[]}"
4764,2017-01-16,298.1086031595866,"{""type"":""MultiPoint"",""coordinates"":[]}"
4765,2017-01-17,298.28725560506183,"{""type"":""MultiPoint"",""coordinates"":[]}"
4766,2017-01-18,298.71681149800617,"{""type"":""MultiPoint"",""coordinates"":[]}"
4767,2017-01-19,298.95178031921387,"{""type"":""MultiPoint"",""coordinates"":[]}"
4768,2017-01-20,299.63137944539386,"{""type"":""MultiPoint"",""coordinates"":[]}"
4769,2017-01-21,299.58179664611816,"{""type"":""MultiPoint"",""coordinates"":[]}"
4770,2017-01-22,299.1338818868001,"{""type"":""MultiPoint"",""coordinates"":[]}"
4771,2017-01-23,298.57657623291016,"{""type"":""MultiPoint"",""coordinates"":[]}"
4772,2017-01-24,298.7801914215088,"{""type"":""MultiPoint"",""coordinates"":[]}"
4773,2017-01-25,299.6958688100179,"{""type"":""MultiPoint"",""coordinates"":[]}"
4774,2017-01-26,299.007168451945,"{""type"":""MultiPoint"",""coordinates"":[]}"
4775,2017-01-27,298.4574902852376,"{""type"":""MultiPoint"",""coordinates"":[]}"
4776,2017-01-28,298.78991508483887,"{""type"":""MultiPoint"",""coordinates"":[]}"
4777,2017-01-29,299.8101285298665,"{""type"":""MultiPoint"",""coordinates"":[]}"
4778,2017-01-30,299.19523938496906,"{""type"":""MultiPoint"",""coordinates"":[]}"
4779,2017-01-31,298.903356552124,"{""type"":""MultiPoint"",""coordinates"":[]}"
4780,2017-02-01,299.06024233500165,"{""type"":""MultiPoint"",""coordinates"":[]}"
4781,2017-02-02,299.2418613433838,"{""type"":""MultiPoint"",""coordinates"":[]}"
4782,2017-02-03,299.5784149169922,"{""type"":""MultiPoint"",""coordinates"":[]}"
4783,2017-02-04,298.9537188212077,"{""type"":""MultiPoint"",""coordinates"":[]}"
4784,2017-02-05,298.83592414855957,"{""type"":""MultiPoint"",""coordinates"":[]}"
4785,2017-02-06,299.23910967508954,"{""type"":""MultiPoint"",""coordinates"":[]}"
4786,2017-02-07,299.18170674641925,"{""type"":""MultiPoint"",""coordinates"":[]}"
4787,2017-02-08,299.06404940287274,"{""type"":""MultiPoint"",""coordinates"":[]}"
4788,2017-02-09,298.8848826090495,"{""type"":""MultiPoint"",""coordinates"":[]}"
4789,2017-02-10,298.9675979614258,"{""type"":""MultiPoint"",""coordinates"":[]}"
4790,2017-02-11,298.84096654256183,"{""type"":""MultiPoint"",""coordinates"":[]}"
4791,2017-02-12,298.6427828470866,"{""type"":""MultiPoint"",""coordinates"":[]}"
4792,2017-02-13,298.4513130187988,"{""type"":""MultiPoint"",""coordinates"":[]}"
4793,2017-02-14,298.52158482869464,"{""type"":""MultiPoint"",""coordinates"":[]}"
4794,2017-02-15,299.1178207397461,"{""type"":""MultiPoint"",""coordinates"":[]}"
4795,2017-02-16,297.77629470825195,"{""type"":""MultiPoint"",""coordinates"":[]}"
4796,2017-02-17,297.88376299540204,"{""type"":""MultiPoint"",""coordinates"":[]}"
4797,2017-02-18,298.6899178822835,"{""type"":""MultiPoint"",""coordinates"":[]}"
4798,2017-02-19,299.2603054046631,"{""type"":""MultiPoint"",""coordinates"":[]}"
4799,2017-02-20,299.1764367421468,"{""type"":""MultiPoint"",""coordinates"":[]}"
4800,2017-02-21,299.445032119751,"{""type"":""MultiPoint"",""coordinates"":[]}"
4801,2017-02-22,299.0479278564453,"{""type"":""MultiPoint"",""coordinates"":[]}"
4802,2017-02-23,298.61019198099774,"{""type"":""MultiPoint"",""coordinates"":[]}"
4803,2017-02-24,298.4810479482015,"{""type"":""MultiPoint"",""coordinates"":[]}"
4804,2017-02-25,299.3422317504883,"{""type"":""MultiPoint"",""coordinates"":[]}"
4805,2017-02-26,299.0615011850993,"{""type"":""MultiPoint"",""coordinates"":[]}"
4806,2017-02-27,299.1322333017985,"{""type"":""MultiPoint"",""coordinates"":[]}"
4807,2017-02-28,298.8368396759033,"{""type"":""MultiPoint"",""coordinates"":[]}"
4808,2017-03-01,298.1051826477051,"{""type"":""MultiPoint"",""coordinates"":[]}"
4809,2017-03-02,298.97133954366046,"{""type"":""MultiPoint"",""coordinates"":[]}"
4810,2017-03-03,299.59914143880206,"{""type"":""MultiPoint"",""coordinates"":[]}"
4811,2017-03-04,299.4176432291667,"{""type"":""MultiPoint"",""coordinates"":[]}"
4812,2017-03-05,299.3330643971761,"{""type"":""MultiPoint"",""coordinates"":[]}"
4813,2017-03-06,299.03811836242676,"{""type"":""MultiPoint"",""coordinates"":[]}"
4814,2017-03-07,299.0405680338542,"{""type"":""MultiPoint"",""coordinates"":[]}"
4815,2017-03-08,298.8122208913167,"{""type"":""MultiPoint"",""coordinates"":[]}"
4816,2017-03-09,298.8903694152832,"{""type"":""MultiPoint"",""coordinates"":[]}"
4817,2017-03-10,298.8763650258382,"{""type"":""MultiPoint"",""coordinates"":[]}"
4818,2017-03-11,299.38533719380695,"{""type"":""MultiPoint"",""coordinates"":[]}"
4819,2017-03-12,299.4004898071289,"{""type"":""MultiPoint"",""coordinates"":[]}"
4820,2017-03-13,299.01304817199707,"{""type"":""MultiPoint"",""coordinates"":[]}"
4821,2017-03-14,299.19522349039715,"{""type"":""MultiPoint"",""coordinates"":[]}"
4822,2017-03-15,299.3945910135905,"{""type"":""MultiPoint"",""coordinates"":[]}"
4823,2017-03-16,299.05081113179523,"{""type"":""MultiPoint"",""coordinates"":[]}"
4824,2017-03-17,299.3425807952881,"{""type"":""MultiPoint"",""coordinates"":[]}"
4825,2017-03-18,299.1177215576172,"{""type"":""MultiPoint"",""coordinates"":[]}"
4826,2017-03-19,298.7786693572998,"{""type"":""MultiPoint"",""coordinates"":[]}"
4827,2017-03-20,298.23838170369464,"{""type"":""MultiPoint"",""coordinates"":[]}"
4828,2017-03-21,298.51565806070965,"{""type"":""MultiPoint"",""coordinates"":[]}"
4829,2017-03-22,299.27261479695636,"{""type"":""MultiPoint"",""coordinates"":[]}"
4830,2017-03-23,299.49135907491046,"{""type"":""MultiPoint"",""coordinates"":[]}"
4831,2017-03-24,299.46047337849933,"{""type"":""MultiPoint"",""coordinates"":[]}"
4832,2017-03-25,299.61890411376953,"{""type"":""MultiPoint"",""coordinates"":[]}"
4833,2017-03-26,299.5778872172038,"{""type"":""MultiPoint"",""coordinates"":[]}"
4834,2017-03-27,299.7785193125407,"{""type"":""MultiPoint"",""coordinates"":[]}"
4835,2017-03-28,299.247273127238,"{""type"":""MultiPoint"",""coordinates"":[]}"
4836,2017-03-29,299.8222421010335,"{""type"":""MultiPoint"",""coordinates"":[]}"
4837,2017-03-30,299.63924980163574,"{""type"":""MultiPoint"",""coordinates"":[]}"
4838,2017-03-31,299.81883303324383,"{""type"":""MultiPoint"",""coordinates"":[]}"
4839,2017-04-01,299.94816907246906,"{""type"":""MultiPoint"",""coordinates"":[]}"
4840,2017-04-02,299.8033326466878,"{""type"":""MultiPoint"",""coordinates"":[]}"
4841,2017-04-03,299.82542673746747,"{""type"":""MultiPoint"",""coordinates"":[]}"
4842,2017-04-04,299.67294057210285,"{""type"":""MultiPoint"",""coordinates"":[]}"
4843,2017-04-05,299.607084274292,"{""type"":""MultiPoint"",""coordinates"":[]}"
4844,2017-04-06,299.39536730448407,"{""type"":""MultiPoint"",""coordinates"":[]}"
4845,2017-04-07,299.2647171020508,"{""type"":""MultiPoint"",""coordinates"":[]}"
4846,2017-04-08,299.6390972137451,"{""type"":""MultiPoint"",""coordinates"":[]}"
4847,2017-04-09,299.52384122212726,"{""type"":""MultiPoint"",""coordinates"":[]}"
4848,2017-04-10,298.7346757253011,"{""type"":""MultiPoint"",""coordinates"":[]}"
4849,2017-04-11,299.1947364807129,"{""type"":""MultiPoint"",""coordinates"":[]}"
4850,2017-04-12,299.34798494974774,"{""type"":""MultiPoint"",""coordinates"":[]}"
4851,2017-04-13,299.85977872212726,"{""type"":""MultiPoint"",""coordinates"":[]}"
4852,2017-04-14,299.749075571696,"{""type"":""MultiPoint"",""coordinates"":[]}"
4853,2017-04-15,299.8863665262858,"{""type"":""MultiPoint"",""coordinates"":[]}"
4854,2017-04-16,300.0045560201009,"{""type"":""MultiPoint"",""coordinates"":[]}"
4855,2017-04-17,299.87656529744464,"{""type"":""MultiPoint"",""coordinates"":[]}"
4856,2017-04-18,299.77121035257977,"{""type"":""MultiPoint"",""coordinates"":[]}"
4857,2017-04-19,299.93779436747235,"{""type"":""MultiPoint"",""coordinates"":[]}"
4858,2017-04-20,299.8330841064453,"{""type"":""MultiPoint"",""coordinates"":[]}"
4859,2017-04-21,299.89251200358075,"{""type"":""MultiPoint"",""coordinates"":[]}"
4860,2017-04-22,300.21685282389325,"{""type"":""MultiPoint"",""coordinates"":[]}"
4861,2017-04-23,300.0974979400635,"{""type"":""MultiPoint"",""coordinates"":[]}"
4862,2017-04-24,300.0056889851888,"{""type"":""MultiPoint"",""coordinates"":[]}"
4863,2017-04-25,300.16663551330566,"{""type"":""MultiPoint"",""coordinates"":[]}"
4864,2017-04-26,299.8567886352539,"{""type"":""MultiPoint"",""coordinates"":[]}"
4865,2017-04-27,300.17280133565265,"{""type"":""MultiPoint"",""coordinates"":[]}"
4866,2017-04-28,299.1787230173747,"{""type"":""MultiPoint"",""coordinates"":[]}"
4867,2017-04-29,298.56076685587567,"{""type"":""MultiPoint"",""coordinates"":[]}"
4868,2017-04-30,298.9631239573161,"{""type"":""MultiPoint"",""coordinates"":[]}"
4869,2017-05-01,299.2736447652181,"{""type"":""MultiPoint"",""coordinates"":[]}"
4870,2017-05-02,299.1609656016032,"{""type"":""MultiPoint"",""coordinates"":[]}"
4871,2017-05-03,299.0720221201579,"{""type"":""MultiPoint"",""coordinates"":[]}"
4872,2017-05-04,299.2064679463704,"{""type"":""MultiPoint"",""coordinates"":[]}"
4873,2017-05-05,299.1919854482015,"{""type"":""MultiPoint"",""coordinates"":[]}"
4874,2017-05-06,299.41384442647296,"{""type"":""MultiPoint"",""coordinates"":[]}"
4875,2017-05-07,299.2923355102539,"{""type"":""MultiPoint"",""coordinates"":[]}"
4876,2017-05-08,299.5484135945638,"{""type"":""MultiPoint"",""coordinates"":[]}"
4877,2017-05-09,299.23312695821124,"{""type"":""MultiPoint"",""coordinates"":[]}"
4878,2017-05-10,299.47734387715656,"{""type"":""MultiPoint"",""coordinates"":[]}"
4879,2017-05-11,299.0547517140706,"{""type"":""MultiPoint"",""coordinates"":[]}"
4880,2017-05-12,299.55366071065265,"{""type"":""MultiPoint"",""coordinates"":[]}"
4881,2017-05-13,299.3766377766927,"{""type"":""MultiPoint"",""coordinates"":[]}"
4882,2017-05-14,299.6875915527344,"{""type"":""MultiPoint"",""coordinates"":[]}"
4883,2017-05-15,299.63557561238605,"{""type"":""MultiPoint"",""coordinates"":[]}"
4884,2017-05-16,299.35001945495605,"{""type"":""MultiPoint"",""coordinates"":[]}"
4885,2017-05-17,298.61146481831867,"{""type"":""MultiPoint"",""coordinates"":[]}"
4886,2017-05-18,299.22983805338544,"{""type"":""MultiPoint"",""coordinates"":[]}"
4887,2017-05-19,299.49634552001953,"{""type"":""MultiPoint"",""coordinates"":[]}"
4888,2017-05-20,299.7368876139323,"{""type"":""MultiPoint"",""coordinates"":[]}"
4889,2017-05-21,298.94389088948566,"{""type"":""MultiPoint"",""coordinates"":[]}"
4890,2017-05-22,299.1738707224528,"{""type"":""MultiPoint"",""coordinates"":[]}"
4891,2017-05-23,299.7842082977295,"{""type"":""MultiPoint"",""coordinates"":[]}"
4892,2017-05-24,299.5059560139974,"{""type"":""MultiPoint"",""coordinates"":[]}"
4893,2017-05-25,299.7184950510661,"{""type"":""MultiPoint"",""coordinates"":[]}"
4894,2017-05-26,300.04994201660156,"{""type"":""MultiPoint"",""coordinates"":[]}"
4895,2017-05-27,300.2960325876872,"{""type"":""MultiPoint"",""coordinates"":[]}"
4896,2017-05-28,300.13718605041504,"{""type"":""MultiPoint"",""coordinates"":[]}"
4897,2017-05-29,299.6379337310791,"{""type"":""MultiPoint"",""coordinates"":[]}"
4898,2017-05-30,299.44711621602374,"{""type"":""MultiPoint"",""coordinates"":[]}"
4899,2017-05-31,300.0530662536621,"{""type"":""MultiPoint"",""coordinates"":[]}"
4900,2017-06-01,299.5368359883626,"{""type"":""MultiPoint"",""coordinates"":[]}"
4901,2017-06-02,299.5251604715983,"{""type"":""MultiPoint"",""coordinates"":[]}"
4902,2017-06-03,299.7544066111247,"{""type"":""MultiPoint"",""coordinates"":[]}"
4903,2017-06-04,300.08200136820477,"{""type"":""MultiPoint"",""coordinates"":[]}"
4904,2017-06-05,299.7546272277832,"{""type"":""MultiPoint"",""coordinates"":[]}"
4905,2017-06-06,299.31883748372394,"{""type"":""MultiPoint"",""coordinates"":[]}"
4906,2017-06-07,299.2281665802002,"{""type"":""MultiPoint"",""coordinates"":[]}"
4907,2017-06-08,299.738561630249,"{""type"":""MultiPoint"",""coordinates"":[]}"
4908,2017-06-09,299.29921595255536,"{""type"":""MultiPoint"",""coordinates"":[]}"
4909,2017-06-10,298.9721221923828,"{""type"":""MultiPoint"",""coordinates"":[]}"
4910,2017-06-11,299.99493408203125,"{""type"":""MultiPoint"",""coordinates"":[]}"
4911,2017-06-12,300.11474291483563,"{""type"":""MultiPoint"",""coordinates"":[]}"
4912,2017-06-13,300.3182207743327,"{""type"":""MultiPoint"",""coordinates"":[]}"
4913,2017-06-14,300.32121594746906,"{""type"":""MultiPoint"",""coordinates"":[]}"
4914,2017-06-15,300.02285448710126,"{""type"":""MultiPoint"",""coordinates"":[]}"
4915,2017-06-16,299.8907292683919,"{""type"":""MultiPoint"",""coordinates"":[]}"
4916,2017-06-17,299.3940512339274,"{""type"":""MultiPoint"",""coordinates"":[]}"
4917,2017-06-18,299.3546994527181,"{""type"":""MultiPoint"",""coordinates"":[]}"
4918,2017-06-19,298.97143363952637,"{""type"":""MultiPoint"",""coordinates"":[]}"
4919,2017-06-20,299.479533513387,"{""type"":""MultiPoint"",""coordinates"":[]}"
4920,2017-06-21,299.1383806864421,"{""type"":""MultiPoint"",""coordinates"":[]}"
4921,2017-06-22,299.1644681294759,"{""type"":""MultiPoint"",""coordinates"":[]}"
4922,2017-06-23,298.65228271484375,"{""type"":""MultiPoint"",""coordinates"":[]}"
4923,2017-06-24,298.615047454834,"{""type"":""MultiPoint"",""coordinates"":[]}"
4924,2017-06-25,299.20178922017413,"{""type"":""MultiPoint"",""coordinates"":[]}"
4925,2017-06-26,299.0980580647786,"{""type"":""MultiPoint"",""coordinates"":[]}"
4926,2017-06-27,299.1763159434001,"{""type"":""MultiPoint"",""coordinates"":[]}"
4927,2017-06-28,298.9148890177409,"{""type"":""MultiPoint"",""coordinates"":[]}"
4928,2017-06-29,299.1796124776204,"{""type"":""MultiPoint"",""coordinates"":[]}"
4929,2017-06-30,299.35750007629395,"{""type"":""MultiPoint"",""coordinates"":[]}"
4930,2017-07-01,299.4308891296387,"{""type"":""MultiPoint"",""coordinates"":[]}"
4931,2017-07-02,298.97424697875977,"{""type"":""MultiPoint"",""coordinates"":[]}"
4932,2017-07-03,299.4180564880371,"{""type"":""MultiPoint"",""coordinates"":[]}"
4933,2017-07-04,299.87767855326337,"{""type"":""MultiPoint"",""coordinates"":[]}"
4934,2017-07-05,300.2520345052083,"{""type"":""MultiPoint"",""coordinates"":[]}"
4935,2017-07-06,300.2878227233887,"{""type"":""MultiPoint"",""coordinates"":[]}"
4936,2017-07-07,300.13562266031903,"{""type"":""MultiPoint"",""coordinates"":[]}"
4937,2017-07-08,299.4230728149414,"{""type"":""MultiPoint"",""coordinates"":[]}"
4938,2017-07-09,299.32327397664386,"{""type"":""MultiPoint"",""coordinates"":[]}"
4939,2017-07-10,299.6360562642415,"{""type"":""MultiPoint"",""coordinates"":[]}"
4940,2017-07-11,299.71741040547687,"{""type"":""MultiPoint"",""coordinates"":[]}"
4941,2017-07-12,299.25499216715497,"{""type"":""MultiPoint"",""coordinates"":[]}"
4942,2017-07-13,298.94243812561035,"{""type"":""MultiPoint"",""coordinates"":[]}"
4943,2017-07-14,298.8320903778076,"{""type"":""MultiPoint"",""coordinates"":[]}"
4944,2017-07-15,299.4692026774089,"{""type"":""MultiPoint"",""coordinates"":[]}"
4945,2017-07-16,299.2655385335286,"{""type"":""MultiPoint"",""coordinates"":[]}"
4946,2017-07-17,299.23409907023114,"{""type"":""MultiPoint"",""coordinates"":[]}"
4947,2017-07-18,299.66281000773114,"{""type"":""MultiPoint"",""coordinates"":[]}"
4948,2017-07-19,299.76448822021484,"{""type"":""MultiPoint"",""coordinates"":[]}"
4949,2017-07-20,299.49626032511395,"{""type"":""MultiPoint"",""coordinates"":[]}"
4950,2017-07-21,299.6490535736084,"{""type"":""MultiPoint"",""coordinates"":[]}"
4951,2017-07-22,298.50690841674805,"{""type"":""MultiPoint"",""coordinates"":[]}"
4952,2017-07-23,298.7743797302246,"{""type"":""MultiPoint"",""coordinates"":[]}"
4953,2017-07-24,299.6014156341553,"{""type"":""MultiPoint"",""coordinates"":[]}"
4954,2017-07-25,300.0301570892334,"{""type"":""MultiPoint"",""coordinates"":[]}"
4955,2017-07-26,299.7909901936849,"{""type"":""MultiPoint"",""coordinates"":[]}"
4956,2017-07-27,299.80134836832684,"{""type"":""MultiPoint"",""coordinates"":[]}"
4957,2017-07-28,299.6680660247803,"{""type"":""MultiPoint"",""coordinates"":[]}"
4958,2017-07-29,300.09678904215497,"{""type"":""MultiPoint"",""coordinates"":[]}"
4959,2017-07-30,300.3120454152425,"{""type"":""MultiPoint"",""coordinates"":[]}"
4960,2017-07-31,299.77414957682294,"{""type"":""MultiPoint"",""coordinates"":[]}"
4961,2017-08-01,299.6912275950114,"{""type"":""MultiPoint"",""coordinates"":[]}"
4962,2017-08-02,299.9130458831787,"{""type"":""MultiPoint"",""coordinates"":[]}"
4963,2017-08-03,299.63768641153973,"{""type"":""MultiPoint"",""coordinates"":[]}"
4964,2017-08-04,299.22716585795087,"{""type"":""MultiPoint"",""coordinates"":[]}"
4965,2017-08-05,299.9608046213786,"{""type"":""MultiPoint"",""coordinates"":[]}"
4966,2017-08-06,300.3513552347819,"{""type"":""MultiPoint"",""coordinates"":[]}"
4967,2017-08-07,300.895757039388,"{""type"":""MultiPoint"",""coordinates"":[]}"
4968,2017-08-08,300.8029899597168,"{""type"":""MultiPoint"",""coordinates"":[]}"
4969,2017-08-09,300.9051933288574,"{""type"":""MultiPoint"",""coordinates"":[]}"
4970,2017-08-10,300.52303314208984,"{""type"":""MultiPoint"",""coordinates"":[]}"
4971,2017-08-11,300.4648863474528,"{""type"":""MultiPoint"",""coordinates"":[]}"
4972,2017-08-12,300.45656967163086,"{""type"":""MultiPoint"",""coordinates"":[]}"
4973,2017-08-13,300.4407437642415,"{""type"":""MultiPoint"",""coordinates"":[]}"
4974,2017-08-14,300.79878362019855,"{""type"":""MultiPoint"",""coordinates"":[]}"
4975,2017-08-15,300.5934651692708,"{""type"":""MultiPoint"",""coordinates"":[]}"
4976,2017-08-16,300.86258761088055,"{""type"":""MultiPoint"",""coordinates"":[]}"
4977,2017-08-17,300.7559178670247,"{""type"":""MultiPoint"",""coordinates"":[]}"
4978,2017-08-18,300.93110211690265,"{""type"":""MultiPoint"",""coordinates"":[]}"
4979,2017-08-19,301.2495288848877,"{""type"":""MultiPoint"",""coordinates"":[]}"
4980,2017-08-20,301.0112590789795,"{""type"":""MultiPoint"",""coordinates"":[]}"
4981,2017-08-21,301.1242815653483,"{""type"":""MultiPoint"",""coordinates"":[]}"
4982,2017-08-22,300.9423662821452,"{""type"":""MultiPoint"",""coordinates"":[]}"
4983,2017-08-23,300.90089734395343,"{""type"":""MultiPoint"",""coordinates"":[]}"
4984,2017-08-24,300.74537467956543,"{""type"":""MultiPoint"",""coordinates"":[]}"
4985,2017-08-25,300.91235733032227,"{""type"":""MultiPoint"",""coordinates"":[]}"
4986,2017-08-26,300.8043791453044,"{""type"":""MultiPoint"",""coordinates"":[]}"
4987,2017-08-27,300.6106236775716,"{""type"":""MultiPoint"",""coordinates"":[]}"
4988,2017-08-28,300.74286460876465,"{""type"":""MultiPoint"",""coordinates"":[]}"
4989,2017-08-29,300.74855041503906,"{""type"":""MultiPoint"",""coordinates"":[]}"
4990,2017-08-30,300.7359453837077,"{""type"":""MultiPoint"",""coordinates"":[]}"
4991,2017-08-31,300.8955612182617,"{""type"":""MultiPoint"",""coordinates"":[]}"
4992,2017-09-01,300.7786814371745,"{""type"":""MultiPoint"",""coordinates"":[]}"
4993,2017-09-02,300.89926020304364,"{""type"":""MultiPoint"",""coordinates"":[]}"
4994,2017-09-03,300.8917013804118,"{""type"":""MultiPoint"",""coordinates"":[]}"
4995,2017-09-04,300.7612934112549,"{""type"":""MultiPoint"",""coordinates"":[]}"
4996,2017-09-05,300.7388261159261,"{""type"":""MultiPoint"",""coordinates"":[]}"
4997,2017-09-06,300.58205795288086,"{""type"":""MultiPoint"",""coordinates"":[]}"
4998,2017-09-07,300.848290125529,"{""type"":""MultiPoint"",""coordinates"":[]}"
4999,2017-09-08,301.0361022949219,"{""type"":""MultiPoint"",""coordinates"":[]}"
5000,2017-09-09,301.10456975301105,"{""type"":""MultiPoint"",""coordinates"":[]}"
5001,2017-09-10,301.1267458597819,"{""type"":""MultiPoint"",""coordinates"":[]}"
5002,2017-09-11,300.93716557820636,"{""type"":""MultiPoint"",""coordinates"":[]}"
5003,2017-09-12,300.75096321105957,"{""type"":""MultiPoint"",""coordinates"":[]}"
5004,2017-09-13,300.65597852071124,"{""type"":""MultiPoint"",""coordinates"":[]}"
5005,2017-09-14,300.83210945129395,"{""type"":""MultiPoint"",""coordinates"":[]}"
5006,2017-09-15,300.21304448445636,"{""type"":""MultiPoint"",""coordinates"":[]}"
5007,2017-09-16,300.3409996032715,"{""type"":""MultiPoint"",""coordinates"":[]}"
5008,2017-09-17,299.8298403422038,"{""type"":""MultiPoint"",""coordinates"":[]}"
5009,2017-09-18,300.26277987162274,"{""type"":""MultiPoint"",""coordinates"":[]}"
5010,2017-09-19,300.8384869893392,"{""type"":""MultiPoint"",""coordinates"":[]}"
5011,2017-09-20,301.09955978393555,"{""type"":""MultiPoint"",""coordinates"":[]}"
5012,2017-09-21,301.0479958852132,"{""type"":""MultiPoint"",""coordinates"":[]}"
5013,2017-09-22,300.96318499247235,"{""type"":""MultiPoint"",""coordinates"":[]}"
5014,2017-09-23,300.45685386657715,"{""type"":""MultiPoint"",""coordinates"":[]}"
5015,2017-09-24,300.2366313934326,"{""type"":""MultiPoint"",""coordinates"":[]}"
5016,2017-09-25,300.20080121358234,"{""type"":""MultiPoint"",""coordinates"":[]}"
5017,2017-09-26,300.1920000712077,"{""type"":""MultiPoint"",""coordinates"":[]}"
5018,2017-09-27,300.19919204711914,"{""type"":""MultiPoint"",""coordinates"":[]}"
5019,2017-09-28,300.1735782623291,"{""type"":""MultiPoint"",""coordinates"":[]}"
5020,2017-09-29,300.676726659139,"{""type"":""MultiPoint"",""coordinates"":[]}"
5021,2017-09-30,300.5945962270101,"{""type"":""MultiPoint"",""coordinates"":[]}"
5022,2017-10-01,300.441499710083,"{""type"":""MultiPoint"",""coordinates"":[]}"
5023,2017-10-02,300.4591865539551,"{""type"":""MultiPoint"",""coordinates"":[]}"
5024,2017-10-03,300.8846956888835,"{""type"":""MultiPoint"",""coordinates"":[]}"
5025,2017-10-04,300.9398301442464,"{""type"":""MultiPoint"",""coordinates"":[]}"
5026,2017-10-05,300.9879919687907,"{""type"":""MultiPoint"",""coordinates"":[]}"
5027,2017-10-06,300.4603983561198,"{""type"":""MultiPoint"",""coordinates"":[]}"
5028,2017-10-07,300.63856442769367,"{""type"":""MultiPoint"",""coordinates"":[]}"
5029,2017-10-08,300.33077812194824,"{""type"":""MultiPoint"",""coordinates"":[]}"
5030,2017-10-09,300.8301366170247,"{""type"":""MultiPoint"",""coordinates"":[]}"
5031,2017-10-10,300.8879254659017,"{""type"":""MultiPoint"",""coordinates"":[]}"
5032,2017-10-11,300.60768445332843,"{""type"":""MultiPoint"",""coordinates"":[]}"
5033,2017-10-12,300.5602156321208,"{""type"":""MultiPoint"",""coordinates"":[]}"
5034,2017-10-13,300.66643778483075,"{""type"":""MultiPoint"",""coordinates"":[]}"
5035,2017-10-14,300.9720764160156,"{""type"":""MultiPoint"",""coordinates"":[]}"
5036,2017-10-15,301.0563322703044,"{""type"":""MultiPoint"",""coordinates"":[]}"
5037,2017-10-16,301.11353429158527,"{""type"":""MultiPoint"",""coordinates"":[]}"
5038,2017-10-17,300.90862973531085,"{""type"":""MultiPoint"",""coordinates"":[]}"
5039,2017-10-18,300.51746940612793,"{""type"":""MultiPoint"",""coordinates"":[]}"
5040,2017-10-19,300.7388273874919,"{""type"":""MultiPoint"",""coordinates"":[]}"
5041,2017-10-20,300.85589090983075,"{""type"":""MultiPoint"",""coordinates"":[]}"
5042,2017-10-21,300.81296730041504,"{""type"":""MultiPoint"",""coordinates"":[]}"
5043,2017-10-22,300.62222989400226,"{""type"":""MultiPoint"",""coordinates"":[]}"
5044,2017-10-23,300.13587888081867,"{""type"":""MultiPoint"",""coordinates"":[]}"
5045,2017-10-24,299.8826033274333,"{""type"":""MultiPoint"",""coordinates"":[]}"
5046,2017-10-25,300.2286898295085,"{""type"":""MultiPoint"",""coordinates"":[]}"
5047,2017-10-26,300.4310111999512,"{""type"":""MultiPoint"",""coordinates"":[]}"
5048,2017-10-27,300.54874928792316,"{""type"":""MultiPoint"",""coordinates"":[]}"
5049,2017-10-28,300.7668596903483,"{""type"":""MultiPoint"",""coordinates"":[]}"
5050,2017-10-29,300.577672958374,"{""type"":""MultiPoint"",""coordinates"":[]}"
5051,2017-10-30,300.10729853312176,"{""type"":""MultiPoint"",""coordinates"":[]}"
5052,2017-10-31,300.01185353597003,"{""type"":""MultiPoint"",""coordinates"":[]}"
5053,2017-11-01,299.63244501749676,"{""type"":""MultiPoint"",""coordinates"":[]}"
5054,2017-11-02,300.4362252553304,"{""type"":""MultiPoint"",""coordinates"":[]}"
5055,2017-11-03,300.50098991394043,"{""type"":""MultiPoint"",""coordinates"":[]}"
5056,2017-11-04,300.6498082478841,"{""type"":""MultiPoint"",""coordinates"":[]}"
5057,2017-11-05,300.0133196512858,"{""type"":""MultiPoint"",""coordinates"":[]}"
5058,2017-11-06,299.6822344462077,"{""type"":""MultiPoint"",""coordinates"":[]}"
5059,2017-11-07,299.1612796783447,"{""type"":""MultiPoint"",""coordinates"":[]}"
5060,2017-11-08,299.38341267903644,"{""type"":""MultiPoint"",""coordinates"":[]}"
5061,2017-11-09,299.7381954193115,"{""type"":""MultiPoint"",""coordinates"":[]}"
5062,2017-11-10,299.8063488006592,"{""type"":""MultiPoint"",""coordinates"":[]}"
5063,2017-11-11,299.7287769317627,"{""type"":""MultiPoint"",""coordinates"":[]}"
5064,2017-11-12,299.81309700012207,"{""type"":""MultiPoint"",""coordinates"":[]}"
5065,2017-11-13,300.13534863789874,"{""type"":""MultiPoint"",""coordinates"":[]}"
5066,2017-11-14,300.0771249135335,"{""type"":""MultiPoint"",""coordinates"":[]}"
5067,2017-11-15,299.78736877441406,"{""type"":""MultiPoint"",""coordinates"":[]}"
5068,2017-11-16,300.17898178100586,"{""type"":""MultiPoint"",""coordinates"":[]}"
5069,2017-11-17,300.4212595621745,"{""type"":""MultiPoint"",""coordinates"":[]}"
5070,2017-11-18,300.3750063578288,"{""type"":""MultiPoint"",""coordinates"":[]}"
5071,2017-11-19,300.3929303487142,"{""type"":""MultiPoint"",""coordinates"":[]}"
5072,2017-11-20,300.4770450592041,"{""type"":""MultiPoint"",""coordinates"":[]}"
5073,2017-11-21,300.0893491109212,"{""type"":""MultiPoint"",""coordinates"":[]}"
5074,2017-11-22,299.7051315307617,"{""type"":""MultiPoint"",""coordinates"":[]}"
5075,2017-11-23,299.9501202901204,"{""type"":""MultiPoint"",""coordinates"":[]}"
5076,2017-11-24,300.17590586344403,"{""type"":""MultiPoint"",""coordinates"":[]}"
5077,2017-11-25,300.25774002075195,"{""type"":""MultiPoint"",""coordinates"":[]}"
5078,2017-11-26,299.79824384053546,"{""type"":""MultiPoint"",""coordinates"":[]}"
5079,2017-11-27,299.80925432840985,"{""type"":""MultiPoint"",""coordinates"":[]}"
5080,2017-11-28,299.50639088948566,"{""type"":""MultiPoint"",""coordinates"":[]}"
5081,2017-11-29,299.87127176920575,"{""type"":""MultiPoint"",""coordinates"":[]}"
5082,2017-11-30,299.76077397664386,"{""type"":""MultiPoint"",""coordinates"":[]}"
5083,2017-12-01,299.63027509053546,"{""type"":""MultiPoint"",""coordinates"":[]}"
5084,2017-12-02,299.7762400309245,"{""type"":""MultiPoint"",""coordinates"":[]}"
5085,2017-12-03,300.4005521138509,"{""type"":""MultiPoint"",""coordinates"":[]}"
5086,2017-12-04,300.37014325459796,"{""type"":""MultiPoint"",""coordinates"":[]}"
5087,2017-12-05,299.25630315144855,"{""type"":""MultiPoint"",""coordinates"":[]}"
5088,2017-12-06,299.5439510345459,"{""type"":""MultiPoint"",""coordinates"":[]}"
5089,2017-12-07,299.498472849528,"{""type"":""MultiPoint"",""coordinates"":[]}"
5090,2017-12-08,299.3926130930583,"{""type"":""MultiPoint"",""coordinates"":[]}"
5091,2017-12-09,299.4162991841634,"{""type"":""MultiPoint"",""coordinates"":[]}"
5092,2017-12-10,299.51185607910156,"{""type"":""MultiPoint"",""coordinates"":[]}"
5093,2017-12-11,299.5611228942871,"{""type"":""MultiPoint"",""coordinates"":[]}"
5094,2017-12-12,299.36284764607746,"{""type"":""MultiPoint"",""coordinates"":[]}"
5095,2017-12-13,299.4503924051921,"{""type"":""MultiPoint"",""coordinates"":[]}"
5096,2017-12-14,300.0056915283203,"{""type"":""MultiPoint"",""coordinates"":[]}"
5097,2017-12-15,299.4245961507161,"{""type"":""MultiPoint"",""coordinates"":[]}"
5098,2017-12-16,299.7789300282796,"{""type"":""MultiPoint"",""coordinates"":[]}"
5099,2017-12-17,299.1918093363444,"{""type"":""MultiPoint"",""coordinates"":[]}"
5100,2017-12-18,299.33088811238605,"{""type"":""MultiPoint"",""coordinates"":[]}"
5101,2017-12-19,298.73118527730304,"{""type"":""MultiPoint"",""coordinates"":[]}"
5102,2017-12-20,298.9526011149089,"{""type"":""MultiPoint"",""coordinates"":[]}"
5103,2017-12-21,298.56094042460126,"{""type"":""MultiPoint"",""coordinates"":[]}"
5104,2017-12-22,299.0661106109619,"{""type"":""MultiPoint"",""coordinates"":[]}"
5105,2017-12-23,298.84355545043945,"{""type"":""MultiPoint"",""coordinates"":[]}"
5106,2017-12-24,298.3369909922282,"{""type"":""MultiPoint"",""coordinates"":[]}"
5107,2017-12-25,298.7839463551839,"{""type"":""MultiPoint"",""coordinates"":[]}"
5108,2017-12-26,298.5431989034017,"{""type"":""MultiPoint"",""coordinates"":[]}"
5109,2017-12-27,298.49759610493976,"{""type"":""MultiPoint"",""coordinates"":[]}"
5110,2017-12-28,298.63523228963214,"{""type"":""MultiPoint"",""coordinates"":[]}"
5111,2017-12-29,299.04995981852215,"{""type"":""MultiPoint"",""coordinates"":[]}"
5112,2017-12-30,298.63824526468915,"{""type"":""MultiPoint"",""coordinates"":[]}"
5113,2017-12-31,298.27190589904785,"{""type"":""MultiPoint"",""coordinates"":[]}"
5114,2018-01-01,298.8309860229492,"{""type"":""MultiPoint"",""coordinates"":[]}"
5115,2018-01-02,298.74998537699383,"{""type"":""MultiPoint"",""coordinates"":[]}"
5116,2018-01-03,299.13091977437335,"{""type"":""MultiPoint"",""coordinates"":[]}"
5117,2018-01-04,299.32933616638184,"{""type"":""MultiPoint"",""coordinates"":[]}"
5118,2018-01-05,299.2223485310872,"{""type"":""MultiPoint"",""coordinates"":[]}"
5119,2018-01-06,298.8545449574788,"{""type"":""MultiPoint"",""coordinates"":[]}"
5120,2018-01-07,298.9566733042399,"{""type"":""MultiPoint"",""coordinates"":[]}"
5121,2018-01-08,298.91161092122394,"{""type"":""MultiPoint"",""coordinates"":[]}"
5122,2018-01-09,298.3354498545329,"{""type"":""MultiPoint"",""coordinates"":[]}"
5123,2018-01-10,298.863473256429,"{""type"":""MultiPoint"",""coordinates"":[]}"
5124,2018-01-11,299.136661529541,"{""type"":""MultiPoint"",""coordinates"":[]}"
5125,2018-01-12,299.21226183573407,"{""type"":""MultiPoint"",""coordinates"":[]}"
5126,2018-01-13,298.82263946533203,"{""type"":""MultiPoint"",""coordinates"":[]}"
5127,2018-01-14,298.30863126118976,"{""type"":""MultiPoint"",""coordinates"":[]}"
5128,2018-01-15,298.404977162679,"{""type"":""MultiPoint"",""coordinates"":[]}"
5129,2018-01-16,298.5308132171631,"{""type"":""MultiPoint"",""coordinates"":[]}"
5130,2018-01-17,299.04139137268066,"{""type"":""MultiPoint"",""coordinates"":[]}"
5131,2018-01-18,299.1314690907796,"{""type"":""MultiPoint"",""coordinates"":[]}"
5132,2018-01-19,298.77404340108234,"{""type"":""MultiPoint"",""coordinates"":[]}"
5133,2018-01-20,298.8350779215495,"{""type"":""MultiPoint"",""coordinates"":[]}"
5134,2018-01-21,298.8966592152913,"{""type"":""MultiPoint"",""coordinates"":[]}"
5135,2018-01-22,298.8582585652669,"{""type"":""MultiPoint"",""coordinates"":[]}"
5136,2018-01-23,298.8742167154948,"{""type"":""MultiPoint"",""coordinates"":[]}"
5137,2018-01-24,298.4910462697347,"{""type"":""MultiPoint"",""coordinates"":[]}"
5138,2018-01-25,298.7833760579427,"{""type"":""MultiPoint"",""coordinates"":[]}"
5139,2018-01-26,298.73707326253253,"{""type"":""MultiPoint"",""coordinates"":[]}"
5140,2018-01-27,298.87987963358563,"{""type"":""MultiPoint"",""coordinates"":[]}"
5141,2018-01-28,298.94410133361816,"{""type"":""MultiPoint"",""coordinates"":[]}"
5142,2018-01-29,299.011666615804,"{""type"":""MultiPoint"",""coordinates"":[]}"
5143,2018-01-30,299.08800379435223,"{""type"":""MultiPoint"",""coordinates"":[]}"
5144,2018-01-31,299.41406122843426,"{""type"":""MultiPoint"",""coordinates"":[]}"
5145,2018-02-01,298.7729899088542,"{""type"":""MultiPoint"",""coordinates"":[]}"
5146,2018-02-02,299.46459643046063,"{""type"":""MultiPoint"",""coordinates"":[]}"
5147,2018-02-03,298.98037910461426,"{""type"":""MultiPoint"",""coordinates"":[]}"
5148,2018-02-04,299.0769850413005,"{""type"":""MultiPoint"",""coordinates"":[]}"
5149,2018-02-05,298.81571769714355,"{""type"":""MultiPoint"",""coordinates"":[]}"
5150,2018-02-06,298.87023544311523,"{""type"":""MultiPoint"",""coordinates"":[]}"
5151,2018-02-07,299.07655843098956,"{""type"":""MultiPoint"",""coordinates"":[]}"
5152,2018-02-08,298.8511912027995,"{""type"":""MultiPoint"",""coordinates"":[]}"
5153,2018-02-09,298.97691853841144,"{""type"":""MultiPoint"",""coordinates"":[]}"
5154,2018-02-10,298.41514841715497,"{""type"":""MultiPoint"",""coordinates"":[]}"
5155,2018-02-11,297.99939155578613,"{""type"":""MultiPoint"",""coordinates"":[]}"
5156,2018-02-12,298.5944709777832,"{""type"":""MultiPoint"",""coordinates"":[]}"
5157,2018-02-13,298.6761703491211,"{""type"":""MultiPoint"",""coordinates"":[]}"
5158,2018-02-14,298.76905632019043,"{""type"":""MultiPoint"",""coordinates"":[]}"
5159,2018-02-15,298.24792925516766,"{""type"":""MultiPoint"",""coordinates"":[]}"
5160,2018-02-16,297.8951237996419,"{""type"":""MultiPoint"",""coordinates"":[]}"
5161,2018-02-17,297.85761706034344,"{""type"":""MultiPoint"",""coordinates"":[]}"
5162,2018-02-18,298.2150510152181,"{""type"":""MultiPoint"",""coordinates"":[]}"
5163,2018-02-19,298.69535001118976,"{""type"":""MultiPoint"",""coordinates"":[]}"
5164,2018-02-20,298.6463044484456,"{""type"":""MultiPoint"",""coordinates"":[]}"
5165,2018-02-21,298.4300816853841,"{""type"":""MultiPoint"",""coordinates"":[]}"
5166,2018-02-22,298.43138885498047,"{""type"":""MultiPoint"",""coordinates"":[]}"
5167,2018-02-23,298.62832768758136,"{""type"":""MultiPoint"",""coordinates"":[]}"
5168,2018-02-24,298.3027051289876,"{""type"":""MultiPoint"",""coordinates"":[]}"
5169,2018-02-25,298.12303670247394,"{""type"":""MultiPoint"",""coordinates"":[]}"
5170,2018-02-26,299.025816599528,"{""type"":""MultiPoint"",""coordinates"":[]}"
5171,2018-02-27,298.36622047424316,"{""type"":""MultiPoint"",""coordinates"":[]}"
5172,2018-02-28,298.7231693267822,"{""type"":""MultiPoint"",""coordinates"":[]}"
5173,2018-03-01,299.3098284403483,"{""type"":""MultiPoint"",""coordinates"":[]}"
5174,2018-03-02,299.0269660949707,"{""type"":""MultiPoint"",""coordinates"":[]}"
5175,2018-03-03,299.0733636220296,"{""type"":""MultiPoint"",""coordinates"":[]}"
5176,2018-03-04,298.8576253255208,"{""type"":""MultiPoint"",""coordinates"":[]}"
5177,2018-03-05,299.63314119974774,"{""type"":""MultiPoint"",""coordinates"":[]}"
5178,2018-03-06,299.5316575368245,"{""type"":""MultiPoint"",""coordinates"":[]}"
5179,2018-03-07,299.5886758168538,"{""type"":""MultiPoint"",""coordinates"":[]}"
5180,2018-03-08,299.5099639892578,"{""type"":""MultiPoint"",""coordinates"":[]}"
5181,2018-03-09,299.39013862609863,"{""type"":""MultiPoint"",""coordinates"":[]}"
5182,2018-03-10,299.2427438100179,"{""type"":""MultiPoint"",""coordinates"":[]}"
5183,2018-03-11,299.1199830373128,"{""type"":""MultiPoint"",""coordinates"":[]}"
5184,2018-03-12,299.3536008199056,"{""type"":""MultiPoint"",""coordinates"":[]}"
5185,2018-03-13,299.53579266866046,"{""type"":""MultiPoint"",""coordinates"":[]}"
5186,2018-03-14,299.247273127238,"{""type"":""MultiPoint"",""coordinates"":[]}"
5187,2018-03-15,299.14439392089844,"{""type"":""MultiPoint"",""coordinates"":[]}"
5188,2018-03-16,299.3766276041667,"{""type"":""MultiPoint"",""coordinates"":[]}"
5189,2018-03-17,299.20234362284344,"{""type"":""MultiPoint"",""coordinates"":[]}"
5190,2018-03-18,299.0553061167399,"{""type"":""MultiPoint"",""coordinates"":[]}"
5191,2018-03-19,298.640344619751,"{""type"":""MultiPoint"",""coordinates"":[]}"
5192,2018-03-20,298.4967797597249,"{""type"":""MultiPoint"",""coordinates"":[]}"
5193,2018-03-21,298.96900367736816,"{""type"":""MultiPoint"",""coordinates"":[]}"
5194,2018-03-22,299.3475964864095,"{""type"":""MultiPoint"",""coordinates"":[]}"
5195,2018-03-23,298.9570007324219,"{""type"":""MultiPoint"",""coordinates"":[]}"
5196,2018-03-24,298.78738594055176,"{""type"":""MultiPoint"",""coordinates"":[]}"
5197,2018-03-25,298.81748326619464,"{""type"":""MultiPoint"",""coordinates"":[]}"
5198,2018-03-26,298.74271456400555,"{""type"":""MultiPoint"",""coordinates"":[]}"
5199,2018-03-27,299.3870372772217,"{""type"":""MultiPoint"",""coordinates"":[]}"
5200,2018-03-28,299.52918815612793,"{""type"":""MultiPoint"",""coordinates"":[]}"
5201,2018-03-29,299.5715758005778,"{""type"":""MultiPoint"",""coordinates"":[]}"
5202,2018-03-30,299.29261271158856,"{""type"":""MultiPoint"",""coordinates"":[]}"
5203,2018-03-31,299.37719408671063,"{""type"":""MultiPoint"",""coordinates"":[]}"
5204,2018-04-01,299.16320673624676,"{""type"":""MultiPoint"",""coordinates"":[]}"
5205,2018-04-02,298.49945131937665,"{""type"":""MultiPoint"",""coordinates"":[]}"
5206,2018-04-03,299.26834932963055,"{""type"":""MultiPoint"",""coordinates"":[]}"
5207,2018-04-04,299.79144859313965,"{""type"":""MultiPoint"",""coordinates"":[]}"
5208,2018-04-05,299.66076405843097,"{""type"":""MultiPoint"",""coordinates"":[]}"
5209,2018-04-06,298.9571711222331,"{""type"":""MultiPoint"",""coordinates"":[]}"
5210,2018-04-07,298.2203432718913,"{""type"":""MultiPoint"",""coordinates"":[]}"
5211,2018-04-08,299.2861620585124,"{""type"":""MultiPoint"",""coordinates"":[]}"
5212,2018-04-09,299.0392475128174,"{""type"":""MultiPoint"",""coordinates"":[]}"
5213,2018-04-10,298.9408728281657,"{""type"":""MultiPoint"",""coordinates"":[]}"
5214,2018-04-11,299.2635148366292,"{""type"":""MultiPoint"",""coordinates"":[]}"
5215,2018-04-12,298.6341781616211,"{""type"":""MultiPoint"",""coordinates"":[]}"
5216,2018-04-13,298.7288881937663,"{""type"":""MultiPoint"",""coordinates"":[]}"
5217,2018-04-14,299.33041826883954,"{""type"":""MultiPoint"",""coordinates"":[]}"
5218,2018-04-15,298.89676030476886,"{""type"":""MultiPoint"",""coordinates"":[]}"
5219,2018-04-16,299.20096651713055,"{""type"":""MultiPoint"",""coordinates"":[]}"
5220,2018-04-17,299.324161529541,"{""type"":""MultiPoint"",""coordinates"":[]}"
5221,2018-04-18,299.4235312143962,"{""type"":""MultiPoint"",""coordinates"":[]}"
5222,2018-04-19,299.38915824890137,"{""type"":""MultiPoint"",""coordinates"":[]}"
5223,2018-04-20,298.9347279866536,"{""type"":""MultiPoint"",""coordinates"":[]}"
5224,2018-04-21,298.352237701416,"{""type"":""MultiPoint"",""coordinates"":[]}"
5225,2018-04-22,298.4482224782308,"{""type"":""MultiPoint"",""coordinates"":[]}"
5226,2018-04-23,299.34546788533527,"{""type"":""MultiPoint"",""coordinates"":[]}"
5227,2018-04-24,299.22538630167645,"{""type"":""MultiPoint"",""coordinates"":[]}"
5228,2018-04-25,299.2055721282959,"{""type"":""MultiPoint"",""coordinates"":[]}"
5229,2018-04-26,298.6658452351888,"{""type"":""MultiPoint"",""coordinates"":[]}"
5230,2018-04-27,299.0031172434489,"{""type"":""MultiPoint"",""coordinates"":[]}"
5231,2018-04-28,298.5783627827962,"{""type"":""MultiPoint"",""coordinates"":[]}"
5232,2018-04-29,299.0573151906331,"{""type"":""MultiPoint"",""coordinates"":[]}"
5233,2018-04-30,299.25460052490234,"{""type"":""MultiPoint"",""coordinates"":[]}"
5234,2018-05-01,299.3537769317627,"{""type"":""MultiPoint"",""coordinates"":[]}"
5235,2018-05-02,298.8595377604167,"{""type"":""MultiPoint"",""coordinates"":[]}"
5236,2018-05-03,299.04870287577313,"{""type"":""MultiPoint"",""coordinates"":[]}"
5237,2018-05-04,299.1669457753499,"{""type"":""MultiPoint"",""coordinates"":[]}"
5238,2018-05-05,299.5540402730306,"{""type"":""MultiPoint"",""coordinates"":[]}"
5239,2018-05-06,299.35868072509766,"{""type"":""MultiPoint"",""coordinates"":[]}"
5240,2018-05-07,299.0264778137207,"{""type"":""MultiPoint"",""coordinates"":[]}"
5241,2018-05-08,299.4533271789551,"{""type"":""MultiPoint"",""coordinates"":[]}"
5242,2018-05-09,298.470666885376,"{""type"":""MultiPoint"",""coordinates"":[]}"
5243,2018-05-10,298.71288871765137,"{""type"":""MultiPoint"",""coordinates"":[]}"
5244,2018-05-11,298.71803092956543,"{""type"":""MultiPoint"",""coordinates"":[]}"
5245,2018-05-12,298.4305731455485,"{""type"":""MultiPoint"",""coordinates"":[]}"
5246,2018-05-13,298.52832984924316,"{""type"":""MultiPoint"",""coordinates"":[]}"
5247,2018-05-14,299.33263270060223,"{""type"":""MultiPoint"",""coordinates"":[]}"
5248,2018-05-15,299.2822806040446,"{""type"":""MultiPoint"",""coordinates"":[]}"
5249,2018-05-16,298.7530434926351,"{""type"":""MultiPoint"",""coordinates"":[]}"
5250,2018-05-17,298.2435607910156,"{""type"":""MultiPoint"",""coordinates"":[]}"
5251,2018-05-18,298.517536799113,"{""type"":""MultiPoint"",""coordinates"":[]}"
5252,2018-05-19,299.1692593892415,"{""type"":""MultiPoint"",""coordinates"":[]}"
5253,2018-05-20,298.84131304423016,"{""type"":""MultiPoint"",""coordinates"":[]}"
5254,2018-05-21,299.49169603983563,"{""type"":""MultiPoint"",""coordinates"":[]}"
5255,2018-05-22,299.5578861236572,"{""type"":""MultiPoint"",""coordinates"":[]}"
5256,2018-05-23,298.7437343597412,"{""type"":""MultiPoint"",""coordinates"":[]}"
5257,2018-05-24,298.77284876505536,"{""type"":""MultiPoint"",""coordinates"":[]}"
5258,2018-05-25,298.79113896687824,"{""type"":""MultiPoint"",""coordinates"":[]}"
5259,2018-05-26,298.5732930501302,"{""type"":""MultiPoint"",""coordinates"":[]}"
5260,2018-05-27,298.8810685475667,"{""type"":""MultiPoint"",""coordinates"":[]}"
5261,2018-05-28,299.18139457702637,"{""type"":""MultiPoint"",""coordinates"":[]}"
5262,2018-05-29,299.132272084554,"{""type"":""MultiPoint"",""coordinates"":[]}"
5263,2018-05-30,298.8779061635335,"{""type"":""MultiPoint"",""coordinates"":[]}"
5264,2018-05-31,298.47798919677734,"{""type"":""MultiPoint"",""coordinates"":[]}"
5265,2018-06-01,299.11415608723956,"{""type"":""MultiPoint"",""coordinates"":[]}"
5266,2018-06-02,299.5225137074788,"{""type"":""MultiPoint"",""coordinates"":[]}"
5267,2018-06-03,299.2354106903076,"{""type"":""MultiPoint"",""coordinates"":[]}"
5268,2018-06-04,298.7403399149577,"{""type"":""MultiPoint"",""coordinates"":[]}"
5269,2018-06-05,298.9658896128337,"{""type"":""MultiPoint"",""coordinates"":[]}"
5270,2018-06-06,298.88574536641437,"{""type"":""MultiPoint"",""coordinates"":[]}"
5271,2018-06-07,299.5800501505534,"{""type"":""MultiPoint"",""coordinates"":[]}"
5272,2018-06-08,298.71643829345703,"{""type"":""MultiPoint"",""coordinates"":[]}"
5273,2018-06-09,298.99649810791016,"{""type"":""MultiPoint"",""coordinates"":[]}"
5274,2018-06-10,298.8025779724121,"{""type"":""MultiPoint"",""coordinates"":[]}"
5275,2018-06-11,298.8370196024577,"{""type"":""MultiPoint"",""coordinates"":[]}"
5276,2018-06-12,298.7108580271403,"{""type"":""MultiPoint"",""coordinates"":[]}"
5277,2018-06-13,298.7544136047363,"{""type"":""MultiPoint"",""coordinates"":[]}"
5278,2018-06-14,299.13195355733234,"{""type"":""MultiPoint"",""coordinates"":[]}"
5279,2018-06-15,299.1238473256429,"{""type"":""MultiPoint"",""coordinates"":[]}"
5280,2018-06-16,299.2961489359538,"{""type"":""MultiPoint"",""coordinates"":[]}"
5281,2018-06-17,298.9742126464844,"{""type"":""MultiPoint"",""coordinates"":[]}"
5282,2018-06-18,298.7490698496501,"{""type"":""MultiPoint"",""coordinates"":[]}"
5283,2018-06-19,298.9061743418376,"{""type"":""MultiPoint"",""coordinates"":[]}"
5284,2018-06-20,299.178404490153,"{""type"":""MultiPoint"",""coordinates"":[]}"
5285,2018-06-21,298.6233781178792,"{""type"":""MultiPoint"",""coordinates"":[]}"
5286,2018-06-22,298.88682556152344,"{""type"":""MultiPoint"",""coordinates"":[]}"
5287,2018-06-23,298.787810643514,"{""type"":""MultiPoint"",""coordinates"":[]}"
5288,2018-06-24,298.3504892985026,"{""type"":""MultiPoint"",""coordinates"":[]}"
5289,2018-06-25,298.8724072774251,"{""type"":""MultiPoint"",""coordinates"":[]}"
5290,2018-06-26,299.0466588338216,"{""type"":""MultiPoint"",""coordinates"":[]}"
5291,2018-06-27,299.1753457387288,"{""type"":""MultiPoint"",""coordinates"":[]}"
5292,2018-06-28,299.5397351582845,"{""type"":""MultiPoint"",""coordinates"":[]}"
5293,2018-06-29,299.0740687052409,"{""type"":""MultiPoint"",""coordinates"":[]}"
5294,2018-06-30,298.71343485514325,"{""type"":""MultiPoint"",""coordinates"":[]}"
5295,2018-07-01,298.3578338623047,"{""type"":""MultiPoint"",""coordinates"":[]}"
5296,2018-07-02,298.8801695505778,"{""type"":""MultiPoint"",""coordinates"":[]}"
5297,2018-07-03,298.7423044840495,"{""type"":""MultiPoint"",""coordinates"":[]}"
5298,2018-07-04,298.4727503458659,"{""type"":""MultiPoint"",""coordinates"":[]}"
5299,2018-07-05,299.2207196553548,"{""type"":""MultiPoint"",""coordinates"":[]}"
5300,2018-07-06,299.0089848836263,"{""type"":""MultiPoint"",""coordinates"":[]}"
5301,2018-07-07,299.12900988260907,"{""type"":""MultiPoint"",""coordinates"":[]}"
5302,2018-07-08,299.63608678181964,"{""type"":""MultiPoint"",""coordinates"":[]}"
5303,2018-07-09,299.0046914418538,"{""type"":""MultiPoint"",""coordinates"":[]}"
5304,2018-07-10,298.9559860229492,"{""type"":""MultiPoint"",""coordinates"":[]}"
5305,2018-07-11,298.91700490315753,"{""type"":""MultiPoint"",""coordinates"":[]}"
5306,2018-07-12,299.0294723510742,"{""type"":""MultiPoint"",""coordinates"":[]}"
5307,2018-07-13,299.08712641398114,"{""type"":""MultiPoint"",""coordinates"":[]}"
5308,2018-07-14,299.6451307932536,"{""type"":""MultiPoint"",""coordinates"":[]}"
5309,2018-07-15,299.60696665445965,"{""type"":""MultiPoint"",""coordinates"":[]}"
5310,2018-07-16,299.0502389272054,"{""type"":""MultiPoint"",""coordinates"":[]}"
5311,2018-07-17,299.2477684020996,"{""type"":""MultiPoint"",""coordinates"":[]}"
5312,2018-07-18,299.25693384806317,"{""type"":""MultiPoint"",""coordinates"":[]}"
5313,2018-07-19,298.81750043233234,"{""type"":""MultiPoint"",""coordinates"":[]}"
5314,2018-07-20,299.45542335510254,"{""type"":""MultiPoint"",""coordinates"":[]}"
5315,2018-07-21,299.7546151479085,"{""type"":""MultiPoint"",""coordinates"":[]}"
5316,2018-07-22,299.6509189605713,"{""type"":""MultiPoint"",""coordinates"":[]}"
5317,2018-07-23,300.1156012217204,"{""type"":""MultiPoint"",""coordinates"":[]}"
5318,2018-07-24,299.54411125183105,"{""type"":""MultiPoint"",""coordinates"":[]}"
5319,2018-07-25,299.2848866780599,"{""type"":""MultiPoint"",""coordinates"":[]}"
5320,2018-07-26,299.1168804168701,"{""type"":""MultiPoint"",""coordinates"":[]}"
5321,2018-07-27,299.3995558420817,"{""type"":""MultiPoint"",""coordinates"":[]}"
5322,2018-07-28,299.43177604675293,"{""type"":""MultiPoint"",""coordinates"":[]}"
5323,2018-07-29,299.26295534769696,"{""type"":""MultiPoint"",""coordinates"":[]}"
5324,2018-07-30,298.8754634857178,"{""type"":""MultiPoint"",""coordinates"":[]}"
5325,2018-07-31,299.22045199076337,"{""type"":""MultiPoint"",""coordinates"":[]}"
5326,2018-08-01,299.239714940389,"{""type"":""MultiPoint"",""coordinates"":[]}"
5327,2018-08-02,299.479674021403,"{""type"":""MultiPoint"",""coordinates"":[]}"
5328,2018-08-03,300.0249818166097,"{""type"":""MultiPoint"",""coordinates"":[]}"
5329,2018-08-04,300.0263563791911,"{""type"":""MultiPoint"",""coordinates"":[]}"
5330,2018-08-05,299.6333719889323,"{""type"":""MultiPoint"",""coordinates"":[]}"
5331,2018-08-06,299.14759763081867,"{""type"":""MultiPoint"",""coordinates"":[]}"
5332,2018-08-07,299.8835105895996,"{""type"":""MultiPoint"",""coordinates"":[]}"
5333,2018-08-08,299.9040304819743,"{""type"":""MultiPoint"",""coordinates"":[]}"
5334,2018-08-09,299.9612668355306,"{""type"":""MultiPoint"",""coordinates"":[]}"
5335,2018-08-10,300.0854034423828,"{""type"":""MultiPoint"",""coordinates"":[]}"
5336,2018-08-11,300.0381151835124,"{""type"":""MultiPoint"",""coordinates"":[]}"
5337,2018-08-12,299.8139311472575,"{""type"":""MultiPoint"",""coordinates"":[]}"
5338,2018-08-13,300.0077660878499,"{""type"":""MultiPoint"",""coordinates"":[]}"
5339,2018-08-14,300.38205591837567,"{""type"":""MultiPoint"",""coordinates"":[]}"
5340,2018-08-15,299.745818456014,"{""type"":""MultiPoint"",""coordinates"":[]}"
5341,2018-08-16,300.0095958709717,"{""type"":""MultiPoint"",""coordinates"":[]}"
5342,2018-08-17,300.483845392863,"{""type"":""MultiPoint"",""coordinates"":[]}"
5343,2018-08-18,300.23461532592773,"{""type"":""MultiPoint"",""coordinates"":[]}"
5344,2018-08-19,299.83649317423504,"{""type"":""MultiPoint"",""coordinates"":[]}"
5345,2018-08-20,300.05577278137207,"{""type"":""MultiPoint"",""coordinates"":[]}"
5346,2018-08-21,300.2438615163167,"{""type"":""MultiPoint"",""coordinates"":[]}"
5347,2018-08-22,300.17630259195965,"{""type"":""MultiPoint"",""coordinates"":[]}"
5348,2018-08-23,300.3772627512614,"{""type"":""MultiPoint"",""coordinates"":[]}"
5349,2018-08-24,300.37345123291016,"{""type"":""MultiPoint"",""coordinates"":[]}"
5350,2018-08-25,300.5747375488281,"{""type"":""MultiPoint"",""coordinates"":[]}"
5351,2018-08-26,299.9117177327474,"{""type"":""MultiPoint"",""coordinates"":[]}"
5352,2018-08-27,299.7728697458903,"{""type"":""MultiPoint"",""coordinates"":[]}"
5353,2018-08-28,299.9995695749919,"{""type"":""MultiPoint"",""coordinates"":[]}"
5354,2018-08-29,300.41887855529785,"{""type"":""MultiPoint"",""coordinates"":[]}"
5355,2018-08-30,300.452699025472,"{""type"":""MultiPoint"",""coordinates"":[]}"
5356,2018-08-31,299.9037431081136,"{""type"":""MultiPoint"",""coordinates"":[]}"
5357,2018-09-01,299.9266045888265,"{""type"":""MultiPoint"",""coordinates"":[]}"
5358,2018-09-02,299.4114799499512,"{""type"":""MultiPoint"",""coordinates"":[]}"
5359,2018-09-03,299.63083521525067,"{""type"":""MultiPoint"",""coordinates"":[]}"
5360,2018-09-04,299.74343808492023,"{""type"":""MultiPoint"",""coordinates"":[]}"
5361,2018-09-05,299.7108809153239,"{""type"":""MultiPoint"",""coordinates"":[]}"
5362,2018-09-06,300.1857096354167,"{""type"":""MultiPoint"",""coordinates"":[]}"
5363,2018-09-07,300.5358244578044,"{""type"":""MultiPoint"",""coordinates"":[]}"
5364,2018-09-08,300.56310081481934,"{""type"":""MultiPoint"",""coordinates"":[]}"
5365,2018-09-09,300.4274845123291,"{""type"":""MultiPoint"",""coordinates"":[]}"
5366,2018-09-10,300.1308371225993,"{""type"":""MultiPoint"",""coordinates"":[]}"
5367,2018-09-11,299.91803487141925,"{""type"":""MultiPoint"",""coordinates"":[]}"
5368,2018-09-12,299.66045061747235,"{""type"":""MultiPoint"",""coordinates"":[]}"
5369,2018-09-13,300.1716543833415,"{""type"":""MultiPoint"",""coordinates"":[]}"
5370,2018-09-14,300.68943786621094,"{""type"":""MultiPoint"",""coordinates"":[]}"
5371,2018-09-15,300.36568959554035,"{""type"":""MultiPoint"",""coordinates"":[]}"
5372,2018-09-16,300.14751625061035,"{""type"":""MultiPoint"",""coordinates"":[]}"
5373,2018-09-17,299.82012367248535,"{""type"":""MultiPoint"",""coordinates"":[]}"
5374,2018-09-18,300.4779682159424,"{""type"":""MultiPoint"",""coordinates"":[]}"
5375,2018-09-19,300.3915023803711,"{""type"":""MultiPoint"",""coordinates"":[]}"
5376,2018-09-20,300.049986521403,"{""type"":""MultiPoint"",""coordinates"":[]}"
5377,2018-09-21,300.5730578104655,"{""type"":""MultiPoint"",""coordinates"":[]}"
5378,2018-09-22,300.7407004038493,"{""type"":""MultiPoint"",""coordinates"":[]}"
5379,2018-09-23,300.57784271240234,"{""type"":""MultiPoint"",""coordinates"":[]}"
5380,2018-09-24,300.6385078430176,"{""type"":""MultiPoint"",""coordinates"":[]}"
5381,2018-09-25,300.1232852935791,"{""type"":""MultiPoint"",""coordinates"":[]}"
5382,2018-09-26,300.3543529510498,"{""type"":""MultiPoint"",""coordinates"":[]}"
5383,2018-09-27,301.0128803253174,"{""type"":""MultiPoint"",""coordinates"":[]}"
5384,2018-09-28,300.94381586710614,"{""type"":""MultiPoint"",""coordinates"":[]}"
5385,2018-09-29,300.83889706929523,"{""type"":""MultiPoint"",""coordinates"":[]}"
5386,2018-09-30,300.76682535807294,"{""type"":""MultiPoint"",""coordinates"":[]}"
5387,2018-10-01,300.6201826731364,"{""type"":""MultiPoint"",""coordinates"":[]}"
5388,2018-10-02,300.354450861613,"{""type"":""MultiPoint"",""coordinates"":[]}"
5389,2018-10-03,300.59356753031415,"{""type"":""MultiPoint"",""coordinates"":[]}"
5390,2018-10-04,300.58658599853516,"{""type"":""MultiPoint"",""coordinates"":[]}"
5391,2018-10-05,300.56031036376953,"{""type"":""MultiPoint"",""coordinates"":[]}"
5392,2018-10-06,300.52832921346027,"{""type"":""MultiPoint"",""coordinates"":[]}"
5393,2018-10-07,300.43477058410645,"{""type"":""MultiPoint"",""coordinates"":[]}"
5394,2018-10-08,300.7592417399089,"{""type"":""MultiPoint"",""coordinates"":[]}"
5395,2018-10-09,300.6235866546631,"{""type"":""MultiPoint"",""coordinates"":[]}"
5396,2018-10-10,300.46275520324707,"{""type"":""MultiPoint"",""coordinates"":[]}"
5397,2018-10-11,300.6611557006836,"{""type"":""MultiPoint"",""coordinates"":[]}"
5398,2018-10-12,300.67040316263837,"{""type"":""MultiPoint"",""coordinates"":[]}"
5399,2018-10-13,300.6326497395833,"{""type"":""MultiPoint"",""coordinates"":[]}"
5400,2018-10-14,300.65512530008954,"{""type"":""MultiPoint"",""coordinates"":[]}"
5401,2018-10-15,300.6500593821208,"{""type"":""MultiPoint"",""coordinates"":[]}"
5402,2018-10-16,300.73001925150555,"{""type"":""MultiPoint"",""coordinates"":[]}"
5403,2018-10-17,300.7538121541341,"{""type"":""MultiPoint"",""coordinates"":[]}"
5404,2018-10-18,300.8053201039632,"{""type"":""MultiPoint"",""coordinates"":[]}"
5405,2018-10-19,300.5497652689616,"{""type"":""MultiPoint"",""coordinates"":[]}"
5406,2018-10-20,299.6917788187663,"{""type"":""MultiPoint"",""coordinates"":[]}"
5407,2018-10-21,300.64134788513184,"{""type"":""MultiPoint"",""coordinates"":[]}"
5408,2018-10-22,300.55757268269855,"{""type"":""MultiPoint"",""coordinates"":[]}"
5409,2018-10-23,300.7863254547119,"{""type"":""MultiPoint"",""coordinates"":[]}"
5410,2018-10-24,300.64013862609863,"{""type"":""MultiPoint"",""coordinates"":[]}"
5411,2018-10-25,300.748238881429,"{""type"":""MultiPoint"",""coordinates"":[]}"
5412,2018-10-26,300.3912544250488,"{""type"":""MultiPoint"",""coordinates"":[]}"
5413,2018-10-27,300.50917371114093,"{""type"":""MultiPoint"",""coordinates"":[]}"
5414,2018-10-28,300.34857749938965,"{""type"":""MultiPoint"",""coordinates"":[]}"
5415,2018-10-29,300.39853223164874,"{""type"":""MultiPoint"",""coordinates"":[]}"
5416,2018-10-30,300.7101853688558,"{""type"":""MultiPoint"",""coordinates"":[]}"
5417,2018-10-31,300.82828521728516,"{""type"":""MultiPoint"",""coordinates"":[]}"
5418,2018-11-01,299.9664840698242,"{""type"":""MultiPoint"",""coordinates"":[]}"
5419,2018-11-02,299.70315678914386,"{""type"":""MultiPoint"",""coordinates"":[]}"
5420,2018-11-03,299.78553263346356,"{""type"":""MultiPoint"",""coordinates"":[]}"
5421,2018-11-04,299.88207054138184,"{""type"":""MultiPoint"",""coordinates"":[]}"
5422,2018-11-05,300.44319979349774,"{""type"":""MultiPoint"",""coordinates"":[]}"
5423,2018-11-06,300.616507212321,"{""type"":""MultiPoint"",""coordinates"":[]}"
5424,2018-11-07,300.74698638916016,"{""type"":""MultiPoint"",""coordinates"":[]}"
5425,2018-11-08,300.68260828653973,"{""type"":""MultiPoint"",""coordinates"":[]}"
5426,2018-11-09,300.59915415445965,"{""type"":""MultiPoint"",""coordinates"":[]}"
5427,2018-11-10,300.6185188293457,"{""type"":""MultiPoint"",""coordinates"":[]}"
5428,2018-11-11,300.2476215362549,"{""type"":""MultiPoint"",""coordinates"":[]}"
5429,2018-11-12,300.3189690907796,"{""type"":""MultiPoint"",""coordinates"":[]}"
5430,2018-11-13,300.230318069458,"{""type"":""MultiPoint"",""coordinates"":[]}"
5431,2018-11-14,299.70932451883954,"{""type"":""MultiPoint"",""coordinates"":[]}"
5432,2018-11-15,299.4847412109375,"{""type"":""MultiPoint"",""coordinates"":[]}"
5433,2018-11-16,299.4933776855469,"{""type"":""MultiPoint"",""coordinates"":[]}"
5434,2018-11-17,299.7407449086507,"{""type"":""MultiPoint"",""coordinates"":[]}"
5435,2018-11-18,299.84225336710614,"{""type"":""MultiPoint"",""coordinates"":[]}"
5436,2018-11-19,299.217711130778,"{""type"":""MultiPoint"",""coordinates"":[]}"
5437,2018-11-20,299.5213165283203,"{""type"":""MultiPoint"",""coordinates"":[]}"
5438,2018-11-21,299.7655309041341,"{""type"":""MultiPoint"",""coordinates"":[]}"
5439,2018-11-22,299.9602298736572,"{""type"":""MultiPoint"",""coordinates"":[]}"
5440,2018-11-23,300.08381207784015,"{""type"":""MultiPoint"",""coordinates"":[]}"
5441,2018-11-24,299.7095197041829,"{""type"":""MultiPoint"",""coordinates"":[]}"
5442,2018-11-25,299.2627493540446,"{""type"":""MultiPoint"",""coordinates"":[]}"
5443,2018-11-26,299.4185085296631,"{""type"":""MultiPoint"",""coordinates"":[]}"
5444,2018-11-27,298.8996982574463,"{""type"":""MultiPoint"",""coordinates"":[]}"
5445,2018-11-28,298.85597229003906,"{""type"":""MultiPoint"",""coordinates"":[]}"
5446,2018-11-29,299.8076807657878,"{""type"":""MultiPoint"",""coordinates"":[]}"
5447,2018-11-30,299.6130231221517,"{""type"":""MultiPoint"",""coordinates"":[]}"
5448,2018-12-01,299.56020228068036,"{""type"":""MultiPoint"",""coordinates"":[]}"
5449,2018-12-02,299.0400193532308,"{""type"":""MultiPoint"",""coordinates"":[]}"
5450,2018-12-03,298.9817180633545,"{""type"":""MultiPoint"",""coordinates"":[]}"
5451,2018-12-04,298.85844167073566,"{""type"":""MultiPoint"",""coordinates"":[]}"
5452,2018-12-05,299.23314412434894,"{""type"":""MultiPoint"",""coordinates"":[]}"
5453,2018-12-06,298.4584554036458,"{""type"":""MultiPoint"",""coordinates"":[]}"
5454,2018-12-07,298.3191782633464,"{""type"":""MultiPoint"",""coordinates"":[]}"
5455,2018-12-08,299.26887702941895,"{""type"":""MultiPoint"",""coordinates"":[]}"
5456,2018-12-09,298.828561147054,"{""type"":""MultiPoint"",""coordinates"":[]}"
5457,2018-12-10,299.16773223876953,"{""type"":""MultiPoint"",""coordinates"":[]}"
5458,2018-12-11,298.4328015645345,"{""type"":""MultiPoint"",""coordinates"":[]}"
5459,2018-12-12,298.92047691345215,"{""type"":""MultiPoint"",""coordinates"":[]}"
5460,2018-12-13,299.29014650980633,"{""type"":""MultiPoint"",""coordinates"":[]}"
5461,2018-12-14,298.53680992126465,"{""type"":""MultiPoint"",""coordinates"":[]}"
5462,2018-12-15,298.7036329905192,"{""type"":""MultiPoint"",""coordinates"":[]}"
5463,2018-12-16,298.4899082183838,"{""type"":""MultiPoint"",""coordinates"":[]}"
5464,2018-12-17,298.66796620686847,"{""type"":""MultiPoint"",""coordinates"":[]}"
5465,2018-12-18,298.6324036916097,"{""type"":""MultiPoint"",""coordinates"":[]}"
5466,2018-12-19,298.58673731486004,"{""type"":""MultiPoint"",""coordinates"":[]}"
5467,2018-12-20,298.9027582804362,"{""type"":""MultiPoint"",""coordinates"":[]}"
5468,2018-12-21,299.0728988647461,"{""type"":""MultiPoint"",""coordinates"":[]}"
5469,2018-12-22,298.6929066975911,"{""type"":""MultiPoint"",""coordinates"":[]}"
5470,2018-12-23,298.7356351216634,"{""type"":""MultiPoint"",""coordinates"":[]}"
5471,2018-12-24,298.79661814371747,"{""type"":""MultiPoint"",""coordinates"":[]}"
5472,2018-12-25,298.8680057525635,"{""type"":""MultiPoint"",""coordinates"":[]}"
5473,2018-12-26,298.3414891560872,"{""type"":""MultiPoint"",""coordinates"":[]}"
5474,2018-12-27,298.56368891398114,"{""type"":""MultiPoint"",""coordinates"":[]}"
5475,2018-12-28,299.07465680440265,"{""type"":""MultiPoint"",""coordinates"":[]}"
5476,2018-12-29,298.37245496114093,"{""type"":""MultiPoint"",""coordinates"":[]}"
5477,2018-12-30,297.99439811706543,"{""type"":""MultiPoint"",""coordinates"":[]}"
5478,2018-12-31,298.42297108968097,"{""type"":""MultiPoint"",""coordinates"":[]}"
5479,2019-01-01,298.67605527242023,"{""type"":""MultiPoint"",""coordinates"":[]}"
5480,2019-01-02,298.76843643188477,"{""type"":""MultiPoint"",""coordinates"":[]}"
5481,2019-01-03,298.6595942179362,"{""type"":""MultiPoint"",""coordinates"":[]}"
5482,2019-01-04,298.76919110616046,"{""type"":""MultiPoint"",""coordinates"":[]}"
5483,2019-01-05,298.6593189239502,"{""type"":""MultiPoint"",""coordinates"":[]}"
5484,2019-01-06,298.76354281107587,"{""type"":""MultiPoint"",""coordinates"":[]}"
5485,2019-01-07,298.68825848897296,"{""type"":""MultiPoint"",""coordinates"":[]}"
5486,2019-01-08,298.9841117858887,"{""type"":""MultiPoint"",""coordinates"":[]}"
5487,2019-01-09,298.57733090718585,"{""type"":""MultiPoint"",""coordinates"":[]}"
5488,2019-01-10,298.8925304412842,"{""type"":""MultiPoint"",""coordinates"":[]}"
5489,2019-01-11,298.9702548980713,"{""type"":""MultiPoint"",""coordinates"":[]}"
5490,2019-01-12,298.8617757161458,"{""type"":""MultiPoint"",""coordinates"":[]}"
5491,2019-01-13,298.3585198720296,"{""type"":""MultiPoint"",""coordinates"":[]}"
5492,2019-01-14,298.4865271250407,"{""type"":""MultiPoint"",""coordinates"":[]}"
5493,2019-01-15,298.75051561991376,"{""type"":""MultiPoint"",""coordinates"":[]}"
5494,2019-01-16,298.99730173746747,"{""type"":""MultiPoint"",""coordinates"":[]}"
5495,2019-01-17,299.1792500813802,"{""type"":""MultiPoint"",""coordinates"":[]}"
5496,2019-01-18,298.9363333384196,"{""type"":""MultiPoint"",""coordinates"":[]}"
5497,2019-01-19,299.19332631429035,"{""type"":""MultiPoint"",""coordinates"":[]}"
5498,2019-01-20,299.25148073832196,"{""type"":""MultiPoint"",""coordinates"":[]}"
5499,2019-01-21,299.31907018025714,"{""type"":""MultiPoint"",""coordinates"":[]}"
5500,2019-01-22,299.1951103210449,"{""type"":""MultiPoint"",""coordinates"":[]}"
5501,2019-01-23,299.05552037556964,"{""type"":""MultiPoint"",""coordinates"":[]}"
5502,2019-01-24,298.6979872385661,"{""type"":""MultiPoint"",""coordinates"":[]}"
5503,2019-01-25,298.4383316040039,"{""type"":""MultiPoint"",""coordinates"":[]}"
5504,2019-01-26,298.1859423319499,"{""type"":""MultiPoint"",""coordinates"":[]}"
5505,2019-01-27,298.8764241536458,"{""type"":""MultiPoint"",""coordinates"":[]}"
5506,2019-01-28,298.78460629781085,"{""type"":""MultiPoint"",""coordinates"":[]}"
5507,2019-01-29,299.02223841349286,"{""type"":""MultiPoint"",""coordinates"":[]}"
5508,2019-01-30,298.9170405069987,"{""type"":""MultiPoint"",""coordinates"":[]}"
5509,2019-01-31,298.65078862508136,"{""type"":""MultiPoint"",""coordinates"":[]}"
5510,2019-02-01,298.265827814738,"{""type"":""MultiPoint"",""coordinates"":[]}"
5511,2019-02-02,298.4676055908203,"{""type"":""MultiPoint"",""coordinates"":[]}"
5512,2019-02-03,298.86358070373535,"{""type"":""MultiPoint"",""coordinates"":[]}"
5513,2019-02-04,299.4673601786296,"{""type"":""MultiPoint"",""coordinates"":[]}"
5514,2019-02-05,299.2649923960368,"{""type"":""MultiPoint"",""coordinates"":[]}"
5515,2019-02-06,299.0596160888672,"{""type"":""MultiPoint"",""coordinates"":[]}"
5516,2019-02-07,299.0673745473226,"{""type"":""MultiPoint"",""coordinates"":[]}"
5517,2019-02-08,299.082857131958,"{""type"":""MultiPoint"",""coordinates"":[]}"
5518,2019-02-09,298.99296379089355,"{""type"":""MultiPoint"",""coordinates"":[]}"
5519,2019-02-10,298.8871434529622,"{""type"":""MultiPoint"",""coordinates"":[]}"
5520,2019-02-11,298.91938972473145,"{""type"":""MultiPoint"",""coordinates"":[]}"
5521,2019-02-12,298.6888262430827,"{""type"":""MultiPoint"",""coordinates"":[]}"
5522,2019-02-13,298.90892855326337,"{""type"":""MultiPoint"",""coordinates"":[]}"
5523,2019-02-14,299.14733632405597,"{""type"":""MultiPoint"",""coordinates"":[]}"
5524,2019-02-15,299.4640833536784,"{""type"":""MultiPoint"",""coordinates"":[]}"
5525,2019-02-16,299.23968442281085,"{""type"":""MultiPoint"",""coordinates"":[]}"
5526,2019-02-17,298.97583198547363,"{""type"":""MultiPoint"",""coordinates"":[]}"
5527,2019-02-18,298.82565116882324,"{""type"":""MultiPoint"",""coordinates"":[]}"
5528,2019-02-19,298.8956661224365,"{""type"":""MultiPoint"",""coordinates"":[]}"
5529,2019-02-20,298.80966250101727,"{""type"":""MultiPoint"",""coordinates"":[]}"
5530,2019-02-21,299.15445073445636,"{""type"":""MultiPoint"",""coordinates"":[]}"
5531,2019-02-22,298.9174118041992,"{""type"":""MultiPoint"",""coordinates"":[]}"
5532,2019-02-23,298.6281223297119,"{""type"":""MultiPoint"",""coordinates"":[]}"
5533,2019-02-24,298.80551465352374,"{""type"":""MultiPoint"",""coordinates"":[]}"
5534,2019-02-25,298.7557093302409,"{""type"":""MultiPoint"",""coordinates"":[]}"
5535,2019-02-26,298.8664207458496,"{""type"":""MultiPoint"",""coordinates"":[]}"
5536,2019-02-27,298.93707211812335,"{""type"":""MultiPoint"",""coordinates"":[]}"
5537,2019-02-28,298.6831582387288,"{""type"":""MultiPoint"",""coordinates"":[]}"
5538,2019-03-01,298.60837173461914,"{""type"":""MultiPoint"",""coordinates"":[]}"
5539,2019-03-02,298.95907274882,"{""type"":""MultiPoint"",""coordinates"":[]}"
5540,2019-03-03,299.03393363952637,"{""type"":""MultiPoint"",""coordinates"":[]}"
5541,2019-03-04,299.1912148793538,"{""type"":""MultiPoint"",""coordinates"":[]}"
5542,2019-03-05,299.45191129048663,"{""type"":""MultiPoint"",""coordinates"":[]}"
5543,2019-03-06,299.1153977711995,"{""type"":""MultiPoint"",""coordinates"":[]}"
5544,2019-03-07,299.64544041951496,"{""type"":""MultiPoint"",""coordinates"":[]}"
5545,2019-03-08,299.4096927642822,"{""type"":""MultiPoint"",""coordinates"":[]}"
5546,2019-03-09,299.2750873565674,"{""type"":""MultiPoint"",""coordinates"":[]}"
5547,2019-03-10,299.312260945638,"{""type"":""MultiPoint"",""coordinates"":[]}"
5548,2019-03-11,299.55393981933594,"{""type"":""MultiPoint"",""coordinates"":[]}"
5549,2019-03-12,299.1985893249512,"{""type"":""MultiPoint"",""coordinates"":[]}"
5550,2019-03-13,299.7735118865967,"{""type"":""MultiPoint"",""coordinates"":[]}"
5551,2019-03-14,299.3790734608968,"{""type"":""MultiPoint"",""coordinates"":[]}"
5552,2019-03-15,299.3650817871094,"{""type"":""MultiPoint"",""coordinates"":[]}"
5553,2019-03-16,299.7146288553874,"{""type"":""MultiPoint"",""coordinates"":[]}"
5554,2019-03-17,299.5472272237142,"{""type"":""MultiPoint"",""coordinates"":[]}"
5555,2019-03-18,299.49129422505695,"{""type"":""MultiPoint"",""coordinates"":[]}"
5556,2019-03-19,299.412452061971,"{""type"":""MultiPoint"",""coordinates"":[]}"
5557,2019-03-20,299.4391288757324,"{""type"":""MultiPoint"",""coordinates"":[]}"
5558,2019-03-21,299.3391819000244,"{""type"":""MultiPoint"",""coordinates"":[]}"
5559,2019-03-22,299.72935167948407,"{""type"":""MultiPoint"",""coordinates"":[]}"
5560,2019-03-23,299.69678624471027,"{""type"":""MultiPoint"",""coordinates"":[]}"
5561,2019-03-24,299.47501373291016,"{""type"":""MultiPoint"",""coordinates"":[]}"
5562,2019-03-25,299.5254929860433,"{""type"":""MultiPoint"",""coordinates"":[]}"
5563,2019-03-26,299.6442178090413,"{""type"":""MultiPoint"",""coordinates"":[]}"
5564,2019-03-27,300.1170228322347,"{""type"":""MultiPoint"",""coordinates"":[]}"
5565,2019-03-28,300.2409502665202,"{""type"":""MultiPoint"",""coordinates"":[]}"
5566,2019-03-29,299.996618270874,"{""type"":""MultiPoint"",""coordinates"":[]}"
5567,2019-03-30,300.0522969563802,"{""type"":""MultiPoint"",""coordinates"":[]}"
5568,2019-03-31,299.9481684366862,"{""type"":""MultiPoint"",""coordinates"":[]}"
5569,2019-04-01,299.68582979838055,"{""type"":""MultiPoint"",""coordinates"":[]}"
5570,2019-04-02,299.77455457051593,"{""type"":""MultiPoint"",""coordinates"":[]}"
5571,2019-04-03,299.7256209055583,"{""type"":""MultiPoint"",""coordinates"":[]}"
5572,2019-04-04,299.36183738708496,"{""type"":""MultiPoint"",""coordinates"":[]}"
5573,2019-04-05,299.1372877756755,"{""type"":""MultiPoint"",""coordinates"":[]}"
5574,2019-04-06,299.47577412923175,"{""type"":""MultiPoint"",""coordinates"":[]}"
5575,2019-04-07,299.5266304016113,"{""type"":""MultiPoint"",""coordinates"":[]}"
5576,2019-04-08,299.73161697387695,"{""type"":""MultiPoint"",""coordinates"":[]}"
5577,2019-04-09,299.6314010620117,"{""type"":""MultiPoint"",""coordinates"":[]}"
5578,2019-04-10,299.7871519724528,"{""type"":""MultiPoint"",""coordinates"":[]}"
5579,2019-04-11,299.97386678059894,"{""type"":""MultiPoint"",""coordinates"":[]}"
5580,2019-04-12,299.75561714172363,"{""type"":""MultiPoint"",""coordinates"":[]}"
5581,2019-04-13,299.5229136149089,"{""type"":""MultiPoint"",""coordinates"":[]}"
5582,2019-04-14,299.17390060424805,"{""type"":""MultiPoint"",""coordinates"":[]}"
5583,2019-04-15,299.9998582204183,"{""type"":""MultiPoint"",""coordinates"":[]}"
5584,2019-04-16,299.29491297403973,"{""type"":""MultiPoint"",""coordinates"":[]}"
5585,2019-04-17,299.35710016886395,"{""type"":""MultiPoint"",""coordinates"":[]}"
5586,2019-04-18,299.63917605082196,"{""type"":""MultiPoint"",""coordinates"":[]}"
5587,2019-04-19,300.04572741190594,"{""type"":""MultiPoint"",""coordinates"":[]}"
5588,2019-04-20,299.6366367340088,"{""type"":""MultiPoint"",""coordinates"":[]}"
5589,2019-04-21,299.43661371866864,"{""type"":""MultiPoint"",""coordinates"":[]}"
5590,2019-04-22,299.5942465464274,"{""type"":""MultiPoint"",""coordinates"":[]}"
5591,2019-04-23,299.2011152903239,"{""type"":""MultiPoint"",""coordinates"":[]}"
5592,2019-04-24,299.21496836344403,"{""type"":""MultiPoint"",""coordinates"":[]}"
5593,2019-04-25,299.9327786763509,"{""type"":""MultiPoint"",""coordinates"":[]}"
5594,2019-04-26,300.29156430562335,"{""type"":""MultiPoint"",""coordinates"":[]}"
5595,2019-04-27,300.3135922749837,"{""type"":""MultiPoint"",""coordinates"":[]}"
5596,2019-04-28,300.306983311971,"{""type"":""MultiPoint"",""coordinates"":[]}"
5597,2019-04-29,299.89234161376953,"{""type"":""MultiPoint"",""coordinates"":[]}"
5598,2019-04-30,299.8034324645996,"{""type"":""MultiPoint"",""coordinates"":[]}"
5599,2019-05-01,299.1503569285075,"{""type"":""MultiPoint"",""coordinates"":[]}"
5600,2019-05-02,299.5673033396403,"{""type"":""MultiPoint"",""coordinates"":[]}"
5601,2019-05-03,299.61000061035156,"{""type"":""MultiPoint"",""coordinates"":[]}"
5602,2019-05-04,299.63780848185223,"{""type"":""MultiPoint"",""coordinates"":[]}"
5603,2019-05-05,298.93526458740234,"{""type"":""MultiPoint"",""coordinates"":[]}"
5604,2019-05-06,299.1931966145833,"{""type"":""MultiPoint"",""coordinates"":[]}"
5605,2019-05-07,299.0093021392822,"{""type"":""MultiPoint"",""coordinates"":[]}"
5606,2019-05-08,299.512877146403,"{""type"":""MultiPoint"",""coordinates"":[]}"
5607,2019-05-09,299.6458733876546,"{""type"":""MultiPoint"",""coordinates"":[]}"
5608,2019-05-10,299.53448549906415,"{""type"":""MultiPoint"",""coordinates"":[]}"
5609,2019-05-11,299.8625609079997,"{""type"":""MultiPoint"",""coordinates"":[]}"
5610,2019-05-12,299.91838963826496,"{""type"":""MultiPoint"",""coordinates"":[]}"
5611,2019-05-13,299.97861671447754,"{""type"":""MultiPoint"",""coordinates"":[]}"
5612,2019-05-14,299.9812291463216,"{""type"":""MultiPoint"",""coordinates"":[]}"
5613,2019-05-15,299.2983754475911,"{""type"":""MultiPoint"",""coordinates"":[]}"
5614,2019-05-16,298.7476050059001,"{""type"":""MultiPoint"",""coordinates"":[]}"
5615,2019-05-17,299.8161849975586,"{""type"":""MultiPoint"",""coordinates"":[]}"
5616,2019-05-18,299.91676139831543,"{""type"":""MultiPoint"",""coordinates"":[]}"
5617,2019-05-19,299.1774368286133,"{""type"":""MultiPoint"",""coordinates"":[]}"
5618,2019-05-20,299.1254234313965,"{""type"":""MultiPoint"",""coordinates"":[]}"
5619,2019-05-21,299.0552387237549,"{""type"":""MultiPoint"",""coordinates"":[]}"
5620,2019-05-22,298.512700398763,"{""type"":""MultiPoint"",""coordinates"":[]}"
5621,2019-05-23,299.16251436869305,"{""type"":""MultiPoint"",""coordinates"":[]}"
5622,2019-05-24,299.4476826985677,"{""type"":""MultiPoint"",""coordinates"":[]}"
5623,2019-05-25,299.6274662017822,"{""type"":""MultiPoint"",""coordinates"":[]}"
5624,2019-05-26,299.9146149953206,"{""type"":""MultiPoint"",""coordinates"":[]}"
5625,2019-05-27,300.16590690612793,"{""type"":""MultiPoint"",""coordinates"":[]}"
5626,2019-05-28,299.9110902150472,"{""type"":""MultiPoint"",""coordinates"":[]}"
5627,2019-05-29,299.7203852335612,"{""type"":""MultiPoint"",""coordinates"":[]}"
5628,2019-05-30,299.6879990895589,"{""type"":""MultiPoint"",""coordinates"":[]}"
5629,2019-05-31,299.4124221801758,"{""type"":""MultiPoint"",""coordinates"":[]}"
5630,2019-06-01,299.82675806681317,"{""type"":""MultiPoint"",""coordinates"":[]}"
5631,2019-06-02,299.7643515268962,"{""type"":""MultiPoint"",""coordinates"":[]}"
5632,2019-06-03,299.2138671875,"{""type"":""MultiPoint"",""coordinates"":[]}"
5633,2019-06-04,299.76497014363605,"{""type"":""MultiPoint"",""coordinates"":[]}"
5634,2019-06-05,300.10619926452637,"{""type"":""MultiPoint"",""coordinates"":[]}"
5635,2019-06-06,299.7591959635417,"{""type"":""MultiPoint"",""coordinates"":[]}"
5636,2019-06-07,299.2102928161621,"{""type"":""MultiPoint"",""coordinates"":[]}"
5637,2019-06-08,299.2609583536784,"{""type"":""MultiPoint"",""coordinates"":[]}"
5638,2019-06-09,299.5398171742757,"{""type"":""MultiPoint"",""coordinates"":[]}"
5639,2019-06-10,299.4311587015788,"{""type"":""MultiPoint"",""coordinates"":[]}"
5640,2019-06-11,299.3013051350911,"{""type"":""MultiPoint"",""coordinates"":[]}"
5641,2019-06-12,299.5468858083089,"{""type"":""MultiPoint"",""coordinates"":[]}"
5642,2019-06-13,299.66344451904297,"{""type"":""MultiPoint"",""coordinates"":[]}"
5643,2019-06-14,299.2478726704915,"{""type"":""MultiPoint"",""coordinates"":[]}"
5644,2019-06-15,299.59250322977704,"{""type"":""MultiPoint"",""coordinates"":[]}"
5645,2019-06-16,299.31118138631183,"{""type"":""MultiPoint"",""coordinates"":[]}"
5646,2019-06-17,299.8856118520101,"{""type"":""MultiPoint"",""coordinates"":[]}"
5647,2019-06-18,299.82354736328125,"{""type"":""MultiPoint"",""coordinates"":[]}"
5648,2019-06-19,300.3501720428467,"{""type"":""MultiPoint"",""coordinates"":[]}"
5649,2019-06-20,299.46332867940265,"{""type"":""MultiPoint"",""coordinates"":[]}"
5650,2019-06-21,299.4522361755371,"{""type"":""MultiPoint"",""coordinates"":[]}"
5651,2019-06-22,300.0012143452962,"{""type"":""MultiPoint"",""coordinates"":[]}"
5652,2019-06-23,299.4254779815674,"{""type"":""MultiPoint"",""coordinates"":[]}"
5653,2019-06-24,298.9115498860677,"{""type"":""MultiPoint"",""coordinates"":[]}"
5654,2019-06-25,299.4098434448242,"{""type"":""MultiPoint"",""coordinates"":[]}"
5655,2019-06-26,299.1847394307454,"{""type"":""MultiPoint"",""coordinates"":[]}"
5656,2019-06-27,299.1446164449056,"{""type"":""MultiPoint"",""coordinates"":[]}"
5657,2019-06-28,299.31861368815106,"{""type"":""MultiPoint"",""coordinates"":[]}"
5658,2019-06-29,299.26206080118817,"{""type"":""MultiPoint"",""coordinates"":[]}"
5659,2019-06-30,299.1598943074544,"{""type"":""MultiPoint"",""coordinates"":[]}"
5660,2019-07-01,299.2600917816162,"{""type"":""MultiPoint"",""coordinates"":[]}"
5661,2019-07-02,298.8096059163411,"{""type"":""MultiPoint"",""coordinates"":[]}"
5662,2019-07-03,298.82463391621906,"{""type"":""MultiPoint"",""coordinates"":[]}"
5663,2019-07-04,299.46612612406415,"{""type"":""MultiPoint"",""coordinates"":[]}"
5664,2019-07-05,298.86803881327313,"{""type"":""MultiPoint"",""coordinates"":[]}"
5665,2019-07-06,299.572306950887,"{""type"":""MultiPoint"",""coordinates"":[]}"
5666,2019-07-07,300.01452191670734,"{""type"":""MultiPoint"",""coordinates"":[]}"
5667,2019-07-08,300.0627091725667,"{""type"":""MultiPoint"",""coordinates"":[]}"
5668,2019-07-09,299.7806765238444,"{""type"":""MultiPoint"",""coordinates"":[]}"
5669,2019-07-10,299.2643076578776,"{""type"":""MultiPoint"",""coordinates"":[]}"
5670,2019-07-11,299.14037831624347,"{""type"":""MultiPoint"",""coordinates"":[]}"
5671,2019-07-12,299.28433990478516,"{""type"":""MultiPoint"",""coordinates"":[]}"
5672,2019-07-13,299.6828308105469,"{""type"":""MultiPoint"",""coordinates"":[]}"
5673,2019-07-14,299.6576582590739,"{""type"":""MultiPoint"",""coordinates"":[]}"
5674,2019-07-15,299.7439594268799,"{""type"":""MultiPoint"",""coordinates"":[]}"
5675,2019-07-16,299.49307187398273,"{""type"":""MultiPoint"",""coordinates"":[]}"
5676,2019-07-17,300.2014439900716,"{""type"":""MultiPoint"",""coordinates"":[]}"
5677,2019-07-18,299.7020785013835,"{""type"":""MultiPoint"",""coordinates"":[]}"
5678,2019-07-19,299.44535128275555,"{""type"":""MultiPoint"",""coordinates"":[]}"
5679,2019-07-20,299.29894574483234,"{""type"":""MultiPoint"",""coordinates"":[]}"
5680,2019-07-21,299.56407165527344,"{""type"":""MultiPoint"",""coordinates"":[]}"
5681,2019-07-22,298.920950571696,"{""type"":""MultiPoint"",""coordinates"":[]}"
5682,2019-07-23,299.85984865824383,"{""type"":""MultiPoint"",""coordinates"":[]}"
5683,2019-07-24,299.93968709309894,"{""type"":""MultiPoint"",""coordinates"":[]}"
5684,2019-07-25,299.97477595011395,"{""type"":""MultiPoint"",""coordinates"":[]}"
5685,2019-07-26,299.25295956929523,"{""type"":""MultiPoint"",""coordinates"":[]}"
5686,2019-07-27,299.1674156188965,"{""type"":""MultiPoint"",""coordinates"":[]}"
5687,2019-07-28,299.55370330810547,"{""type"":""MultiPoint"",""coordinates"":[]}"
5688,2019-07-29,299.3382676442464,"{""type"":""MultiPoint"",""coordinates"":[]}"
5689,2019-07-30,299.76911481221515,"{""type"":""MultiPoint"",""coordinates"":[]}"
5690,2019-07-31,299.7640374501546,"{""type"":""MultiPoint"",""coordinates"":[]}"
5691,2019-08-01,299.71016629536945,"{""type"":""MultiPoint"",""coordinates"":[]}"
5692,2019-08-02,300.06948534647626,"{""type"":""MultiPoint"",""coordinates"":[]}"
5693,2019-08-03,299.9611587524414,"{""type"":""MultiPoint"",""coordinates"":[]}"
5694,2019-08-04,299.87299728393555,"{""type"":""MultiPoint"",""coordinates"":[]}"
5695,2019-08-05,299.70381355285645,"{""type"":""MultiPoint"",""coordinates"":[]}"
5696,2019-08-06,299.31676228841144,"{""type"":""MultiPoint"",""coordinates"":[]}"
5697,2019-08-07,299.38716379801434,"{""type"":""MultiPoint"",""coordinates"":[]}"
5698,2019-08-08,299.17365010579425,"{""type"":""MultiPoint"",""coordinates"":[]}"
5699,2019-08-09,299.3221327463786,"{""type"":""MultiPoint"",""coordinates"":[]}"
5700,2019-08-10,299.30922444661456,"{""type"":""MultiPoint"",""coordinates"":[]}"
5701,2019-08-11,299.5716730753581,"{""type"":""MultiPoint"",""coordinates"":[]}"
5702,2019-08-12,299.5995515187581,"{""type"":""MultiPoint"",""coordinates"":[]}"
5703,2019-08-13,299.0345579783122,"{""type"":""MultiPoint"",""coordinates"":[]}"
5704,2019-08-14,299.3165677388509,"{""type"":""MultiPoint"",""coordinates"":[]}"
5705,2019-08-15,299.6419264475505,"{""type"":""MultiPoint"",""coordinates"":[]}"
5706,2019-08-16,299.6119270324707,"{""type"":""MultiPoint"",""coordinates"":[]}"
5707,2019-08-17,299.6594473520915,"{""type"":""MultiPoint"",""coordinates"":[]}"
5708,2019-08-18,298.9343490600586,"{""type"":""MultiPoint"",""coordinates"":[]}"
5709,2019-08-19,299.5227642059326,"{""type"":""MultiPoint"",""coordinates"":[]}"
5710,2019-08-20,299.80218569437665,"{""type"":""MultiPoint"",""coordinates"":[]}"
5711,2019-08-21,300.2124373118083,"{""type"":""MultiPoint"",""coordinates"":[]}"
5712,2019-08-22,300.59050877888996,"{""type"":""MultiPoint"",""coordinates"":[]}"
5713,2019-08-23,300.67970021565753,"{""type"":""MultiPoint"",""coordinates"":[]}"
5714,2019-08-24,300.440190633138,"{""type"":""MultiPoint"",""coordinates"":[]}"
5715,2019-08-25,300.5310815175374,"{""type"":""MultiPoint"",""coordinates"":[]}"
5716,2019-08-26,300.5508842468262,"{""type"":""MultiPoint"",""coordinates"":[]}"
5717,2019-08-27,300.98663393656415,"{""type"":""MultiPoint"",""coordinates"":[]}"
5718,2019-08-28,300.98842175801593,"{""type"":""MultiPoint"",""coordinates"":[]}"
5719,2019-08-29,300.65001487731934,"{""type"":""MultiPoint"",""coordinates"":[]}"
5720,2019-08-30,300.54873212178546,"{""type"":""MultiPoint"",""coordinates"":[]}"
5721,2019-08-31,300.46680450439453,"{""type"":""MultiPoint"",""coordinates"":[]}"
5722,2019-09-01,300.64967091878253,"{""type"":""MultiPoint"",""coordinates"":[]}"
5723,2019-09-02,300.59207852681476,"{""type"":""MultiPoint"",""coordinates"":[]}"
5724,2019-09-03,300.82143529256183,"{""type"":""MultiPoint"",""coordinates"":[]}"
5725,2019-09-04,300.62942632039386,"{""type"":""MultiPoint"",""coordinates"":[]}"
5726,2019-09-05,300.89524904886883,"{""type"":""MultiPoint"",""coordinates"":[]}"
5727,2019-09-06,300.96666208902997,"{""type"":""MultiPoint"",""coordinates"":[]}"
5728,2019-09-07,300.71833992004395,"{""type"":""MultiPoint"",""coordinates"":[]}"
5729,2019-09-08,300.9337628682454,"{""type"":""MultiPoint"",""coordinates"":[]}"
5730,2019-09-09,300.92836634318036,"{""type"":""MultiPoint"",""coordinates"":[]}"
5731,2019-09-10,300.772424697876,"{""type"":""MultiPoint"",""coordinates"":[]}"
5732,2019-09-11,300.9213987986247,"{""type"":""MultiPoint"",""coordinates"":[]}"
5733,2019-09-12,300.9036693572998,"{""type"":""MultiPoint"",""coordinates"":[]}"
5734,2019-09-13,301.09512519836426,"{""type"":""MultiPoint"",""coordinates"":[]}"
5735,2019-09-14,301.2695821126302,"{""type"":""MultiPoint"",""coordinates"":[]}"
5736,2019-09-15,300.8632125854492,"{""type"":""MultiPoint"",""coordinates"":[]}"
5737,2019-09-16,301.0393600463867,"{""type"":""MultiPoint"",""coordinates"":[]}"
5738,2019-09-17,300.48460578918457,"{""type"":""MultiPoint"",""coordinates"":[]}"
5739,2019-09-18,301.00999641418457,"{""type"":""MultiPoint"",""coordinates"":[]}"
5740,2019-09-19,301.1281623840332,"{""type"":""MultiPoint"",""coordinates"":[]}"
5741,2019-09-20,301.2112814585368,"{""type"":""MultiPoint"",""coordinates"":[]}"
5742,2019-09-21,300.8682670593262,"{""type"":""MultiPoint"",""coordinates"":[]}"
5743,2019-09-22,301.0793062845866,"{""type"":""MultiPoint"",""coordinates"":[]}"
5744,2019-09-23,300.6844965616862,"{""type"":""MultiPoint"",""coordinates"":[]}"
5745,2019-09-24,300.7299798329671,"{""type"":""MultiPoint"",""coordinates"":[]}"
5746,2019-09-25,301.17887751261395,"{""type"":""MultiPoint"",""coordinates"":[]}"
5747,2019-09-26,300.8756516774495,"{""type"":""MultiPoint"",""coordinates"":[]}"
5748,2019-09-27,300.51132074991864,"{""type"":""MultiPoint"",""coordinates"":[]}"
5749,2019-09-28,300.58171399434406,"{""type"":""MultiPoint"",""coordinates"":[]}"
5750,2019-09-29,300.6766408284505,"{""type"":""MultiPoint"",""coordinates"":[]}"
5751,2019-09-30,301.2108612060547,"{""type"":""MultiPoint"",""coordinates"":[]}"
5752,2019-10-01,300.3959051767985,"{""type"":""MultiPoint"",""coordinates"":[]}"
5753,2019-10-02,300.4396502176921,"{""type"":""MultiPoint"",""coordinates"":[]}"
5754,2019-10-03,301.0324993133545,"{""type"":""MultiPoint"",""coordinates"":[]}"
5755,2019-10-04,300.83064460754395,"{""type"":""MultiPoint"",""coordinates"":[]}"
5756,2019-10-05,300.0374933878581,"{""type"":""MultiPoint"",""coordinates"":[]}"
5757,2019-10-06,299.93795839945477,"{""type"":""MultiPoint"",""coordinates"":[]}"
5758,2019-10-07,300.49115562438965,"{""type"":""MultiPoint"",""coordinates"":[]}"
5759,2019-10-08,300.5408713022868,"{""type"":""MultiPoint"",""coordinates"":[]}"
5760,2019-10-09,300.7783508300781,"{""type"":""MultiPoint"",""coordinates"":[]}"
5761,2019-10-10,300.66911188761395,"{""type"":""MultiPoint"",""coordinates"":[]}"
5762,2019-10-11,300.73774909973145,"{""type"":""MultiPoint"",""coordinates"":[]}"
5763,2019-10-12,300.6500186920166,"{""type"":""MultiPoint"",""coordinates"":[]}"
5764,2019-10-13,299.49321365356445,"{""type"":""MultiPoint"",""coordinates"":[]}"
5765,2019-10-14,300.3408393859863,"{""type"":""MultiPoint"",""coordinates"":[]}"
5766,2019-10-15,300.74962615966797,"{""type"":""MultiPoint"",""coordinates"":[]}"
5767,2019-10-16,300.6341088612874,"{""type"":""MultiPoint"",""coordinates"":[]}"
5768,2019-10-17,299.6259015401204,"{""type"":""MultiPoint"",""coordinates"":[]}"
5769,2019-10-18,300.1006253560384,"{""type"":""MultiPoint"",""coordinates"":[]}"
5770,2019-10-19,300.26467577616376,"{""type"":""MultiPoint"",""coordinates"":[]}"
5771,2019-10-20,300.8782539367676,"{""type"":""MultiPoint"",""coordinates"":[]}"
5772,2019-10-21,300.07713572184247,"{""type"":""MultiPoint"",""coordinates"":[]}"
5773,2019-10-22,300.28127098083496,"{""type"":""MultiPoint"",""coordinates"":[]}"
5774,2019-10-23,300.91897837320965,"{""type"":""MultiPoint"",""coordinates"":[]}"
5775,2019-10-24,300.8276716868083,"{""type"":""MultiPoint"",""coordinates"":[]}"
5776,2019-10-25,300.54855664571124,"{""type"":""MultiPoint"",""coordinates"":[]}"
5777,2019-10-26,300.8335812886556,"{""type"":""MultiPoint"",""coordinates"":[]}"
5778,2019-10-27,301.15661366780597,"{""type"":""MultiPoint"",""coordinates"":[]}"
5779,2019-10-28,300.96254539489746,"{""type"":""MultiPoint"",""coordinates"":[]}"
5780,2019-10-29,300.84752655029297,"{""type"":""MultiPoint"",""coordinates"":[]}"
5781,2019-10-30,300.5218855539958,"{""type"":""MultiPoint"",""coordinates"":[]}"
5782,2019-10-31,301.15073267618817,"{""type"":""MultiPoint"",""coordinates"":[]}"
5783,2019-11-01,301.0179386138916,"{""type"":""MultiPoint"",""coordinates"":[]}"
5784,2019-11-02,301.0271447499593,"{""type"":""MultiPoint"",""coordinates"":[]}"
5785,2019-11-03,300.5500939687093,"{""type"":""MultiPoint"",""coordinates"":[]}"
5786,2019-11-04,300.347136815389,"{""type"":""MultiPoint"",""coordinates"":[]}"
5787,2019-11-05,300.98609352111816,"{""type"":""MultiPoint"",""coordinates"":[]}"
5788,2019-11-06,300.57207107543945,"{""type"":""MultiPoint"",""coordinates"":[]}"
5789,2019-11-07,300.0869000752767,"{""type"":""MultiPoint"",""coordinates"":[]}"
5790,2019-11-08,300.48925526936847,"{""type"":""MultiPoint"",""coordinates"":[]}"
5791,2019-11-09,301.0639139811198,"{""type"":""MultiPoint"",""coordinates"":[]}"
5792,2019-11-10,301.0446605682373,"{""type"":""MultiPoint"",""coordinates"":[]}"
5793,2019-11-11,300.8823839823405,"{""type"":""MultiPoint"",""coordinates"":[]}"
5794,2019-11-12,300.8385492960612,"{""type"":""MultiPoint"",""coordinates"":[]}"
5795,2019-11-13,300.97314198811847,"{""type"":""MultiPoint"",""coordinates"":[]}"
5796,2019-11-14,301.1084982554118,"{""type"":""MultiPoint"",""coordinates"":[]}"
5797,2019-11-15,300.8389097849528,"{""type"":""MultiPoint"",""coordinates"":[]}"
5798,2019-11-16,300.50660451253253,"{""type"":""MultiPoint"",""coordinates"":[]}"
5799,2019-11-17,300.49990781148273,"{""type"":""MultiPoint"",""coordinates"":[]}"
5800,2019-11-18,299.9745451609294,"{""type"":""MultiPoint"",""coordinates"":[]}"
5801,2019-11-19,300.8580443064372,"{""type"":""MultiPoint"",""coordinates"":[]}"
5802,2019-11-20,301.07626088460285,"{""type"":""MultiPoint"",""coordinates"":[]}"
5803,2019-11-21,300.60338083902997,"{""type"":""MultiPoint"",""coordinates"":[]}"
5804,2019-11-22,300.0994993845622,"{""type"":""MultiPoint"",""coordinates"":[]}"
5805,2019-11-23,299.92224566141766,"{""type"":""MultiPoint"",""coordinates"":[]}"
5806,2019-11-24,300.6627559661865,"{""type"":""MultiPoint"",""coordinates"":[]}"
5807,2019-11-25,300.0673198699951,"{""type"":""MultiPoint"",""coordinates"":[]}"
5808,2019-11-26,299.95178604125977,"{""type"":""MultiPoint"",""coordinates"":[]}"
5809,2019-11-27,299.66348584493,"{""type"":""MultiPoint"",""coordinates"":[]}"
5810,2019-11-28,299.5792764027913,"{""type"":""MultiPoint"",""coordinates"":[]}"
5811,2019-11-29,299.9945996602376,"{""type"":""MultiPoint"",""coordinates"":[]}"
5812,2019-11-30,300.5496629079183,"{""type"":""MultiPoint"",""coordinates"":[]}"
5813,2019-12-01,300.66259384155273,"{""type"":""MultiPoint"",""coordinates"":[]}"
5814,2019-12-02,299.9824441274007,"{""type"":""MultiPoint"",""coordinates"":[]}"
5815,2019-12-03,299.5966854095459,"{""type"":""MultiPoint"",""coordinates"":[]}"
5816,2019-12-04,300.10743649800617,"{""type"":""MultiPoint"",""coordinates"":[]}"
5817,2019-12-05,299.8258310953776,"{""type"":""MultiPoint"",""coordinates"":[]}"
5818,2019-12-06,299.3286991119385,"{""type"":""MultiPoint"",""coordinates"":[]}"
5819,2019-12-07,299.1959400177002,"{""type"":""MultiPoint"",""coordinates"":[]}"
5820,2019-12-08,298.95654741923016,"{""type"":""MultiPoint"",""coordinates"":[]}"
5821,2019-12-09,299.340965906779,"{""type"":""MultiPoint"",""coordinates"":[]}"
5822,2019-12-10,298.96005312601727,"{""type"":""MultiPoint"",""coordinates"":[]}"
5823,2019-12-11,298.9631690979004,"{""type"":""MultiPoint"",""coordinates"":[]}"
5824,2019-12-12,298.7850983937581,"{""type"":""MultiPoint"",""coordinates"":[]}"
5825,2019-12-13,299.27367719014484,"{""type"":""MultiPoint"",""coordinates"":[]}"
5826,2019-12-14,299.6774908701579,"{""type"":""MultiPoint"",""coordinates"":[]}"
5827,2019-12-15,299.17942810058594,"{""type"":""MultiPoint"",""coordinates"":[]}"
5828,2019-12-16,298.9396578470866,"{""type"":""MultiPoint"",""coordinates"":[]}"
5829,2019-12-17,298.57391293843585,"{""type"":""MultiPoint"",""coordinates"":[]}"
5830,2019-12-18,298.6591040293376,"{""type"":""MultiPoint"",""coordinates"":[]}"
5831,2019-12-19,298.94261360168457,"{""type"":""MultiPoint"",""coordinates"":[]}"
5832,2019-12-20,299.4024124145508,"{""type"":""MultiPoint"",""coordinates"":[]}"
5833,2019-12-21,299.5085792541504,"{""type"":""MultiPoint"",""coordinates"":[]}"
5834,2019-12-22,299.1196467081706,"{""type"":""MultiPoint"",""coordinates"":[]}"
5835,2019-12-23,299.0233694712321,"{""type"":""MultiPoint"",""coordinates"":[]}"
5836,2019-12-24,299.5348765055339,"{""type"":""MultiPoint"",""coordinates"":[]}"
5837,2019-12-25,299.42539087931317,"{""type"":""MultiPoint"",""coordinates"":[]}"
5838,2019-12-26,299.38049125671387,"{""type"":""MultiPoint"",""coordinates"":[]}"
5839,2019-12-27,299.79046058654785,"{""type"":""MultiPoint"",""coordinates"":[]}"
5840,2019-12-28,299.86476453145343,"{""type"":""MultiPoint"",""coordinates"":[]}"
5841,2019-12-29,299.6009051005046,"{""type"":""MultiPoint"",""coordinates"":[]}"
5842,2019-12-30,299.34825197855633,"{""type"":""MultiPoint"",""coordinates"":[]}"
5843,2019-12-31,299.63013966878253,"{""type"":""MultiPoint"",""coordinates"":[]}"
5844,2020-01-01,299.32403055826825,"{""type"":""MultiPoint"",""coordinates"":[]}"
5845,2020-01-02,299.0445721944173,"{""type"":""MultiPoint"",""coordinates"":[]}"
5846,2020-01-03,299.10644658406574,"{""type"":""MultiPoint"",""coordinates"":[]}"
5847,2020-01-04,298.88969802856445,"{""type"":""MultiPoint"",""coordinates"":[]}"
5848,2020-01-05,298.8816858927409,"{""type"":""MultiPoint"",""coordinates"":[]}"
5849,2020-01-06,298.7079881032308,"{""type"":""MultiPoint"",""coordinates"":[]}"
5850,2020-01-07,299.35502942403156,"{""type"":""MultiPoint"",""coordinates"":[]}"
5851,2020-01-08,299.285545984904,"{""type"":""MultiPoint"",""coordinates"":[]}"
5852,2020-01-09,299.08813285827637,"{""type"":""MultiPoint"",""coordinates"":[]}"
5853,2020-01-10,298.81430943806964,"{""type"":""MultiPoint"",""coordinates"":[]}"
5854,2020-01-11,299.02620124816895,"{""type"":""MultiPoint"",""coordinates"":[]}"
5855,2020-01-12,299.12037722269696,"{""type"":""MultiPoint"",""coordinates"":[]}"
5856,2020-01-13,298.7509282430013,"{""type"":""MultiPoint"",""coordinates"":[]}"
5857,2020-01-14,298.5844071706136,"{""type"":""MultiPoint"",""coordinates"":[]}"
5858,2020-01-15,299.30122057596844,"{""type"":""MultiPoint"",""coordinates"":[]}"
5859,2020-01-16,299.8020362854004,"{""type"":""MultiPoint"",""coordinates"":[]}"
5860,2020-01-17,299.9507643381755,"{""type"":""MultiPoint"",""coordinates"":[]}"
5861,2020-01-18,299.75803629557294,"{""type"":""MultiPoint"",""coordinates"":[]}"
5862,2020-01-19,299.73248354593915,"{""type"":""MultiPoint"",""coordinates"":[]}"
5863,2020-01-20,299.4721037546794,"{""type"":""MultiPoint"",""coordinates"":[]}"
5864,2020-01-21,299.31292215983075,"{""type"":""MultiPoint"",""coordinates"":[]}"
5865,2020-01-22,299.32137934366864,"{""type"":""MultiPoint"",""coordinates"":[]}"
5866,2020-01-23,298.99080022176105,"{""type"":""MultiPoint"",""coordinates"":[]}"
5867,2020-01-24,299.1925404866536,"{""type"":""MultiPoint"",""coordinates"":[]}"
5868,2020-01-25,298.9207286834717,"{""type"":""MultiPoint"",""coordinates"":[]}"
5869,2020-01-26,298.8120009104411,"{""type"":""MultiPoint"",""coordinates"":[]}"
5870,2020-01-27,299.1228669484456,"{""type"":""MultiPoint"",""coordinates"":[]}"
5871,2020-01-28,299.81195131937665,"{""type"":""MultiPoint"",""coordinates"":[]}"
5872,2020-01-29,299.756306330363,"{""type"":""MultiPoint"",""coordinates"":[]}"
5873,2020-01-30,299.5907739003499,"{""type"":""MultiPoint"",""coordinates"":[]}"
5874,2020-01-31,299.72750918070477,"{""type"":""MultiPoint"",""coordinates"":[]}"
5875,2020-02-01,299.5984745025635,"{""type"":""MultiPoint"",""coordinates"":[]}"
5876,2020-02-02,299.09863726298016,"{""type"":""MultiPoint"",""coordinates"":[]}"
5877,2020-02-03,299.1882750193278,"{""type"":""MultiPoint"",""coordinates"":[]}"
5878,2020-02-04,299.48115158081055,"{""type"":""MultiPoint"",""coordinates"":[]}"
5879,2020-02-05,299.3808708190918,"{""type"":""MultiPoint"",""coordinates"":[]}"
5880,2020-02-06,299.20322036743164,"{""type"":""MultiPoint"",""coordinates"":[]}"
5881,2020-02-07,299.12579917907715,"{""type"":""MultiPoint"",""coordinates"":[]}"
5882,2020-02-08,299.0458730061849,"{""type"":""MultiPoint"",""coordinates"":[]}"
5883,2020-02-09,298.6659800211589,"{""type"":""MultiPoint"",""coordinates"":[]}"
5884,2020-02-10,299.0786069234212,"{""type"":""MultiPoint"",""coordinates"":[]}"
5885,2020-02-11,298.3292757670085,"{""type"":""MultiPoint"",""coordinates"":[]}"
5886,2020-02-12,299.07586669921875,"{""type"":""MultiPoint"",""coordinates"":[]}"
5887,2020-02-13,299.1846809387207,"{""type"":""MultiPoint"",""coordinates"":[]}"
5888,2020-02-14,299.1671562194824,"{""type"":""MultiPoint"",""coordinates"":[]}"
5889,2020-02-15,299.26305770874023,"{""type"":""MultiPoint"",""coordinates"":[]}"
5890,2020-02-16,299.0615539550781,"{""type"":""MultiPoint"",""coordinates"":[]}"
5891,2020-02-17,299.5044002532959,"{""type"":""MultiPoint"",""coordinates"":[]}"
5892,2020-02-18,299.4493586222331,"{""type"":""MultiPoint"",""coordinates"":[]}"
5893,2020-02-19,299.0453421274821,"{""type"":""MultiPoint"",""coordinates"":[]}"
5894,2020-02-20,298.91265233357746,"{""type"":""MultiPoint"",""coordinates"":[]}"
5895,2020-02-21,298.8926779429118,"{""type"":""MultiPoint"",""coordinates"":[]}"
5896,2020-02-22,299.294246673584,"{""type"":""MultiPoint"",""coordinates"":[]}"
5897,2020-02-23,299.4591929117839,"{""type"":""MultiPoint"",""coordinates"":[]}"
5898,2020-02-24,299.467627843221,"{""type"":""MultiPoint"",""coordinates"":[]}"
5899,2020-02-25,299.45280265808105,"{""type"":""MultiPoint"",""coordinates"":[]}"
5900,2020-02-26,299.2296765645345,"{""type"":""MultiPoint"",""coordinates"":[]}"
5901,2020-02-27,299.20152854919434,"{""type"":""MultiPoint"",""coordinates"":[]}"
5902,2020-02-28,298.9658266703288,"{""type"":""MultiPoint"",""coordinates"":[]}"
5903,2020-02-29,299.02388127644855,"{""type"":""MultiPoint"",""coordinates"":[]}"
5904,2020-03-01,299.2438596089681,"{""type"":""MultiPoint"",""coordinates"":[]}"
5905,2020-03-02,299.21269035339355,"{""type"":""MultiPoint"",""coordinates"":[]}"
5906,2020-03-03,299.23397064208984,"{""type"":""MultiPoint"",""coordinates"":[]}"
5907,2020-03-04,299.19678751627606,"{""type"":""MultiPoint"",""coordinates"":[]}"
5908,2020-03-05,299.50544293721515,"{""type"":""MultiPoint"",""coordinates"":[]}"
5909,2020-03-06,299.5439084370931,"{""type"":""MultiPoint"",""coordinates"":[]}"
5910,2020-03-07,299.33884048461914,"{""type"":""MultiPoint"",""coordinates"":[]}"
5911,2020-03-08,299.27209027608234,"{""type"":""MultiPoint"",""coordinates"":[]}"
5912,2020-03-09,299.54590797424316,"{""type"":""MultiPoint"",""coordinates"":[]}"
5913,2020-03-10,299.22673924763996,"{""type"":""MultiPoint"",""coordinates"":[]}"
5914,2020-03-11,299.3424498240153,"{""type"":""MultiPoint"",""coordinates"":[]}"
5915,2020-03-12,299.4122543334961,"{""type"":""MultiPoint"",""coordinates"":[]}"
5916,2020-03-13,299.9636637369792,"{""type"":""MultiPoint"",""coordinates"":[]}"
5917,2020-03-14,299.9922568003337,"{""type"":""MultiPoint"",""coordinates"":[]}"
5918,2020-03-15,299.97266642252606,"{""type"":""MultiPoint"",""coordinates"":[]}"
5919,2020-03-16,300.32763989766437,"{""type"":""MultiPoint"",""coordinates"":[]}"
5920,2020-03-17,300.16908899943036,"{""type"":""MultiPoint"",""coordinates"":[]}"
5921,2020-03-18,299.8065268198649,"{""type"":""MultiPoint"",""coordinates"":[]}"
5922,2020-03-19,299.835906346639,"{""type"":""MultiPoint"",""coordinates"":[]}"
5923,2020-03-20,299.9663899739583,"{""type"":""MultiPoint"",""coordinates"":[]}"
5924,2020-03-21,300.0031089782715,"{""type"":""MultiPoint"",""coordinates"":[]}"
5925,2020-03-22,299.6898002624512,"{""type"":""MultiPoint"",""coordinates"":[]}"
5926,2020-03-23,299.53553263346356,"{""type"":""MultiPoint"",""coordinates"":[]}"
5927,2020-03-24,299.99866994222003,"{""type"":""MultiPoint"",""coordinates"":[]}"
5928,2020-03-25,299.66077105204266,"{""type"":""MultiPoint"",""coordinates"":[]}"
5929,2020-03-26,299.9092597961426,"{""type"":""MultiPoint"",""coordinates"":[]}"
5930,2020-03-27,299.85906473795575,"{""type"":""MultiPoint"",""coordinates"":[]}"
5931,2020-03-28,299.20408884684247,"{""type"":""MultiPoint"",""coordinates"":[]}"
5932,2020-03-29,298.78504753112793,"{""type"":""MultiPoint"",""coordinates"":[]}"
5933,2020-03-30,299.2526461283366,"{""type"":""MultiPoint"",""coordinates"":[]}"
5934,2020-03-31,299.4137318929036,"{""type"":""MultiPoint"",""coordinates"":[]}"
5935,2020-04-01,299.817138671875,"{""type"":""MultiPoint"",""coordinates"":[]}"
5936,2020-04-02,300.0175081888835,"{""type"":""MultiPoint"",""coordinates"":[]}"
5937,2020-04-03,299.84789721171063,"{""type"":""MultiPoint"",""coordinates"":[]}"
5938,2020-04-04,300.2863362630208,"{""type"":""MultiPoint"",""coordinates"":[]}"
5939,2020-04-05,300.54748090108234,"{""type"":""MultiPoint"",""coordinates"":[]}"
5940,2020-04-06,300.56941413879395,"{""type"":""MultiPoint"",""coordinates"":[]}"
5941,2020-04-07,300.3370418548584,"{""type"":""MultiPoint"",""coordinates"":[]}"
5942,2020-04-08,300.3832149505615,"{""type"":""MultiPoint"",""coordinates"":[]}"
5943,2020-04-09,300.4857718149821,"{""type"":""MultiPoint"",""coordinates"":[]}"
5944,2020-04-10,300.37630462646484,"{""type"":""MultiPoint"",""coordinates"":[]}"
5945,2020-04-11,300.54537836710614,"{""type"":""MultiPoint"",""coordinates"":[]}"
5946,2020-04-12,300.253360748291,"{""type"":""MultiPoint"",""coordinates"":[]}"
5947,2020-04-13,299.91259892781574,"{""type"":""MultiPoint"",""coordinates"":[]}"
5948,2020-04-14,299.9041811625163,"{""type"":""MultiPoint"",""coordinates"":[]}"
5949,2020-04-15,299.9488169352214,"{""type"":""MultiPoint"",""coordinates"":[]}"
5950,2020-04-16,300.2298666636149,"{""type"":""MultiPoint"",""coordinates"":[]}"
5951,2020-04-17,300.26237297058105,"{""type"":""MultiPoint"",""coordinates"":[]}"
5952,2020-04-18,299.9525775909424,"{""type"":""MultiPoint"",""coordinates"":[]}"
5953,2020-04-19,299.143362681071,"{""type"":""MultiPoint"",""coordinates"":[]}"
5954,2020-04-20,298.82910029093426,"{""type"":""MultiPoint"",""coordinates"":[]}"
5955,2020-04-21,299.86768595377606,"{""type"":""MultiPoint"",""coordinates"":[]}"
5956,2020-04-22,299.8946590423584,"{""type"":""MultiPoint"",""coordinates"":[]}"
5957,2020-04-23,299.1615130106608,"{""type"":""MultiPoint"",""coordinates"":[]}"
5958,2020-04-24,299.79694175720215,"{""type"":""MultiPoint"",""coordinates"":[]}"
5959,2020-04-25,299.8609555562337,"{""type"":""MultiPoint"",""coordinates"":[]}"
5960,2020-04-26,299.0095500946045,"{""type"":""MultiPoint"",""coordinates"":[]}"
5961,2020-04-27,299.61680094401044,"{""type"":""MultiPoint"",""coordinates"":[]}"
5962,2020-04-28,299.88302675882977,"{""type"":""MultiPoint"",""coordinates"":[]}"
5963,2020-04-29,299.6121069590251,"{""type"":""MultiPoint"",""coordinates"":[]}"
5964,2020-04-30,299.74197324117023,"{""type"":""MultiPoint"",""coordinates"":[]}"
5965,2020-05-01,299.5125192006429,"{""type"":""MultiPoint"",""coordinates"":[]}"
5966,2020-05-02,299.924560546875,"{""type"":""MultiPoint"",""coordinates"":[]}"
5967,2020-05-03,299.62001546223956,"{""type"":""MultiPoint"",""coordinates"":[]}"
5968,2020-05-04,299.38338534037274,"{""type"":""MultiPoint"",""coordinates"":[]}"
5969,2020-05-05,299.82358741760254,"{""type"":""MultiPoint"",""coordinates"":[]}"
5970,2020-05-06,299.85782559712726,"{""type"":""MultiPoint"",""coordinates"":[]}"
5971,2020-05-07,300.08626556396484,"{""type"":""MultiPoint"",""coordinates"":[]}"
5972,2020-05-08,300.0984535217285,"{""type"":""MultiPoint"",""coordinates"":[]}"
5973,2020-05-09,299.96412467956543,"{""type"":""MultiPoint"",""coordinates"":[]}"
5974,2020-05-10,299.27635765075684,"{""type"":""MultiPoint"",""coordinates"":[]}"
5975,2020-05-11,298.6180311838786,"{""type"":""MultiPoint"",""coordinates"":[]}"
5976,2020-05-12,299.27072588602704,"{""type"":""MultiPoint"",""coordinates"":[]}"
5977,2020-05-13,299.30125490824383,"{""type"":""MultiPoint"",""coordinates"":[]}"
5978,2020-05-14,299.94700686136883,"{""type"":""MultiPoint"",""coordinates"":[]}"
5979,2020-05-15,299.6524308522542,"{""type"":""MultiPoint"",""coordinates"":[]}"
5980,2020-05-16,299.49987411499023,"{""type"":""MultiPoint"",""coordinates"":[]}"
5981,2020-05-17,299.905179977417,"{""type"":""MultiPoint"",""coordinates"":[]}"
5982,2020-05-18,299.4690411885579,"{""type"":""MultiPoint"",""coordinates"":[]}"
5983,2020-05-19,299.65956179300946,"{""type"":""MultiPoint"",""coordinates"":[]}"
5984,2020-05-20,299.6285826365153,"{""type"":""MultiPoint"",""coordinates"":[]}"
5985,2020-05-21,299.76585578918457,"{""type"":""MultiPoint"",""coordinates"":[]}"
5986,2020-05-22,300.1788190205892,"{""type"":""MultiPoint"",""coordinates"":[]}"
5987,2020-05-23,300.307772954305,"{""type"":""MultiPoint"",""coordinates"":[]}"
5988,2020-05-24,299.9777952829997,"{""type"":""MultiPoint"",""coordinates"":[]}"
5989,2020-05-25,299.49586232503253,"{""type"":""MultiPoint"",""coordinates"":[]}"
5990,2020-05-26,299.5223217010498,"{""type"":""MultiPoint"",""coordinates"":[]}"
5991,2020-05-27,299.4957046508789,"{""type"":""MultiPoint"",""coordinates"":[]}"
5992,2020-05-28,300.106782913208,"{""type"":""MultiPoint"",""coordinates"":[]}"
5993,2020-05-29,299.25604248046875,"{""type"":""MultiPoint"",""coordinates"":[]}"
5994,2020-05-30,299.53749402364093,"{""type"":""MultiPoint"",""coordinates"":[]}"
5995,2020-05-31,299.55312792460126,"{""type"":""MultiPoint"",""coordinates"":[]}"
5996,2020-06-01,299.67871348063153,"{""type"":""MultiPoint"",""coordinates"":[]}"
5997,2020-06-02,299.609707514445,"{""type"":""MultiPoint"",""coordinates"":[]}"
5998,2020-06-03,299.68685150146484,"{""type"":""MultiPoint"",""coordinates"":[]}"
5999,2020-06-04,299.504851659139,"{""type"":""MultiPoint"",""coordinates"":[]}"
6000,2020-06-05,300.03447850545246,"{""type"":""MultiPoint"",""coordinates"":[]}"
6001,2020-06-06,300.16637992858887,"{""type"":""MultiPoint"",""coordinates"":[]}"
6002,2020-06-07,299.43676312764484,"{""type"":""MultiPoint"",""coordinates"":[]}"
6003,2020-06-08,299.4133491516113,"{""type"":""MultiPoint"",""coordinates"":[]}"
6004,2020-06-09,299.1735661824544,"{""type"":""MultiPoint"",""coordinates"":[]}"
6005,2020-06-10,299.5484046936035,"{""type"":""MultiPoint"",""coordinates"":[]}"
6006,2020-06-11,299.7147795359294,"{""type"":""MultiPoint"",""coordinates"":[]}"
6007,2020-06-12,298.75965817769367,"{""type"":""MultiPoint"",""coordinates"":[]}"
6008,2020-06-13,298.76084391276044,"{""type"":""MultiPoint"",""coordinates"":[]}"
6009,2020-06-14,299.29763984680176,"{""type"":""MultiPoint"",""coordinates"":[]}"
6010,2020-06-15,299.5055128733317,"{""type"":""MultiPoint"",""coordinates"":[]}"
6011,2020-06-16,298.9775085449219,"{""type"":""MultiPoint"",""coordinates"":[]}"
6012,2020-06-17,299.1363067626953,"{""type"":""MultiPoint"",""coordinates"":[]}"
6013,2020-06-18,299.31797154744464,"{""type"":""MultiPoint"",""coordinates"":[]}"
6014,2020-06-19,299.43246269226074,"{""type"":""MultiPoint"",""coordinates"":[]}"
6015,2020-06-20,299.82987785339355,"{""type"":""MultiPoint"",""coordinates"":[]}"
6016,2020-06-21,299.80886459350586,"{""type"":""MultiPoint"",""coordinates"":[]}"
6017,2020-06-22,299.60683250427246,"{""type"":""MultiPoint"",""coordinates"":[]}"
6018,2020-06-23,299.0601355234782,"{""type"":""MultiPoint"",""coordinates"":[]}"
6019,2020-06-24,299.08669090270996,"{""type"":""MultiPoint"",""coordinates"":[]}"
6020,2020-06-25,299.17884890238446,"{""type"":""MultiPoint"",""coordinates"":[]}"
6021,2020-06-26,299.33988253275555,"{""type"":""MultiPoint"",""coordinates"":[]}"
6022,2020-06-27,299.87904421488446,"{""type"":""MultiPoint"",""coordinates"":[]}"
6023,2020-06-28,299.3254102071126,"{""type"":""MultiPoint"",""coordinates"":[]}"
6024,2020-06-29,299.04133288065594,"{""type"":""MultiPoint"",""coordinates"":[]}"
6025,2020-06-30,299.3621171315511,"{""type"":""MultiPoint"",""coordinates"":[]}"
6026,2020-07-01,299.3520590464274,"{""type"":""MultiPoint"",""coordinates"":[]}"
6027,2020-07-02,299.347661336263,"{""type"":""MultiPoint"",""coordinates"":[]}"
6028,2020-07-03,300.17315737406415,"{""type"":""MultiPoint"",""coordinates"":[]}"
6029,2020-07-04,299.13948186238605,"{""type"":""MultiPoint"",""coordinates"":[]}"
6030,2020-07-05,299.3327916463216,"{""type"":""MultiPoint"",""coordinates"":[]}"
6031,2020-07-06,299.28283373514813,"{""type"":""MultiPoint"",""coordinates"":[]}"
6032,2020-07-07,299.65053685506183,"{""type"":""MultiPoint"",""coordinates"":[]}"
6033,2020-07-08,299.17161051432294,"{""type"":""MultiPoint"",""coordinates"":[]}"
6034,2020-07-09,299.52828852335614,"{""type"":""MultiPoint"",""coordinates"":[]}"
6035,2020-07-10,299.35186258951825,"{""type"":""MultiPoint"",""coordinates"":[]}"
6036,2020-07-11,299.40567270914715,"{""type"":""MultiPoint"",""coordinates"":[]}"
6037,2020-07-12,299.3550885518392,"{""type"":""MultiPoint"",""coordinates"":[]}"
6038,2020-07-13,300.0380967458089,"{""type"":""MultiPoint"",""coordinates"":[]}"
6039,2020-07-14,299.8725299835205,"{""type"":""MultiPoint"",""coordinates"":[]}"
6040,2020-07-15,299.7408084869385,"{""type"":""MultiPoint"",""coordinates"":[]}"
6041,2020-07-16,300.0215581258138,"{""type"":""MultiPoint"",""coordinates"":[]}"
6042,2020-07-17,300.3097858428955,"{""type"":""MultiPoint"",""coordinates"":[]}"
6043,2020-07-18,300.32815170288086,"{""type"":""MultiPoint"",""coordinates"":[]}"
6044,2020-07-19,299.7853094736735,"{""type"":""MultiPoint"",""coordinates"":[]}"
6045,2020-07-20,299.4654884338379,"{""type"":""MultiPoint"",""coordinates"":[]}"
6046,2020-07-21,299.24192810058594,"{""type"":""MultiPoint"",""coordinates"":[]}"
6047,2020-07-22,298.95001284281415,"{""type"":""MultiPoint"",""coordinates"":[]}"
6048,2020-07-23,299.1010977427165,"{""type"":""MultiPoint"",""coordinates"":[]}"
6049,2020-07-24,299.772258122762,"{""type"":""MultiPoint"",""coordinates"":[]}"
6050,2020-07-25,300.0389773050944,"{""type"":""MultiPoint"",""coordinates"":[]}"
6051,2020-07-26,300.33884620666504,"{""type"":""MultiPoint"",""coordinates"":[]}"
6052,2020-07-27,300.3692448933919,"{""type"":""MultiPoint"",""coordinates"":[]}"
6053,2020-07-28,300.1261577606201,"{""type"":""MultiPoint"",""coordinates"":[]}"
6054,2020-07-29,300.75131289164227,"{""type"":""MultiPoint"",""coordinates"":[]}"
6055,2020-07-30,301.0600865681966,"{""type"":""MultiPoint"",""coordinates"":[]}"
6056,2020-07-31,300.2192039489746,"{""type"":""MultiPoint"",""coordinates"":[]}"
6057,2020-08-01,299.7031892140706,"{""type"":""MultiPoint"",""coordinates"":[]}"
6058,2020-08-02,299.45348421732587,"{""type"":""MultiPoint"",""coordinates"":[]}"
6059,2020-08-03,299.92083803812665,"{""type"":""MultiPoint"",""coordinates"":[]}"
6060,2020-08-04,300.01577440897626,"{""type"":""MultiPoint"",""coordinates"":[]}"
6061,2020-08-05,299.7620436350505,"{""type"":""MultiPoint"",""coordinates"":[]}"
6062,2020-08-06,300.0240770975749,"{""type"":""MultiPoint"",""coordinates"":[]}"
6063,2020-08-07,299.6468200683594,"{""type"":""MultiPoint"",""coordinates"":[]}"
6064,2020-08-08,300.03990427652997,"{""type"":""MultiPoint"",""coordinates"":[]}"
6065,2020-08-09,299.764258702596,"{""type"":""MultiPoint"",""coordinates"":[]}"
6066,2020-08-10,299.8522726694743,"{""type"":""MultiPoint"",""coordinates"":[]}"
6067,2020-08-11,300.3559862772624,"{""type"":""MultiPoint"",""coordinates"":[]}"
6068,2020-08-12,300.8083203633626,"{""type"":""MultiPoint"",""coordinates"":[]}"
6069,2020-08-13,300.7665545145671,"{""type"":""MultiPoint"",""coordinates"":[]}"
6070,2020-08-14,300.8014094034831,"{""type"":""MultiPoint"",""coordinates"":[]}"
6071,2020-08-15,300.7096538543701,"{""type"":""MultiPoint"",""coordinates"":[]}"
6072,2020-08-16,299.09278615315753,"{""type"":""MultiPoint"",""coordinates"":[]}"
6073,2020-08-17,300.1635100046794,"{""type"":""MultiPoint"",""coordinates"":[]}"
6074,2020-08-18,300.6739336649577,"{""type"":""MultiPoint"",""coordinates"":[]}"
6075,2020-08-19,301.0316282908122,"{""type"":""MultiPoint"",""coordinates"":[]}"
6076,2020-08-20,301.05038833618164,"{""type"":""MultiPoint"",""coordinates"":[]}"
6077,2020-08-21,301.1484959920247,"{""type"":""MultiPoint"",""coordinates"":[]}"
6078,2020-08-22,300.9675579071045,"{""type"":""MultiPoint"",""coordinates"":[]}"
6079,2020-08-23,300.3155943552653,"{""type"":""MultiPoint"",""coordinates"":[]}"
6080,2020-08-24,299.56160163879395,"{""type"":""MultiPoint"",""coordinates"":[]}"
6081,2020-08-25,300.2184206644694,"{""type"":""MultiPoint"",""coordinates"":[]}"
6082,2020-08-26,300.625249226888,"{""type"":""MultiPoint"",""coordinates"":[]}"
6083,2020-08-27,300.7666765848796,"{""type"":""MultiPoint"",""coordinates"":[]}"
6084,2020-08-28,300.1784102121989,"{""type"":""MultiPoint"",""coordinates"":[]}"
6085,2020-08-29,300.0155779520671,"{""type"":""MultiPoint"",""coordinates"":[]}"
6086,2020-08-30,299.43139839172363,"{""type"":""MultiPoint"",""coordinates"":[]}"
6087,2020-08-31,299.7286154429118,"{""type"":""MultiPoint"",""coordinates"":[]}"
6088,2020-09-01,300.77081807454425,"{""type"":""MultiPoint"",""coordinates"":[]}"
6089,2020-09-02,300.8057231903076,"{""type"":""MultiPoint"",""coordinates"":[]}"
6090,2020-09-03,300.8389320373535,"{""type"":""MultiPoint"",""coordinates"":[]}"
6091,2020-09-04,300.67706298828125,"{""type"":""MultiPoint"",""coordinates"":[]}"
6092,2020-09-05,300.8101685841878,"{""type"":""MultiPoint"",""coordinates"":[]}"
6093,2020-09-06,300.3594665527344,"{""type"":""MultiPoint"",""coordinates"":[]}"
6094,2020-09-07,300.26758193969727,"{""type"":""MultiPoint"",""coordinates"":[]}"
6095,2020-09-08,299.8383954366048,"{""type"":""MultiPoint"",""coordinates"":[]}"
6096,2020-09-09,300.50893847147626,"{""type"":""MultiPoint"",""coordinates"":[]}"
6097,2020-09-10,300.80813789367676,"{""type"":""MultiPoint"",""coordinates"":[]}"
6098,2020-09-11,300.88891220092773,"{""type"":""MultiPoint"",""coordinates"":[]}"
6099,2020-09-12,300.951868057251,"{""type"":""MultiPoint"",""coordinates"":[]}"
6100,2020-09-13,300.9388771057129,"{""type"":""MultiPoint"",""coordinates"":[]}"
6101,2020-09-14,300.8508046468099,"{""type"":""MultiPoint"",""coordinates"":[]}"
6102,2020-09-15,300.61198743184406,"{""type"":""MultiPoint"",""coordinates"":[]}"
6103,2020-09-16,300.3024787902832,"{""type"":""MultiPoint"",""coordinates"":[]}"
6104,2020-09-17,300.3392194112142,"{""type"":""MultiPoint"",""coordinates"":[]}"
6105,2020-09-18,300.87507184346515,"{""type"":""MultiPoint"",""coordinates"":[]}"
6106,2020-09-19,301.23073323567706,"{""type"":""MultiPoint"",""coordinates"":[]}"
6107,2020-09-20,301.4580135345459,"{""type"":""MultiPoint"",""coordinates"":[]}"
6108,2020-09-21,301.20891698201496,"{""type"":""MultiPoint"",""coordinates"":[]}"
6109,2020-09-22,301.1964848836263,"{""type"":""MultiPoint"",""coordinates"":[]}"
6110,2020-09-23,301.2003237406413,"{""type"":""MultiPoint"",""coordinates"":[]}"
6111,2020-09-24,301.03495025634766,"{""type"":""MultiPoint"",""coordinates"":[]}"
6112,2020-09-25,300.4254913330078,"{""type"":""MultiPoint"",""coordinates"":[]}"
6113,2020-09-26,299.99156951904297,"{""type"":""MultiPoint"",""coordinates"":[]}"
6114,2020-09-27,300.2442855834961,"{""type"":""MultiPoint"",""coordinates"":[]}"
6115,2020-09-28,300.58823521931964,"{""type"":""MultiPoint"",""coordinates"":[]}"
6116,2020-09-29,301.04941431681317,"{""type"":""MultiPoint"",""coordinates"":[]}"
6117,2020-09-30,300.87609100341797,"{""type"":""MultiPoint"",""coordinates"":[]}"
6118,2020-10-01,300.6425215403239,"{""type"":""MultiPoint"",""coordinates"":[]}"
6119,2020-10-02,299.666784286499,"{""type"":""MultiPoint"",""coordinates"":[]}"
6120,2020-10-03,300.67599932352704,"{""type"":""MultiPoint"",""coordinates"":[]}"
6121,2020-10-04,300.5863494873047,"{""type"":""MultiPoint"",""coordinates"":[]}"
6122,2020-10-05,300.60602378845215,"{""type"":""MultiPoint"",""coordinates"":[]}"
6123,2020-10-06,300.86077817281085,"{""type"":""MultiPoint"",""coordinates"":[]}"
6124,2020-10-07,300.535104115804,"{""type"":""MultiPoint"",""coordinates"":[]}"
6125,2020-10-08,300.7100779215495,"{""type"":""MultiPoint"",""coordinates"":[]}"
6126,2020-10-09,300.38229815165204,"{""type"":""MultiPoint"",""coordinates"":[]}"
6127,2020-10-10,300.4284858703613,"{""type"":""MultiPoint"",""coordinates"":[]}"
6128,2020-10-11,301.01326815287274,"{""type"":""MultiPoint"",""coordinates"":[]}"
6129,2020-10-12,301.1835352579753,"{""type"":""MultiPoint"",""coordinates"":[]}"
6130,2020-10-13,301.04743512471515,"{""type"":""MultiPoint"",""coordinates"":[]}"
6131,2020-10-14,301.04607645670575,"{""type"":""MultiPoint"",""coordinates"":[]}"
6132,2020-10-15,300.89246368408203,"{""type"":""MultiPoint"",""coordinates"":[]}"
6133,2020-10-16,301.21039390563965,"{""type"":""MultiPoint"",""coordinates"":[]}"
6134,2020-10-17,301.07131576538086,"{""type"":""MultiPoint"",""coordinates"":[]}"
6135,2020-10-18,301.04922612508136,"{""type"":""MultiPoint"",""coordinates"":[]}"
6136,2020-10-19,301.0962142944336,"{""type"":""MultiPoint"",""coordinates"":[]}"
6137,2020-10-20,301.00695610046387,"{""type"":""MultiPoint"",""coordinates"":[]}"
6138,2020-10-21,301.4849116007487,"{""type"":""MultiPoint"",""coordinates"":[]}"
6139,2020-10-22,300.7965780893962,"{""type"":""MultiPoint"",""coordinates"":[]}"
6140,2020-10-23,301.05579058329266,"{""type"":""MultiPoint"",""coordinates"":[]}"
6141,2020-10-24,301.10436884562176,"{""type"":""MultiPoint"",""coordinates"":[]}"
6142,2020-10-25,300.64217885335285,"{""type"":""MultiPoint"",""coordinates"":[]}"
6143,2020-10-26,300.72706921895343,"{""type"":""MultiPoint"",""coordinates"":[]}"
6144,2020-10-27,300.8209482828776,"{""type"":""MultiPoint"",""coordinates"":[]}"
6145,2020-10-28,300.9604072570801,"{""type"":""MultiPoint"",""coordinates"":[]}"
6146,2020-10-29,301.0515588124593,"{""type"":""MultiPoint"",""coordinates"":[]}"
6147,2020-10-30,301.18775431315106,"{""type"":""MultiPoint"",""coordinates"":[]}"
6148,2020-10-31,301.14716148376465,"{""type"":""MultiPoint"",""coordinates"":[]}"
6149,2020-11-01,300.4085299173991,"{""type"":""MultiPoint"",""coordinates"":[]}"
6150,2020-11-02,299.25719261169434,"{""type"":""MultiPoint"",""coordinates"":[]}"
6151,2020-11-03,299.6137002309163,"{""type"":""MultiPoint"",""coordinates"":[]}"
6152,2020-11-04,299.62207158406574,"{""type"":""MultiPoint"",""coordinates"":[]}"
6153,2020-11-05,299.2255064646403,"{""type"":""MultiPoint"",""coordinates"":[]}"
6154,2020-11-06,299.78454717000324,"{""type"":""MultiPoint"",""coordinates"":[]}"
6155,2020-11-07,300.1657905578613,"{""type"":""MultiPoint"",""coordinates"":[]}"
6156,2020-11-08,300.3423722585042,"{""type"":""MultiPoint"",""coordinates"":[]}"
6157,2020-11-09,300.53707949320477,"{""type"":""MultiPoint"",""coordinates"":[]}"
6158,2020-11-10,299.91567611694336,"{""type"":""MultiPoint"",""coordinates"":[]}"
6159,2020-11-11,300.11445871988934,"{""type"":""MultiPoint"",""coordinates"":[]}"
6160,2020-11-12,300.40929857889813,"{""type"":""MultiPoint"",""coordinates"":[]}"
6161,2020-11-13,299.9862804412842,"{""type"":""MultiPoint"",""coordinates"":[]}"
6162,2020-11-14,299.8550148010254,"{""type"":""MultiPoint"",""coordinates"":[]}"
6163,2020-11-15,300.34417088826496,"{""type"":""MultiPoint"",""coordinates"":[]}"
6164,2020-11-16,299.901814142863,"{""type"":""MultiPoint"",""coordinates"":[]}"
6165,2020-11-17,299.3946367899577,"{""type"":""MultiPoint"",""coordinates"":[]}"
6166,2020-11-18,300.62754249572754,"{""type"":""MultiPoint"",""coordinates"":[]}"
6167,2020-11-19,299.0849138895671,"{""type"":""MultiPoint"",""coordinates"":[]}"
6168,2020-11-20,299.38759167989093,"{""type"":""MultiPoint"",""coordinates"":[]}"
6169,2020-11-21,299.1400540669759,"{""type"":""MultiPoint"",""coordinates"":[]}"
6170,2020-11-22,298.82874806722003,"{""type"":""MultiPoint"",""coordinates"":[]}"
6171,2020-11-23,299.2986704508464,"{""type"":""MultiPoint"",""coordinates"":[]}"
6172,2020-11-24,299.65948994954425,"{""type"":""MultiPoint"",""coordinates"":[]}"
6173,2020-11-25,299.7146333058675,"{""type"":""MultiPoint"",""coordinates"":[]}"
6174,2020-11-26,299.439120610555,"{""type"":""MultiPoint"",""coordinates"":[]}"
6175,2020-11-27,299.92206382751465,"{""type"":""MultiPoint"",""coordinates"":[]}"
6176,2020-11-28,299.84593772888184,"{""type"":""MultiPoint"",""coordinates"":[]}"
6177,2020-11-29,299.3538996378581,"{""type"":""MultiPoint"",""coordinates"":[]}"
6178,2020-11-30,299.0748100280762,"{""type"":""MultiPoint"",""coordinates"":[]}"
6179,2020-12-01,299.02356274922687,"{""type"":""MultiPoint"",""coordinates"":[]}"
6180,2020-12-02,299.30996640523273,"{""type"":""MultiPoint"",""coordinates"":[]}"
6181,2020-12-03,299.9459419250488,"{""type"":""MultiPoint"",""coordinates"":[]}"
6182,2020-12-04,300.45069630940753,"{""type"":""MultiPoint"",""coordinates"":[]}"
6183,2020-12-05,299.7457637786865,"{""type"":""MultiPoint"",""coordinates"":[]}"
6184,2020-12-06,299.667444229126,"{""type"":""MultiPoint"",""coordinates"":[]}"
6185,2020-12-07,299.79870351155597,"{""type"":""MultiPoint"",""coordinates"":[]}"
6186,2020-12-08,299.41750208536786,"{""type"":""MultiPoint"",""coordinates"":[]}"
6187,2020-12-09,299.37547365824383,"{""type"":""MultiPoint"",""coordinates"":[]}"
6188,2020-12-10,299.2032114664714,"{""type"":""MultiPoint"",""coordinates"":[]}"
6189,2020-12-11,299.2586498260498,"{""type"":""MultiPoint"",""coordinates"":[]}"
6190,2020-12-12,298.75754801432294,"{""type"":""MultiPoint"",""coordinates"":[]}"
6191,2020-12-13,299.8379096984863,"{""type"":""MultiPoint"",""coordinates"":[]}"
6192,2020-12-14,300.0285650889079,"{""type"":""MultiPoint"",""coordinates"":[]}"
6193,2020-12-15,299.34879302978516,"{""type"":""MultiPoint"",""coordinates"":[]}"
6194,2020-12-16,298.9000829060872,"{""type"":""MultiPoint"",""coordinates"":[]}"
6195,2020-12-17,298.7119566599528,"{""type"":""MultiPoint"",""coordinates"":[]}"
6196,2020-12-18,298.6865990956624,"{""type"":""MultiPoint"",""coordinates"":[]}"
6197,2020-12-19,298.74131202697754,"{""type"":""MultiPoint"",""coordinates"":[]}"
6198,2020-12-20,299.0826759338379,"{""type"":""MultiPoint"",""coordinates"":[]}"
6199,2020-12-21,298.9521662394206,"{""type"":""MultiPoint"",""coordinates"":[]}"
6200,2020-12-22,298.97329394022626,"{""type"":""MultiPoint"",""coordinates"":[]}"
6201,2020-12-23,298.84200859069824,"{""type"":""MultiPoint"",""coordinates"":[]}"
6202,2020-12-24,298.83220291137695,"{""type"":""MultiPoint"",""coordinates"":[]}"
6203,2020-12-25,299.0451354980469,"{""type"":""MultiPoint"",""coordinates"":[]}"
6204,2020-12-26,298.92468706766766,"{""type"":""MultiPoint"",""coordinates"":[]}"
6205,2020-12-27,299.43263753255206,"{""type"":""MultiPoint"",""coordinates"":[]}"
6206,2020-12-28,299.31602478027344,"{""type"":""MultiPoint"",""coordinates"":[]}"
6207,2020-12-29,299.61544672648114,"{""type"":""MultiPoint"",""coordinates"":[]}"
6208,2020-12-30,299.2782382965088,"{""type"":""MultiPoint"",""coordinates"":[]}"
6209,2020-12-31,299.03835995992023,"{""type"":""MultiPoint"",""coordinates"":[]}"
6210,2021-01-01,298.5850118001302,"{""type"":""MultiPoint"",""coordinates"":[]}"
6211,2021-01-02,298.4455445607503,"{""type"":""MultiPoint"",""coordinates"":[]}"
6212,2021-01-03,298.4761327107747,"{""type"":""MultiPoint"",""coordinates"":[]}"
6213,2021-01-04,298.85935974121094,"{""type"":""MultiPoint"",""coordinates"":[]}"
6214,2021-01-05,298.52151679992676,"{""type"":""MultiPoint"",""coordinates"":[]}"
6215,2021-01-06,299.0453631083171,"{""type"":""MultiPoint"",""coordinates"":[]}"
6216,2021-01-07,298.98910268147785,"{""type"":""MultiPoint"",""coordinates"":[]}"
6217,2021-01-08,298.28601264953613,"{""type"":""MultiPoint"",""coordinates"":[]}"
6218,2021-01-09,298.31704394022626,"{""type"":""MultiPoint"",""coordinates"":[]}"
6219,2021-01-10,299.161678314209,"{""type"":""MultiPoint"",""coordinates"":[]}"
6220,2021-01-11,299.2884928385417,"{""type"":""MultiPoint"",""coordinates"":[]}"
6221,2021-01-12,299.2161051432292,"{""type"":""MultiPoint"",""coordinates"":[]}"
6222,2021-01-13,298.86163330078125,"{""type"":""MultiPoint"",""coordinates"":[]}"
6223,2021-01-14,299.60637283325195,"{""type"":""MultiPoint"",""coordinates"":[]}"
6224,2021-01-15,298.389461517334,"{""type"":""MultiPoint"",""coordinates"":[]}"
6225,2021-01-16,298.8500690460205,"{""type"":""MultiPoint"",""coordinates"":[]}"
6226,2021-01-17,299.5091438293457,"{""type"":""MultiPoint"",""coordinates"":[]}"
6227,2021-01-18,299.522492090861,"{""type"":""MultiPoint"",""coordinates"":[]}"
6228,2021-01-19,299.52457491556805,"{""type"":""MultiPoint"",""coordinates"":[]}"
6229,2021-01-20,299.1552397410075,"{""type"":""MultiPoint"",""coordinates"":[]}"
6230,2021-01-21,298.41783777872723,"{""type"":""MultiPoint"",""coordinates"":[]}"
6231,2021-01-22,298.42359097798663,"{""type"":""MultiPoint"",""coordinates"":[]}"
6232,2021-01-23,298.4773578643799,"{""type"":""MultiPoint"",""coordinates"":[]}"
6233,2021-01-24,298.6275157928467,"{""type"":""MultiPoint"",""coordinates"":[]}"
6234,2021-01-25,299.21220779418945,"{""type"":""MultiPoint"",""coordinates"":[]}"
6235,2021-01-26,299.1322269439697,"{""type"":""MultiPoint"",""coordinates"":[]}"
6236,2021-01-27,299.0223096211751,"{""type"":""MultiPoint"",""coordinates"":[]}"
6237,2021-01-28,299.2122440338135,"{""type"":""MultiPoint"",""coordinates"":[]}"
6238,2021-01-29,298.50032869974774,"{""type"":""MultiPoint"",""coordinates"":[]}"
6239,2021-01-30,298.3319676717122,"{""type"":""MultiPoint"",""coordinates"":[]}"
6240,2021-01-31,299.1974188486735,"{""type"":""MultiPoint"",""coordinates"":[]}"
6241,2021-02-01,299.1237595876058,"{""type"":""MultiPoint"",""coordinates"":[]}"
6242,2021-02-02,298.7790355682373,"{""type"":""MultiPoint"",""coordinates"":[]}"
6243,2021-02-03,298.68695131937665,"{""type"":""MultiPoint"",""coordinates"":[]}"
6244,2021-02-04,299.34549140930176,"{""type"":""MultiPoint"",""coordinates"":[]}"
6245,2021-02-05,299.42195320129395,"{""type"":""MultiPoint"",""coordinates"":[]}"
6246,2021-02-06,299.15972391764325,"{""type"":""MultiPoint"",""coordinates"":[]}"
6247,2021-02-07,298.8520113627116,"{""type"":""MultiPoint"",""coordinates"":[]}"
6248,2021-02-08,299.18437067667645,"{""type"":""MultiPoint"",""coordinates"":[]}"
6249,2021-02-09,299.31221262613934,"{""type"":""MultiPoint"",""coordinates"":[]}"
6250,2021-02-10,298.8296864827474,"{""type"":""MultiPoint"",""coordinates"":[]}"
6251,2021-02-11,298.76366933186847,"{""type"":""MultiPoint"",""coordinates"":[]}"
6252,2021-02-12,298.81016731262207,"{""type"":""MultiPoint"",""coordinates"":[]}"
6253,2021-02-13,299.48291269938153,"{""type"":""MultiPoint"",""coordinates"":[]}"
6254,2021-02-14,299.18613878885907,"{""type"":""MultiPoint"",""coordinates"":[]}"
6255,2021-02-15,299.0639177958171,"{""type"":""MultiPoint"",""coordinates"":[]}"
6256,2021-02-16,298.51009368896484,"{""type"":""MultiPoint"",""coordinates"":[]}"
6257,2021-02-17,298.9158884684245,"{""type"":""MultiPoint"",""coordinates"":[]}"
6258,2021-02-18,298.77478154500324,"{""type"":""MultiPoint"",""coordinates"":[]}"
6259,2021-02-19,298.70058886210126,"{""type"":""MultiPoint"",""coordinates"":[]}"
6260,2021-02-20,298.9658139546712,"{""type"":""MultiPoint"",""coordinates"":[]}"
6261,2021-02-21,299.3774757385254,"{""type"":""MultiPoint"",""coordinates"":[]}"
6262,2021-02-22,299.1365973154704,"{""type"":""MultiPoint"",""coordinates"":[]}"
6263,2021-02-23,299.40601348876953,"{""type"":""MultiPoint"",""coordinates"":[]}"
6264,2021-02-24,298.8785006205241,"{""type"":""MultiPoint"",""coordinates"":[]}"
6265,2021-02-25,299.0149898529053,"{""type"":""MultiPoint"",""coordinates"":[]}"
6266,2021-02-26,299.25903002421063,"{""type"":""MultiPoint"",""coordinates"":[]}"
6267,2021-02-27,299.1666539510091,"{""type"":""MultiPoint"",""coordinates"":[]}"
6268,2021-02-28,299.11023902893066,"{""type"":""MultiPoint"",""coordinates"":[]}"
6269,2021-03-01,298.47253799438477,"{""type"":""MultiPoint"",""coordinates"":[]}"
6270,2021-03-02,298.70894622802734,"{""type"":""MultiPoint"",""coordinates"":[]}"
6271,2021-03-03,298.62588055928546,"{""type"":""MultiPoint"",""coordinates"":[]}"
6272,2021-03-04,299.0032958984375,"{""type"":""MultiPoint"",""coordinates"":[]}"
6273,2021-03-05,298.98486518859863,"{""type"":""MultiPoint"",""coordinates"":[]}"
6274,2021-03-06,299.2017078399658,"{""type"":""MultiPoint"",""coordinates"":[]}"
6275,2021-03-07,299.19922129313153,"{""type"":""MultiPoint"",""coordinates"":[]}"
6276,2021-03-08,298.7248903910319,"{""type"":""MultiPoint"",""coordinates"":[]}"
6277,2021-03-09,299.2420654296875,"{""type"":""MultiPoint"",""coordinates"":[]}"
6278,2021-03-10,299.0658315022786,"{""type"":""MultiPoint"",""coordinates"":[]}"
6279,2021-03-11,299.25704256693524,"{""type"":""MultiPoint"",""coordinates"":[]}"
6280,2021-03-12,298.5098107655843,"{""type"":""MultiPoint"",""coordinates"":[]}"
6281,2021-03-13,298.3815809885661,"{""type"":""MultiPoint"",""coordinates"":[]}"
6282,2021-03-14,298.38176409403485,"{""type"":""MultiPoint"",""coordinates"":[]}"
6283,2021-03-15,299.16859499613446,"{""type"":""MultiPoint"",""coordinates"":[]}"
6284,2021-03-16,299.48040835062665,"{""type"":""MultiPoint"",""coordinates"":[]}"
6285,2021-03-17,299.41054662068683,"{""type"":""MultiPoint"",""coordinates"":[]}"
6286,2021-03-18,299.11644617716473,"{""type"":""MultiPoint"",""coordinates"":[]}"
6287,2021-03-19,299.11616770426434,"{""type"":""MultiPoint"",""coordinates"":[]}"
6288,2021-03-20,299.00986735026044,"{""type"":""MultiPoint"",""coordinates"":[]}"
6289,2021-03-21,298.4966290791829,"{""type"":""MultiPoint"",""coordinates"":[]}"
6290,2021-03-22,298.4740301767985,"{""type"":""MultiPoint"",""coordinates"":[]}"
6291,2021-03-23,298.4778315226237,"{""type"":""MultiPoint"",""coordinates"":[]}"
6292,2021-03-24,298.60601298014325,"{""type"":""MultiPoint"",""coordinates"":[]}"
6293,2021-03-25,298.9311097462972,"{""type"":""MultiPoint"",""coordinates"":[]}"
6294,2021-03-26,298.8774757385254,"{""type"":""MultiPoint"",""coordinates"":[]}"
6295,2021-03-27,299.73467508951825,"{""type"":""MultiPoint"",""coordinates"":[]}"
6296,2021-03-28,299.0759862263997,"{""type"":""MultiPoint"",""coordinates"":[]}"
6297,2021-03-29,299.3255163828532,"{""type"":""MultiPoint"",""coordinates"":[]}"
6298,2021-03-30,299.8110466003418,"{""type"":""MultiPoint"",""coordinates"":[]}"
6299,2021-03-31,299.21735699971515,"{""type"":""MultiPoint"",""coordinates"":[]}"
6300,2021-04-01,298.9396775563558,"{""type"":""MultiPoint"",""coordinates"":[]}"
6301,2021-04-02,299.3698081970215,"{""type"":""MultiPoint"",""coordinates"":[]}"
6302,2021-04-03,298.9522844950358,"{""type"":""MultiPoint"",""coordinates"":[]}"
6303,2021-04-04,299.2402578989665,"{""type"":""MultiPoint"",""coordinates"":[]}"
6304,2021-04-05,298.881737391154,"{""type"":""MultiPoint"",""coordinates"":[]}"
6305,2021-04-06,299.299898147583,"{""type"":""MultiPoint"",""coordinates"":[]}"
6306,2021-04-07,299.4359067281087,"{""type"":""MultiPoint"",""coordinates"":[]}"
6307,2021-04-08,299.1279748280843,"{""type"":""MultiPoint"",""coordinates"":[]}"
6308,2021-04-09,298.9156411488851,"{""type"":""MultiPoint"",""coordinates"":[]}"
6309,2021-04-10,299.2252775828044,"{""type"":""MultiPoint"",""coordinates"":[]}"
6310,2021-04-11,299.07885869344074,"{""type"":""MultiPoint"",""coordinates"":[]}"
6311,2021-04-12,299.48484738667804,"{""type"":""MultiPoint"",""coordinates"":[]}"
6312,2021-04-13,299.6990400950114,"{""type"":""MultiPoint"",""coordinates"":[]}"
6313,2021-04-14,300.060391108195,"{""type"":""MultiPoint"",""coordinates"":[]}"
6314,2021-04-15,299.48454030354816,"{""type"":""MultiPoint"",""coordinates"":[]}"
6315,2021-04-16,300.044926961263,"{""type"":""MultiPoint"",""coordinates"":[]}"
6316,2021-04-17,300.149372736613,"{""type"":""MultiPoint"",""coordinates"":[]}"
6317,2021-04-18,299.9271183013916,"{""type"":""MultiPoint"",""coordinates"":[]}"
6318,2021-04-19,299.67613156636554,"{""type"":""MultiPoint"",""coordinates"":[]}"
6319,2021-04-20,299.4974072774251,"{""type"":""MultiPoint"",""coordinates"":[]}"
6320,2021-04-21,298.498716990153,"{""type"":""MultiPoint"",""coordinates"":[]}"
6321,2021-04-22,299.0062847137451,"{""type"":""MultiPoint"",""coordinates"":[]}"
6322,2021-04-23,298.9243818918864,"{""type"":""MultiPoint"",""coordinates"":[]}"
6323,2021-04-24,298.65048027038574,"{""type"":""MultiPoint"",""coordinates"":[]}"
6324,2021-04-25,299.42498715718585,"{""type"":""MultiPoint"",""coordinates"":[]}"
6325,2021-04-26,299.1140670776367,"{""type"":""MultiPoint"",""coordinates"":[]}"
6326,2021-04-27,298.6038983662923,"{""type"":""MultiPoint"",""coordinates"":[]}"
6327,2021-04-28,299.3541253407796,"{""type"":""MultiPoint"",""coordinates"":[]}"
6328,2021-04-29,298.7732620239258,"{""type"":""MultiPoint"",""coordinates"":[]}"
6329,2021-04-30,299.2952226003011,"{""type"":""MultiPoint"",""coordinates"":[]}"
6330,2021-05-01,299.49945640563965,"{""type"":""MultiPoint"",""coordinates"":[]}"
6331,2021-05-02,299.0295804341634,"{""type"":""MultiPoint"",""coordinates"":[]}"
6332,2021-05-03,298.9495086669922,"{""type"":""MultiPoint"",""coordinates"":[]}"
6333,2021-05-04,298.9509646097819,"{""type"":""MultiPoint"",""coordinates"":[]}"
6334,2021-05-05,299.34590339660645,"{""type"":""MultiPoint"",""coordinates"":[]}"
6335,2021-05-06,299.34336535135907,"{""type"":""MultiPoint"",""coordinates"":[]}"
6336,2021-05-07,299.0873902638753,"{""type"":""MultiPoint"",""coordinates"":[]}"
6337,2021-05-08,299.19815190633136,"{""type"":""MultiPoint"",""coordinates"":[]}"
6338,2021-05-09,299.20595359802246,"{""type"":""MultiPoint"",""coordinates"":[]}"
6339,2021-05-10,299.01840591430664,"{""type"":""MultiPoint"",""coordinates"":[]}"
6340,2021-05-11,299.1636161804199,"{""type"":""MultiPoint"",""coordinates"":[]}"
6341,2021-05-12,299.38201395670575,"{""type"":""MultiPoint"",""coordinates"":[]}"
6342,2021-05-13,299.27484639485675,"{""type"":""MultiPoint"",""coordinates"":[]}"
6343,2021-05-14,299.59621302286786,"{""type"":""MultiPoint"",""coordinates"":[]}"
6344,2021-05-15,299.2483266194661,"{""type"":""MultiPoint"",""coordinates"":[]}"
6345,2021-05-16,299.81212107340497,"{""type"":""MultiPoint"",""coordinates"":[]}"
6346,2021-05-17,299.240416208903,"{""type"":""MultiPoint"",""coordinates"":[]}"
6347,2021-05-18,299.78921445210773,"{""type"":""MultiPoint"",""coordinates"":[]}"
6348,2021-05-19,299.12544949849445,"{""type"":""MultiPoint"",""coordinates"":[]}"
6349,2021-05-20,298.79679107666016,"{""type"":""MultiPoint"",""coordinates"":[]}"
6350,2021-05-21,298.64600626627606,"{""type"":""MultiPoint"",""coordinates"":[]}"
6351,2021-05-22,299.589786529541,"{""type"":""MultiPoint"",""coordinates"":[]}"
6352,2021-05-23,299.33067576090497,"{""type"":""MultiPoint"",""coordinates"":[]}"
6353,2021-05-24,299.1031125386556,"{""type"":""MultiPoint"",""coordinates"":[]}"
6354,2021-05-25,298.99058024088544,"{""type"":""MultiPoint"",""coordinates"":[]}"
6355,2021-05-26,298.6077111562093,"{""type"":""MultiPoint"",""coordinates"":[]}"
6356,2021-05-27,299.02630551656085,"{""type"":""MultiPoint"",""coordinates"":[]}"
6357,2021-05-28,298.7253074645996,"{""type"":""MultiPoint"",""coordinates"":[]}"
6358,2021-05-29,298.90598551432294,"{""type"":""MultiPoint"",""coordinates"":[]}"
6359,2021-05-30,299.15889167785645,"{""type"":""MultiPoint"",""coordinates"":[]}"
6360,2021-05-31,298.78200340270996,"{""type"":""MultiPoint"",""coordinates"":[]}"
6361,2021-06-01,298.7428398132324,"{""type"":""MultiPoint"",""coordinates"":[]}"
6362,2021-06-02,298.9579149881999,"{""type"":""MultiPoint"",""coordinates"":[]}"
6363,2021-06-03,298.57057189941406,"{""type"":""MultiPoint"",""coordinates"":[]}"
6364,2021-06-04,299.2790762583415,"{""type"":""MultiPoint"",""coordinates"":[]}"
6365,2021-06-05,299.3515504201253,"{""type"":""MultiPoint"",""coordinates"":[]}"
6366,2021-06-06,299.6319802602132,"{""type"":""MultiPoint"",""coordinates"":[]}"
6367,2021-06-07,299.3313566843669,"{""type"":""MultiPoint"",""coordinates"":[]}"
6368,2021-06-08,299.4382572174072,"{""type"":""MultiPoint"",""coordinates"":[]}"
6369,2021-06-09,298.8052323659261,"{""type"":""MultiPoint"",""coordinates"":[]}"
6370,2021-06-10,299.44806416829425,"{""type"":""MultiPoint"",""coordinates"":[]}"
6371,2021-06-11,299.4418290456136,"{""type"":""MultiPoint"",""coordinates"":[]}"
6372,2021-06-12,299.19431432088214,"{""type"":""MultiPoint"",""coordinates"":[]}"
6373,2021-06-13,299.38923263549805,"{""type"":""MultiPoint"",""coordinates"":[]}"
6374,2021-06-14,299.9673016866048,"{""type"":""MultiPoint"",""coordinates"":[]}"
6375,2021-06-15,299.6888122558594,"{""type"":""MultiPoint"",""coordinates"":[]}"
6376,2021-06-16,299.4617398579915,"{""type"":""MultiPoint"",""coordinates"":[]}"
6377,2021-06-17,298.84579849243164,"{""type"":""MultiPoint"",""coordinates"":[]}"
6378,2021-06-18,299.5320275624593,"{""type"":""MultiPoint"",""coordinates"":[]}"
6379,2021-06-19,300.0209096272786,"{""type"":""MultiPoint"",""coordinates"":[]}"
6380,2021-06-20,299.6111405690511,"{""type"":""MultiPoint"",""coordinates"":[]}"
6381,2021-06-21,298.95998700459796,"{""type"":""MultiPoint"",""coordinates"":[]}"
6382,2021-06-22,299.6490701039632,"{""type"":""MultiPoint"",""coordinates"":[]}"
6383,2021-06-23,299.44168345133465,"{""type"":""MultiPoint"",""coordinates"":[]}"
6384,2021-06-24,299.3685995737712,"{""type"":""MultiPoint"",""coordinates"":[]}"
6385,2021-06-25,299.76598739624023,"{""type"":""MultiPoint"",""coordinates"":[]}"
6386,2021-06-26,299.85744603474933,"{""type"":""MultiPoint"",""coordinates"":[]}"
6387,2021-06-27,299.8346424102783,"{""type"":""MultiPoint"",""coordinates"":[]}"
6388,2021-06-28,299.10233306884766,"{""type"":""MultiPoint"",""coordinates"":[]}"
6389,2021-06-29,299.1826426188151,"{""type"":""MultiPoint"",""coordinates"":[]}"
6390,2021-06-30,299.1629861195882,"{""type"":""MultiPoint"",""coordinates"":[]}"
6391,2021-07-01,299.0517584482829,"{""type"":""MultiPoint"",""coordinates"":[]}"
6392,2021-07-02,298.77476565043133,"{""type"":""MultiPoint"",""coordinates"":[]}"
6393,2021-07-03,298.56868235270184,"{""type"":""MultiPoint"",""coordinates"":[]}"
6394,2021-07-04,298.5341148376465,"{""type"":""MultiPoint"",""coordinates"":[]}"
6395,2021-07-05,299.21704355875653,"{""type"":""MultiPoint"",""coordinates"":[]}"
6396,2021-07-06,299.07164255777997,"{""type"":""MultiPoint"",""coordinates"":[]}"
6397,2021-07-07,298.68667157491046,"{""type"":""MultiPoint"",""coordinates"":[]}"
6398,2021-07-08,299.38661511739093,"{""type"":""MultiPoint"",""coordinates"":[]}"
6399,2021-07-09,299.7223428090413,"{""type"":""MultiPoint"",""coordinates"":[]}"
6400,2021-07-10,299.82743644714355,"{""type"":""MultiPoint"",""coordinates"":[]}"
6401,2021-07-11,299.78025817871094,"{""type"":""MultiPoint"",""coordinates"":[]}"
6402,2021-07-12,299.04193751017254,"{""type"":""MultiPoint"",""coordinates"":[]}"
6403,2021-07-13,299.62435976664227,"{""type"":""MultiPoint"",""coordinates"":[]}"
6404,2021-07-14,300.079070409139,"{""type"":""MultiPoint"",""coordinates"":[]}"
6405,2021-07-15,299.46473058064777,"{""type"":""MultiPoint"",""coordinates"":[]}"
6406,2021-07-16,299.3459593454997,"{""type"":""MultiPoint"",""coordinates"":[]}"
6407,2021-07-17,299.7374076843262,"{""type"":""MultiPoint"",""coordinates"":[]}"
6408,2021-07-18,300.05009841918945,"{""type"":""MultiPoint"",""coordinates"":[]}"
6409,2021-07-19,299.6034158070882,"{""type"":""MultiPoint"",""coordinates"":[]}"
6410,2021-07-20,299.3553269704183,"{""type"":""MultiPoint"",""coordinates"":[]}"
6411,2021-07-21,299.71916071573895,"{""type"":""MultiPoint"",""coordinates"":[]}"
6412,2021-07-22,299.8989175160726,"{""type"":""MultiPoint"",""coordinates"":[]}"
6413,2021-07-23,299.8379618326823,"{""type"":""MultiPoint"",""coordinates"":[]}"
6414,2021-07-24,299.827672958374,"{""type"":""MultiPoint"",""coordinates"":[]}"
6415,2021-07-25,299.30593554178876,"{""type"":""MultiPoint"",""coordinates"":[]}"
6416,2021-07-26,299.9444440205892,"{""type"":""MultiPoint"",""coordinates"":[]}"
6417,2021-07-27,300.01080258687335,"{""type"":""MultiPoint"",""coordinates"":[]}"
6418,2021-07-28,299.72488530476886,"{""type"":""MultiPoint"",""coordinates"":[]}"
6419,2021-07-29,299.7822907765706,"{""type"":""MultiPoint"",""coordinates"":[]}"
6420,2021-07-30,299.510550181071,"{""type"":""MultiPoint"",""coordinates"":[]}"
6421,2021-07-31,299.72146288553876,"{""type"":""MultiPoint"",""coordinates"":[]}"
6422,2021-08-01,299.14136505126953,"{""type"":""MultiPoint"",""coordinates"":[]}"
6423,2021-08-02,298.97721672058105,"{""type"":""MultiPoint"",""coordinates"":[]}"
6424,2021-08-03,298.9090226491292,"{""type"":""MultiPoint"",""coordinates"":[]}"
6425,2021-08-04,299.53259023030597,"{""type"":""MultiPoint"",""coordinates"":[]}"
6426,2021-08-05,300.44687843322754,"{""type"":""MultiPoint"",""coordinates"":[]}"
6427,2021-08-06,299.98412068684894,"{""type"":""MultiPoint"",""coordinates"":[]}"
6428,2021-08-07,299.5207583109538,"{""type"":""MultiPoint"",""coordinates"":[]}"
6429,2021-08-08,299.6120834350586,"{""type"":""MultiPoint"",""coordinates"":[]}"
6430,2021-08-09,300.15782101949054,"{""type"":""MultiPoint"",""coordinates"":[]}"
6431,2021-08-10,300.34753608703613,"{""type"":""MultiPoint"",""coordinates"":[]}"
6432,2021-08-11,300.2331740061442,"{""type"":""MultiPoint"",""coordinates"":[]}"
6433,2021-08-12,300.203675587972,"{""type"":""MultiPoint"",""coordinates"":[]}"
6434,2021-08-13,299.72450574239093,"{""type"":""MultiPoint"",""coordinates"":[]}"
6435,2021-08-14,299.316925684611,"{""type"":""MultiPoint"",""coordinates"":[]}"
6436,2021-08-15,298.74753443400067,"{""type"":""MultiPoint"",""coordinates"":[]}"
6437,2021-08-16,299.4747486114502,"{""type"":""MultiPoint"",""coordinates"":[]}"
6438,2021-08-17,300.2226702372233,"{""type"":""MultiPoint"",""coordinates"":[]}"
6439,2021-08-18,300.16617075602215,"{""type"":""MultiPoint"",""coordinates"":[]}"
6440,2021-08-19,299.7600688934326,"{""type"":""MultiPoint"",""coordinates"":[]}"
6441,2021-08-20,299.87177658081055,"{""type"":""MultiPoint"",""coordinates"":[]}"
6442,2021-08-21,300.28100140889484,"{""type"":""MultiPoint"",""coordinates"":[]}"
6443,2021-08-22,300.4665807088216,"{""type"":""MultiPoint"",""coordinates"":[]}"
6444,2021-08-23,300.72462781270343,"{""type"":""MultiPoint"",""coordinates"":[]}"
6445,2021-08-24,300.8977635701497,"{""type"":""MultiPoint"",""coordinates"":[]}"
6446,2021-08-25,300.9419873555501,"{""type"":""MultiPoint"",""coordinates"":[]}"
6447,2021-08-26,300.3302421569824,"{""type"":""MultiPoint"",""coordinates"":[]}"
6448,2021-08-27,300.4098294576009,"{""type"":""MultiPoint"",""coordinates"":[]}"
6449,2021-08-28,300.29902203877765,"{""type"":""MultiPoint"",""coordinates"":[]}"
6450,2021-08-29,299.8325316111247,"{""type"":""MultiPoint"",""coordinates"":[]}"
6451,2021-08-30,300.066504796346,"{""type"":""MultiPoint"",""coordinates"":[]}"
6452,2021-08-31,300.3724873860677,"{""type"":""MultiPoint"",""coordinates"":[]}"
6453,2021-09-01,300.1979217529297,"{""type"":""MultiPoint"",""coordinates"":[]}"
6454,2021-09-02,299.6392765045166,"{""type"":""MultiPoint"",""coordinates"":[]}"
6455,2021-09-03,299.6704743703206,"{""type"":""MultiPoint"",""coordinates"":[]}"
6456,2021-09-04,299.5095132191976,"{""type"":""MultiPoint"",""coordinates"":[]}"
6457,2021-09-05,300.0999673207601,"{""type"":""MultiPoint"",""coordinates"":[]}"
6458,2021-09-06,300.4371814727783,"{""type"":""MultiPoint"",""coordinates"":[]}"
6459,2021-09-07,300.2781016031901,"{""type"":""MultiPoint"",""coordinates"":[]}"
6460,2021-09-08,300.15274175008136,"{""type"":""MultiPoint"",""coordinates"":[]}"
6461,2021-09-09,300.3962122599284,"{""type"":""MultiPoint"",""coordinates"":[]}"
6462,2021-09-10,300.3937594095866,"{""type"":""MultiPoint"",""coordinates"":[]}"
6463,2021-09-11,300.75636863708496,"{""type"":""MultiPoint"",""coordinates"":[]}"
6464,2021-09-12,300.7064488728841,"{""type"":""MultiPoint"",""coordinates"":[]}"
6465,2021-09-13,300.7488199869792,"{""type"":""MultiPoint"",""coordinates"":[]}"
6466,2021-09-14,300.23190689086914,"{""type"":""MultiPoint"",""coordinates"":[]}"
6467,2021-09-15,300.70303281148273,"{""type"":""MultiPoint"",""coordinates"":[]}"
6468,2021-09-16,301.1829636891683,"{""type"":""MultiPoint"",""coordinates"":[]}"
6469,2021-09-17,300.4270814259847,"{""type"":""MultiPoint"",""coordinates"":[]}"
6470,2021-09-18,300.155065536499,"{""type"":""MultiPoint"",""coordinates"":[]}"
6471,2021-09-19,300.27224413553876,"{""type"":""MultiPoint"",""coordinates"":[]}"
6472,2021-09-20,300.4385019938151,"{""type"":""MultiPoint"",""coordinates"":[]}"
6473,2021-09-21,300.74626604715985,"{""type"":""MultiPoint"",""coordinates"":[]}"
6474,2021-09-22,300.66296641031903,"{""type"":""MultiPoint"",""coordinates"":[]}"
6475,2021-09-23,300.83664385477704,"{""type"":""MultiPoint"",""coordinates"":[]}"
6476,2021-09-24,301.06849670410156,"{""type"":""MultiPoint"",""coordinates"":[]}"
6477,2021-09-25,300.8019440968831,"{""type"":""MultiPoint"",""coordinates"":[]}"
6478,2021-09-26,300.9348080952962,"{""type"":""MultiPoint"",""coordinates"":[]}"
6479,2021-09-27,301.10210037231445,"{""type"":""MultiPoint"",""coordinates"":[]}"
6480,2021-09-28,300.8883196512858,"{""type"":""MultiPoint"",""coordinates"":[]}"
6481,2021-09-29,301.0326347351074,"{""type"":""MultiPoint"",""coordinates"":[]}"
6482,2021-09-30,300.72739855448407,"{""type"":""MultiPoint"",""coordinates"":[]}"
6483,2021-10-01,300.8708604176839,"{""type"":""MultiPoint"",""coordinates"":[]}"
6484,2021-10-02,300.1864134470622,"{""type"":""MultiPoint"",""coordinates"":[]}"
6485,2021-10-03,300.6929995218913,"{""type"":""MultiPoint"",""coordinates"":[]}"
6486,2021-10-04,301.2440045674642,"{""type"":""MultiPoint"",""coordinates"":[]}"
6487,2021-10-05,301.15213203430176,"{""type"":""MultiPoint"",""coordinates"":[]}"
6488,2021-10-06,300.10490798950195,"{""type"":""MultiPoint"",""coordinates"":[]}"
6489,2021-10-07,300.57185045878094,"{""type"":""MultiPoint"",""coordinates"":[]}"
6490,2021-10-08,300.8188832600911,"{""type"":""MultiPoint"",""coordinates"":[]}"
6491,2021-10-09,301.07823117574054,"{""type"":""MultiPoint"",""coordinates"":[]}"
6492,2021-10-10,301.2065887451172,"{""type"":""MultiPoint"",""coordinates"":[]}"
6493,2021-10-11,301.28519948323566,"{""type"":""MultiPoint"",""coordinates"":[]}"
6494,2021-10-12,300.9861075083415,"{""type"":""MultiPoint"",""coordinates"":[]}"
6495,2021-10-13,300.7399546305339,"{""type"":""MultiPoint"",""coordinates"":[]}"
6496,2021-10-14,301.14603932698566,"{""type"":""MultiPoint"",""coordinates"":[]}"
6497,2021-10-15,301.2697614034017,"{""type"":""MultiPoint"",""coordinates"":[]}"
6498,2021-10-16,301.4335117340088,"{""type"":""MultiPoint"",""coordinates"":[]}"
6499,2021-10-17,301.1496804555257,"{""type"":""MultiPoint"",""coordinates"":[]}"
6500,2021-10-18,300.33396402994794,"{""type"":""MultiPoint"",""coordinates"":[]}"
6501,2021-10-19,300.35640207926434,"{""type"":""MultiPoint"",""coordinates"":[]}"
6502,2021-10-20,300.6805000305176,"{""type"":""MultiPoint"",""coordinates"":[]}"
6503,2021-10-21,299.83391253153485,"{""type"":""MultiPoint"",""coordinates"":[]}"
6504,2021-10-22,299.8879642486572,"{""type"":""MultiPoint"",""coordinates"":[]}"
6505,2021-10-23,299.7799466451009,"{""type"":""MultiPoint"",""coordinates"":[]}"
6506,2021-10-24,299.4627965291341,"{""type"":""MultiPoint"",""coordinates"":[]}"
6507,2021-10-25,299.665740331014,"{""type"":""MultiPoint"",""coordinates"":[]}"
6508,2021-10-26,300.19176864624023,"{""type"":""MultiPoint"",""coordinates"":[]}"
6509,2021-10-27,300.22281138102215,"{""type"":""MultiPoint"",""coordinates"":[]}"
6510,2021-10-28,300.56295013427734,"{""type"":""MultiPoint"",""coordinates"":[]}"
6511,2021-10-29,300.3097381591797,"{""type"":""MultiPoint"",""coordinates"":[]}"
6512,2021-10-30,300.2665475209554,"{""type"":""MultiPoint"",""coordinates"":[]}"
6513,2021-10-31,300.3424593607585,"{""type"":""MultiPoint"",""coordinates"":[]}"
6514,2021-11-01,300.2751770019531,"{""type"":""MultiPoint"",""coordinates"":[]}"
6515,2021-11-02,300.42674255371094,"{""type"":""MultiPoint"",""coordinates"":[]}"
6516,2021-11-03,300.5745169321696,"{""type"":""MultiPoint"",""coordinates"":[]}"
6517,2021-11-04,300.4805323282878,"{""type"":""MultiPoint"",""coordinates"":[]}"
6518,2021-11-05,299.8914108276367,"{""type"":""MultiPoint"",""coordinates"":[]}"
6519,2021-11-06,299.03295199076337,"{""type"":""MultiPoint"",""coordinates"":[]}"
6520,2021-11-07,299.2812220255534,"{""type"":""MultiPoint"",""coordinates"":[]}"
6521,2021-11-08,299.92650413513184,"{""type"":""MultiPoint"",""coordinates"":[]}"
6522,2021-11-09,299.9404519399007,"{""type"":""MultiPoint"",""coordinates"":[]}"
6523,2021-11-10,299.57896614074707,"{""type"":""MultiPoint"",""coordinates"":[]}"
6524,2021-11-11,299.4348138173421,"{""type"":""MultiPoint"",""coordinates"":[]}"
6525,2021-11-12,299.60604731241864,"{""type"":""MultiPoint"",""coordinates"":[]}"
6526,2021-11-13,299.3102347056071,"{""type"":""MultiPoint"",""coordinates"":[]}"
6527,2021-11-14,299.8010679880778,"{""type"":""MultiPoint"",""coordinates"":[]}"
6528,2021-11-15,299.87133916219074,"{""type"":""MultiPoint"",""coordinates"":[]}"
6529,2021-11-16,299.35804748535156,"{""type"":""MultiPoint"",""coordinates"":[]}"
6530,2021-11-17,299.2417240142822,"{""type"":""MultiPoint"",""coordinates"":[]}"
6531,2021-11-18,299.8948001861572,"{""type"":""MultiPoint"",""coordinates"":[]}"
6532,2021-11-19,300.1130313873291,"{""type"":""MultiPoint"",""coordinates"":[]}"
6533,2021-11-20,300.13933690388996,"{""type"":""MultiPoint"",""coordinates"":[]}"
6534,2021-11-21,299.55315081278485,"{""type"":""MultiPoint"",""coordinates"":[]}"
6535,2021-11-22,299.46249262491864,"{""type"":""MultiPoint"",""coordinates"":[]}"
6536,2021-11-23,299.78198432922363,"{""type"":""MultiPoint"",""coordinates"":[]}"
6537,2021-11-24,300.243319829305,"{""type"":""MultiPoint"",""coordinates"":[]}"
6538,2021-11-25,299.86489995320636,"{""type"":""MultiPoint"",""coordinates"":[]}"
6539,2021-11-26,299.7454121907552,"{""type"":""MultiPoint"",""coordinates"":[]}"
6540,2021-11-27,299.7164707183838,"{""type"":""MultiPoint"",""coordinates"":[]}"
6541,2021-11-28,300.2306550343831,"{""type"":""MultiPoint"",""coordinates"":[]}"
6542,2021-11-29,299.62417856852215,"{""type"":""MultiPoint"",""coordinates"":[]}"
6543,2021-11-30,299.2834752400716,"{""type"":""MultiPoint"",""coordinates"":[]}"
6544,2021-12-01,299.392297744751,"{""type"":""MultiPoint"",""coordinates"":[]}"
6545,2021-12-02,299.1955992380778,"{""type"":""MultiPoint"",""coordinates"":[]}"
6546,2021-12-03,299.8916486104329,"{""type"":""MultiPoint"",""coordinates"":[]}"
6547,2021-12-04,299.6851406097412,"{""type"":""MultiPoint"",""coordinates"":[]}"
6548,2021-12-05,298.8561484018962,"{""type"":""MultiPoint"",""coordinates"":[]}"
6549,2021-12-06,298.76687876383465,"{""type"":""MultiPoint"",""coordinates"":[]}"
6550,2021-12-07,298.99252192179364,"{""type"":""MultiPoint"",""coordinates"":[]}"
6551,2021-12-08,298.87255096435547,"{""type"":""MultiPoint"",""coordinates"":[]}"
6552,2021-12-09,299.4208501180013,"{""type"":""MultiPoint"",""coordinates"":[]}"
6553,2021-12-10,299.0849132537842,"{""type"":""MultiPoint"",""coordinates"":[]}"
6554,2021-12-11,298.9618269602458,"{""type"":""MultiPoint"",""coordinates"":[]}"
6555,2021-12-12,298.78796768188477,"{""type"":""MultiPoint"",""coordinates"":[]}"
6556,2021-12-13,299.5315869649251,"{""type"":""MultiPoint"",""coordinates"":[]}"
6557,2021-12-14,299.68274370829266,"{""type"":""MultiPoint"",""coordinates"":[]}"
6558,2021-12-15,299.68848991394043,"{""type"":""MultiPoint"",""coordinates"":[]}"
6559,2021-12-16,299.44522412618,"{""type"":""MultiPoint"",""coordinates"":[]}"
6560,2021-12-17,299.2886600494385,"{""type"":""MultiPoint"",""coordinates"":[]}"
6561,2021-12-18,299.4935728708903,"{""type"":""MultiPoint"",""coordinates"":[]}"
6562,2021-12-19,299.6771545410156,"{""type"":""MultiPoint"",""coordinates"":[]}"
6563,2021-12-20,299.7902062733968,"{""type"":""MultiPoint"",""coordinates"":[]}"
6564,2021-12-21,299.54917335510254,"{""type"":""MultiPoint"",""coordinates"":[]}"
6565,2021-12-22,298.78089269002277,"{""type"":""MultiPoint"",""coordinates"":[]}"
6566,2021-12-23,299.04465929667157,"{""type"":""MultiPoint"",""coordinates"":[]}"
6567,2021-12-24,299.255911509196,"{""type"":""MultiPoint"",""coordinates"":[]}"
6568,2021-12-25,299.19687779744464,"{""type"":""MultiPoint"",""coordinates"":[]}"
6569,2021-12-26,298.8557020823161,"{""type"":""MultiPoint"",""coordinates"":[]}"
6570,2021-12-27,298.9986464182536,"{""type"":""MultiPoint"",""coordinates"":[]}"
6571,2021-12-28,299.43441645304364,"{""type"":""MultiPoint"",""coordinates"":[]}"
6572,2021-12-29,299.0398432413737,"{""type"":""MultiPoint"",""coordinates"":[]}"
6573,2021-12-30,298.9574515024821,"{""type"":""MultiPoint"",""coordinates"":[]}"
6574,2021-12-31,298.9054724375407,"{""type"":""MultiPoint"",""coordinates"":[]}"
6575,2022-01-01,299.2603054046631,"{""type"":""MultiPoint"",""coordinates"":[]}"
6576,2022-01-02,299.13830757141113,"{""type"":""MultiPoint"",""coordinates"":[]}"
6577,2022-01-03,299.41244951883954,"{""type"":""MultiPoint"",""coordinates"":[]}"
6578,2022-01-04,299.0423933664958,"{""type"":""MultiPoint"",""coordinates"":[]}"
6579,2022-01-05,298.83567237854004,"{""type"":""MultiPoint"",""coordinates"":[]}"
6580,2022-01-06,298.2848714192708,"{""type"":""MultiPoint"",""coordinates"":[]}"
6581,2022-01-07,298.9605992635091,"{""type"":""MultiPoint"",""coordinates"":[]}"
6582,2022-01-08,299.05831146240234,"{""type"":""MultiPoint"",""coordinates"":[]}"
6583,2022-01-09,298.56321652730304,"{""type"":""MultiPoint"",""coordinates"":[]}"
6584,2022-01-10,298.52555147806805,"{""type"":""MultiPoint"",""coordinates"":[]}"
6585,2022-01-11,298.9952386220296,"{""type"":""MultiPoint"",""coordinates"":[]}"
6586,2022-01-12,299.0075823465983,"{""type"":""MultiPoint"",""coordinates"":[]}"
6587,2022-01-13,298.95778465270996,"{""type"":""MultiPoint"",""coordinates"":[]}"
6588,2022-01-14,299.2143910725911,"{""type"":""MultiPoint"",""coordinates"":[]}"
6589,2022-01-15,299.3406105041504,"{""type"":""MultiPoint"",""coordinates"":[]}"
6590,2022-01-16,298.7061347961426,"{""type"":""MultiPoint"",""coordinates"":[]}"
6591,2022-01-17,298.85723813374835,"{""type"":""MultiPoint"",""coordinates"":[]}"
6592,2022-01-18,299.224022547404,"{""type"":""MultiPoint"",""coordinates"":[]}"
6593,2022-01-19,298.15918286641437,"{""type"":""MultiPoint"",""coordinates"":[]}"
6594,2022-01-20,298.7868455251058,"{""type"":""MultiPoint"",""coordinates"":[]}"
6595,2022-01-21,298.59678014119464,"{""type"":""MultiPoint"",""coordinates"":[]}"
6596,2022-01-22,298.49457295735675,"{""type"":""MultiPoint"",""coordinates"":[]}"
6597,2022-01-23,298.94058481852215,"{""type"":""MultiPoint"",""coordinates"":[]}"
6598,2022-01-24,299.5581792195638,"{""type"":""MultiPoint"",""coordinates"":[]}"
6599,2022-01-25,299.0755971272786,"{""type"":""MultiPoint"",""coordinates"":[]}"
6600,2022-01-26,298.78017298380536,"{""type"":""MultiPoint"",""coordinates"":[]}"
6601,2022-01-27,298.97312037150067,"{""type"":""MultiPoint"",""coordinates"":[]}"
6602,2022-01-28,298.79868189493817,"{""type"":""MultiPoint"",""coordinates"":[]}"
6603,2022-01-29,298.883975982666,"{""type"":""MultiPoint"",""coordinates"":[]}"
6604,2022-01-30,298.485881169637,"{""type"":""MultiPoint"",""coordinates"":[]}"
6605,2022-01-31,298.92100207010907,"{""type"":""MultiPoint"",""coordinates"":[]}"
6606,2022-02-01,299.5791765848796,"{""type"":""MultiPoint"",""coordinates"":[]}"
6607,2022-02-02,299.77895800272626,"{""type"":""MultiPoint"",""coordinates"":[]}"
6608,2022-02-03,299.42060534159344,"{""type"":""MultiPoint"",""coordinates"":[]}"
6609,2022-02-04,298.2792778015137,"{""type"":""MultiPoint"",""coordinates"":[]}"
6610,2022-02-05,298.090861638387,"{""type"":""MultiPoint"",""coordinates"":[]}"
6611,2022-02-06,298.7993761698405,"{""type"":""MultiPoint"",""coordinates"":[]}"
6612,2022-02-07,299.3300724029541,"{""type"":""MultiPoint"",""coordinates"":[]}"
6613,2022-02-08,299.78494389851886,"{""type"":""MultiPoint"",""coordinates"":[]}"
6614,2022-02-09,299.269084294637,"{""type"":""MultiPoint"",""coordinates"":[]}"
6615,2022-02-10,299.3023223876953,"{""type"":""MultiPoint"",""coordinates"":[]}"
6616,2022-02-11,298.77676010131836,"{""type"":""MultiPoint"",""coordinates"":[]}"
6617,2022-02-12,298.6622969309489,"{""type"":""MultiPoint"",""coordinates"":[]}"
6618,2022-02-13,298.775723139445,"{""type"":""MultiPoint"",""coordinates"":[]}"
6619,2022-02-14,297.9726912180583,"{""type"":""MultiPoint"",""coordinates"":[]}"
6620,2022-02-15,298.00894419352215,"{""type"":""MultiPoint"",""coordinates"":[]}"
6621,2022-02-16,298.75930722554523,"{""type"":""MultiPoint"",""coordinates"":[]}"
6622,2022-02-17,299.20507113138837,"{""type"":""MultiPoint"",""coordinates"":[]}"
6623,2022-02-18,298.52831713358563,"{""type"":""MultiPoint"",""coordinates"":[]}"
6624,2022-02-19,298.4606132507324,"{""type"":""MultiPoint"",""coordinates"":[]}"
6625,2022-02-20,298.37583414713544,"{""type"":""MultiPoint"",""coordinates"":[]}"
6626,2022-02-21,298.24666023254395,"{""type"":""MultiPoint"",""coordinates"":[]}"
6627,2022-02-22,298.5414447784424,"{""type"":""MultiPoint"",""coordinates"":[]}"
6628,2022-02-23,298.11597379048663,"{""type"":""MultiPoint"",""coordinates"":[]}"
6629,2022-02-24,298.1909770965576,"{""type"":""MultiPoint"",""coordinates"":[]}"
6630,2022-02-25,298.5413449605306,"{""type"":""MultiPoint"",""coordinates"":[]}"
6631,2022-02-26,299.2667013804118,"{""type"":""MultiPoint"",""coordinates"":[]}"
6632,2022-02-27,299.5758508046468,"{""type"":""MultiPoint"",""coordinates"":[]}"
6633,2022-02-28,299.67340151468915,"{""type"":""MultiPoint"",""coordinates"":[]}"
6634,2022-03-01,299.59297879536945,"{""type"":""MultiPoint"",""coordinates"":[]}"
6635,2022-03-02,298.79344940185547,"{""type"":""MultiPoint"",""coordinates"":[]}"
6636,2022-03-03,298.835932413737,"{""type"":""MultiPoint"",""coordinates"":[]}"
6637,2022-03-04,298.67651049296063,"{""type"":""MultiPoint"",""coordinates"":[]}"
6638,2022-03-05,298.67587661743164,"{""type"":""MultiPoint"",""coordinates"":[]}"
6639,2022-03-06,298.1330343882243,"{""type"":""MultiPoint"",""coordinates"":[]}"
6640,2022-03-07,298.4791673024495,"{""type"":""MultiPoint"",""coordinates"":[]}"
6641,2022-03-08,298.6649252573649,"{""type"":""MultiPoint"",""coordinates"":[]}"
6642,2022-03-09,298.6596984863281,"{""type"":""MultiPoint"",""coordinates"":[]}"
6643,2022-03-10,298.8751169840495,"{""type"":""MultiPoint"",""coordinates"":[]}"
6644,2022-03-11,299.61368115743,"{""type"":""MultiPoint"",""coordinates"":[]}"
6645,2022-03-12,299.28587977091473,"{""type"":""MultiPoint"",""coordinates"":[]}"
6646,2022-03-13,299.1117223103841,"{""type"":""MultiPoint"",""coordinates"":[]}"
6647,2022-03-14,298.84802055358887,"{""type"":""MultiPoint"",""coordinates"":[]}"
6648,2022-03-15,298.7814254760742,"{""type"":""MultiPoint"",""coordinates"":[]}"
6649,2022-03-16,299.3248996734619,"{""type"":""MultiPoint"",""coordinates"":[]}"
6650,2022-03-17,299.4997049967448,"{""type"":""MultiPoint"",""coordinates"":[]}"
6651,2022-03-18,299.57675043741864,"{""type"":""MultiPoint"",""coordinates"":[]}"
6652,2022-03-19,299.5912965138753,"{""type"":""MultiPoint"",""coordinates"":[]}"
6653,2022-03-20,299.55736414591473,"{""type"":""MultiPoint"",""coordinates"":[]}"
6654,2022-03-21,299.5248495737712,"{""type"":""MultiPoint"",""coordinates"":[]}"
6655,2022-03-22,299.5747896830241,"{""type"":""MultiPoint"",""coordinates"":[]}"
6656,2022-03-23,299.6054827372233,"{""type"":""MultiPoint"",""coordinates"":[]}"
6657,2022-03-24,299.08151054382324,"{""type"":""MultiPoint"",""coordinates"":[]}"
6658,2022-03-25,299.2045783996582,"{""type"":""MultiPoint"",""coordinates"":[]}"
6659,2022-03-26,299.56765111287433,"{""type"":""MultiPoint"",""coordinates"":[]}"
6660,2022-03-27,299.395014444987,"{""type"":""MultiPoint"",""coordinates"":[]}"
6661,2022-03-28,299.3383032480876,"{""type"":""MultiPoint"",""coordinates"":[]}"
6662,2022-03-29,299.28972816467285,"{""type"":""MultiPoint"",""coordinates"":[]}"
6663,2022-03-30,299.1077575683594,"{""type"":""MultiPoint"",""coordinates"":[]}"
6664,2022-03-31,299.22764650980633,"{""type"":""MultiPoint"",""coordinates"":[]}"
6665,2022-04-01,299.3970750172933,"{""type"":""MultiPoint"",""coordinates"":[]}"
6666,2022-04-02,298.5579954783122,"{""type"":""MultiPoint"",""coordinates"":[]}"
6667,2022-04-03,299.1219933827718,"{""type"":""MultiPoint"",""coordinates"":[]}"
6668,2022-04-04,298.60013516743976,"{""type"":""MultiPoint"",""coordinates"":[]}"
6669,2022-04-05,299.61485926310223,"{""type"":""MultiPoint"",""coordinates"":[]}"
6670,2022-04-06,299.19694900512695,"{""type"":""MultiPoint"",""coordinates"":[]}"
6671,2022-04-07,298.9545211791992,"{""type"":""MultiPoint"",""coordinates"":[]}"
6672,2022-04-08,299.1748402913411,"{""type"":""MultiPoint"",""coordinates"":[]}"
6673,2022-04-09,299.32810910542804,"{""type"":""MultiPoint"",""coordinates"":[]}"
6674,2022-04-10,299.1000150044759,"{""type"":""MultiPoint"",""coordinates"":[]}"
6675,2022-04-11,299.4603042602539,"{""type"":""MultiPoint"",""coordinates"":[]}"
6676,2022-04-12,299.18907992045087,"{""type"":""MultiPoint"",""coordinates"":[]}"
6677,2022-04-13,298.8498414357503,"{""type"":""MultiPoint"",""coordinates"":[]}"
6678,2022-04-14,299.008451461792,"{""type"":""MultiPoint"",""coordinates"":[]}"
6679,2022-04-15,299.19983100891113,"{""type"":""MultiPoint"",""coordinates"":[]}"
6680,2022-04-16,299.54279073079425,"{""type"":""MultiPoint"",""coordinates"":[]}"
6681,2022-04-17,299.47183926900226,"{""type"":""MultiPoint"",""coordinates"":[]}"
6682,2022-04-18,299.2544174194336,"{""type"":""MultiPoint"",""coordinates"":[]}"
6683,2022-04-19,299.11346371968585,"{""type"":""MultiPoint"",""coordinates"":[]}"
6684,2022-04-20,299.55690892537433,"{""type"":""MultiPoint"",""coordinates"":[]}"
6685,2022-04-21,299.0189615885417,"{""type"":""MultiPoint"",""coordinates"":[]}"
6686,2022-04-22,298.8014316558838,"{""type"":""MultiPoint"",""coordinates"":[]}"
6687,2022-04-23,298.99819882710773,"{""type"":""MultiPoint"",""coordinates"":[]}"
6688,2022-04-24,299.7552897135417,"{""type"":""MultiPoint"",""coordinates"":[]}"
6689,2022-04-25,299.7931989034017,"{""type"":""MultiPoint"",""coordinates"":[]}"
6690,2022-04-26,299.3717956542969,"{""type"":""MultiPoint"",""coordinates"":[]}"
6691,2022-04-27,299.7684637705485,"{""type"":""MultiPoint"",""coordinates"":[]}"
6692,2022-04-28,299.2817153930664,"{""type"":""MultiPoint"",""coordinates"":[]}"
6693,2022-04-29,299.9151916503906,"{""type"":""MultiPoint"",""coordinates"":[]}"
6694,2022-04-30,300.33876546223956,"{""type"":""MultiPoint"",""coordinates"":[]}"
6695,2022-05-01,300.1976718902588,"{""type"":""MultiPoint"",""coordinates"":[]}"
6696,2022-05-02,299.6567039489746,"{""type"":""MultiPoint"",""coordinates"":[]}"
6697,2022-05-03,298.7360897064209,"{""type"":""MultiPoint"",""coordinates"":[]}"
6698,2022-05-04,298.9736754099528,"{""type"":""MultiPoint"",""coordinates"":[]}"
6699,2022-05-05,299.49086316426593,"{""type"":""MultiPoint"",""coordinates"":[]}"
6700,2022-05-06,299.3991158803304,"{""type"":""MultiPoint"",""coordinates"":[]}"
6701,2022-05-07,298.8630968729655,"{""type"":""MultiPoint"",""coordinates"":[]}"
6702,2022-05-08,299.80456733703613,"{""type"":""MultiPoint"",""coordinates"":[]}"
6703,2022-05-09,300.1041622161865,"{""type"":""MultiPoint"",""coordinates"":[]}"
6704,2022-05-10,299.6595637003581,"{""type"":""MultiPoint"",""coordinates"":[]}"
6705,2022-05-11,299.5810070037842,"{""type"":""MultiPoint"",""coordinates"":[]}"
6706,2022-05-12,299.1112454732259,"{""type"":""MultiPoint"",""coordinates"":[]}"
6707,2022-05-13,299.8993612925212,"{""type"":""MultiPoint"",""coordinates"":[]}"
6708,2022-05-14,299.30671882629395,"{""type"":""MultiPoint"",""coordinates"":[]}"
6709,2022-05-15,299.3450272878011,"{""type"":""MultiPoint"",""coordinates"":[]}"
6710,2022-05-16,299.69265111287433,"{""type"":""MultiPoint"",""coordinates"":[]}"
6711,2022-05-17,299.20150057474774,"{""type"":""MultiPoint"",""coordinates"":[]}"
6712,2022-05-18,299.77324803670246,"{""type"":""MultiPoint"",""coordinates"":[]}"
6713,2022-05-19,299.14050038655597,"{""type"":""MultiPoint"",""coordinates"":[]}"
6714,2022-05-20,298.995761235555,"{""type"":""MultiPoint"",""coordinates"":[]}"
6715,2022-05-21,298.3341878255208,"{""type"":""MultiPoint"",""coordinates"":[]}"
6716,2022-05-22,298.259724299113,"{""type"":""MultiPoint"",""coordinates"":[]}"
6717,2022-05-23,299.06634012858075,"{""type"":""MultiPoint"",""coordinates"":[]}"
6718,2022-05-24,299.5612799326579,"{""type"":""MultiPoint"",""coordinates"":[]}"
6719,2022-05-25,299.18132400512695,"{""type"":""MultiPoint"",""coordinates"":[]}"
6720,2022-05-26,299.1634693145752,"{""type"":""MultiPoint"",""coordinates"":[]}"
6721,2022-05-27,299.55643971761066,"{""type"":""MultiPoint"",""coordinates"":[]}"
6722,2022-05-28,299.5530211130778,"{""type"":""MultiPoint"",""coordinates"":[]}"
6723,2022-05-29,299.5724188486735,"{""type"":""MultiPoint"",""coordinates"":[]}"
6724,2022-05-30,298.9042886098226,"{""type"":""MultiPoint"",""coordinates"":[]}"
6725,2022-05-31,299.1218973795573,"{""type"":""MultiPoint"",""coordinates"":[]}"
6726,2022-06-01,299.1256586710612,"{""type"":""MultiPoint"",""coordinates"":[]}"
6727,2022-06-02,298.7535292307536,"{""type"":""MultiPoint"",""coordinates"":[]}"
6728,2022-06-03,299.3193759918213,"{""type"":""MultiPoint"",""coordinates"":[]}"
6729,2022-06-04,299.0028870900472,"{""type"":""MultiPoint"",""coordinates"":[]}"
6730,2022-06-05,298.60394287109375,"{""type"":""MultiPoint"",""coordinates"":[]}"
6731,2022-06-06,298.02850850423175,"{""type"":""MultiPoint"",""coordinates"":[]}"
6732,2022-06-07,298.9099521636963,"{""type"":""MultiPoint"",""coordinates"":[]}"
6733,2022-06-08,298.9236698150635,"{""type"":""MultiPoint"",""coordinates"":[]}"
6734,2022-06-09,298.85354868570965,"{""type"":""MultiPoint"",""coordinates"":[]}"
6735,2022-06-10,298.97548421223956,"{""type"":""MultiPoint"",""coordinates"":[]}"
6736,2022-06-11,299.0954526265462,"{""type"":""MultiPoint"",""coordinates"":[]}"
6737,2022-06-12,298.9381275177002,"{""type"":""MultiPoint"",""coordinates"":[]}"
6738,2022-06-13,299.0311915079753,"{""type"":""MultiPoint"",""coordinates"":[]}"
6739,2022-06-14,299.18251355489093,"{""type"":""MultiPoint"",""coordinates"":[]}"
6740,2022-06-15,299.8148314158122,"{""type"":""MultiPoint"",""coordinates"":[]}"
6741,2022-06-16,299.4085286458333,"{""type"":""MultiPoint"",""coordinates"":[]}"
6742,2022-06-17,299.290220896403,"{""type"":""MultiPoint"",""coordinates"":[]}"
6743,2022-06-18,299.5834369659424,"{""type"":""MultiPoint"",""coordinates"":[]}"
6744,2022-06-19,298.80536397298175,"{""type"":""MultiPoint"",""coordinates"":[]}"
6745,2022-06-20,299.18029467264813,"{""type"":""MultiPoint"",""coordinates"":[]}"
6746,2022-06-21,299.13010025024414,"{""type"":""MultiPoint"",""coordinates"":[]}"
6747,2022-06-22,298.6043561299642,"{""type"":""MultiPoint"",""coordinates"":[]}"
6748,2022-06-23,299.4761422475179,"{""type"":""MultiPoint"",""coordinates"":[]}"
6749,2022-06-24,299.5016911824544,"{""type"":""MultiPoint"",""coordinates"":[]}"
6750,2022-06-25,299.0211181640625,"{""type"":""MultiPoint"",""coordinates"":[]}"
6751,2022-06-26,299.1821098327637,"{""type"":""MultiPoint"",""coordinates"":[]}"
6752,2022-06-27,298.777151743571,"{""type"":""MultiPoint"",""coordinates"":[]}"
6753,2022-06-28,299.16394805908203,"{""type"":""MultiPoint"",""coordinates"":[]}"
6754,2022-06-29,298.90259234110516,"{""type"":""MultiPoint"",""coordinates"":[]}"
6755,2022-06-30,299.114054997762,"{""type"":""MultiPoint"",""coordinates"":[]}"
6756,2022-07-01,299.78975741068524,"{""type"":""MultiPoint"",""coordinates"":[]}"
6757,2022-07-02,299.5934975941976,"{""type"":""MultiPoint"",""coordinates"":[]}"
6758,2022-07-03,299.8732617696126,"{""type"":""MultiPoint"",""coordinates"":[]}"
6759,2022-07-04,299.855894724528,"{""type"":""MultiPoint"",""coordinates"":[]}"
6760,2022-07-05,298.64343643188477,"{""type"":""MultiPoint"",""coordinates"":[]}"
6761,2022-07-06,298.816614151001,"{""type"":""MultiPoint"",""coordinates"":[]}"
6762,2022-07-07,299.2728633880615,"{""type"":""MultiPoint"",""coordinates"":[]}"
6763,2022-07-08,299.85451380411786,"{""type"":""MultiPoint"",""coordinates"":[]}"
6764,2022-07-09,299.3436476389567,"{""type"":""MultiPoint"",""coordinates"":[]}"
6765,2022-07-10,298.9249788920085,"{""type"":""MultiPoint"",""coordinates"":[]}"
6766,2022-07-11,299.1666965484619,"{""type"":""MultiPoint"",""coordinates"":[]}"
6767,2022-07-12,299.85564613342285,"{""type"":""MultiPoint"",""coordinates"":[]}"
6768,2022-07-13,299.538298924764,"{""type"":""MultiPoint"",""coordinates"":[]}"
6769,2022-07-14,299.4893156687419,"{""type"":""MultiPoint"",""coordinates"":[]}"
6770,2022-07-15,298.96667798360187,"{""type"":""MultiPoint"",""coordinates"":[]}"
6771,2022-07-16,299.31943766276044,"{""type"":""MultiPoint"",""coordinates"":[]}"
6772,2022-07-17,299.9882640838623,"{""type"":""MultiPoint"",""coordinates"":[]}"
6773,2022-07-18,300.0948594411214,"{""type"":""MultiPoint"",""coordinates"":[]}"
6774,2022-07-19,299.8666884104411,"{""type"":""MultiPoint"",""coordinates"":[]}"
6775,2022-07-20,299.25012397766113,"{""type"":""MultiPoint"",""coordinates"":[]}"
6776,2022-07-21,299.44780858357746,"{""type"":""MultiPoint"",""coordinates"":[]}"
6777,2022-07-22,299.7389494578044,"{""type"":""MultiPoint"",""coordinates"":[]}"
6778,2022-07-23,299.28731600443524,"{""type"":""MultiPoint"",""coordinates"":[]}"
6779,2022-07-24,299.48140780131024,"{""type"":""MultiPoint"",""coordinates"":[]}"
6780,2022-07-25,299.6675904591878,"{""type"":""MultiPoint"",""coordinates"":[]}"
6781,2022-07-26,300.0230763753255,"{""type"":""MultiPoint"",""coordinates"":[]}"
6782,2022-07-27,299.74828211466473,"{""type"":""MultiPoint"",""coordinates"":[]}"
6783,2022-07-28,299.45565859476727,"{""type"":""MultiPoint"",""coordinates"":[]}"
6784,2022-07-29,299.13698705037433,"{""type"":""MultiPoint"",""coordinates"":[]}"
6785,2022-07-30,298.930814743042,"{""type"":""MultiPoint"",""coordinates"":[]}"
6786,2022-07-31,299.49119567871094,"{""type"":""MultiPoint"",""coordinates"":[]}"
6787,2022-08-01,299.6085262298584,"{""type"":""MultiPoint"",""coordinates"":[]}"
6788,2022-08-02,299.58180872599286,"{""type"":""MultiPoint"",""coordinates"":[]}"
6789,2022-08-03,299.2780335744222,"{""type"":""MultiPoint"",""coordinates"":[]}"
6790,2022-08-04,299.6990280151367,"{""type"":""MultiPoint"",""coordinates"":[]}"
6791,2022-08-05,300.303071975708,"{""type"":""MultiPoint"",""coordinates"":[]}"
6792,2022-08-06,300.2824649810791,"{""type"":""MultiPoint"",""coordinates"":[]}"
6793,2022-08-07,300.78802490234375,"{""type"":""MultiPoint"",""coordinates"":[]}"
6794,2022-08-08,301.0325400034587,"{""type"":""MultiPoint"",""coordinates"":[]}"
6795,2022-08-09,300.8046468098958,"{""type"":""MultiPoint"",""coordinates"":[]}"
6796,2022-08-10,300.6378256479899,"{""type"":""MultiPoint"",""coordinates"":[]}"
6797,2022-08-11,300.38002586364746,"{""type"":""MultiPoint"",""coordinates"":[]}"
6798,2022-08-12,300.38947168986004,"{""type"":""MultiPoint"",""coordinates"":[]}"
6799,2022-08-13,300.4441223144531,"{""type"":""MultiPoint"",""coordinates"":[]}"
6800,2022-08-14,300.49277178446454,"{""type"":""MultiPoint"",""coordinates"":[]}"
6801,2022-08-15,300.2187360127767,"{""type"":""MultiPoint"",""coordinates"":[]}"
6802,2022-08-16,299.8511772155762,"{""type"":""MultiPoint"",""coordinates"":[]}"
6803,2022-08-17,300.17492802937824,"{""type"":""MultiPoint"",""coordinates"":[]}"
6804,2022-08-18,299.7491277058919,"{""type"":""MultiPoint"",""coordinates"":[]}"
6805,2022-08-19,300.4721164703369,"{""type"":""MultiPoint"",""coordinates"":[]}"
6806,2022-08-20,300.72826957702637,"{""type"":""MultiPoint"",""coordinates"":[]}"
6807,2022-08-21,299.9903373718262,"{""type"":""MultiPoint"",""coordinates"":[]}"
6808,2022-08-22,298.5952974955241,"{""type"":""MultiPoint"",""coordinates"":[]}"
6809,2022-08-23,298.89972432454425,"{""type"":""MultiPoint"",""coordinates"":[]}"
6810,2022-08-24,298.48833020528156,"{""type"":""MultiPoint"",""coordinates"":[]}"
6811,2022-08-25,299.7054977416992,"{""type"":""MultiPoint"",""coordinates"":[]}"
6812,2022-08-26,300.2954896291097,"{""type"":""MultiPoint"",""coordinates"":[]}"
6813,2022-08-27,300.17931747436523,"{""type"":""MultiPoint"",""coordinates"":[]}"
6814,2022-08-28,299.8389269510905,"{""type"":""MultiPoint"",""coordinates"":[]}"
6815,2022-08-29,299.9135913848877,"{""type"":""MultiPoint"",""coordinates"":[]}"
6816,2022-08-30,300.1021321614583,"{""type"":""MultiPoint"",""coordinates"":[]}"
6817,2022-08-31,299.9795570373535,"{""type"":""MultiPoint"",""coordinates"":[]}"
6818,2022-09-01,300.04017130533856,"{""type"":""MultiPoint"",""coordinates"":[]}"
6819,2022-09-02,300.59637387593585,"{""type"":""MultiPoint"",""coordinates"":[]}"
6820,2022-09-03,300.69943046569824,"{""type"":""MultiPoint"",""coordinates"":[]}"
6821,2022-09-04,300.8184808095296,"{""type"":""MultiPoint"",""coordinates"":[]}"
6822,2022-09-05,300.7526048024495,"{""type"":""MultiPoint"",""coordinates"":[]}"
6823,2022-09-06,300.4950180053711,"{""type"":""MultiPoint"",""coordinates"":[]}"
6824,2022-09-07,300.8674742380778,"{""type"":""MultiPoint"",""coordinates"":[]}"
6825,2022-09-08,300.75367482503253,"{""type"":""MultiPoint"",""coordinates"":[]}"
6826,2022-09-09,300.86230023701984,"{""type"":""MultiPoint"",""coordinates"":[]}"
6827,2022-09-10,300.882116317749,"{""type"":""MultiPoint"",""coordinates"":[]}"
6828,2022-09-11,300.10444259643555,"{""type"":""MultiPoint"",""coordinates"":[]}"
6829,2022-09-12,300.12453587849933,"{""type"":""MultiPoint"",""coordinates"":[]}"
6830,2022-09-13,300.77205594380695,"{""type"":""MultiPoint"",""coordinates"":[]}"
6831,2022-09-14,300.77712122599286,"{""type"":""MultiPoint"",""coordinates"":[]}"
6832,2022-09-15,301.25624402364093,"{""type"":""MultiPoint"",""coordinates"":[]}"
6833,2022-09-16,301.48840713500977,"{""type"":""MultiPoint"",""coordinates"":[]}"
6834,2022-09-17,301.51158396402997,"{""type"":""MultiPoint"",""coordinates"":[]}"
6835,2022-09-18,301.29403368632,"{""type"":""MultiPoint"",""coordinates"":[]}"
6836,2022-09-19,300.7933762868245,"{""type"":""MultiPoint"",""coordinates"":[]}"
6837,2022-09-20,300.26686604817706,"{""type"":""MultiPoint"",""coordinates"":[]}"
6838,2022-09-21,299.9528331756592,"{""type"":""MultiPoint"",""coordinates"":[]}"
6839,2022-09-22,300.5795218149821,"{""type"":""MultiPoint"",""coordinates"":[]}"
6840,2022-09-23,300.78854815165204,"{""type"":""MultiPoint"",""coordinates"":[]}"
6841,2022-09-24,300.802438100179,"{""type"":""MultiPoint"",""coordinates"":[]}"
6842,2022-09-25,300.8286647796631,"{""type"":""MultiPoint"",""coordinates"":[]}"
6843,2022-09-26,300.83664321899414,"{""type"":""MultiPoint"",""coordinates"":[]}"
6844,2022-09-27,300.92170270284015,"{""type"":""MultiPoint"",""coordinates"":[]}"
6845,2022-09-28,301.00420506795246,"{""type"":""MultiPoint"",""coordinates"":[]}"
6846,2022-09-29,301.0165271759033,"{""type"":""MultiPoint"",""coordinates"":[]}"
6847,2022-09-30,301.1489378611247,"{""type"":""MultiPoint"",""coordinates"":[]}"
6848,2022-10-01,300.9449717203776,"{""type"":""MultiPoint"",""coordinates"":[]}"
6849,2022-10-02,300.77698198954266,"{""type"":""MultiPoint"",""coordinates"":[]}"
6850,2022-10-03,300.09345690409344,"{""type"":""MultiPoint"",""coordinates"":[]}"
6851,2022-10-04,299.8723621368408,"{""type"":""MultiPoint"",""coordinates"":[]}"
6852,2022-10-05,300.48819096883136,"{""type"":""MultiPoint"",""coordinates"":[]}"
6853,2022-10-06,300.90052858988446,"{""type"":""MultiPoint"",""coordinates"":[]}"
6854,2022-10-07,301.03083483378094,"{""type"":""MultiPoint"",""coordinates"":[]}"
6855,2022-10-08,300.705233891805,"{""type"":""MultiPoint"",""coordinates"":[]}"
6856,2022-10-09,300.1456521352132,"{""type"":""MultiPoint"",""coordinates"":[]}"
6857,2022-10-10,300.0658702850342,"{""type"":""MultiPoint"",""coordinates"":[]}"
6858,2022-10-11,300.5279121398926,"{""type"":""MultiPoint"",""coordinates"":[]}"
6859,2022-10-12,299.934726079305,"{""type"":""MultiPoint"",""coordinates"":[]}"
6860,2022-10-13,299.17090034484863,"{""type"":""MultiPoint"",""coordinates"":[]}"
6861,2022-10-14,299.4148686726888,"{""type"":""MultiPoint"",""coordinates"":[]}"
6862,2022-10-15,300.5612735748291,"{""type"":""MultiPoint"",""coordinates"":[]}"
6863,2022-10-16,300.69358889261883,"{""type"":""MultiPoint"",""coordinates"":[]}"
6864,2022-10-17,300.85607782999676,"{""type"":""MultiPoint"",""coordinates"":[]}"
6865,2022-10-18,300.73740514119464,"{""type"":""MultiPoint"",""coordinates"":[]}"
6866,2022-10-19,300.51942189534503,"{""type"":""MultiPoint"",""coordinates"":[]}"
6867,2022-10-20,300.22472445170087,"{""type"":""MultiPoint"",""coordinates"":[]}"
6868,2022-10-21,300.1937999725342,"{""type"":""MultiPoint"",""coordinates"":[]}"
6869,2022-10-22,300.66592534383136,"{""type"":""MultiPoint"",""coordinates"":[]}"
6870,2022-10-23,301.01181920369464,"{""type"":""MultiPoint"",""coordinates"":[]}"
6871,2022-10-24,300.8358548482259,"{""type"":""MultiPoint"",""coordinates"":[]}"
6872,2022-10-25,300.6333827972412,"{""type"":""MultiPoint"",""coordinates"":[]}"
6873,2022-10-26,300.63157081604004,"{""type"":""MultiPoint"",""coordinates"":[]}"
6874,2022-10-27,300.7022813161214,"{""type"":""MultiPoint"",""coordinates"":[]}"
6875,2022-10-28,301.10128593444824,"{""type"":""MultiPoint"",""coordinates"":[]}"
6876,2022-10-29,300.04017639160156,"{""type"":""MultiPoint"",""coordinates"":[]}"
6877,2022-10-30,299.4361934661865,"{""type"":""MultiPoint"",""coordinates"":[]}"
6878,2022-10-31,299.97985712687176,"{""type"":""MultiPoint"",""coordinates"":[]}"
6879,2022-11-01,300.76097361246747,"{""type"":""MultiPoint"",""coordinates"":[]}"
6880,2022-11-02,300.28263727823895,"{""type"":""MultiPoint"",""coordinates"":[]}"
6881,2022-11-03,300.14444796244305,"{""type"":""MultiPoint"",""coordinates"":[]}"
6882,2022-11-04,299.76013437906903,"{""type"":""MultiPoint"",""coordinates"":[]}"
6883,2022-11-05,299.3275667826335,"{""type"":""MultiPoint"",""coordinates"":[]}"
6884,2022-11-06,300.0458513895671,"{""type"":""MultiPoint"",""coordinates"":[]}"
6885,2022-11-07,298.9791037241618,"{""type"":""MultiPoint"",""coordinates"":[]}"
6886,2022-11-08,299.15864817301434,"{""type"":""MultiPoint"",""coordinates"":[]}"
6887,2022-11-09,299.3266665140788,"{""type"":""MultiPoint"",""coordinates"":[]}"
6888,2022-11-10,299.46485837300617,"{""type"":""MultiPoint"",""coordinates"":[]}"
6889,2022-11-11,299.3934389750163,"{""type"":""MultiPoint"",""coordinates"":[]}"
6890,2022-11-12,298.9998524983724,"{""type"":""MultiPoint"",""coordinates"":[]}"
6891,2022-11-13,299.68395233154297,"{""type"":""MultiPoint"",""coordinates"":[]}"
6892,2022-11-14,300.3065350850423,"{""type"":""MultiPoint"",""coordinates"":[]}"
6893,2022-11-15,300.67010561625165,"{""type"":""MultiPoint"",""coordinates"":[]}"
6894,2022-11-16,300.43210728963214,"{""type"":""MultiPoint"",""coordinates"":[]}"
6895,2022-11-17,300.58038965861004,"{""type"":""MultiPoint"",""coordinates"":[]}"
6896,2022-11-18,300.69880294799805,"{""type"":""MultiPoint"",""coordinates"":[]}"
6897,2022-11-19,299.62976392110187,"{""type"":""MultiPoint"",""coordinates"":[]}"
6898,2022-11-20,299.6918360392253,"{""type"":""MultiPoint"",""coordinates"":[]}"
6899,2022-11-21,299.78089078267413,"{""type"":""MultiPoint"",""coordinates"":[]}"
6900,2022-11-22,299.4220968882243,"{""type"":""MultiPoint"",""coordinates"":[]}"
6901,2022-11-23,299.41691970825195,"{""type"":""MultiPoint"",""coordinates"":[]}"
6902,2022-11-24,299.03182156880695,"{""type"":""MultiPoint"",""coordinates"":[]}"
6903,2022-11-25,299.3180700937907,"{""type"":""MultiPoint"",""coordinates"":[]}"
6904,2022-11-26,299.7155227661133,"{""type"":""MultiPoint"",""coordinates"":[]}"
6905,2022-11-27,298.9403533935547,"{""type"":""MultiPoint"",""coordinates"":[]}"
6906,2022-11-28,298.86570930480957,"{""type"":""MultiPoint"",""coordinates"":[]}"
6907,2022-11-29,298.41587766011554,"{""type"":""MultiPoint"",""coordinates"":[]}"
6908,2022-11-30,298.83627192179364,"{""type"":""MultiPoint"",""coordinates"":[]}"
6909,2022-12-01,299.0576648712158,"{""type"":""MultiPoint"",""coordinates"":[]}"
6910,2022-12-02,299.05202356974286,"{""type"":""MultiPoint"",""coordinates"":[]}"
6911,2022-12-03,298.54698181152344,"{""type"":""MultiPoint"",""coordinates"":[]}"
6912,2022-12-04,298.11532974243164,"{""type"":""MultiPoint"",""coordinates"":[]}"
6913,2022-12-05,298.81075859069824,"{""type"":""MultiPoint"",""coordinates"":[]}"
6914,2022-12-06,299.52960713704425,"{""type"":""MultiPoint"",""coordinates"":[]}"
6915,2022-12-07,299.6513532002767,"{""type"":""MultiPoint"",""coordinates"":[]}"
6916,2022-12-08,299.53049023946124,"{""type"":""MultiPoint"",""coordinates"":[]}"
6917,2022-12-09,299.5869026184082,"{""type"":""MultiPoint"",""coordinates"":[]}"
6918,2022-12-10,298.9358704884847,"{""type"":""MultiPoint"",""coordinates"":[]}"
6919,2022-12-11,298.7880229949951,"{""type"":""MultiPoint"",""coordinates"":[]}"
6920,2022-12-12,298.6594575246175,"{""type"":""MultiPoint"",""coordinates"":[]}"
6921,2022-12-13,299.05691719055176,"{""type"":""MultiPoint"",""coordinates"":[]}"
6922,2022-12-14,298.87051518758136,"{""type"":""MultiPoint"",""coordinates"":[]}"
6923,2022-12-15,299.93650245666504,"{""type"":""MultiPoint"",""coordinates"":[]}"
6924,2022-12-16,298.646281560262,"{""type"":""MultiPoint"",""coordinates"":[]}"
6925,2022-12-17,298.05610338846844,"{""type"":""MultiPoint"",""coordinates"":[]}"
6926,2022-12-18,299.0005982716878,"{""type"":""MultiPoint"",""coordinates"":[]}"
6927,2022-12-19,299.209898630778,"{""type"":""MultiPoint"",""coordinates"":[]}"
6928,2022-12-20,299.03723398844403,"{""type"":""MultiPoint"",""coordinates"":[]}"
6929,2022-12-21,299.1843942006429,"{""type"":""MultiPoint"",""coordinates"":[]}"
6930,2022-12-22,299.4555187225342,"{""type"":""MultiPoint"",""coordinates"":[]}"
6931,2022-12-23,299.2118275960286,"{""type"":""MultiPoint"",""coordinates"":[]}"
6932,2022-12-24,298.5679569244385,"{""type"":""MultiPoint"",""coordinates"":[]}"
6933,2022-12-25,298.23802820841473,"{""type"":""MultiPoint"",""coordinates"":[]}"
6934,2022-12-26,298.6285343170166,"{""type"":""MultiPoint"",""coordinates"":[]}"
6935,2022-12-27,299.26535097757977,"{""type"":""MultiPoint"",""coordinates"":[]}"
6936,2022-12-28,299.2577025095622,"{""type"":""MultiPoint"",""coordinates"":[]}"
6937,2022-12-29,298.7438856760661,"{""type"":""MultiPoint"",""coordinates"":[]}"
6938,2022-12-30,298.6626904805501,"{""type"":""MultiPoint"",""coordinates"":[]}"
6939,2022-12-31,298.91097195943195,"{""type"":""MultiPoint"",""coordinates"":[]}"
6940,2023-01-01,298.40750885009766,"{""type"":""MultiPoint"",""coordinates"":[]}"
6941,2023-01-02,298.9322592417399,"{""type"":""MultiPoint"",""coordinates"":[]}"
6942,2023-01-03,298.68299293518066,"{""type"":""MultiPoint"",""coordinates"":[]}"
6943,2023-01-04,298.09157943725586,"{""type"":""MultiPoint"",""coordinates"":[]}"
6944,2023-01-05,297.8754234313965,"{""type"":""MultiPoint"",""coordinates"":[]}"
6945,2023-01-06,298.21818860371906,"{""type"":""MultiPoint"",""coordinates"":[]}"
6946,2023-01-07,298.3123092651367,"{""type"":""MultiPoint"",""coordinates"":[]}"
6947,2023-01-08,298.37915293375653,"{""type"":""MultiPoint"",""coordinates"":[]}"
6948,2023-01-09,298.03753089904785,"{""type"":""MultiPoint"",""coordinates"":[]}"
6949,2023-01-10,298.1468512217204,"{""type"":""MultiPoint"",""coordinates"":[]}"
6950,2023-01-11,297.91036796569824,"{""type"":""MultiPoint"",""coordinates"":[]}"
6951,2023-01-12,298.39383188883465,"{""type"":""MultiPoint"",""coordinates"":[]}"
6952,2023-01-13,298.62791951497394,"{""type"":""MultiPoint"",""coordinates"":[]}"
6953,2023-01-14,298.68882815043133,"{""type"":""MultiPoint"",""coordinates"":[]}"
6954,2023-01-15,298.51435979207355,"{""type"":""MultiPoint"",""coordinates"":[]}"
6955,2023-01-16,297.66572825113934,"{""type"":""MultiPoint"",""coordinates"":[]}"
6956,2023-01-17,298.6844018300374,"{""type"":""MultiPoint"",""coordinates"":[]}"
6957,2023-01-18,298.5837631225586,"{""type"":""MultiPoint"",""coordinates"":[]}"
6958,2023-01-19,298.65771039326984,"{""type"":""MultiPoint"",""coordinates"":[]}"
6959,2023-01-20,297.72121302286786,"{""type"":""MultiPoint"",""coordinates"":[]}"
6960,2023-01-21,298.1036485036214,"{""type"":""MultiPoint"",""coordinates"":[]}"
6961,2023-01-22,298.3655007680257,"{""type"":""MultiPoint"",""coordinates"":[]}"
6962,2023-01-23,298.9428284962972,"{""type"":""MultiPoint"",""coordinates"":[]}"
6963,2023-01-24,298.22438557942706,"{""type"":""MultiPoint"",""coordinates"":[]}"
6964,2023-01-25,298.39878908793133,"{""type"":""MultiPoint"",""coordinates"":[]}"
6965,2023-01-26,297.8907775878906,"{""type"":""MultiPoint"",""coordinates"":[]}"
6966,2023-01-27,298.2767861684163,"{""type"":""MultiPoint"",""coordinates"":[]}"
6967,2023-01-28,297.9372730255127,"{""type"":""MultiPoint"",""coordinates"":[]}"
6968,2023-01-29,297.94823328653973,"{""type"":""MultiPoint"",""coordinates"":[]}"
6969,2023-01-30,298.3790861765544,"{""type"":""MultiPoint"",""coordinates"":[]}"
6970,2023-01-31,298.1097049713135,"{""type"":""MultiPoint"",""coordinates"":[]}"
6971,2023-02-01,298.30522028605145,"{""type"":""MultiPoint"",""coordinates"":[]}"
6972,2023-02-02,297.838664372762,"{""type"":""MultiPoint"",""coordinates"":[]}"
6973,2023-02-03,298.2487392425537,"{""type"":""MultiPoint"",""coordinates"":[]}"
6974,2023-02-04,299.0459067026774,"{""type"":""MultiPoint"",""coordinates"":[]}"
6975,2023-02-05,299.03919792175293,"{""type"":""MultiPoint"",""coordinates"":[]}"
6976,2023-02-06,298.78012148539227,"{""type"":""MultiPoint"",""coordinates"":[]}"
6977,2023-02-07,298.8632984161377,"{""type"":""MultiPoint"",""coordinates"":[]}"
6978,2023-02-08,298.6072489420573,"{""type"":""MultiPoint"",""coordinates"":[]}"
6979,2023-02-09,298.7163168589274,"{""type"":""MultiPoint"",""coordinates"":[]}"
6980,2023-02-10,299.2219524383545,"{""type"":""MultiPoint"",""coordinates"":[]}"
6981,2023-02-11,299.12130610148114,"{""type"":""MultiPoint"",""coordinates"":[]}"
6982,2023-02-12,298.82897758483887,"{""type"":""MultiPoint"",""coordinates"":[]}"
6983,2023-02-13,298.1371256510417,"{""type"":""MultiPoint"",""coordinates"":[]}"
6984,2023-02-14,298.74296887715656,"{""type"":""MultiPoint"",""coordinates"":[]}"
6985,2023-02-15,298.6695162455241,"{""type"":""MultiPoint"",""coordinates"":[]}"
6986,2023-02-16,298.4634043375651,"{""type"":""MultiPoint"",""coordinates"":[]}"
6987,2023-02-17,298.3963082631429,"{""type"":""MultiPoint"",""coordinates"":[]}"
6988,2023-02-18,298.0120786031087,"{""type"":""MultiPoint"",""coordinates"":[]}"
6989,2023-02-19,298.83643468221027,"{""type"":""MultiPoint"",""coordinates"":[]}"
6990,2023-02-20,298.8672847747803,"{""type"":""MultiPoint"",""coordinates"":[]}"
6991,2023-02-21,298.5443197886149,"{""type"":""MultiPoint"",""coordinates"":[]}"
6992,2023-02-22,298.4526195526123,"{""type"":""MultiPoint"",""coordinates"":[]}"
6993,2023-02-23,298.0165786743164,"{""type"":""MultiPoint"",""coordinates"":[]}"
6994,2023-02-24,298.34312438964844,"{""type"":""MultiPoint"",""coordinates"":[]}"
6995,2023-02-25,298.7372392018636,"{""type"":""MultiPoint"",""coordinates"":[]}"
6996,2023-02-26,299.01783180236816,"{""type"":""MultiPoint"",""coordinates"":[]}"
6997,2023-02-27,298.62358983357746,"{""type"":""MultiPoint"",""coordinates"":[]}"
6998,2023-02-28,298.7021369934082,"{""type"":""MultiPoint"",""coordinates"":[]}"
6999,2023-03-01,298.47614669799805,"{""type"":""MultiPoint"",""coordinates"":[]}"
7000,2023-03-02,299.08726183573407,"{""type"":""MultiPoint"",""coordinates"":[]}"
7001,2023-03-03,298.8411687215169,"{""type"":""MultiPoint"",""coordinates"":[]}"
7002,2023-03-04,299.32822672526044,"{""type"":""MultiPoint"",""coordinates"":[]}"
7003,2023-03-05,299.22050793965656,"{""type"":""MultiPoint"",""coordinates"":[]}"
7004,2023-03-06,299.15379842122394,"{""type"":""MultiPoint"",""coordinates"":[]}"
7005,2023-03-07,299.0412146250407,"{""type"":""MultiPoint"",""coordinates"":[]}"
7006,2023-03-08,299.16966756184894,"{""type"":""MultiPoint"",""coordinates"":[]}"
7007,2023-03-09,299.51022974650067,"{""type"":""MultiPoint"",""coordinates"":[]}"
7008,2023-03-10,299.5159276326497,"{""type"":""MultiPoint"",""coordinates"":[]}"
7009,2023-03-11,299.5591786702474,"{""type"":""MultiPoint"",""coordinates"":[]}"
7010,2023-03-12,299.68492380777997,"{""type"":""MultiPoint"",""coordinates"":[]}"
7011,2023-03-13,299.3075199127197,"{""type"":""MultiPoint"",""coordinates"":[]}"
7012,2023-03-14,299.0233955383301,"{""type"":""MultiPoint"",""coordinates"":[]}"
7013,2023-03-15,299.10262934366864,"{""type"":""MultiPoint"",""coordinates"":[]}"
7014,2023-03-16,299.35109837849933,"{""type"":""MultiPoint"",""coordinates"":[]}"
7015,2023-03-17,299.0759677886963,"{""type"":""MultiPoint"",""coordinates"":[]}"
7016,2023-03-18,298.8270676930745,"{""type"":""MultiPoint"",""coordinates"":[]}"
7017,2023-03-19,298.5406545003255,"{""type"":""MultiPoint"",""coordinates"":[]}"
7018,2023-03-20,298.19591331481934,"{""type"":""MultiPoint"",""coordinates"":[]}"
7019,2023-03-21,299.13536135355633,"{""type"":""MultiPoint"",""coordinates"":[]}"
7020,2023-03-22,299.388614654541,"{""type"":""MultiPoint"",""coordinates"":[]}"
7021,2023-03-23,299.3125483194987,"{""type"":""MultiPoint"",""coordinates"":[]}"
7022,2023-03-24,299.56968879699707,"{""type"":""MultiPoint"",""coordinates"":[]}"
7023,2023-03-25,299.58620770772296,"{""type"":""MultiPoint"",""coordinates"":[]}"
7024,2023-03-26,299.183806737264,"{""type"":""MultiPoint"",""coordinates"":[]}"
7025,2023-03-27,299.3769868214925,"{""type"":""MultiPoint"",""coordinates"":[]}"
7026,2023-03-28,299.5601234436035,"{""type"":""MultiPoint"",""coordinates"":[]}"
7027,2023-03-29,299.2598412831624,"{""type"":""MultiPoint"",""coordinates"":[]}"
7028,2023-03-30,299.4377581278483,"{""type"":""MultiPoint"",""coordinates"":[]}"
7029,2023-03-31,299.81538645426434,"{""type"":""MultiPoint"",""coordinates"":[]}"
7030,2023-04-01,299.4403419494629,"{""type"":""MultiPoint"",""coordinates"":[]}"
7031,2023-04-02,299.42763074239093,"{""type"":""MultiPoint"",""coordinates"":[]}"
7032,2023-04-03,299.4569371541341,"{""type"":""MultiPoint"",""coordinates"":[]}"
7033,2023-04-04,299.5401261647542,"{""type"":""MultiPoint"",""coordinates"":[]}"
7034,2023-04-05,299.5987377166748,"{""type"":""MultiPoint"",""coordinates"":[]}"
7035,2023-04-06,299.82291984558105,"{""type"":""MultiPoint"",""coordinates"":[]}"
7036,2023-04-07,299.6924063364665,"{""type"":""MultiPoint"",""coordinates"":[]}"
7037,2023-04-08,299.6030673980713,"{""type"":""MultiPoint"",""coordinates"":[]}"
7038,2023-04-09,299.9015242258708,"{""type"":""MultiPoint"",""coordinates"":[]}"
7039,2023-04-10,300.2092094421387,"{""type"":""MultiPoint"",""coordinates"":[]}"
7040,2023-04-11,300.2261797587077,"{""type"":""MultiPoint"",""coordinates"":[]}"
7041,2023-04-12,300.3507302602132,"{""type"":""MultiPoint"",""coordinates"":[]}"
7042,2023-04-13,299.73337237040204,"{""type"":""MultiPoint"",""coordinates"":[]}"
7043,2023-04-14,300.09936141967773,"{""type"":""MultiPoint"",""coordinates"":[]}"
7044,2023-04-15,299.23572476704913,"{""type"":""MultiPoint"",""coordinates"":[]}"
7045,2023-04-16,299.19286346435547,"{""type"":""MultiPoint"",""coordinates"":[]}"
7046,2023-04-17,298.9378306070964,"{""type"":""MultiPoint"",""coordinates"":[]}"
7047,2023-04-18,299.66410064697266,"{""type"":""MultiPoint"",""coordinates"":[]}"
7048,2023-04-19,299.3698736826579,"{""type"":""MultiPoint"",""coordinates"":[]}"
7049,2023-04-20,299.52075068155926,"{""type"":""MultiPoint"",""coordinates"":[]}"
7050,2023-04-21,299.2368558247884,"{""type"":""MultiPoint"",""coordinates"":[]}"
7051,2023-04-22,298.6584981282552,"{""type"":""MultiPoint"",""coordinates"":[]}"
7052,2023-04-23,299.1353880564372,"{""type"":""MultiPoint"",""coordinates"":[]}"
7053,2023-04-24,299.21203295389813,"{""type"":""MultiPoint"",""coordinates"":[]}"
7054,2023-04-25,299.5992965698242,"{""type"":""MultiPoint"",""coordinates"":[]}"
7055,2023-04-26,298.68067868550617,"{""type"":""MultiPoint"",""coordinates"":[]}"
7056,2023-04-27,299.2159506479899,"{""type"":""MultiPoint"",""coordinates"":[]}"
7057,2023-04-28,300.056879679362,"{""type"":""MultiPoint"",""coordinates"":[]}"
7058,2023-04-29,300.31517219543457,"{""type"":""MultiPoint"",""coordinates"":[]}"
7059,2023-04-30,300.40124766031903,"{""type"":""MultiPoint"",""coordinates"":[]}"
7060,2023-05-01,300.59635798136395,"{""type"":""MultiPoint"",""coordinates"":[]}"
7061,2023-05-02,300.0859146118164,"{""type"":""MultiPoint"",""coordinates"":[]}"
7062,2023-05-03,300.23251660664874,"{""type"":""MultiPoint"",""coordinates"":[]}"
7063,2023-05-04,300.26121520996094,"{""type"":""MultiPoint"",""coordinates"":[]}"
7064,2023-05-05,300.04769643147785,"{""type"":""MultiPoint"",""coordinates"":[]}"
7065,2023-05-06,300.20519256591797,"{""type"":""MultiPoint"",""coordinates"":[]}"
7066,2023-05-07,299.3862559000651,"{""type"":""MultiPoint"",""coordinates"":[]}"
7067,2023-05-08,299.52528381347656,"{""type"":""MultiPoint"",""coordinates"":[]}"
7068,2023-05-09,300.01832644144696,"{""type"":""MultiPoint"",""coordinates"":[]}"
7069,2023-05-10,299.9134578704834,"{""type"":""MultiPoint"",""coordinates"":[]}"
7070,2023-05-11,298.90914154052734,"{""type"":""MultiPoint"",""coordinates"":[]}"
7071,2023-05-12,299.3625322977702,"{""type"":""MultiPoint"",""coordinates"":[]}"
7072,2023-05-13,299.9184176127116,"{""type"":""MultiPoint"",""coordinates"":[]}"
7073,2023-05-14,299.50053278605145,"{""type"":""MultiPoint"",""coordinates"":[]}"
7074,2023-05-15,299.75927416483563,"{""type"":""MultiPoint"",""coordinates"":[]}"
7075,2023-05-16,299.6006278991699,"{""type"":""MultiPoint"",""coordinates"":[]}"
7076,2023-05-17,299.2742004394531,"{""type"":""MultiPoint"",""coordinates"":[]}"
7077,2023-05-18,299.9880377451579,"{""type"":""MultiPoint"",""coordinates"":[]}"
7078,2023-05-19,300.14430745442706,"{""type"":""MultiPoint"",""coordinates"":[]}"
7079,2023-05-20,300.13598442077637,"{""type"":""MultiPoint"",""coordinates"":[]}"
7080,2023-05-21,299.8086516062419,"{""type"":""MultiPoint"",""coordinates"":[]}"
7081,2023-05-22,299.42133140563965,"{""type"":""MultiPoint"",""coordinates"":[]}"
7082,2023-05-23,299.59818331400555,"{""type"":""MultiPoint"",""coordinates"":[]}"
7083,2023-05-24,299.9664669036865,"{""type"":""MultiPoint"",""coordinates"":[]}"
7084,2023-05-25,299.8891658782959,"{""type"":""MultiPoint"",""coordinates"":[]}"
7085,2023-05-26,299.45885213216144,"{""type"":""MultiPoint"",""coordinates"":[]}"
7086,2023-05-27,299.8927351633708,"{""type"":""MultiPoint"",""coordinates"":[]}"
7087,2023-05-28,299.5113976796468,"{""type"":""MultiPoint"",""coordinates"":[]}"
7088,2023-05-29,299.5342725118001,"{""type"":""MultiPoint"",""coordinates"":[]}"
7089,2023-05-30,299.5728696187337,"{""type"":""MultiPoint"",""coordinates"":[]}"
7090,2023-05-31,300.2148094177246,"{""type"":""MultiPoint"",""coordinates"":[]}"
7091,2023-06-01,300.1255537668864,"{""type"":""MultiPoint"",""coordinates"":[]}"
7092,2023-06-02,300.21667925516766,"{""type"":""MultiPoint"",""coordinates"":[]}"
7093,2023-06-03,299.8497714996338,"{""type"":""MultiPoint"",""coordinates"":[]}"
7094,2023-06-04,299.7739906311035,"{""type"":""MultiPoint"",""coordinates"":[]}"
7095,2023-06-05,300.06360054016113,"{""type"":""MultiPoint"",""coordinates"":[]}"
7096,2023-06-06,299.6839485168457,"{""type"":""MultiPoint"",""coordinates"":[]}"
7097,2023-06-07,299.68484433492023,"{""type"":""MultiPoint"",""coordinates"":[]}"
7098,2023-06-08,299.62257703145343,"{""type"":""MultiPoint"",""coordinates"":[]}"
7099,2023-06-09,299.9931074778239,"{""type"":""MultiPoint"",""coordinates"":[]}"
7100,2023-06-10,300.0893491109212,"{""type"":""MultiPoint"",""coordinates"":[]}"
7101,2023-06-11,299.8675950368245,"{""type"":""MultiPoint"",""coordinates"":[]}"
7102,2023-06-12,299.48862711588544,"{""type"":""MultiPoint"",""coordinates"":[]}"
7103,2023-06-13,299.8353684743245,"{""type"":""MultiPoint"",""coordinates"":[]}"
7104,2023-06-14,299.7841040293376,"{""type"":""MultiPoint"",""coordinates"":[]}"
7105,2023-06-15,298.69834009806317,"{""type"":""MultiPoint"",""coordinates"":[]}"
7106,2023-06-16,299.1129830678304,"{""type"":""MultiPoint"",""coordinates"":[]}"
7107,2023-06-17,299.6346728006999,"{""type"":""MultiPoint"",""coordinates"":[]}"
7108,2023-06-18,299.4560019175212,"{""type"":""MultiPoint"",""coordinates"":[]}"
7109,2023-06-19,299.5708694458008,"{""type"":""MultiPoint"",""coordinates"":[]}"
7110,2023-06-20,300.1190764109294,"{""type"":""MultiPoint"",""coordinates"":[]}"
7111,2023-06-21,300.79676755269367,"{""type"":""MultiPoint"",""coordinates"":[]}"
7112,2023-06-22,300.9657955169678,"{""type"":""MultiPoint"",""coordinates"":[]}"
7113,2023-06-23,300.55484263102215,"{""type"":""MultiPoint"",""coordinates"":[]}"
7114,2023-06-24,300.69690704345703,"{""type"":""MultiPoint"",""coordinates"":[]}"
7115,2023-06-25,300.1873467763265,"{""type"":""MultiPoint"",""coordinates"":[]}"
7116,2023-06-26,300.1080010732015,"{""type"":""MultiPoint"",""coordinates"":[]}"
7117,2023-06-27,300.0975278218587,"{""type"":""MultiPoint"",""coordinates"":[]}"
7118,2023-06-28,299.6883010864258,"{""type"":""MultiPoint"",""coordinates"":[]}"
7119,2023-06-29,299.79572041829425,"{""type"":""MultiPoint"",""coordinates"":[]}"
7120,2023-06-30,299.8172079722087,"{""type"":""MultiPoint"",""coordinates"":[]}"
7121,2023-07-01,299.97139803568524,"{""type"":""MultiPoint"",""coordinates"":[]}"
7122,2023-07-02,300.1491839090983,"{""type"":""MultiPoint"",""coordinates"":[]}"
7123,2023-07-03,299.7946179707845,"{""type"":""MultiPoint"",""coordinates"":[]}"
7124,2023-07-04,299.88503074645996,"{""type"":""MultiPoint"",""coordinates"":[]}"
7125,2023-07-05,300.20703252156574,"{""type"":""MultiPoint"",""coordinates"":[]}"
7126,2023-07-06,299.56411107381183,"{""type"":""MultiPoint"",""coordinates"":[]}"
7127,2023-07-07,300.095401763916,"{""type"":""MultiPoint"",""coordinates"":[]}"
7128,2023-07-08,300.143404006958,"{""type"":""MultiPoint"",""coordinates"":[]}"
7129,2023-07-09,300.0158208211263,"{""type"":""MultiPoint"",""coordinates"":[]}"
7130,2023-07-10,300.5037021636963,"{""type"":""MultiPoint"",""coordinates"":[]}"
7131,2023-07-11,300.4122257232666,"{""type"":""MultiPoint"",""coordinates"":[]}"
7132,2023-07-12,299.5643615722656,"{""type"":""MultiPoint"",""coordinates"":[]}"
7133,2023-07-13,299.7819080352783,"{""type"":""MultiPoint"",""coordinates"":[]}"
7134,2023-07-14,300.53365262349445,"{""type"":""MultiPoint"",""coordinates"":[]}"
7135,2023-07-15,300.4366677602132,"{""type"":""MultiPoint"",""coordinates"":[]}"
7136,2023-07-16,300.5983079274495,"{""type"":""MultiPoint"",""coordinates"":[]}"
7137,2023-07-17,300.688622156779,"{""type"":""MultiPoint"",""coordinates"":[]}"
7138,2023-07-18,300.3196614583333,"{""type"":""MultiPoint"",""coordinates"":[]}"
7139,2023-07-19,300.11936060587567,"{""type"":""MultiPoint"",""coordinates"":[]}"
7140,2023-07-20,300.50544929504395,"{""type"":""MultiPoint"",""coordinates"":[]}"
7141,2023-07-21,300.4696521759033,"{""type"":""MultiPoint"",""coordinates"":[]}"
7142,2023-07-22,300.2889887491862,"{""type"":""MultiPoint"",""coordinates"":[]}"
7143,2023-07-23,300.1155840555827,"{""type"":""MultiPoint"",""coordinates"":[]}"
7144,2023-07-24,300.20264561971027,"{""type"":""MultiPoint"",""coordinates"":[]}"
7145,2023-07-25,300.008113861084,"{""type"":""MultiPoint"",""coordinates"":[]}"
7146,2023-07-26,300.1781749725342,"{""type"":""MultiPoint"",""coordinates"":[]}"
7147,2023-07-27,300.1761614481608,"{""type"":""MultiPoint"",""coordinates"":[]}"
7148,2023-07-28,300.74891026814777,"{""type"":""MultiPoint"",""coordinates"":[]}"
7149,2023-07-29,300.68534596761066,"{""type"":""MultiPoint"",""coordinates"":[]}"
7150,2023-07-30,300.6736424763997,"{""type"":""MultiPoint"",""coordinates"":[]}"
7151,2023-07-31,300.6271680196126,"{""type"":""MultiPoint"",""coordinates"":[]}"
7152,2023-08-01,300.7019100189209,"{""type"":""MultiPoint"",""coordinates"":[]}"
7153,2023-08-02,300.25982666015625,"{""type"":""MultiPoint"",""coordinates"":[]}"
7154,2023-08-03,299.77216720581055,"{""type"":""MultiPoint"",""coordinates"":[]}"
7155,2023-08-04,300.16613006591797,"{""type"":""MultiPoint"",""coordinates"":[]}"
7156,2023-08-05,300.87670199076337,"{""type"":""MultiPoint"",""coordinates"":[]}"
7157,2023-08-06,301.1999505360921,"{""type"":""MultiPoint"",""coordinates"":[]}"
7158,2023-08-07,301.30952644348145,"{""type"":""MultiPoint"",""coordinates"":[]}"
7159,2023-08-08,300.89596875508624,"{""type"":""MultiPoint"",""coordinates"":[]}"
7160,2023-08-09,301.1805248260498,"{""type"":""MultiPoint"",""coordinates"":[]}"
7161,2023-08-10,301.1329657236735,"{""type"":""MultiPoint"",""coordinates"":[]}"
7162,2023-08-11,300.4404004414876,"{""type"":""MultiPoint"",""coordinates"":[]}"
7163,2023-08-12,300.9251823425293,"{""type"":""MultiPoint"",""coordinates"":[]}"
7164,2023-08-13,301.2262547810872,"{""type"":""MultiPoint"",""coordinates"":[]}"
7165,2023-08-14,300.6234652201335,"{""type"":""MultiPoint"",""coordinates"":[]}"
7166,2023-08-15,299.6295051574707,"{""type"":""MultiPoint"",""coordinates"":[]}"
7167,2023-08-16,300.08055941263837,"{""type"":""MultiPoint"",""coordinates"":[]}"
7168,2023-08-17,300.3590024312337,"{""type"":""MultiPoint"",""coordinates"":[]}"
7169,2023-08-18,300.42514101664227,"{""type"":""MultiPoint"",""coordinates"":[]}"
7170,2023-08-19,300.74078369140625,"{""type"":""MultiPoint"",""coordinates"":[]}"
7171,2023-08-20,301.2673174540202,"{""type"":""MultiPoint"",""coordinates"":[]}"
7172,2023-08-21,301.19437408447266,"{""type"":""MultiPoint"",""coordinates"":[]}"
7173,2023-08-22,301.5652484893799,"{""type"":""MultiPoint"",""coordinates"":[]}"
7174,2023-08-23,301.1957359313965,"{""type"":""MultiPoint"",""coordinates"":[]}"
7175,2023-08-24,301.50093332926434,"{""type"":""MultiPoint"",""coordinates"":[]}"
7176,2023-08-25,301.28904151916504,"{""type"":""MultiPoint"",""coordinates"":[]}"
7177,2023-08-26,301.58209864298504,"{""type"":""MultiPoint"",""coordinates"":[]}"
7178,2023-08-27,301.3667532602946,"{""type"":""MultiPoint"",""coordinates"":[]}"
7179,2023-08-28,301.46109771728516,"{""type"":""MultiPoint"",""coordinates"":[]}"
7180,2023-08-29,301.4631042480469,"{""type"":""MultiPoint"",""coordinates"":[]}"
7181,2023-08-30,301.3074722290039,"{""type"":""MultiPoint"",""coordinates"":[]}"
7182,2023-08-31,301.05420939127606,"{""type"":""MultiPoint"",""coordinates"":[]}"
7183,2023-09-01,301.13436571757,"{""type"":""MultiPoint"",""coordinates"":[]}"
7184,2023-09-02,301.4381046295166,"{""type"":""MultiPoint"",""coordinates"":[]}"
7185,2023-09-03,301.15720240275067,"{""type"":""MultiPoint"",""coordinates"":[]}"
7186,2023-09-04,301.35254160563153,"{""type"":""MultiPoint"",""coordinates"":[]}"
7187,2023-09-05,301.5509490966797,"{""type"":""MultiPoint"",""coordinates"":[]}"
7188,2023-09-06,301.1700038909912,"{""type"":""MultiPoint"",""coordinates"":[]}"
7189,2023-09-07,301.22433217366535,"{""type"":""MultiPoint"",""coordinates"":[]}"
7190,2023-09-08,301.5577341715495,"{""type"":""MultiPoint"",""coordinates"":[]}"
7191,2023-09-09,301.69083976745605,"{""type"":""MultiPoint"",""coordinates"":[]}"
7192,2023-09-10,301.5433572133382,"{""type"":""MultiPoint"",""coordinates"":[]}"
7193,2023-09-11,301.2979367574056,"{""type"":""MultiPoint"",""coordinates"":[]}"
7194,2023-09-12,301.5475648244222,"{""type"":""MultiPoint"",""coordinates"":[]}"
7195,2023-09-13,301.79587427775067,"{""type"":""MultiPoint"",""coordinates"":[]}"
7196,2023-09-14,301.60706901550293,"{""type"":""MultiPoint"",""coordinates"":[]}"
7197,2023-09-15,301.60044288635254,"{""type"":""MultiPoint"",""coordinates"":[]}"
7198,2023-09-16,301.5026200612386,"{""type"":""MultiPoint"",""coordinates"":[]}"
7199,2023-09-17,301.8407719930013,"{""type"":""MultiPoint"",""coordinates"":[]}"
7200,2023-09-18,301.56735102335614,"{""type"":""MultiPoint"",""coordinates"":[]}"
7201,2023-09-19,301.20891698201496,"{""type"":""MultiPoint"",""coordinates"":[]}"
7202,2023-09-20,301.389097849528,"{""type"":""MultiPoint"",""coordinates"":[]}"
7203,2023-09-21,301.3841660817464,"{""type"":""MultiPoint"",""coordinates"":[]}"
7204,2023-09-22,301.05162684122723,"{""type"":""MultiPoint"",""coordinates"":[]}"
7205,2023-09-23,301.49766031901044,"{""type"":""MultiPoint"",""coordinates"":[]}"
7206,2023-09-24,301.8351771036784,"{""type"":""MultiPoint"",""coordinates"":[]}"
7207,2023-09-25,301.70785331726074,"{""type"":""MultiPoint"",""coordinates"":[]}"
7208,2023-09-26,302.00731722513837,"{""type"":""MultiPoint"",""coordinates"":[]}"
7209,2023-09-27,302.0258255004883,"{""type"":""MultiPoint"",""coordinates"":[]}"
7210,2023-09-28,302.3583189646403,"{""type"":""MultiPoint"",""coordinates"":[]}"
7211,2023-09-29,302.4888439178467,"{""type"":""MultiPoint"",""coordinates"":[]}"
7212,2023-09-30,302.4463475545247,"{""type"":""MultiPoint"",""coordinates"":[]}"
7213,2023-10-01,302.7422440846761,"{""type"":""MultiPoint"",""coordinates"":[]}"
7214,2023-10-02,302.4107201894124,"{""type"":""MultiPoint"",""coordinates"":[]}"
7215,2023-10-03,302.1837781270345,"{""type"":""MultiPoint"",""coordinates"":[]}"
7216,2023-10-04,302.0726178487142,"{""type"":""MultiPoint"",""coordinates"":[]}"
7217,2023-10-05,301.63330968221027,"{""type"":""MultiPoint"",""coordinates"":[]}"
7218,2023-10-06,302.05818430582684,"{""type"":""MultiPoint"",""coordinates"":[]}"
7219,2023-10-07,301.97497749328613,"{""type"":""MultiPoint"",""coordinates"":[]}"
7220,2023-10-08,302.2028630574544,"{""type"":""MultiPoint"",""coordinates"":[]}"
7221,2023-10-09,301.9175059000651,"{""type"":""MultiPoint"",""coordinates"":[]}"
7222,2023-10-10,301.73526700337726,"{""type"":""MultiPoint"",""coordinates"":[]}"
7223,2023-10-11,301.7402286529541,"{""type"":""MultiPoint"",""coordinates"":[]}"
7224,2023-10-12,301.9586130777995,"{""type"":""MultiPoint"",""coordinates"":[]}"
7225,2023-10-13,302.0195732116699,"{""type"":""MultiPoint"",""coordinates"":[]}"
7226,2023-10-14,301.71449216206867,"{""type"":""MultiPoint"",""coordinates"":[]}"
7227,2023-10-15,301.94318707784015,"{""type"":""MultiPoint"",""coordinates"":[]}"
7228,2023-10-16,301.7184638977051,"{""type"":""MultiPoint"",""coordinates"":[]}"
7229,2023-10-17,301.5918451944987,"{""type"":""MultiPoint"",""coordinates"":[]}"
7230,2023-10-18,301.51987711588544,"{""type"":""MultiPoint"",""coordinates"":[]}"
7231,2023-10-19,301.2892475128174,"{""type"":""MultiPoint"",""coordinates"":[]}"
7232,2023-10-20,301.85668055216473,"{""type"":""MultiPoint"",""coordinates"":[]}"
7233,2023-10-21,301.9065850575765,"{""type"":""MultiPoint"",""coordinates"":[]}"
7234,2023-10-22,301.533940633138,"{""type"":""MultiPoint"",""coordinates"":[]}"
7235,2023-10-23,300.94656562805176,"{""type"":""MultiPoint"",""coordinates"":[]}"
7236,2023-10-24,301.27440643310547,"{""type"":""MultiPoint"",""coordinates"":[]}"
7237,2023-10-25,301.4694353739421,"{""type"":""MultiPoint"",""coordinates"":[]}"
7238,2023-10-26,301.64324951171875,"{""type"":""MultiPoint"",""coordinates"":[]}"
7239,2023-10-27,301.6687380472819,"{""type"":""MultiPoint"",""coordinates"":[]}"
7240,2023-10-28,301.49226061503094,"{""type"":""MultiPoint"",""coordinates"":[]}"
7241,2023-10-29,301.9766737620036,"{""type"":""MultiPoint"",""coordinates"":[]}"
7242,2023-10-30,301.49297459920246,"{""type"":""MultiPoint"",""coordinates"":[]}"
7243,2023-10-31,301.49525197347003,"{""type"":""MultiPoint"",""coordinates"":[]}"
7244,2023-11-01,301.5538984934489,"{""type"":""MultiPoint"",""coordinates"":[]}"
7245,2023-11-02,301.37818717956543,"{""type"":""MultiPoint"",""coordinates"":[]}"
7246,2023-11-03,301.63031005859375,"{""type"":""MultiPoint"",""coordinates"":[]}"
7247,2023-11-04,301.63705825805664,"{""type"":""MultiPoint"",""coordinates"":[]}"
7248,2023-11-05,301.6865984598796,"{""type"":""MultiPoint"",""coordinates"":[]}"
7249,2023-11-06,301.4389425913493,"{""type"":""MultiPoint"",""coordinates"":[]}"
7250,2023-11-07,301.464412689209,"{""type"":""MultiPoint"",""coordinates"":[]}"
7251,2023-11-08,300.84740956624347,"{""type"":""MultiPoint"",""coordinates"":[]}"
7252,2023-11-09,301.2495396931966,"{""type"":""MultiPoint"",""coordinates"":[]}"
7253,2023-11-10,301.4619897206624,"{""type"":""MultiPoint"",""coordinates"":[]}"
7254,2023-11-11,301.13447125752765,"{""type"":""MultiPoint"",""coordinates"":[]}"
7255,2023-11-12,301.1339804331462,"{""type"":""MultiPoint"",""coordinates"":[]}"
7256,2023-11-13,301.29047139485675,"{""type"":""MultiPoint"",""coordinates"":[]}"
7257,2023-11-14,301.150883992513,"{""type"":""MultiPoint"",""coordinates"":[]}"
7258,2023-11-15,301.1256453196208,"{""type"":""MultiPoint"",""coordinates"":[]}"
7259,2023-11-16,300.6005630493164,"{""type"":""MultiPoint"",""coordinates"":[]}"
7260,2023-11-17,300.37073644002277,"{""type"":""MultiPoint"",""coordinates"":[]}"
7261,2023-11-18,300.76443735758465,"{""type"":""MultiPoint"",""coordinates"":[]}"
7262,2023-11-19,300.71415456136066,"{""type"":""MultiPoint"",""coordinates"":[]}"
7263,2023-11-20,301.0321788787842,"{""type"":""MultiPoint"",""coordinates"":[]}"
7264,2023-11-21,301.0994517008464,"{""type"":""MultiPoint"",""coordinates"":[]}"
7265,2023-11-22,301.0771948496501,"{""type"":""MultiPoint"",""coordinates"":[]}"
7266,2023-11-23,300.9648907979329,"{""type"":""MultiPoint"",""coordinates"":[]}"
7267,2023-11-24,300.2553933461507,"{""type"":""MultiPoint"",""coordinates"":[]}"
7268,2023-11-25,300.48369153340656,"{""type"":""MultiPoint"",""coordinates"":[]}"
7269,2023-11-26,299.6117966969808,"{""type"":""MultiPoint"",""coordinates"":[]}"
7270,2023-11-27,300.42630704243976,"{""type"":""MultiPoint"",""coordinates"":[]}"
7271,2023-11-28,300.8408457438151,"{""type"":""MultiPoint"",""coordinates"":[]}"
7272,2023-11-29,300.44189580281574,"{""type"":""MultiPoint"",""coordinates"":[]}"
7273,2023-11-30,300.02340571085614,"{""type"":""MultiPoint"",""coordinates"":[]}"
7274,2023-12-01,300.535249710083,"{""type"":""MultiPoint"",""coordinates"":[]}"
7275,2023-12-02,300.2844492594401,"{""type"":""MultiPoint"",""coordinates"":[]}"
7276,2023-12-03,300.4254919687907,"{""type"":""MultiPoint"",""coordinates"":[]}"
7277,2023-12-04,300.68793932596844,"{""type"":""MultiPoint"",""coordinates"":[]}"
7278,2023-12-05,300.061975479126,"{""type"":""MultiPoint"",""coordinates"":[]}"
7279,2023-12-06,299.3193766276042,"{""type"":""MultiPoint"",""coordinates"":[]}"
7280,2023-12-07,299.8745009104411,"{""type"":""MultiPoint"",""coordinates"":[]}"
7281,2023-12-08,299.80128987630206,"{""type"":""MultiPoint"",""coordinates"":[]}"
7282,2023-12-09,300.1064790089925,"{""type"":""MultiPoint"",""coordinates"":[]}"
7283,2023-12-10,299.99764696757,"{""type"":""MultiPoint"",""coordinates"":[]}"
7284,2023-12-11,299.95910898844403,"{""type"":""MultiPoint"",""coordinates"":[]}"
7285,2023-12-12,300.4586404164632,"{""type"":""MultiPoint"",""coordinates"":[]}"
7286,2023-12-13,300.2176863352458,"{""type"":""MultiPoint"",""coordinates"":[]}"
7287,2023-12-14,300.3644568125407,"{""type"":""MultiPoint"",""coordinates"":[]}"
7288,2023-12-15,300.47950490315753,"{""type"":""MultiPoint"",""coordinates"":[]}"
7289,2023-12-16,300.65332349141437,"{""type"":""MultiPoint"",""coordinates"":[]}"
7290,2023-12-17,300.25805981953937,"{""type"":""MultiPoint"",""coordinates"":[]}"
7291,2023-12-18,300.01316197713214,"{""type"":""MultiPoint"",""coordinates"":[]}"
7292,2023-12-19,300.62386830647785,"{""type"":""MultiPoint"",""coordinates"":[]}"
7293,2023-12-20,300.89190165201825,"{""type"":""MultiPoint"",""coordinates"":[]}"
7294,2023-12-21,300.8868821461995,"{""type"":""MultiPoint"",""coordinates"":[]}"
7295,2023-12-22,300.4708792368571,"{""type"":""MultiPoint"",""coordinates"":[]}"
7296,2023-12-23,299.9362875620524,"{""type"":""MultiPoint"",""coordinates"":[]}"
7297,2023-12-24,299.6368064880371,"{""type"":""MultiPoint"",""coordinates"":[]}"
7298,2023-12-25,299.6163806915283,"{""type"":""MultiPoint"",""coordinates"":[]}"
7299,2023-12-26,300.3917757670085,"{""type"":""MultiPoint"",""coordinates"":[]}"
7300,2023-12-27,300.3456090291341,"{""type"":""MultiPoint"",""coordinates"":[]}"
7301,2023-12-28,300.41282844543457,"{""type"":""MultiPoint"",""coordinates"":[]}"
7302,2023-12-29,300.5135669708252,"{""type"":""MultiPoint"",""coordinates"":[]}"
7303,2023-12-30,300.01016553243,"{""type"":""MultiPoint"",""coordinates"":[]}"
7304,2023-12-31,300.03139813741046,"{""type"":""MultiPoint"",""coordinates"":[]}"
