system:index,date,ssrd_sum_J_m2,.geo
20040101,2004-01-01,1.0768259542311316E7,"{""type"":""MultiPoint"",""coordinates"":[]}"
20040102,2004-01-02,1.77423310117392E7,"{""type"":""MultiPoint"",""coordinates"":[]}"
20040103,2004-01-03,1.7017520952942822E7,"{""type"":""MultiPoint"",""coordinates"":[]}"
20040104,2004-01-04,1.2235041737884529E7,"{""type"":""MultiPoint"",""coordinates"":[]}"
20040105,2004-01-05,1.5799242845503975E7,"{""type"":""MultiPoint"",""coordinates"":[]}"
20040106,2004-01-06,1.2356616463146908E7,"{""type"":""MultiPoint"",""coordinates"":[]}"
20040107,2004-01-07,1.3853873986314287E7,"{""type"":""MultiPoint"",""coordinates"":[]}"
20040108,2004-01-08,8686621.629763406,"{""type"":""MultiPoint"",""coordinates"":[]}"
20040109,2004-01-09,1.4236282763791056E7,"{""type"":""MultiPoint"",""coordinates"":[]}"
20040110,2004-01-10,1.5111797093733065E7,"{""type"":""MultiPoint"",""coordinates"":[]}"
20040111,2004-01-11,1.7652001285654075E7,"{""type"":""MultiPoint"",""coordinates"":[]}"
20040112,2004-01-12,1.8815109429012902E7,"{""type"":""MultiPoint"",""coordinates"":[]}"
20040113,2004-01-13,1.872502197331085E7,"{""type"":""MultiPoint"",""coordinates"":[]}"
20040114,2004-01-14,1.6418573409909092E7,"{""type"":""MultiPoint"",""coordinates"":[]}"
20040115,2004-01-15,1.9462859784720954E7,"{""type"":""MultiPoint"",""coordinates"":[]}"
20040116,2004-01-16,1.9014419689041395E7,"{""type"":""MultiPoint"",""coordinates"":[]}"
20040117,2004-01-17,1.9177562984367788E7,"{""type"":""MultiPoint"",""coordinates"":[]}"
20040118,2004-01-18,2.0520858278971754E7,"{""type"":""MultiPoint"",""coordinates"":[]}"
20040119,2004-01-19,1.9090146367186397E7,"{""type"":""MultiPoint"",""coordinates"":[]}"
20040120,2004-01-20,1.8928355086870145E7,"{""type"":""MultiPoint"",""coordinates"":[]}"
20040121,2004-01-21,1.981478166363654E7,"{""type"":""MultiPoint"",""coordinates"":[]}"
20040122,2004-01-22,1.835784315622177E7,"{""type"":""MultiPoint"",""coordinates"":[]}"
20040123,2004-01-23,2.104571306868941E7,"{""type"":""MultiPoint"",""coordinates"":[]}"
20040124,2004-01-24,2.2231588371400476E7,"{""type"":""MultiPoint"",""coordinates"":[]}"
20040125,2004-01-25,2.029916194160496E7,"{""type"":""MultiPoint"",""coordinates"":[]}"
20040126,2004-01-26,1.844106220873718E7,"{""type"":""MultiPoint"",""coordinates"":[]}"
20040127,2004-01-27,1.8462329214857623E7,"{""type"":""MultiPoint"",""coordinates"":[]}"
20040128,2004-01-28,1.946429032392189E7,"{""type"":""MultiPoint"",""coordinates"":[]}"
20040129,2004-01-29,1.6419389867918842E7,"{""type"":""MultiPoint"",""coordinates"":[]}"
20040130,2004-01-30,1.983855015487728E7,"{""type"":""MultiPoint"",""coordinates"":[]}"
20040131,2004-01-31,1.979540505897698E7,"{""type"":""MultiPoint"",""coordinates"":[]}"
20040201,2004-02-01,1.8395902420484412E7,"{""type"":""MultiPoint"",""coordinates"":[]}"
20040202,2004-02-02,2.2197452935765445E7,"{""type"":""MultiPoint"",""coordinates"":[]}"
20040203,2004-02-03,2.0767218455802374E7,"{""type"":""MultiPoint"",""coordinates"":[]}"
20040204,2004-02-04,2.0771705268476713E7,"{""type"":""MultiPoint"",""coordinates"":[]}"
20040205,2004-02-05,1.9725156111733183E7,"{""type"":""MultiPoint"",""coordinates"":[]}"
20040206,2004-02-06,2.1033178549716055E7,"{""type"":""MultiPoint"",""coordinates"":[]}"
20040207,2004-02-07,1.9961682396002643E7,"{""type"":""MultiPoint"",""coordinates"":[]}"
20040208,2004-02-08,2.055674042702626E7,"{""type"":""MultiPoint"",""coordinates"":[]}"
20040209,2004-02-09,2.135701507707743E7,"{""type"":""MultiPoint"",""coordinates"":[]}"
20040210,2004-02-10,2.044556148174903E7,"{""type"":""MultiPoint"",""coordinates"":[]}"
20040211,2004-02-11,1.9038798776834622E7,"{""type"":""MultiPoint"",""coordinates"":[]}"
20040212,2004-02-12,1.6056853253386306E7,"{""type"":""MultiPoint"",""coordinates"":[]}"
20040213,2004-02-13,1.9742946096361853E7,"{""type"":""MultiPoint"",""coordinates"":[]}"
20040214,2004-02-14,1.9235830199345816E7,"{""type"":""MultiPoint"",""coordinates"":[]}"
20040215,2004-02-15,1.9915277099753164E7,"{""type"":""MultiPoint"",""coordinates"":[]}"
20040216,2004-02-16,1.8831839473441284E7,"{""type"":""MultiPoint"",""coordinates"":[]}"
20040217,2004-02-17,2.089037518343266E7,"{""type"":""MultiPoint"",""coordinates"":[]}"
20040218,2004-02-18,2.108754444516684E7,"{""type"":""MultiPoint"",""coordinates"":[]}"
20040219,2004-02-19,2.0388024843055796E7,"{""type"":""MultiPoint"",""coordinates"":[]}"
20040220,2004-02-20,2.1148785009933162E7,"{""type"":""MultiPoint"",""coordinates"":[]}"
20040221,2004-02-21,1.9184891634017605E7,"{""type"":""MultiPoint"",""coordinates"":[]}"
20040222,2004-02-22,1.688084589970501E7,"{""type"":""MultiPoint"",""coordinates"":[]}"
20040223,2004-02-23,1.8612014595187914E7,"{""type"":""MultiPoint"",""coordinates"":[]}"
20040224,2004-02-24,1.9377395216904454E7,"{""type"":""MultiPoint"",""coordinates"":[]}"
20040225,2004-02-25,1.9200347728172094E7,"{""type"":""MultiPoint"",""coordinates"":[]}"
20040226,2004-02-26,1.71006009609295E7,"{""type"":""MultiPoint"",""coordinates"":[]}"
20040227,2004-02-27,1.6059087235245716E7,"{""type"":""MultiPoint"",""coordinates"":[]}"
20040228,2004-02-28,2.2117441087271485E7,"{""type"":""MultiPoint"",""coordinates"":[]}"
20040229,2004-02-29,2.1199696129994165E7,"{""type"":""MultiPoint"",""coordinates"":[]}"
20040301,2004-03-01,2.1352962121887095E7,"{""type"":""MultiPoint"",""coordinates"":[]}"
20040302,2004-03-02,1.7293983699115038E7,"{""type"":""MultiPoint"",""coordinates"":[]}"
20040303,2004-03-03,1.8347322676147748E7,"{""type"":""MultiPoint"",""coordinates"":[]}"
20040304,2004-03-04,1.2701658171070844E7,"{""type"":""MultiPoint"",""coordinates"":[]}"
20040305,2004-03-05,1.3809758592142045E7,"{""type"":""MultiPoint"",""coordinates"":[]}"
20040306,2004-03-06,1.3531669967889804E7,"{""type"":""MultiPoint"",""coordinates"":[]}"
20040307,2004-03-07,1.3127684003750507E7,"{""type"":""MultiPoint"",""coordinates"":[]}"
20040308,2004-03-08,1.225865105545339E7,"{""type"":""MultiPoint"",""coordinates"":[]}"
20040309,2004-03-09,1.0833739060634963E7,"{""type"":""MultiPoint"",""coordinates"":[]}"
20040310,2004-03-10,1.3383774176319579E7,"{""type"":""MultiPoint"",""coordinates"":[]}"
20040311,2004-03-11,1.337914567324415E7,"{""type"":""MultiPoint"",""coordinates"":[]}"
20040312,2004-03-12,1.10230492252576E7,"{""type"":""MultiPoint"",""coordinates"":[]}"
20040313,2004-03-13,1.3336840957703207E7,"{""type"":""MultiPoint"",""coordinates"":[]}"
20040314,2004-03-14,1.3251667957867477E7,"{""type"":""MultiPoint"",""coordinates"":[]}"
20040315,2004-03-15,1.2940937934143417E7,"{""type"":""MultiPoint"",""coordinates"":[]}"
20040316,2004-03-16,1.3430591140840558E7,"{""type"":""MultiPoint"",""coordinates"":[]}"
20040317,2004-03-17,1.4127766273169933E7,"{""type"":""MultiPoint"",""coordinates"":[]}"
20040318,2004-03-18,1.3663802687977288E7,"{""type"":""MultiPoint"",""coordinates"":[]}"
20040319,2004-03-19,1.2948056336168483E7,"{""type"":""MultiPoint"",""coordinates"":[]}"
20040320,2004-03-20,1.2113255268686332E7,"{""type"":""MultiPoint"",""coordinates"":[]}"
20040321,2004-03-21,1.0064202150667554E7,"{""type"":""MultiPoint"",""coordinates"":[]}"
20040322,2004-03-22,1.842225110926493E7,"{""type"":""MultiPoint"",""coordinates"":[]}"
20040323,2004-03-23,2.1115986884875476E7,"{""type"":""MultiPoint"",""coordinates"":[]}"
20040324,2004-03-24,2.044007044552804E7,"{""type"":""MultiPoint"",""coordinates"":[]}"
20040325,2004-03-25,1.9871340971083414E7,"{""type"":""MultiPoint"",""coordinates"":[]}"
20040326,2004-03-26,1.6780130492444757E7,"{""type"":""MultiPoint"",""coordinates"":[]}"
20040327,2004-03-27,1.3035277284490202E7,"{""type"":""MultiPoint"",""coordinates"":[]}"
20040328,2004-03-28,1.5913633239740726E7,"{""type"":""MultiPoint"",""coordinates"":[]}"
20040329,2004-03-29,1.744823682676138E7,"{""type"":""MultiPoint"",""coordinates"":[]}"
20040330,2004-03-30,1.7127366434089854E7,"{""type"":""MultiPoint"",""coordinates"":[]}"
20040331,2004-03-31,1.9312105315473672E7,"{""type"":""MultiPoint"",""coordinates"":[]}"
20040401,2004-04-01,2.2116133627515886E7,"{""type"":""MultiPoint"",""coordinates"":[]}"
20040402,2004-04-02,2.1340091219232224E7,"{""type"":""MultiPoint"",""coordinates"":[]}"
20040403,2004-04-03,2.1821944263720814E7,"{""type"":""MultiPoint"",""coordinates"":[]}"
20040404,2004-04-04,2.1665149414083038E7,"{""type"":""MultiPoint"",""coordinates"":[]}"
20040405,2004-04-05,1.6509308095278228E7,"{""type"":""MultiPoint"",""coordinates"":[]}"
20040406,2004-04-06,2.0358996643148106E7,"{""type"":""MultiPoint"",""coordinates"":[]}"
20040407,2004-04-07,2.238470275749001E7,"{""type"":""MultiPoint"",""coordinates"":[]}"
20040408,2004-04-08,2.119031756883992E7,"{""type"":""MultiPoint"",""coordinates"":[]}"
20040409,2004-04-09,1.804786670001806E7,"{""type"":""MultiPoint"",""coordinates"":[]}"
20040410,2004-04-10,1.812520772516204E7,"{""type"":""MultiPoint"",""coordinates"":[]}"
20040411,2004-04-11,2.1496068743523363E7,"{""type"":""MultiPoint"",""coordinates"":[]}"
20040412,2004-04-12,2.4103969438043047E7,"{""type"":""MultiPoint"",""coordinates"":[]}"
20040413,2004-04-13,2.0557560628499184E7,"{""type"":""MultiPoint"",""coordinates"":[]}"
20040414,2004-04-14,1.7943383425200164E7,"{""type"":""MultiPoint"",""coordinates"":[]}"
20040415,2004-04-15,1.5397757989605272E7,"{""type"":""MultiPoint"",""coordinates"":[]}"
20040416,2004-04-16,1.331085280850039E7,"{""type"":""MultiPoint"",""coordinates"":[]}"
20040417,2004-04-17,1.5197450603736473E7,"{""type"":""MultiPoint"",""coordinates"":[]}"
20040418,2004-04-18,1.12123912399414E7,"{""type"":""MultiPoint"",""coordinates"":[]}"
20040419,2004-04-19,1.384703833110588E7,"{""type"":""MultiPoint"",""coordinates"":[]}"
20040420,2004-04-20,1.9098640213272322E7,"{""type"":""MultiPoint"",""coordinates"":[]}"
20040421,2004-04-21,1.8310112988100257E7,"{""type"":""MultiPoint"",""coordinates"":[]}"
20040422,2004-04-22,2.0190954396042764E7,"{""type"":""MultiPoint"",""coordinates"":[]}"
20040423,2004-04-23,1.702913197499648E7,"{""type"":""MultiPoint"",""coordinates"":[]}"
20040424,2004-04-24,7844845.836654425,"{""type"":""MultiPoint"",""coordinates"":[]}"
20040425,2004-04-25,1.3075666268496782E7,"{""type"":""MultiPoint"",""coordinates"":[]}"
20040426,2004-04-26,1.5589558259988355E7,"{""type"":""MultiPoint"",""coordinates"":[]}"
20040427,2004-04-27,1.863968971083419E7,"{""type"":""MultiPoint"",""coordinates"":[]}"
20040428,2004-04-28,1.1313409644452473E7,"{""type"":""MultiPoint"",""coordinates"":[]}"
20040429,2004-04-29,1.2036954529528623E7,"{""type"":""MultiPoint"",""coordinates"":[]}"
20040430,2004-04-30,5243893.330644351,"{""type"":""MultiPoint"",""coordinates"":[]}"
20040501,2004-05-01,1.6269982949210357E7,"{""type"":""MultiPoint"",""coordinates"":[]}"
20040502,2004-05-02,1.961800960776995E7,"{""type"":""MultiPoint"",""coordinates"":[]}"
20040503,2004-05-03,1.4787502398972554E7,"{""type"":""MultiPoint"",""coordinates"":[]}"
20040504,2004-05-04,1.7261088259506743E7,"{""type"":""MultiPoint"",""coordinates"":[]}"
20040505,2004-05-05,1.5179987003150523E7,"{""type"":""MultiPoint"",""coordinates"":[]}"
20040506,2004-05-06,9708204.741918001,"{""type"":""MultiPoint"",""coordinates"":[]}"
20040507,2004-05-07,1.9138577494913E7,"{""type"":""MultiPoint"",""coordinates"":[]}"
20040508,2004-05-08,1.8439322652780276E7,"{""type"":""MultiPoint"",""coordinates"":[]}"
20040509,2004-05-09,1.6274066309995377E7,"{""type"":""MultiPoint"",""coordinates"":[]}"
20040510,2004-05-10,1.598058519222201E7,"{""type"":""MultiPoint"",""coordinates"":[]}"
20040511,2004-05-11,9381804.801557196,"{""type"":""MultiPoint"",""coordinates"":[]}"
20040512,2004-05-12,1.6969119822687775E7,"{""type"":""MultiPoint"",""coordinates"":[]}"
20040513,2004-05-13,1.678676933887183E7,"{""type"":""MultiPoint"",""coordinates"":[]}"
20040514,2004-05-14,1.4504920101779938E7,"{""type"":""MultiPoint"",""coordinates"":[]}"
20040515,2004-05-15,1.8272334282824628E7,"{""type"":""MultiPoint"",""coordinates"":[]}"
20040516,2004-05-16,1.746661076916902E7,"{""type"":""MultiPoint"",""coordinates"":[]}"
20040517,2004-05-17,1.3740166240764145E7,"{""type"":""MultiPoint"",""coordinates"":[]}"
20040518,2004-05-18,1.6144846466959631E7,"{""type"":""MultiPoint"",""coordinates"":[]}"
20040519,2004-05-19,1.800208931647702E7,"{""type"":""MultiPoint"",""coordinates"":[]}"
20040520,2004-05-20,1.787122532466437E7,"{""type"":""MultiPoint"",""coordinates"":[]}"
20040521,2004-05-21,2.0765586147251807E7,"{""type"":""MultiPoint"",""coordinates"":[]}"
20040522,2004-05-22,1.3104111460518122E7,"{""type"":""MultiPoint"",""coordinates"":[]}"
20040523,2004-05-23,1.2884950363413796E7,"{""type"":""MultiPoint"",""coordinates"":[]}"
20040524,2004-05-24,1.9544093481187165E7,"{""type"":""MultiPoint"",""coordinates"":[]}"
20040525,2004-05-25,1.6712439028434968E7,"{""type"":""MultiPoint"",""coordinates"":[]}"
20040526,2004-05-26,1.4533163616559302E7,"{""type"":""MultiPoint"",""coordinates"":[]}"
20040527,2004-05-27,1.5322096098810015E7,"{""type"":""MultiPoint"",""coordinates"":[]}"
20040528,2004-05-28,1.805238671378404E7,"{""type"":""MultiPoint"",""coordinates"":[]}"
20040529,2004-05-29,1.3941580945638422E7,"{""type"":""MultiPoint"",""coordinates"":[]}"
20040530,2004-05-30,9381070.575642647,"{""type"":""MultiPoint"",""coordinates"":[]}"
20040531,2004-05-31,9775582.733610256,"{""type"":""MultiPoint"",""coordinates"":[]}"
20040601,2004-06-01,1.7293263581883486E7,"{""type"":""MultiPoint"",""coordinates"":[]}"
20040602,2004-06-02,1.270513538683202E7,"{""type"":""MultiPoint"",""coordinates"":[]}"
20040603,2004-06-03,1.446490376810547E7,"{""type"":""MultiPoint"",""coordinates"":[]}"
20040604,2004-06-04,1.700571959456584E7,"{""type"":""MultiPoint"",""coordinates"":[]}"
20040605,2004-06-05,1.8258495297252808E7,"{""type"":""MultiPoint"",""coordinates"":[]}"
20040606,2004-06-06,1.4643287773082089E7,"{""type"":""MultiPoint"",""coordinates"":[]}"
20040607,2004-06-07,1.5367533649990965E7,"{""type"":""MultiPoint"",""coordinates"":[]}"
20040608,2004-06-08,2.036249978022594E7,"{""type"":""MultiPoint"",""coordinates"":[]}"
20040609,2004-06-09,1.7205221930608224E7,"{""type"":""MultiPoint"",""coordinates"":[]}"
20040610,2004-06-10,1.8163479386591204E7,"{""type"":""MultiPoint"",""coordinates"":[]}"
20040611,2004-06-11,1.781043507266269E7,"{""type"":""MultiPoint"",""coordinates"":[]}"
20040612,2004-06-12,1.6365752239279198E7,"{""type"":""MultiPoint"",""coordinates"":[]}"
20040613,2004-06-13,1.5242220420203475E7,"{""type"":""MultiPoint"",""coordinates"":[]}"
20040614,2004-06-14,1.7572205050468557E7,"{""type"":""MultiPoint"",""coordinates"":[]}"
20040615,2004-06-15,1.673760225657696E7,"{""type"":""MultiPoint"",""coordinates"":[]}"
20040616,2004-06-16,1.4886283029638996E7,"{""type"":""MultiPoint"",""coordinates"":[]}"
20040617,2004-06-17,1.5436843784881497E7,"{""type"":""MultiPoint"",""coordinates"":[]}"
20040618,2004-06-18,1.4469169725683788E7,"{""type"":""MultiPoint"",""coordinates"":[]}"
20040619,2004-06-19,1.6208414003892995E7,"{""type"":""MultiPoint"",""coordinates"":[]}"
20040620,2004-06-20,2.1146626108321782E7,"{""type"":""MultiPoint"",""coordinates"":[]}"
20040621,2004-06-21,1.6774705370096112E7,"{""type"":""MultiPoint"",""coordinates"":[]}"
20040622,2004-06-22,1.7021024221700475E7,"{""type"":""MultiPoint"",""coordinates"":[]}"
20040623,2004-06-23,1.858553858286677E7,"{""type"":""MultiPoint"",""coordinates"":[]}"
20040624,2004-06-24,1.8567323876146324E7,"{""type"":""MultiPoint"",""coordinates"":[]}"
20040625,2004-06-25,1.869544799566552E7,"{""type"":""MultiPoint"",""coordinates"":[]}"
20040626,2004-06-26,1.6874301355888672E7,"{""type"":""MultiPoint"",""coordinates"":[]}"
20040627,2004-06-27,1.446163859514778E7,"{""type"":""MultiPoint"",""coordinates"":[]}"
20040628,2004-06-28,1.6978310694038082E7,"{""type"":""MultiPoint"",""coordinates"":[]}"
20040629,2004-06-29,2.0177783824453667E7,"{""type"":""MultiPoint"",""coordinates"":[]}"
20040630,2004-06-30,1.9528108603776608E7,"{""type"":""MultiPoint"",""coordinates"":[]}"
20040701,2004-07-01,1.9914679196757164E7,"{""type"":""MultiPoint"",""coordinates"":[]}"
20040702,2004-07-02,1.8138214183051385E7,"{""type"":""MultiPoint"",""coordinates"":[]}"
20040703,2004-07-03,1.7637746533421613E7,"{""type"":""MultiPoint"",""coordinates"":[]}"
20040704,2004-07-04,1.415830277984468E7,"{""type"":""MultiPoint"",""coordinates"":[]}"
20040705,2004-07-05,1.872378205052877E7,"{""type"":""MultiPoint"",""coordinates"":[]}"
20040706,2004-07-06,1.9992690431561407E7,"{""type"":""MultiPoint"",""coordinates"":[]}"
20040707,2004-07-07,1.3018758271426551E7,"{""type"":""MultiPoint"",""coordinates"":[]}"
20040708,2004-07-08,1.9185435468143582E7,"{""type"":""MultiPoint"",""coordinates"":[]}"
20040709,2004-07-09,1.8018942531816263E7,"{""type"":""MultiPoint"",""coordinates"":[]}"
20040710,2004-07-10,1.9256164366945587E7,"{""type"":""MultiPoint"",""coordinates"":[]}"
20040711,2004-07-11,1.7998968648245126E7,"{""type"":""MultiPoint"",""coordinates"":[]}"
20040712,2004-07-12,1.814038842369515E7,"{""type"":""MultiPoint"",""coordinates"":[]}"
20040713,2004-07-13,1.873915877406537E7,"{""type"":""MultiPoint"",""coordinates"":[]}"
20040714,2004-07-14,1.959712485316958E7,"{""type"":""MultiPoint"",""coordinates"":[]}"
20040715,2004-07-15,2.075028339160797E7,"{""type"":""MultiPoint"",""coordinates"":[]}"
20040716,2004-07-16,1.929159185298897E7,"{""type"":""MultiPoint"",""coordinates"":[]}"
20040717,2004-07-17,1.9806101194750465E7,"{""type"":""MultiPoint"",""coordinates"":[]}"
20040718,2004-07-18,1.1631155576585786E7,"{""type"":""MultiPoint"",""coordinates"":[]}"
20040719,2004-07-19,1.9537035921417523E7,"{""type"":""MultiPoint"",""coordinates"":[]}"
20040720,2004-07-20,2.1749347947023045E7,"{""type"":""MultiPoint"",""coordinates"":[]}"
20040721,2004-07-21,2.0223837954929456E7,"{""type"":""MultiPoint"",""coordinates"":[]}"
20040722,2004-07-22,1.854555373009852E7,"{""type"":""MultiPoint"",""coordinates"":[]}"
20040723,2004-07-23,1.9491683891798604E7,"{""type"":""MultiPoint"",""coordinates"":[]}"
20040724,2004-07-24,1.763503932779482E7,"{""type"":""MultiPoint"",""coordinates"":[]}"
20040725,2004-07-25,1.695782204410732E7,"{""type"":""MultiPoint"",""coordinates"":[]}"
20040726,2004-07-26,1.6914412681997873E7,"{""type"":""MultiPoint"",""coordinates"":[]}"
20040727,2004-07-27,1.645726068565006E7,"{""type"":""MultiPoint"",""coordinates"":[]}"
20040728,2004-07-28,1.5790263239098582E7,"{""type"":""MultiPoint"",""coordinates"":[]}"
20040729,2004-07-29,1.6113395434631664E7,"{""type"":""MultiPoint"",""coordinates"":[]}"
20040730,2004-07-30,1.9900271502016723E7,"{""type"":""MultiPoint"",""coordinates"":[]}"
20040731,2004-07-31,1.2505441482792513E7,"{""type"":""MultiPoint"",""coordinates"":[]}"
20040801,2004-08-01,1.9672252057953566E7,"{""type"":""MultiPoint"",""coordinates"":[]}"
20040802,2004-08-02,1.8570568306784652E7,"{""type"":""MultiPoint"",""coordinates"":[]}"
20040803,2004-08-03,2.1657113396624707E7,"{""type"":""MultiPoint"",""coordinates"":[]}"
20040804,2004-08-04,2.3190274791844755E7,"{""type"":""MultiPoint"",""coordinates"":[]}"
20040805,2004-08-05,2.0736860336684518E7,"{""type"":""MultiPoint"",""coordinates"":[]}"
20040806,2004-08-06,2.026819791656132E7,"{""type"":""MultiPoint"",""coordinates"":[]}"
20040807,2004-08-07,2.308236061682017E7,"{""type"":""MultiPoint"",""coordinates"":[]}"
20040808,2004-08-08,2.253019515726525E7,"{""type"":""MultiPoint"",""coordinates"":[]}"
20040809,2004-08-09,1.7840805816306464E7,"{""type"":""MultiPoint"",""coordinates"":[]}"
20040810,2004-08-10,2.1842298471093442E7,"{""type"":""MultiPoint"",""coordinates"":[]}"
20040811,2004-08-11,2.2585368192964487E7,"{""type"":""MultiPoint"",""coordinates"":[]}"
20040812,2004-08-12,2.3359925784640685E7,"{""type"":""MultiPoint"",""coordinates"":[]}"
20040813,2004-08-13,2.234806646258503E7,"{""type"":""MultiPoint"",""coordinates"":[]}"
20040814,2004-08-14,2.113481099307687E7,"{""type"":""MultiPoint"",""coordinates"":[]}"
20040815,2004-08-15,2.194479031794192E7,"{""type"":""MultiPoint"",""coordinates"":[]}"
20040816,2004-08-16,1.950831630236991E7,"{""type"":""MultiPoint"",""coordinates"":[]}"
20040817,2004-08-17,1.6627675091967162E7,"{""type"":""MultiPoint"",""coordinates"":[]}"
20040818,2004-08-18,2.2260889599060852E7,"{""type"":""MultiPoint"",""coordinates"":[]}"
20040819,2004-08-19,1.977116496237432E7,"{""type"":""MultiPoint"",""coordinates"":[]}"
20040820,2004-08-20,2.22902759501535E7,"{""type"":""MultiPoint"",""coordinates"":[]}"
20040821,2004-08-21,2.300167155423112E7,"{""type"":""MultiPoint"",""coordinates"":[]}"
20040822,2004-08-22,2.102386433568117E7,"{""type"":""MultiPoint"",""coordinates"":[]}"
20040823,2004-08-23,2.147993042281218E7,"{""type"":""MultiPoint"",""coordinates"":[]}"
20040824,2004-08-24,2.2730621567435242E7,"{""type"":""MultiPoint"",""coordinates"":[]}"
20040825,2004-08-25,2.0247112039532032E7,"{""type"":""MultiPoint"",""coordinates"":[]}"
20040826,2004-08-26,2.224451551084622E7,"{""type"":""MultiPoint"",""coordinates"":[]}"
20040827,2004-08-27,2.042886694335078E7,"{""type"":""MultiPoint"",""coordinates"":[]}"
20040828,2004-08-28,2.293688668276042E7,"{""type"":""MultiPoint"",""coordinates"":[]}"
20040829,2004-08-29,2.354254579194509E7,"{""type"":""MultiPoint"",""coordinates"":[]}"
20040830,2004-08-30,2.4659791776934955E7,"{""type"":""MultiPoint"",""coordinates"":[]}"
20040831,2004-08-31,1.8851618610719796E7,"{""type"":""MultiPoint"",""coordinates"":[]}"
20040901,2004-09-01,2.003210792912326E7,"{""type"":""MultiPoint"",""coordinates"":[]}"
20040902,2004-09-02,2.0003309978086807E7,"{""type"":""MultiPoint"",""coordinates"":[]}"
20040903,2004-09-03,2.3966142771456663E7,"{""type"":""MultiPoint"",""coordinates"":[]}"
20040904,2004-09-04,2.4021672923644975E7,"{""type"":""MultiPoint"",""coordinates"":[]}"
20040905,2004-09-05,2.2402393859771643E7,"{""type"":""MultiPoint"",""coordinates"":[]}"
20040906,2004-09-06,2.113567502827443E7,"{""type"":""MultiPoint"",""coordinates"":[]}"
20040907,2004-09-07,2.138122849421066E7,"{""type"":""MultiPoint"",""coordinates"":[]}"
20040908,2004-09-08,2.335086667641923E7,"{""type"":""MultiPoint"",""coordinates"":[]}"
20040909,2004-09-09,2.326790187927677E7,"{""type"":""MultiPoint"",""coordinates"":[]}"
20040910,2004-09-10,2.1727672178957716E7,"{""type"":""MultiPoint"",""coordinates"":[]}"
20040911,2004-09-11,2.3567505281560402E7,"{""type"":""MultiPoint"",""coordinates"":[]}"
20040912,2004-09-12,2.170633639431702E7,"{""type"":""MultiPoint"",""coordinates"":[]}"
20040913,2004-09-13,1.851832319683743E7,"{""type"":""MultiPoint"",""coordinates"":[]}"
20040914,2004-09-14,2.2564089692854125E7,"{""type"":""MultiPoint"",""coordinates"":[]}"
20040915,2004-09-15,2.261645751959544E7,"{""type"":""MultiPoint"",""coordinates"":[]}"
20040916,2004-09-16,2.2939537961270638E7,"{""type"":""MultiPoint"",""coordinates"":[]}"
20040917,2004-09-17,2.3660094999377914E7,"{""type"":""MultiPoint"",""coordinates"":[]}"
20040918,2004-09-18,2.2496084140549418E7,"{""type"":""MultiPoint"",""coordinates"":[]}"
20040919,2004-09-19,2.376778233833002E7,"{""type"":""MultiPoint"",""coordinates"":[]}"
20040920,2004-09-20,2.3251292820179388E7,"{""type"":""MultiPoint"",""coordinates"":[]}"
20040921,2004-09-21,2.247187915826861E7,"{""type"":""MultiPoint"",""coordinates"":[]}"
20040922,2004-09-22,1.4208147783414103E7,"{""type"":""MultiPoint"",""coordinates"":[]}"
20040923,2004-09-23,1.504917907425542E7,"{""type"":""MultiPoint"",""coordinates"":[]}"
20040924,2004-09-24,1.5626866797563352E7,"{""type"":""MultiPoint"",""coordinates"":[]}"
20040925,2004-09-25,1.4981209880296798E7,"{""type"":""MultiPoint"",""coordinates"":[]}"
20040926,2004-09-26,1.5613537232999722E7,"{""type"":""MultiPoint"",""coordinates"":[]}"
20040927,2004-09-27,1.4639376594497405E7,"{""type"":""MultiPoint"",""coordinates"":[]}"
20040928,2004-09-28,1.476895398499715E7,"{""type"":""MultiPoint"",""coordinates"":[]}"
20040929,2004-09-29,1.4723619094736867E7,"{""type"":""MultiPoint"",""coordinates"":[]}"
20040930,2004-09-30,1.3546713429367222E7,"{""type"":""MultiPoint"",""coordinates"":[]}"
20041001,2004-10-01,1.4729982954866415E7,"{""type"":""MultiPoint"",""coordinates"":[]}"
20041002,2004-10-02,1.4564495465738727E7,"{""type"":""MultiPoint"",""coordinates"":[]}"
20041003,2004-10-03,1.447679516417477E7,"{""type"":""MultiPoint"",""coordinates"":[]}"
20041004,2004-10-04,1.3887251020744245E7,"{""type"":""MultiPoint"",""coordinates"":[]}"
20041005,2004-10-05,1.4735869740623316E7,"{""type"":""MultiPoint"",""coordinates"":[]}"
20041006,2004-10-06,1.207736518147336E7,"{""type"":""MultiPoint"",""coordinates"":[]}"
20041007,2004-10-07,1.410177099570089E7,"{""type"":""MultiPoint"",""coordinates"":[]}"
20041008,2004-10-08,1.5155499154176755E7,"{""type"":""MultiPoint"",""coordinates"":[]}"
20041009,2004-10-09,1.5831386601637872E7,"{""type"":""MultiPoint"",""coordinates"":[]}"
20041010,2004-10-10,2.4019636229165412E7,"{""type"":""MultiPoint"",""coordinates"":[]}"
20041011,2004-10-11,2.299579649525414E7,"{""type"":""MultiPoint"",""coordinates"":[]}"
20041012,2004-10-12,2.3458990102943815E7,"{""type"":""MultiPoint"",""coordinates"":[]}"
20041013,2004-10-13,2.090605557401721E7,"{""type"":""MultiPoint"",""coordinates"":[]}"
20041014,2004-10-14,2.2555280708687004E7,"{""type"":""MultiPoint"",""coordinates"":[]}"
20041015,2004-10-15,2.275565427230951E7,"{""type"":""MultiPoint"",""coordinates"":[]}"
20041016,2004-10-16,2.243655068079384E7,"{""type"":""MultiPoint"",""coordinates"":[]}"
20041017,2004-10-17,2.2067901598940454E7,"{""type"":""MultiPoint"",""coordinates"":[]}"
20041018,2004-10-18,2.3538127029398184E7,"{""type"":""MultiPoint"",""coordinates"":[]}"
20041019,2004-10-19,2.1666815082615934E7,"{""type"":""MultiPoint"",""coordinates"":[]}"
20041020,2004-10-20,2.2695719954728782E7,"{""type"":""MultiPoint"",""coordinates"":[]}"
20041021,2004-10-21,2.1501183638311952E7,"{""type"":""MultiPoint"",""coordinates"":[]}"
20041022,2004-10-22,2.322235738382195E7,"{""type"":""MultiPoint"",""coordinates"":[]}"
20041023,2004-10-23,2.341947121489775E7,"{""type"":""MultiPoint"",""coordinates"":[]}"
20041024,2004-10-24,2.0461332770573705E7,"{""type"":""MultiPoint"",""coordinates"":[]}"
20041025,2004-10-25,1.9882535753657207E7,"{""type"":""MultiPoint"",""coordinates"":[]}"
20041026,2004-10-26,1.821699801440812E7,"{""type"":""MultiPoint"",""coordinates"":[]}"
20041027,2004-10-27,2.1453006929865737E7,"{""type"":""MultiPoint"",""coordinates"":[]}"
20041028,2004-10-28,2.2853132148174897E7,"{""type"":""MultiPoint"",""coordinates"":[]}"
20041029,2004-10-29,2.1676363070977062E7,"{""type"":""MultiPoint"",""coordinates"":[]}"
20041030,2004-10-30,1.9979699417654965E7,"{""type"":""MultiPoint"",""coordinates"":[]}"
20041031,2004-10-31,1.976484950486625E7,"{""type"":""MultiPoint"",""coordinates"":[]}"
20041101,2004-11-01,2.1786739369815174E7,"{""type"":""MultiPoint"",""coordinates"":[]}"
20041102,2004-11-02,2.1922964953584965E7,"{""type"":""MultiPoint"",""coordinates"":[]}"
20041103,2004-11-03,2.2252956791363142E7,"{""type"":""MultiPoint"",""coordinates"":[]}"
20041104,2004-11-04,2.1831794780085478E7,"{""type"":""MultiPoint"",""coordinates"":[]}"
20041105,2004-11-05,2.3636163111271653E7,"{""type"":""MultiPoint"",""coordinates"":[]}"
20041106,2004-11-06,2.251748892886239E7,"{""type"":""MultiPoint"",""coordinates"":[]}"
20041107,2004-11-07,2.141609275973752E7,"{""type"":""MultiPoint"",""coordinates"":[]}"
20041108,2004-11-08,2.0209017294804633E7,"{""type"":""MultiPoint"",""coordinates"":[]}"
20041109,2004-11-09,2.0754678329219587E7,"{""type"":""MultiPoint"",""coordinates"":[]}"
20041110,2004-11-10,2.2418608316978708E7,"{""type"":""MultiPoint"",""coordinates"":[]}"
20041111,2004-11-11,2.3353353441936065E7,"{""type"":""MultiPoint"",""coordinates"":[]}"
20041112,2004-11-12,2.300913441647101E7,"{""type"":""MultiPoint"",""coordinates"":[]}"
20041113,2004-11-13,2.147624127674432E7,"{""type"":""MultiPoint"",""coordinates"":[]}"
20041114,2004-11-14,2.027224930740673E7,"{""type"":""MultiPoint"",""coordinates"":[]}"
20041115,2004-11-15,1.8785821040113978E7,"{""type"":""MultiPoint"",""coordinates"":[]}"
20041116,2004-11-16,1.971554861316798E7,"{""type"":""MultiPoint"",""coordinates"":[]}"
20041117,2004-11-17,2.2784986133044362E7,"{""type"":""MultiPoint"",""coordinates"":[]}"
20041118,2004-11-18,2.260288301350511E7,"{""type"":""MultiPoint"",""coordinates"":[]}"
20041119,2004-11-19,1.6949032760138858E7,"{""type"":""MultiPoint"",""coordinates"":[]}"
20041120,2004-11-20,1.9923892804848183E7,"{""type"":""MultiPoint"",""coordinates"":[]}"
20041121,2004-11-21,1.884183003022093E7,"{""type"":""MultiPoint"",""coordinates"":[]}"
20041122,2004-11-22,1.8674563889631376E7,"{""type"":""MultiPoint"",""coordinates"":[]}"
20041123,2004-11-23,1.8238001505107053E7,"{""type"":""MultiPoint"",""coordinates"":[]}"
20041124,2004-11-24,1.949745058968956E7,"{""type"":""MultiPoint"",""coordinates"":[]}"
20041125,2004-11-25,1.7800234032869775E7,"{""type"":""MultiPoint"",""coordinates"":[]}"
20041126,2004-11-26,2.0539304997812685E7,"{""type"":""MultiPoint"",""coordinates"":[]}"
20041127,2004-11-27,1.8601769000943143E7,"{""type"":""MultiPoint"",""coordinates"":[]}"
20041128,2004-11-28,1.8378738788032018E7,"{""type"":""MultiPoint"",""coordinates"":[]}"
20041129,2004-11-29,2.0650682255694006E7,"{""type"":""MultiPoint"",""coordinates"":[]}"
20041130,2004-11-30,2.2205374772299465E7,"{""type"":""MultiPoint"",""coordinates"":[]}"
20041201,2004-12-01,1.9152758499147136E7,"{""type"":""MultiPoint"",""coordinates"":[]}"
20041202,2004-12-02,1.87167587621857E7,"{""type"":""MultiPoint"",""coordinates"":[]}"
20041203,2004-12-03,2.1422666562639207E7,"{""type"":""MultiPoint"",""coordinates"":[]}"
20041204,2004-12-04,2.0825577631208226E7,"{""type"":""MultiPoint"",""coordinates"":[]}"
20041205,2004-12-05,1.8242089583769783E7,"{""type"":""MultiPoint"",""coordinates"":[]}"
20041206,2004-12-06,1.7870208710693706E7,"{""type"":""MultiPoint"",""coordinates"":[]}"
20041207,2004-12-07,1.662380786258102E7,"{""type"":""MultiPoint"",""coordinates"":[]}"
20041208,2004-12-08,1.5642300204603361E7,"{""type"":""MultiPoint"",""coordinates"":[]}"
20041209,2004-12-09,1.7235238372805167E7,"{""type"":""MultiPoint"",""coordinates"":[]}"
20041210,2004-12-10,1.7768000264001764E7,"{""type"":""MultiPoint"",""coordinates"":[]}"
20041211,2004-12-11,1.9009236209901072E7,"{""type"":""MultiPoint"",""coordinates"":[]}"
20041212,2004-12-12,1.9852919477534957E7,"{""type"":""MultiPoint"",""coordinates"":[]}"
20041213,2004-12-13,1.905669066241245E7,"{""type"":""MultiPoint"",""coordinates"":[]}"
20041214,2004-12-14,1.9855105023659017E7,"{""type"":""MultiPoint"",""coordinates"":[]}"
20041215,2004-12-15,1.9791009477575094E7,"{""type"":""MultiPoint"",""coordinates"":[]}"
20041216,2004-12-16,1.9009191895250116E7,"{""type"":""MultiPoint"",""coordinates"":[]}"
20041217,2004-12-17,1.803384142668512E7,"{""type"":""MultiPoint"",""coordinates"":[]}"
20041218,2004-12-18,1.7431949780426607E7,"{""type"":""MultiPoint"",""coordinates"":[]}"
20041219,2004-12-19,1.838864744703309E7,"{""type"":""MultiPoint"",""coordinates"":[]}"
20041220,2004-12-20,1.8296821397708334E7,"{""type"":""MultiPoint"",""coordinates"":[]}"
20041221,2004-12-21,1.7319879706941176E7,"{""type"":""MultiPoint"",""coordinates"":[]}"
20041222,2004-12-22,1.965988039949431E7,"{""type"":""MultiPoint"",""coordinates"":[]}"
20041223,2004-12-23,1.773324341741416E7,"{""type"":""MultiPoint"",""coordinates"":[]}"
20041224,2004-12-24,1.716683644861838E7,"{""type"":""MultiPoint"",""coordinates"":[]}"
20041225,2004-12-25,1.6367197412718479E7,"{""type"":""MultiPoint"",""coordinates"":[]}"
20041226,2004-12-26,1.652809518792767E7,"{""type"":""MultiPoint"",""coordinates"":[]}"
20041227,2004-12-27,1.7871680219051626E7,"{""type"":""MultiPoint"",""coordinates"":[]}"
20041228,2004-12-28,1.5354060642706633E7,"{""type"":""MultiPoint"",""coordinates"":[]}"
20041229,2004-12-29,1.75574875171874E7,"{""type"":""MultiPoint"",""coordinates"":[]}"
20041230,2004-12-30,1.6534975785202568E7,"{""type"":""MultiPoint"",""coordinates"":[]}"
20041231,2004-12-31,1.5481653289426673E7,"{""type"":""MultiPoint"",""coordinates"":[]}"
20050101,2005-01-01,1.6516337071097454E7,"{""type"":""MultiPoint"",""coordinates"":[]}"
20050102,2005-01-02,1.7282769125920568E7,"{""type"":""MultiPoint"",""coordinates"":[]}"
20050103,2005-01-03,1.6466424195613338E7,"{""type"":""MultiPoint"",""coordinates"":[]}"
20050104,2005-01-04,1.9841237320410162E7,"{""type"":""MultiPoint"",""coordinates"":[]}"
20050105,2005-01-05,1.7241307585094213E7,"{""type"":""MultiPoint"",""coordinates"":[]}"
20050106,2005-01-06,1.4056758762747576E7,"{""type"":""MultiPoint"",""coordinates"":[]}"
20050107,2005-01-07,1.2981089424598161E7,"{""type"":""MultiPoint"",""coordinates"":[]}"
20050108,2005-01-08,1.708360065322175E7,"{""type"":""MultiPoint"",""coordinates"":[]}"
20050109,2005-01-09,1.7522875594485577E7,"{""type"":""MultiPoint"",""coordinates"":[]}"
20050110,2005-01-10,1.936773324535949E7,"{""type"":""MultiPoint"",""coordinates"":[]}"
20050111,2005-01-11,2.0855002783215933E7,"{""type"":""MultiPoint"",""coordinates"":[]}"
20050112,2005-01-12,1.9188195503943164E7,"{""type"":""MultiPoint"",""coordinates"":[]}"
20050113,2005-01-13,1.749893474131599E7,"{""type"":""MultiPoint"",""coordinates"":[]}"
20050114,2005-01-14,1.1616427476009862E7,"{""type"":""MultiPoint"",""coordinates"":[]}"
20050115,2005-01-15,1.5288084498143788E7,"{""type"":""MultiPoint"",""coordinates"":[]}"
20050116,2005-01-16,1.7042157167659972E7,"{""type"":""MultiPoint"",""coordinates"":[]}"
20050117,2005-01-17,1.6605080816567333E7,"{""type"":""MultiPoint"",""coordinates"":[]}"
20050118,2005-01-18,1.0184708504565245E7,"{""type"":""MultiPoint"",""coordinates"":[]}"
20050119,2005-01-19,1.0684346377139645E7,"{""type"":""MultiPoint"",""coordinates"":[]}"
20050120,2005-01-20,1.4768430667629879E7,"{""type"":""MultiPoint"",""coordinates"":[]}"
20050121,2005-01-21,1.2774368658198373E7,"{""type"":""MultiPoint"",""coordinates"":[]}"
20050122,2005-01-22,1.1594929367366998E7,"{""type"":""MultiPoint"",""coordinates"":[]}"
20050123,2005-01-23,1.6712418839323342E7,"{""type"":""MultiPoint"",""coordinates"":[]}"
20050124,2005-01-24,1.4174057853952197E7,"{""type"":""MultiPoint"",""coordinates"":[]}"
20050125,2005-01-25,1.5535528333513932E7,"{""type"":""MultiPoint"",""coordinates"":[]}"
20050126,2005-01-26,1.461428912624165E7,"{""type"":""MultiPoint"",""coordinates"":[]}"
20050127,2005-01-27,1.3844797123833602E7,"{""type"":""MultiPoint"",""coordinates"":[]}"
20050128,2005-01-28,1.6678494422491116E7,"{""type"":""MultiPoint"",""coordinates"":[]}"
20050129,2005-01-29,1.5954975275580432E7,"{""type"":""MultiPoint"",""coordinates"":[]}"
20050130,2005-01-30,1.4959342800473575E7,"{""type"":""MultiPoint"",""coordinates"":[]}"
20050131,2005-01-31,1.3760703828547342E7,"{""type"":""MultiPoint"",""coordinates"":[]}"
20050201,2005-02-01,1.5780268506732479E7,"{""type"":""MultiPoint"",""coordinates"":[]}"
20050202,2005-02-02,1.6024702502839485E7,"{""type"":""MultiPoint"",""coordinates"":[]}"
20050203,2005-02-03,1.677753304388656E7,"{""type"":""MultiPoint"",""coordinates"":[]}"
20050204,2005-02-04,1.2752592771858E7,"{""type"":""MultiPoint"",""coordinates"":[]}"
20050205,2005-02-05,1.571108722633595E7,"{""type"":""MultiPoint"",""coordinates"":[]}"
20050206,2005-02-06,1.7632371847249806E7,"{""type"":""MultiPoint"",""coordinates"":[]}"
20050207,2005-02-07,2.047252438897918E7,"{""type"":""MultiPoint"",""coordinates"":[]}"
20050208,2005-02-08,1.9285714181847356E7,"{""type"":""MultiPoint"",""coordinates"":[]}"
20050209,2005-02-09,1.9946781133305226E7,"{""type"":""MultiPoint"",""coordinates"":[]}"
20050210,2005-02-10,1.871674048441795E7,"{""type"":""MultiPoint"",""coordinates"":[]}"
20050211,2005-02-11,1.963335851512049E7,"{""type"":""MultiPoint"",""coordinates"":[]}"
20050212,2005-02-12,2.1120206163827185E7,"{""type"":""MultiPoint"",""coordinates"":[]}"
20050213,2005-02-13,2.0274086511187363E7,"{""type"":""MultiPoint"",""coordinates"":[]}"
20050214,2005-02-14,1.98793646911083E7,"{""type"":""MultiPoint"",""coordinates"":[]}"
20050215,2005-02-15,2.1419059369574368E7,"{""type"":""MultiPoint"",""coordinates"":[]}"
20050216,2005-02-16,2.0304999356651213E7,"{""type"":""MultiPoint"",""coordinates"":[]}"
20050217,2005-02-17,2.0501733249613695E7,"{""type"":""MultiPoint"",""coordinates"":[]}"
20050218,2005-02-18,1.7597398993076876E7,"{""type"":""MultiPoint"",""coordinates"":[]}"
20050219,2005-02-19,1.5176439754379619E7,"{""type"":""MultiPoint"",""coordinates"":[]}"
20050220,2005-02-20,1.4436932425701834E7,"{""type"":""MultiPoint"",""coordinates"":[]}"
20050221,2005-02-21,1.825775226701181E7,"{""type"":""MultiPoint"",""coordinates"":[]}"
20050222,2005-02-22,1.9213492537595566E7,"{""type"":""MultiPoint"",""coordinates"":[]}"
20050223,2005-02-23,2.0041129671262003E7,"{""type"":""MultiPoint"",""coordinates"":[]}"
20050224,2005-02-24,1.8402172061284672E7,"{""type"":""MultiPoint"",""coordinates"":[]}"
20050225,2005-02-25,1.6036383295165852E7,"{""type"":""MultiPoint"",""coordinates"":[]}"
20050226,2005-02-26,1.9686196447895966E7,"{""type"":""MultiPoint"",""coordinates"":[]}"
20050227,2005-02-27,1.926971012192723E7,"{""type"":""MultiPoint"",""coordinates"":[]}"
20050228,2005-02-28,1.9363325928079773E7,"{""type"":""MultiPoint"",""coordinates"":[]}"
20050301,2005-03-01,1.915679650235787E7,"{""type"":""MultiPoint"",""coordinates"":[]}"
20050302,2005-03-02,2.0122919948186938E7,"{""type"":""MultiPoint"",""coordinates"":[]}"
20050303,2005-03-03,1.9122129196686927E7,"{""type"":""MultiPoint"",""coordinates"":[]}"
20050304,2005-03-04,1.43012528204854E7,"{""type"":""MultiPoint"",""coordinates"":[]}"
20050305,2005-03-05,1.2777864189549536E7,"{""type"":""MultiPoint"",""coordinates"":[]}"
20050306,2005-03-06,1.09038595389917E7,"{""type"":""MultiPoint"",""coordinates"":[]}"
20050307,2005-03-07,1.397942765730306E7,"{""type"":""MultiPoint"",""coordinates"":[]}"
20050308,2005-03-08,1.3918176199793547E7,"{""type"":""MultiPoint"",""coordinates"":[]}"
20050309,2005-03-09,1.2091775004721442E7,"{""type"":""MultiPoint"",""coordinates"":[]}"
20050310,2005-03-10,1.080230480478649E7,"{""type"":""MultiPoint"",""coordinates"":[]}"
20050311,2005-03-11,1.467111268832464E7,"{""type"":""MultiPoint"",""coordinates"":[]}"
20050312,2005-03-12,1.3112348781262664E7,"{""type"":""MultiPoint"",""coordinates"":[]}"
20050313,2005-03-13,1.2422347501006072E7,"{""type"":""MultiPoint"",""coordinates"":[]}"
20050314,2005-03-14,1.4425034459978519E7,"{""type"":""MultiPoint"",""coordinates"":[]}"
20050315,2005-03-15,1.4558997949715087E7,"{""type"":""MultiPoint"",""coordinates"":[]}"
20050316,2005-03-16,1.4939454157571128E7,"{""type"":""MultiPoint"",""coordinates"":[]}"
20050317,2005-03-17,1.4954649092516305E7,"{""type"":""MultiPoint"",""coordinates"":[]}"
20050318,2005-03-18,1.368412743315696E7,"{""type"":""MultiPoint"",""coordinates"":[]}"
20050319,2005-03-19,1.3716021506034806E7,"{""type"":""MultiPoint"",""coordinates"":[]}"
20050320,2005-03-20,1.4891071894178385E7,"{""type"":""MultiPoint"",""coordinates"":[]}"
20050321,2005-03-21,1.3611232393995265E7,"{""type"":""MultiPoint"",""coordinates"":[]}"
20050322,2005-03-22,2.034052891569842E7,"{""type"":""MultiPoint"",""coordinates"":[]}"
20050323,2005-03-23,2.227585710633516E7,"{""type"":""MultiPoint"",""coordinates"":[]}"
20050324,2005-03-24,2.143446888640057E7,"{""type"":""MultiPoint"",""coordinates"":[]}"
20050325,2005-03-25,2.331317076017899E7,"{""type"":""MultiPoint"",""coordinates"":[]}"
20050326,2005-03-26,2.237509072261353E7,"{""type"":""MultiPoint"",""coordinates"":[]}"
20050327,2005-03-27,2.104076738498585E7,"{""type"":""MultiPoint"",""coordinates"":[]}"
20050328,2005-03-28,2.2370184353380278E7,"{""type"":""MultiPoint"",""coordinates"":[]}"
20050329,2005-03-29,2.090896868665342E7,"{""type"":""MultiPoint"",""coordinates"":[]}"
20050330,2005-03-30,1.9809958330463752E7,"{""type"":""MultiPoint"",""coordinates"":[]}"
20050331,2005-03-31,1.7239133204342503E7,"{""type"":""MultiPoint"",""coordinates"":[]}"
20050401,2005-04-01,1.870085007328476E7,"{""type"":""MultiPoint"",""coordinates"":[]}"
20050402,2005-04-02,1.5879416396484258E7,"{""type"":""MultiPoint"",""coordinates"":[]}"
20050403,2005-04-03,1.5997777078883464E7,"{""type"":""MultiPoint"",""coordinates"":[]}"
20050404,2005-04-04,2.0003721009893037E7,"{""type"":""MultiPoint"",""coordinates"":[]}"
20050405,2005-04-05,1.8575168513876338E7,"{""type"":""MultiPoint"",""coordinates"":[]}"
20050406,2005-04-06,1.7807603785965126E7,"{""type"":""MultiPoint"",""coordinates"":[]}"
20050407,2005-04-07,7743098.847510683,"{""type"":""MultiPoint"",""coordinates"":[]}"
20050408,2005-04-08,1.4697237856199712E7,"{""type"":""MultiPoint"",""coordinates"":[]}"
20050409,2005-04-09,1.7589946710412774E7,"{""type"":""MultiPoint"",""coordinates"":[]}"
20050410,2005-04-10,1.873820165332208E7,"{""type"":""MultiPoint"",""coordinates"":[]}"
20050411,2005-04-11,1.7139300395280235E7,"{""type"":""MultiPoint"",""coordinates"":[]}"
20050412,2005-04-12,1.328117580948367E7,"{""type"":""MultiPoint"",""coordinates"":[]}"
20050413,2005-04-13,1.5752694249192297E7,"{""type"":""MultiPoint"",""coordinates"":[]}"
20050414,2005-04-14,2.0681804839804936E7,"{""type"":""MultiPoint"",""coordinates"":[]}"
20050415,2005-04-15,1.90636193488652E7,"{""type"":""MultiPoint"",""coordinates"":[]}"
20050416,2005-04-16,1.4588300883711591E7,"{""type"":""MultiPoint"",""coordinates"":[]}"
20050417,2005-04-17,1.3078490773383098E7,"{""type"":""MultiPoint"",""coordinates"":[]}"
20050418,2005-04-18,1.399927868516846E7,"{""type"":""MultiPoint"",""coordinates"":[]}"
20050419,2005-04-19,2.1624023205626786E7,"{""type"":""MultiPoint"",""coordinates"":[]}"
20050420,2005-04-20,1.6887683019444946E7,"{""type"":""MultiPoint"",""coordinates"":[]}"
20050421,2005-04-21,1.4996009674071396E7,"{""type"":""MultiPoint"",""coordinates"":[]}"
20050422,2005-04-22,2.026456927501856E7,"{""type"":""MultiPoint"",""coordinates"":[]}"
20050423,2005-04-23,2.1961199223727237E7,"{""type"":""MultiPoint"",""coordinates"":[]}"
20050424,2005-04-24,2.1096225599542465E7,"{""type"":""MultiPoint"",""coordinates"":[]}"
20050425,2005-04-25,2.150407733505909E7,"{""type"":""MultiPoint"",""coordinates"":[]}"
20050426,2005-04-26,1.4186028169566356E7,"{""type"":""MultiPoint"",""coordinates"":[]}"
20050427,2005-04-27,1.53762085712279E7,"{""type"":""MultiPoint"",""coordinates"":[]}"
20050428,2005-04-28,1.3204103875022568E7,"{""type"":""MultiPoint"",""coordinates"":[]}"
20050429,2005-04-29,1.697905350077258E7,"{""type"":""MultiPoint"",""coordinates"":[]}"
20050430,2005-04-30,1.4095828282021957E7,"{""type"":""MultiPoint"",""coordinates"":[]}"
20050501,2005-05-01,1.1917115455140164E7,"{""type"":""MultiPoint"",""coordinates"":[]}"
20050502,2005-05-02,2.158960751959544E7,"{""type"":""MultiPoint"",""coordinates"":[]}"
20050503,2005-05-03,2.2736891904440813E7,"{""type"":""MultiPoint"",""coordinates"":[]}"
20050504,2005-05-04,1.9775277269520193E7,"{""type"":""MultiPoint"",""coordinates"":[]}"
20050505,2005-05-05,1.699165837750085E7,"{""type"":""MultiPoint"",""coordinates"":[]}"
20050506,2005-05-06,1.8198528981839336E7,"{""type"":""MultiPoint"",""coordinates"":[]}"
20050507,2005-05-07,1.569498174735617E7,"{""type"":""MultiPoint"",""coordinates"":[]}"
20050508,2005-05-08,1.6750273311500413E7,"{""type"":""MultiPoint"",""coordinates"":[]}"
20050509,2005-05-09,2.0709857329319917E7,"{""type"":""MultiPoint"",""coordinates"":[]}"
20050510,2005-05-10,1.7804416730279125E7,"{""type"":""MultiPoint"",""coordinates"":[]}"
20050511,2005-05-11,2.0308150369835246E7,"{""type"":""MultiPoint"",""coordinates"":[]}"
20050512,2005-05-12,1.763478371223887E7,"{""type"":""MultiPoint"",""coordinates"":[]}"
20050513,2005-05-13,2.0118294448979583E7,"{""type"":""MultiPoint"",""coordinates"":[]}"
20050514,2005-05-14,1.737092168534906E7,"{""type"":""MultiPoint"",""coordinates"":[]}"
20050515,2005-05-15,2.00197835501776E7,"{""type"":""MultiPoint"",""coordinates"":[]}"
20050516,2005-05-16,1.5639392231091838E7,"{""type"":""MultiPoint"",""coordinates"":[]}"
20050517,2005-05-17,1.2943806596672876E7,"{""type"":""MultiPoint"",""coordinates"":[]}"
20050518,2005-05-18,1.2622615879918922E7,"{""type"":""MultiPoint"",""coordinates"":[]}"
20050519,2005-05-19,1.8385834703188643E7,"{""type"":""MultiPoint"",""coordinates"":[]}"
20050520,2005-05-20,1.455952126085124E7,"{""type"":""MultiPoint"",""coordinates"":[]}"
20050521,2005-05-21,1.8938690401541136E7,"{""type"":""MultiPoint"",""coordinates"":[]}"
20050522,2005-05-22,1.7993141125117887E7,"{""type"":""MultiPoint"",""coordinates"":[]}"
20050523,2005-05-23,2.2493774154315405E7,"{""type"":""MultiPoint"",""coordinates"":[]}"
20050524,2005-05-24,2.0816261645576216E7,"{""type"":""MultiPoint"",""coordinates"":[]}"
20050525,2005-05-25,2.054567814652941E7,"{""type"":""MultiPoint"",""coordinates"":[]}"
20050526,2005-05-26,2.086908252571589E7,"{""type"":""MultiPoint"",""coordinates"":[]}"
20050527,2005-05-27,2.034032166708806E7,"{""type"":""MultiPoint"",""coordinates"":[]}"
20050528,2005-05-28,1.6084915335620964E7,"{""type"":""MultiPoint"",""coordinates"":[]}"
20050529,2005-05-29,1.5671570095639432E7,"{""type"":""MultiPoint"",""coordinates"":[]}"
20050530,2005-05-30,1.7135454418798782E7,"{""type"":""MultiPoint"",""coordinates"":[]}"
20050531,2005-05-31,1.6529744888808614E7,"{""type"":""MultiPoint"",""coordinates"":[]}"
20050601,2005-06-01,1.3826920893544428E7,"{""type"":""MultiPoint"",""coordinates"":[]}"
20050602,2005-06-02,1.7996203810647555E7,"{""type"":""MultiPoint"",""coordinates"":[]}"
20050603,2005-06-03,1.577721979475448E7,"{""type"":""MultiPoint"",""coordinates"":[]}"
20050604,2005-06-04,1.4831456644151459E7,"{""type"":""MultiPoint"",""coordinates"":[]}"
20050605,2005-06-05,2.0617288105552543E7,"{""type"":""MultiPoint"",""coordinates"":[]}"
20050606,2005-06-06,2.0900469483354393E7,"{""type"":""MultiPoint"",""coordinates"":[]}"
20050607,2005-06-07,1.9481266463508107E7,"{""type"":""MultiPoint"",""coordinates"":[]}"
20050608,2005-06-08,1.3251402519294446E7,"{""type"":""MultiPoint"",""coordinates"":[]}"
20050609,2005-06-09,1.9427850278008543E7,"{""type"":""MultiPoint"",""coordinates"":[]}"
20050610,2005-06-10,2.238290072738947E7,"{""type"":""MultiPoint"",""coordinates"":[]}"
20050611,2005-06-11,1.9501477704091657E7,"{""type"":""MultiPoint"",""coordinates"":[]}"
20050612,2005-06-12,2.0719124121606156E7,"{""type"":""MultiPoint"",""coordinates"":[]}"
20050613,2005-06-13,1.8526974440551434E7,"{""type"":""MultiPoint"",""coordinates"":[]}"
20050614,2005-06-14,2.015491382738346E7,"{""type"":""MultiPoint"",""coordinates"":[]}"
20050615,2005-06-15,2.3614435334256414E7,"{""type"":""MultiPoint"",""coordinates"":[]}"
20050616,2005-06-16,2.252792743250457E7,"{""type"":""MultiPoint"",""coordinates"":[]}"
20050617,2005-06-17,1.9526535496879574E7,"{""type"":""MultiPoint"",""coordinates"":[]}"
20050618,2005-06-18,2.046672162799751E7,"{""type"":""MultiPoint"",""coordinates"":[]}"
20050619,2005-06-19,1.907011768651294E7,"{""type"":""MultiPoint"",""coordinates"":[]}"
20050620,2005-06-20,2.2860344547910012E7,"{""type"":""MultiPoint"",""coordinates"":[]}"
20050621,2005-06-21,1.4469690062167639E7,"{""type"":""MultiPoint"",""coordinates"":[]}"
20050622,2005-06-22,1.2727737942889243E7,"{""type"":""MultiPoint"",""coordinates"":[]}"
20050623,2005-06-23,1.9127017492585227E7,"{""type"":""MultiPoint"",""coordinates"":[]}"
20050624,2005-06-24,1.981346860249231E7,"{""type"":""MultiPoint"",""coordinates"":[]}"
20050625,2005-06-25,1.714585584933678E7,"{""type"":""MultiPoint"",""coordinates"":[]}"
20050626,2005-06-26,1.8565640925731923E7,"{""type"":""MultiPoint"",""coordinates"":[]}"
20050627,2005-06-27,2.0043697876346994E7,"{""type"":""MultiPoint"",""coordinates"":[]}"
20050628,2005-06-28,2.0845132708927806E7,"{""type"":""MultiPoint"",""coordinates"":[]}"
20050629,2005-06-29,1.697390396171212E7,"{""type"":""MultiPoint"",""coordinates"":[]}"
20050630,2005-06-30,1.8002258498264197E7,"{""type"":""MultiPoint"",""coordinates"":[]}"
20050701,2005-07-01,1.7374778467762318E7,"{""type"":""MultiPoint"",""coordinates"":[]}"
20050702,2005-07-02,1.4019263215058288E7,"{""type"":""MultiPoint"",""coordinates"":[]}"
20050703,2005-07-03,1.8246126607268266E7,"{""type"":""MultiPoint"",""coordinates"":[]}"
20050704,2005-07-04,1.2759532980555052E7,"{""type"":""MultiPoint"",""coordinates"":[]}"
20050705,2005-07-05,1.7954606995484922E7,"{""type"":""MultiPoint"",""coordinates"":[]}"
20050706,2005-07-06,2.0167420980715577E7,"{""type"":""MultiPoint"",""coordinates"":[]}"
20050707,2005-07-07,1.5497552459775645E7,"{""type"":""MultiPoint"",""coordinates"":[]}"
20050708,2005-07-08,1.811209421086428E7,"{""type"":""MultiPoint"",""coordinates"":[]}"
20050709,2005-07-09,1.7828194187385857E7,"{""type"":""MultiPoint"",""coordinates"":[]}"
20050710,2005-07-10,1.5024183595769862E7,"{""type"":""MultiPoint"",""coordinates"":[]}"
20050711,2005-07-11,1.8570871816747926E7,"{""type"":""MultiPoint"",""coordinates"":[]}"
20050712,2005-07-12,1.9424887282162424E7,"{""type"":""MultiPoint"",""coordinates"":[]}"
20050713,2005-07-13,1.9557154311881673E7,"{""type"":""MultiPoint"",""coordinates"":[]}"
20050714,2005-07-14,1.7617433588224668E7,"{""type"":""MultiPoint"",""coordinates"":[]}"
20050715,2005-07-15,1.9136978568217844E7,"{""type"":""MultiPoint"",""coordinates"":[]}"
20050716,2005-07-16,1.8493687310055576E7,"{""type"":""MultiPoint"",""coordinates"":[]}"
20050717,2005-07-17,1.519784007464932E7,"{""type"":""MultiPoint"",""coordinates"":[]}"
20050718,2005-07-18,1.837799566704793E7,"{""type"":""MultiPoint"",""coordinates"":[]}"
20050719,2005-07-19,1.9718103987317633E7,"{""type"":""MultiPoint"",""coordinates"":[]}"
20050720,2005-07-20,1.7307703215780698E7,"{""type"":""MultiPoint"",""coordinates"":[]}"
20050721,2005-07-21,1.913243929452371E7,"{""type"":""MultiPoint"",""coordinates"":[]}"
20050722,2005-07-22,1.151394415716493E7,"{""type"":""MultiPoint"",""coordinates"":[]}"
20050723,2005-07-23,2.3035815399554502E7,"{""type"":""MultiPoint"",""coordinates"":[]}"
20050724,2005-07-24,2.0376179080569092E7,"{""type"":""MultiPoint"",""coordinates"":[]}"
20050725,2005-07-25,2.0119668298797984E7,"{""type"":""MultiPoint"",""coordinates"":[]}"
20050726,2005-07-26,2.1852272426424254E7,"{""type"":""MultiPoint"",""coordinates"":[]}"
20050727,2005-07-27,1.940563882439347E7,"{""type"":""MultiPoint"",""coordinates"":[]}"
20050728,2005-07-28,2.0262974803724434E7,"{""type"":""MultiPoint"",""coordinates"":[]}"
20050729,2005-07-29,2.1989150603254855E7,"{""type"":""MultiPoint"",""coordinates"":[]}"
20050730,2005-07-30,2.0714296033752732E7,"{""type"":""MultiPoint"",""coordinates"":[]}"
20050731,2005-07-31,2.2416935173639946E7,"{""type"":""MultiPoint"",""coordinates"":[]}"
20050801,2005-08-01,1.9093144171412505E7,"{""type"":""MultiPoint"",""coordinates"":[]}"
20050802,2005-08-02,2.06618140831176E7,"{""type"":""MultiPoint"",""coordinates"":[]}"
20050803,2005-08-03,1.882783380755724E7,"{""type"":""MultiPoint"",""coordinates"":[]}"
20050804,2005-08-04,1.9095205934260428E7,"{""type"":""MultiPoint"",""coordinates"":[]}"
20050805,2005-08-05,2.0004392930387486E7,"{""type"":""MultiPoint"",""coordinates"":[]}"
20050806,2005-08-06,1.7184578234503232E7,"{""type"":""MultiPoint"",""coordinates"":[]}"
20050807,2005-08-07,1.7012426652619746E7,"{""type"":""MultiPoint"",""coordinates"":[]}"
20050808,2005-08-08,2.0541884683081478E7,"{""type"":""MultiPoint"",""coordinates"":[]}"
20050809,2005-08-09,1.5050130686894223E7,"{""type"":""MultiPoint"",""coordinates"":[]}"
20050810,2005-08-10,1.735405994698292E7,"{""type"":""MultiPoint"",""coordinates"":[]}"
20050811,2005-08-11,2.022637294126382E7,"{""type"":""MultiPoint"",""coordinates"":[]}"
20050812,2005-08-12,1.8391795948989622E7,"{""type"":""MultiPoint"",""coordinates"":[]}"
20050813,2005-08-13,2.1361009915317144E7,"{""type"":""MultiPoint"",""coordinates"":[]}"
20050814,2005-08-14,1.8660534025485113E7,"{""type"":""MultiPoint"",""coordinates"":[]}"
20050815,2005-08-15,2.1924341927718576E7,"{""type"":""MultiPoint"",""coordinates"":[]}"
20050816,2005-08-16,2.3281696192161817E7,"{""type"":""MultiPoint"",""coordinates"":[]}"
20050817,2005-08-17,2.132044291650111E7,"{""type"":""MultiPoint"",""coordinates"":[]}"
20050818,2005-08-18,2.2274714943912663E7,"{""type"":""MultiPoint"",""coordinates"":[]}"
20050819,2005-08-19,2.2713879979210563E7,"{""type"":""MultiPoint"",""coordinates"":[]}"
20050820,2005-08-20,2.077730801521079E7,"{""type"":""MultiPoint"",""coordinates"":[]}"
20050821,2005-08-21,2.10010607415568E7,"{""type"":""MultiPoint"",""coordinates"":[]}"
20050822,2005-08-22,2.1185624495214004E7,"{""type"":""MultiPoint"",""coordinates"":[]}"
20050823,2005-08-23,2.294662864270663E7,"{""type"":""MultiPoint"",""coordinates"":[]}"
20050824,2005-08-24,2.2733638610800065E7,"{""type"":""MultiPoint"",""coordinates"":[]}"
20050825,2005-08-25,2.3504088607990686E7,"{""type"":""MultiPoint"",""coordinates"":[]}"
20050826,2005-08-26,2.371503523949993E7,"{""type"":""MultiPoint"",""coordinates"":[]}"
20050827,2005-08-27,2.401436608733169E7,"{""type"":""MultiPoint"",""coordinates"":[]}"
20050828,2005-08-28,2.420532042052456E7,"{""type"":""MultiPoint"",""coordinates"":[]}"
20050829,2005-08-29,2.4173531138081193E7,"{""type"":""MultiPoint"",""coordinates"":[]}"
20050830,2005-08-30,2.298369483318281E7,"{""type"":""MultiPoint"",""coordinates"":[]}"
20050831,2005-08-31,1.874528402227439E7,"{""type"":""MultiPoint"",""coordinates"":[]}"
20050901,2005-09-01,2.2460126334035672E7,"{""type"":""MultiPoint"",""coordinates"":[]}"
20050902,2005-09-02,2.5234832687777154E7,"{""type"":""MultiPoint"",""coordinates"":[]}"
20050903,2005-09-03,2.4057213663275316E7,"{""type"":""MultiPoint"",""coordinates"":[]}"
20050904,2005-09-04,2.324322672734933E7,"{""type"":""MultiPoint"",""coordinates"":[]}"
20050905,2005-09-05,2.203113044135411E7,"{""type"":""MultiPoint"",""coordinates"":[]}"
20050906,2005-09-06,2.3636410207653567E7,"{""type"":""MultiPoint"",""coordinates"":[]}"
20050907,2005-09-07,2.3210431177051347E7,"{""type"":""MultiPoint"",""coordinates"":[]}"
20050908,2005-09-08,2.4851194062970318E7,"{""type"":""MultiPoint"",""coordinates"":[]}"
20050909,2005-09-09,2.2920562223747313E7,"{""type"":""MultiPoint"",""coordinates"":[]}"
20050910,2005-09-10,1.0463641765857963E7,"{""type"":""MultiPoint"",""coordinates"":[]}"
20050911,2005-09-11,2.139441295234081E7,"{""type"":""MultiPoint"",""coordinates"":[]}"
20050912,2005-09-12,2.4057484187747043E7,"{""type"":""MultiPoint"",""coordinates"":[]}"
20050913,2005-09-13,2.2558635269680716E7,"{""type"":""MultiPoint"",""coordinates"":[]}"
20050914,2005-09-14,1.9801189306523785E7,"{""type"":""MultiPoint"",""coordinates"":[]}"
20050915,2005-09-15,1.9146590697569884E7,"{""type"":""MultiPoint"",""coordinates"":[]}"
20050916,2005-09-16,1.8217434161820475E7,"{""type"":""MultiPoint"",""coordinates"":[]}"
20050917,2005-09-17,2.243588827519916E7,"{""type"":""MultiPoint"",""coordinates"":[]}"
20050918,2005-09-18,2.3525941350229766E7,"{""type"":""MultiPoint"",""coordinates"":[]}"
20050919,2005-09-19,2.4860712549956854E7,"{""type"":""MultiPoint"",""coordinates"":[]}"
20050920,2005-09-20,2.343889001488973E7,"{""type"":""MultiPoint"",""coordinates"":[]}"
20050921,2005-09-21,2.475036048586277E7,"{""type"":""MultiPoint"",""coordinates"":[]}"
20050922,2005-09-22,2.4866915959865943E7,"{""type"":""MultiPoint"",""coordinates"":[]}"
20050923,2005-09-23,1.2623129674767567E7,"{""type"":""MultiPoint"",""coordinates"":[]}"
20050924,2005-09-24,1.4971021219184378E7,"{""type"":""MultiPoint"",""coordinates"":[]}"
20050925,2005-09-25,1.4577483192345658E7,"{""type"":""MultiPoint"",""coordinates"":[]}"
20050926,2005-09-26,1.5246014013328234E7,"{""type"":""MultiPoint"",""coordinates"":[]}"
20050927,2005-09-27,1.6225679772808695E7,"{""type"":""MultiPoint"",""coordinates"":[]}"
20050928,2005-09-28,1.6826873851126373E7,"{""type"":""MultiPoint"",""coordinates"":[]}"
20050929,2005-09-29,1.6971226162169974E7,"{""type"":""MultiPoint"",""coordinates"":[]}"
20050930,2005-09-30,1.6515016867776867E7,"{""type"":""MultiPoint"",""coordinates"":[]}"
20051001,2005-10-01,1.602189984305326E7,"{""type"":""MultiPoint"",""coordinates"":[]}"
20051002,2005-10-02,1.5292029651340177E7,"{""type"":""MultiPoint"",""coordinates"":[]}"
20051003,2005-10-03,1.4631804973641835E7,"{""type"":""MultiPoint"",""coordinates"":[]}"
20051004,2005-10-04,1.5303412528206848E7,"{""type"":""MultiPoint"",""coordinates"":[]}"
20051005,2005-10-05,1.5820510747137053E7,"{""type"":""MultiPoint"",""coordinates"":[]}"
20051006,2005-10-06,1.5069780163900165E7,"{""type"":""MultiPoint"",""coordinates"":[]}"
20051007,2005-10-07,1.6031127075163253E7,"{""type"":""MultiPoint"",""coordinates"":[]}"
20051008,2005-10-08,1.5609276990452299E7,"{""type"":""MultiPoint"",""coordinates"":[]}"
20051009,2005-10-09,1.3761560405586721E7,"{""type"":""MultiPoint"",""coordinates"":[]}"
20051010,2005-10-10,2.216761408343867E7,"{""type"":""MultiPoint"",""coordinates"":[]}"
20051011,2005-10-11,2.187376265671342E7,"{""type"":""MultiPoint"",""coordinates"":[]}"
20051012,2005-10-12,2.2209654676579766E7,"{""type"":""MultiPoint"",""coordinates"":[]}"
20051013,2005-10-13,2.35544562760821E7,"{""type"":""MultiPoint"",""coordinates"":[]}"
20051014,2005-10-14,2.352404599189291E7,"{""type"":""MultiPoint"",""coordinates"":[]}"
20051015,2005-10-15,2.452024298557181E7,"{""type"":""MultiPoint"",""coordinates"":[]}"
20051016,2005-10-16,2.1466651318764668E7,"{""type"":""MultiPoint"",""coordinates"":[]}"
20051017,2005-10-17,2.303639437416971E7,"{""type"":""MultiPoint"",""coordinates"":[]}"
20051018,2005-10-18,2.263040979463407E7,"{""type"":""MultiPoint"",""coordinates"":[]}"
20051019,2005-10-19,2.402873476768407E7,"{""type"":""MultiPoint"",""coordinates"":[]}"
20051020,2005-10-20,2.2555551807677638E7,"{""type"":""MultiPoint"",""coordinates"":[]}"
20051021,2005-10-21,2.2137460724820886E7,"{""type"":""MultiPoint"",""coordinates"":[]}"
20051022,2005-10-22,2.33680741669175E7,"{""type"":""MultiPoint"",""coordinates"":[]}"
20051023,2005-10-23,2.3315047499688953E7,"{""type"":""MultiPoint"",""coordinates"":[]}"
20051024,2005-10-24,1.894171325956694E7,"{""type"":""MultiPoint"",""coordinates"":[]}"
20051025,2005-10-25,2.13348674464712E7,"{""type"":""MultiPoint"",""coordinates"":[]}"
20051026,2005-10-26,1.9556234858507413E7,"{""type"":""MultiPoint"",""coordinates"":[]}"
20051027,2005-10-27,2.0364215205747187E7,"{""type"":""MultiPoint"",""coordinates"":[]}"
20051028,2005-10-28,2.2223707186884183E7,"{""type"":""MultiPoint"",""coordinates"":[]}"
20051029,2005-10-29,2.332160219300462E7,"{""type"":""MultiPoint"",""coordinates"":[]}"
20051030,2005-10-30,2.209787589412638E7,"{""type"":""MultiPoint"",""coordinates"":[]}"
20051031,2005-10-31,2.1480354440471176E7,"{""type"":""MultiPoint"",""coordinates"":[]}"
20051101,2005-11-01,2.0736586659041185E7,"{""type"":""MultiPoint"",""coordinates"":[]}"
20051102,2005-11-02,2.3002237243914668E7,"{""type"":""MultiPoint"",""coordinates"":[]}"
20051103,2005-11-03,1.9370289164529517E7,"{""type"":""MultiPoint"",""coordinates"":[]}"
20051104,2005-11-04,1.8141574530531973E7,"{""type"":""MultiPoint"",""coordinates"":[]}"
20051105,2005-11-05,2.0791783106977295E7,"{""type"":""MultiPoint"",""coordinates"":[]}"
20051106,2005-11-06,1.808330212983363E7,"{""type"":""MultiPoint"",""coordinates"":[]}"
20051107,2005-11-07,1.9855583501053516E7,"{""type"":""MultiPoint"",""coordinates"":[]}"
20051108,2005-11-08,1.983418383817952E7,"{""type"":""MultiPoint"",""coordinates"":[]}"
20051109,2005-11-09,1.8457561489213973E7,"{""type"":""MultiPoint"",""coordinates"":[]}"
20051110,2005-11-10,2.0832228121124547E7,"{""type"":""MultiPoint"",""coordinates"":[]}"
20051111,2005-11-11,2.186853554600365E7,"{""type"":""MultiPoint"",""coordinates"":[]}"
20051112,2005-11-12,2.1871870868139584E7,"{""type"":""MultiPoint"",""coordinates"":[]}"
20051113,2005-11-13,2.133824100447494E7,"{""type"":""MultiPoint"",""coordinates"":[]}"
20051114,2005-11-14,1.9145655189292226E7,"{""type"":""MultiPoint"",""coordinates"":[]}"
20051115,2005-11-15,1.685800762948246E7,"{""type"":""MultiPoint"",""coordinates"":[]}"
20051116,2005-11-16,2.0050731836975485E7,"{""type"":""MultiPoint"",""coordinates"":[]}"
20051117,2005-11-17,2.0162151887143046E7,"{""type"":""MultiPoint"",""coordinates"":[]}"
20051118,2005-11-18,1.8606919696827397E7,"{""type"":""MultiPoint"",""coordinates"":[]}"
20051119,2005-11-19,2.0143615274536945E7,"{""type"":""MultiPoint"",""coordinates"":[]}"
20051120,2005-11-20,2.0516720904220082E7,"{""type"":""MultiPoint"",""coordinates"":[]}"
20051121,2005-11-21,1.696820696141111E7,"{""type"":""MultiPoint"",""coordinates"":[]}"
20051122,2005-11-22,1.773250564878694E7,"{""type"":""MultiPoint"",""coordinates"":[]}"
20051123,2005-11-23,1.9676609170629892E7,"{""type"":""MultiPoint"",""coordinates"":[]}"
20051124,2005-11-24,1.9497609728493158E7,"{""type"":""MultiPoint"",""coordinates"":[]}"
20051125,2005-11-25,1.939517363080689E7,"{""type"":""MultiPoint"",""coordinates"":[]}"
20051126,2005-11-26,1.9792025822968706E7,"{""type"":""MultiPoint"",""coordinates"":[]}"
20051127,2005-11-27,1.784209353689322E7,"{""type"":""MultiPoint"",""coordinates"":[]}"
20051128,2005-11-28,1.8472629183633327E7,"{""type"":""MultiPoint"",""coordinates"":[]}"
20051129,2005-11-29,1.7253618253607042E7,"{""type"":""MultiPoint"",""coordinates"":[]}"
20051130,2005-11-30,1.7079381668532893E7,"{""type"":""MultiPoint"",""coordinates"":[]}"
20051201,2005-12-01,1.7148120145445775E7,"{""type"":""MultiPoint"",""coordinates"":[]}"
20051202,2005-12-02,1.5034808212870985E7,"{""type"":""MultiPoint"",""coordinates"":[]}"
20051203,2005-12-03,1.3531068297714366E7,"{""type"":""MultiPoint"",""coordinates"":[]}"
20051204,2005-12-04,1.3283379071458664E7,"{""type"":""MultiPoint"",""coordinates"":[]}"
20051205,2005-12-05,1.5150834313647574E7,"{""type"":""MultiPoint"",""coordinates"":[]}"
20051206,2005-12-06,1.8346019723717213E7,"{""type"":""MultiPoint"",""coordinates"":[]}"
20051207,2005-12-07,1.7995916853972264E7,"{""type"":""MultiPoint"",""coordinates"":[]}"
20051208,2005-12-08,1.6686664713342566E7,"{""type"":""MultiPoint"",""coordinates"":[]}"
20051209,2005-12-09,1.1976261821604155E7,"{""type"":""MultiPoint"",""coordinates"":[]}"
20051210,2005-12-10,1.375168764465313E7,"{""type"":""MultiPoint"",""coordinates"":[]}"
20051211,2005-12-11,1.6817434159131497E7,"{""type"":""MultiPoint"",""coordinates"":[]}"
20051212,2005-12-12,1.708426571091446E7,"{""type"":""MultiPoint"",""coordinates"":[]}"
20051213,2005-12-13,1.531896282591856E7,"{""type"":""MultiPoint"",""coordinates"":[]}"
20051214,2005-12-14,1.5787510318543933E7,"{""type"":""MultiPoint"",""coordinates"":[]}"
20051215,2005-12-15,1.6765540812393388E7,"{""type"":""MultiPoint"",""coordinates"":[]}"
20051216,2005-12-16,1.7861341000381272E7,"{""type"":""MultiPoint"",""coordinates"":[]}"
20051217,2005-12-17,1.5137142697088264E7,"{""type"":""MultiPoint"",""coordinates"":[]}"
20051218,2005-12-18,1.3607373551180942E7,"{""type"":""MultiPoint"",""coordinates"":[]}"
20051219,2005-12-19,1.2539477637308607E7,"{""type"":""MultiPoint"",""coordinates"":[]}"
20051220,2005-12-20,1.240497449256516E7,"{""type"":""MultiPoint"",""coordinates"":[]}"
20051221,2005-12-21,1.3096153146549476E7,"{""type"":""MultiPoint"",""coordinates"":[]}"
20051222,2005-12-22,1.608000039050428E7,"{""type"":""MultiPoint"",""coordinates"":[]}"
20051223,2005-12-23,1.210400766014487E7,"{""type"":""MultiPoint"",""coordinates"":[]}"
20051224,2005-12-24,1.5993699114321832E7,"{""type"":""MultiPoint"",""coordinates"":[]}"
20051225,2005-12-25,1.682310693564505E7,"{""type"":""MultiPoint"",""coordinates"":[]}"
20051226,2005-12-26,2.0719671932815604E7,"{""type"":""MultiPoint"",""coordinates"":[]}"
20051227,2005-12-27,2.0299303858166266E7,"{""type"":""MultiPoint"",""coordinates"":[]}"
20051228,2005-12-28,1.883977366130877E7,"{""type"":""MultiPoint"",""coordinates"":[]}"
20051229,2005-12-29,1.791360430068428E7,"{""type"":""MultiPoint"",""coordinates"":[]}"
20051230,2005-12-30,1.7167970806493685E7,"{""type"":""MultiPoint"",""coordinates"":[]}"
20051231,2005-12-31,1.5308383055565586E7,"{""type"":""MultiPoint"",""coordinates"":[]}"
20060101,2006-01-01,1.6506038913089719E7,"{""type"":""MultiPoint"",""coordinates"":[]}"
20060102,2006-01-02,1.4308703506752543E7,"{""type"":""MultiPoint"",""coordinates"":[]}"
20060103,2006-01-03,1.056619131924628E7,"{""type"":""MultiPoint"",""coordinates"":[]}"
20060104,2006-01-04,1.268945505885658E7,"{""type"":""MultiPoint"",""coordinates"":[]}"
20060105,2006-01-05,1.7903002046916693E7,"{""type"":""MultiPoint"",""coordinates"":[]}"
20060106,2006-01-06,1.5280514031505216E7,"{""type"":""MultiPoint"",""coordinates"":[]}"
20060107,2006-01-07,1.6809606498264197E7,"{""type"":""MultiPoint"",""coordinates"":[]}"
20060108,2006-01-08,2.074272131422952E7,"{""type"":""MultiPoint"",""coordinates"":[]}"
20060109,2006-01-09,1.7322366204563238E7,"{""type"":""MultiPoint"",""coordinates"":[]}"
20060110,2006-01-10,1.8786516640699938E7,"{""type"":""MultiPoint"",""coordinates"":[]}"
20060111,2006-01-11,1.8910546705436148E7,"{""type"":""MultiPoint"",""coordinates"":[]}"
20060112,2006-01-12,1.6825782229446344E7,"{""type"":""MultiPoint"",""coordinates"":[]}"
20060113,2006-01-13,1.5463835529548693E7,"{""type"":""MultiPoint"",""coordinates"":[]}"
20060114,2006-01-14,1.5263658614010794E7,"{""type"":""MultiPoint"",""coordinates"":[]}"
20060115,2006-01-15,1.5259956170007814E7,"{""type"":""MultiPoint"",""coordinates"":[]}"
20060116,2006-01-16,1.2525575792988587E7,"{""type"":""MultiPoint"",""coordinates"":[]}"
20060117,2006-01-17,8534037.198161859,"{""type"":""MultiPoint"",""coordinates"":[]}"
20060118,2006-01-18,1.1076121016595421E7,"{""type"":""MultiPoint"",""coordinates"":[]}"
20060119,2006-01-19,9153790.022916539,"{""type"":""MultiPoint"",""coordinates"":[]}"
20060120,2006-01-20,1.1507725705295684E7,"{""type"":""MultiPoint"",""coordinates"":[]}"
20060121,2006-01-21,1.3229437005919771E7,"{""type"":""MultiPoint"",""coordinates"":[]}"
20060122,2006-01-22,1.66465114812273E7,"{""type"":""MultiPoint"",""coordinates"":[]}"
20060123,2006-01-23,1.6549354884193193E7,"{""type"":""MultiPoint"",""coordinates"":[]}"
20060124,2006-01-24,1.4264990917424189E7,"{""type"":""MultiPoint"",""coordinates"":[]}"
20060125,2006-01-25,8944639.340918666,"{""type"":""MultiPoint"",""coordinates"":[]}"
20060126,2006-01-26,9390544.569341594,"{""type"":""MultiPoint"",""coordinates"":[]}"
20060127,2006-01-27,1.1997870097886944E7,"{""type"":""MultiPoint"",""coordinates"":[]}"
20060128,2006-01-28,1.483469421941283E7,"{""type"":""MultiPoint"",""coordinates"":[]}"
20060129,2006-01-29,1.5859096640138058E7,"{""type"":""MultiPoint"",""coordinates"":[]}"
20060130,2006-01-30,1.6509428772781093E7,"{""type"":""MultiPoint"",""coordinates"":[]}"
20060131,2006-01-31,1.4098309523849659E7,"{""type"":""MultiPoint"",""coordinates"":[]}"
20060201,2006-02-01,1.5979459631810237E7,"{""type"":""MultiPoint"",""coordinates"":[]}"
20060202,2006-02-02,1.843641501864227E7,"{""type"":""MultiPoint"",""coordinates"":[]}"
20060203,2006-02-03,1.7073951034374803E7,"{""type"":""MultiPoint"",""coordinates"":[]}"
20060204,2006-02-04,1.9155396398210015E7,"{""type"":""MultiPoint"",""coordinates"":[]}"
20060205,2006-02-05,1.806909462051251E7,"{""type"":""MultiPoint"",""coordinates"":[]}"
20060206,2006-02-06,2.0041261661469296E7,"{""type"":""MultiPoint"",""coordinates"":[]}"
20060207,2006-02-07,1.9533851980414577E7,"{""type"":""MultiPoint"",""coordinates"":[]}"
20060208,2006-02-08,1.796674674316216E7,"{""type"":""MultiPoint"",""coordinates"":[]}"
20060209,2006-02-09,1.5083346112415466E7,"{""type"":""MultiPoint"",""coordinates"":[]}"
20060210,2006-02-10,1.6290579557481991E7,"{""type"":""MultiPoint"",""coordinates"":[]}"
20060211,2006-02-11,1.991374554403708E7,"{""type"":""MultiPoint"",""coordinates"":[]}"
20060212,2006-02-12,2.088629878413901E7,"{""type"":""MultiPoint"",""coordinates"":[]}"
20060213,2006-02-13,2.2970813466538247E7,"{""type"":""MultiPoint"",""coordinates"":[]}"
20060214,2006-02-14,1.6765054194248786E7,"{""type"":""MultiPoint"",""coordinates"":[]}"
20060215,2006-02-15,1.7625520851483945E7,"{""type"":""MultiPoint"",""coordinates"":[]}"
20060216,2006-02-16,1.0516602916460974E7,"{""type"":""MultiPoint"",""coordinates"":[]}"
20060217,2006-02-17,1.9363265250456516E7,"{""type"":""MultiPoint"",""coordinates"":[]}"
20060218,2006-02-18,2.0207343681536317E7,"{""type"":""MultiPoint"",""coordinates"":[]}"
20060219,2006-02-19,1.7912769258924805E7,"{""type"":""MultiPoint"",""coordinates"":[]}"
20060220,2006-02-20,1.226000827267071E7,"{""type"":""MultiPoint"",""coordinates"":[]}"
20060221,2006-02-21,1.1942107728733964E7,"{""type"":""MultiPoint"",""coordinates"":[]}"
20060222,2006-02-22,1.8618316564605772E7,"{""type"":""MultiPoint"",""coordinates"":[]}"
20060223,2006-02-23,1.906788890831376E7,"{""type"":""MultiPoint"",""coordinates"":[]}"
20060224,2006-02-24,1.9895511134388857E7,"{""type"":""MultiPoint"",""coordinates"":[]}"
20060225,2006-02-25,1.8854742186382506E7,"{""type"":""MultiPoint"",""coordinates"":[]}"
20060226,2006-02-26,1.97589631580278E7,"{""type"":""MultiPoint"",""coordinates"":[]}"
20060227,2006-02-27,1.9596009713041548E7,"{""type"":""MultiPoint"",""coordinates"":[]}"
20060228,2006-02-28,1.7960182303935137E7,"{""type"":""MultiPoint"",""coordinates"":[]}"
20060301,2006-03-01,2.0775837473401155E7,"{""type"":""MultiPoint"",""coordinates"":[]}"
20060302,2006-03-02,1.939463791868842E7,"{""type"":""MultiPoint"",""coordinates"":[]}"
20060303,2006-03-03,2.0269507851463884E7,"{""type"":""MultiPoint"",""coordinates"":[]}"
20060304,2006-03-04,2.0412103597423904E7,"{""type"":""MultiPoint"",""coordinates"":[]}"
20060305,2006-03-05,1.3946625494011007E7,"{""type"":""MultiPoint"",""coordinates"":[]}"
20060306,2006-03-06,1.3288968830821823E7,"{""type"":""MultiPoint"",""coordinates"":[]}"
20060307,2006-03-07,1.2263530146524746E7,"{""type"":""MultiPoint"",""coordinates"":[]}"
20060308,2006-03-08,1.3859148337163933E7,"{""type"":""MultiPoint"",""coordinates"":[]}"
20060309,2006-03-09,1.3867923068173569E7,"{""type"":""MultiPoint"",""coordinates"":[]}"
20060310,2006-03-10,1.4475483718882797E7,"{""type"":""MultiPoint"",""coordinates"":[]}"
20060311,2006-03-11,1.3239134354326855E7,"{""type"":""MultiPoint"",""coordinates"":[]}"
20060312,2006-03-12,1.1680472085656868E7,"{""type"":""MultiPoint"",""coordinates"":[]}"
20060313,2006-03-13,1.2421720203711603E7,"{""type"":""MultiPoint"",""coordinates"":[]}"
20060314,2006-03-14,1.3552184634196872E7,"{""type"":""MultiPoint"",""coordinates"":[]}"
20060315,2006-03-15,1.226451911156224E7,"{""type"":""MultiPoint"",""coordinates"":[]}"
20060316,2006-03-16,1.3203809819209881E7,"{""type"":""MultiPoint"",""coordinates"":[]}"
20060317,2006-03-17,9894420.233541574,"{""type"":""MultiPoint"",""coordinates"":[]}"
20060318,2006-03-18,8769623.879996039,"{""type"":""MultiPoint"",""coordinates"":[]}"
20060319,2006-03-19,1.0183796536711488E7,"{""type"":""MultiPoint"",""coordinates"":[]}"
20060320,2006-03-20,9864335.133930434,"{""type"":""MultiPoint"",""coordinates"":[]}"
20060321,2006-03-21,1.370771137506701E7,"{""type"":""MultiPoint"",""coordinates"":[]}"
20060322,2006-03-22,2.1791555940802265E7,"{""type"":""MultiPoint"",""coordinates"":[]}"
20060323,2006-03-23,1.9083226240162138E7,"{""type"":""MultiPoint"",""coordinates"":[]}"
20060324,2006-03-24,1.686625643770191E7,"{""type"":""MultiPoint"",""coordinates"":[]}"
20060325,2006-03-25,2.0241923546083912E7,"{""type"":""MultiPoint"",""coordinates"":[]}"
20060326,2006-03-26,2.269647575666726E7,"{""type"":""MultiPoint"",""coordinates"":[]}"
20060327,2006-03-27,2.2321618790319666E7,"{""type"":""MultiPoint"",""coordinates"":[]}"
20060328,2006-03-28,2.1754390882788505E7,"{""type"":""MultiPoint"",""coordinates"":[]}"
20060329,2006-03-29,2.1043741298095632E7,"{""type"":""MultiPoint"",""coordinates"":[]}"
20060330,2006-03-30,2.167363291581882E7,"{""type"":""MultiPoint"",""coordinates"":[]}"
20060331,2006-03-31,2.207765965749603E7,"{""type"":""MultiPoint"",""coordinates"":[]}"
20060401,2006-04-01,2.2804362328978784E7,"{""type"":""MultiPoint"",""coordinates"":[]}"
20060402,2006-04-02,2.211562770533582E7,"{""type"":""MultiPoint"",""coordinates"":[]}"
20060403,2006-04-03,2.178049760720807E7,"{""type"":""MultiPoint"",""coordinates"":[]}"
20060404,2006-04-04,2.213035375879437E7,"{""type"":""MultiPoint"",""coordinates"":[]}"
20060405,2006-04-05,1.6502178545823034E7,"{""type"":""MultiPoint"",""coordinates"":[]}"
20060406,2006-04-06,2.253045125258362E7,"{""type"":""MultiPoint"",""coordinates"":[]}"
20060407,2006-04-07,2.2186940462023146E7,"{""type"":""MultiPoint"",""coordinates"":[]}"
20060408,2006-04-08,1.844841192406638E7,"{""type"":""MultiPoint"",""coordinates"":[]}"
20060409,2006-04-09,2.079027433548049E7,"{""type"":""MultiPoint"",""coordinates"":[]}"
20060410,2006-04-10,2.011650160516123E7,"{""type"":""MultiPoint"",""coordinates"":[]}"
20060411,2006-04-11,1.881548663459955E7,"{""type"":""MultiPoint"",""coordinates"":[]}"
20060412,2006-04-12,2.0975168842453793E7,"{""type"":""MultiPoint"",""coordinates"":[]}"
20060413,2006-04-13,1.8145934337125994E7,"{""type"":""MultiPoint"",""coordinates"":[]}"
20060414,2006-04-14,1.8799760185860768E7,"{""type"":""MultiPoint"",""coordinates"":[]}"
20060415,2006-04-15,2.132593164674011E7,"{""type"":""MultiPoint"",""coordinates"":[]}"
20060416,2006-04-16,1.7484153650994323E7,"{""type"":""MultiPoint"",""coordinates"":[]}"
20060417,2006-04-17,1.873254227543996E7,"{""type"":""MultiPoint"",""coordinates"":[]}"
20060418,2006-04-18,2.064343002355868E7,"{""type"":""MultiPoint"",""coordinates"":[]}"
20060419,2006-04-19,2.2079372723376073E7,"{""type"":""MultiPoint"",""coordinates"":[]}"
20060420,2006-04-20,2.2069469345453814E7,"{""type"":""MultiPoint"",""coordinates"":[]}"
20060421,2006-04-21,2.266522445556157E7,"{""type"":""MultiPoint"",""coordinates"":[]}"
20060422,2006-04-22,2.2382111160114776E7,"{""type"":""MultiPoint"",""coordinates"":[]}"
20060423,2006-04-23,2.149040476672085E7,"{""type"":""MultiPoint"",""coordinates"":[]}"
20060424,2006-04-24,1.8852952967310816E7,"{""type"":""MultiPoint"",""coordinates"":[]}"
20060425,2006-04-25,1.885002977966408E7,"{""type"":""MultiPoint"",""coordinates"":[]}"
20060426,2006-04-26,1.6997919101759873E7,"{""type"":""MultiPoint"",""coordinates"":[]}"
20060427,2006-04-27,1.2859042077619238E7,"{""type"":""MultiPoint"",""coordinates"":[]}"
20060428,2006-04-28,1.4443098912608102E7,"{""type"":""MultiPoint"",""coordinates"":[]}"
20060429,2006-04-29,9757573.212449579,"{""type"":""MultiPoint"",""coordinates"":[]}"
20060430,2006-04-30,2.1140348880540997E7,"{""type"":""MultiPoint"",""coordinates"":[]}"
20060501,2006-05-01,1.5203263293159142E7,"{""type"":""MultiPoint"",""coordinates"":[]}"
20060502,2006-05-02,1.5692889974314205E7,"{""type"":""MultiPoint"",""coordinates"":[]}"
20060503,2006-05-03,1.410527883137679E7,"{""type"":""MultiPoint"",""coordinates"":[]}"
20060504,2006-05-04,1.3380860759938184E7,"{""type"":""MultiPoint"",""coordinates"":[]}"
20060505,2006-05-05,1.4808915409949219E7,"{""type"":""MultiPoint"",""coordinates"":[]}"
20060506,2006-05-06,1.8237832740473174E7,"{""type"":""MultiPoint"",""coordinates"":[]}"
20060507,2006-05-07,1.9797317778339654E7,"{""type"":""MultiPoint"",""coordinates"":[]}"
20060508,2006-05-08,1.904958975722914E7,"{""type"":""MultiPoint"",""coordinates"":[]}"
20060509,2006-05-09,1.155219719294443E7,"{""type"":""MultiPoint"",""coordinates"":[]}"
20060510,2006-05-10,1.0839987967411151E7,"{""type"":""MultiPoint"",""coordinates"":[]}"
20060511,2006-05-11,1.5917919552906709E7,"{""type"":""MultiPoint"",""coordinates"":[]}"
20060512,2006-05-12,1.886882671266028E7,"{""type"":""MultiPoint"",""coordinates"":[]}"
20060513,2006-05-13,1.8715220297634088E7,"{""type"":""MultiPoint"",""coordinates"":[]}"
20060514,2006-05-14,1.0947605465775685E7,"{""type"":""MultiPoint"",""coordinates"":[]}"
20060515,2006-05-15,1.151814085068127E7,"{""type"":""MultiPoint"",""coordinates"":[]}"
20060516,2006-05-16,1.726240056171613E7,"{""type"":""MultiPoint"",""coordinates"":[]}"
20060517,2006-05-17,1.447083844889932E7,"{""type"":""MultiPoint"",""coordinates"":[]}"
20060518,2006-05-18,1.956958752015732E7,"{""type"":""MultiPoint"",""coordinates"":[]}"
20060519,2006-05-19,2.157033800341139E7,"{""type"":""MultiPoint"",""coordinates"":[]}"
20060520,2006-05-20,2.1879662788513638E7,"{""type"":""MultiPoint"",""coordinates"":[]}"
20060521,2006-05-21,1.7886197701202016E7,"{""type"":""MultiPoint"",""coordinates"":[]}"
20060522,2006-05-22,2.1552008533140685E7,"{""type"":""MultiPoint"",""coordinates"":[]}"
20060523,2006-05-23,1.717983842441756E7,"{""type"":""MultiPoint"",""coordinates"":[]}"
20060524,2006-05-24,1.3601110094836744E7,"{""type"":""MultiPoint"",""coordinates"":[]}"
20060525,2006-05-25,1.5879767716894431E7,"{""type"":""MultiPoint"",""coordinates"":[]}"
20060526,2006-05-26,1.6564694466478031E7,"{""type"":""MultiPoint"",""coordinates"":[]}"
20060527,2006-05-27,1.8440707844681233E7,"{""type"":""MultiPoint"",""coordinates"":[]}"
20060528,2006-05-28,1.3974963332972128E7,"{""type"":""MultiPoint"",""coordinates"":[]}"
20060529,2006-05-29,1.1656931066482048E7,"{""type"":""MultiPoint"",""coordinates"":[]}"
20060530,2006-05-30,1.3436050713703774E7,"{""type"":""MultiPoint"",""coordinates"":[]}"
20060531,2006-05-31,1.477732427331285E7,"{""type"":""MultiPoint"",""coordinates"":[]}"
20060601,2006-06-01,1.6543044272630572E7,"{""type"":""MultiPoint"",""coordinates"":[]}"
20060602,2006-06-02,1.7820689066803116E7,"{""type"":""MultiPoint"",""coordinates"":[]}"
20060603,2006-06-03,1.5095250134970795E7,"{""type"":""MultiPoint"",""coordinates"":[]}"
20060604,2006-06-04,1.1368323724560024E7,"{""type"":""MultiPoint"",""coordinates"":[]}"
20060605,2006-06-05,1.0380676417514497E7,"{""type"":""MultiPoint"",""coordinates"":[]}"
20060606,2006-06-06,1.3906466194048118E7,"{""type"":""MultiPoint"",""coordinates"":[]}"
20060607,2006-06-07,1.684991391310978E7,"{""type"":""MultiPoint"",""coordinates"":[]}"
20060608,2006-06-08,1.758232656544859E7,"{""type"":""MultiPoint"",""coordinates"":[]}"
20060609,2006-06-09,1.4572775474645311E7,"{""type"":""MultiPoint"",""coordinates"":[]}"
20060610,2006-06-10,8533204.937691892,"{""type"":""MultiPoint"",""coordinates"":[]}"
20060611,2006-06-11,1.5900850400738457E7,"{""type"":""MultiPoint"",""coordinates"":[]}"
20060612,2006-06-12,1.5025363381052712E7,"{""type"":""MultiPoint"",""coordinates"":[]}"
20060613,2006-06-13,1.9391158049324743E7,"{""type"":""MultiPoint"",""coordinates"":[]}"
20060614,2006-06-14,1.9735741371621203E7,"{""type"":""MultiPoint"",""coordinates"":[]}"
20060615,2006-06-15,1.7084382886681512E7,"{""type"":""MultiPoint"",""coordinates"":[]}"
20060616,2006-06-16,1.6258729102161208E7,"{""type"":""MultiPoint"",""coordinates"":[]}"
20060617,2006-06-17,1.5492635812654248E7,"{""type"":""MultiPoint"",""coordinates"":[]}"
20060618,2006-06-18,1.6606244418838926E7,"{""type"":""MultiPoint"",""coordinates"":[]}"
20060619,2006-06-19,1.6492233474605173E7,"{""type"":""MultiPoint"",""coordinates"":[]}"
20060620,2006-06-20,1.7302150190114986E7,"{""type"":""MultiPoint"",""coordinates"":[]}"
20060621,2006-06-21,1.7232886830012243E7,"{""type"":""MultiPoint"",""coordinates"":[]}"
20060622,2006-06-22,1.0240350093472194E7,"{""type"":""MultiPoint"",""coordinates"":[]}"
20060623,2006-06-23,1.0467005691168504E7,"{""type"":""MultiPoint"",""coordinates"":[]}"
20060624,2006-06-24,2.0253046189793896E7,"{""type"":""MultiPoint"",""coordinates"":[]}"
20060625,2006-06-25,1.5567242275439957E7,"{""type"":""MultiPoint"",""coordinates"":[]}"
20060626,2006-06-26,1.6268272982401209E7,"{""type"":""MultiPoint"",""coordinates"":[]}"
20060627,2006-06-27,1.422276923396143E7,"{""type"":""MultiPoint"",""coordinates"":[]}"
20060628,2006-06-28,1.6119386644031053E7,"{""type"":""MultiPoint"",""coordinates"":[]}"
20060629,2006-06-29,1.5231032832620943E7,"{""type"":""MultiPoint"",""coordinates"":[]}"
20060630,2006-06-30,1.925517010005417E7,"{""type"":""MultiPoint"",""coordinates"":[]}"
20060701,2006-07-01,2.002121755687997E7,"{""type"":""MultiPoint"",""coordinates"":[]}"
20060702,2006-07-02,1.8621043860975657E7,"{""type"":""MultiPoint"",""coordinates"":[]}"
20060703,2006-07-03,1.7088033259406406E7,"{""type"":""MultiPoint"",""coordinates"":[]}"
20060704,2006-07-04,1.4340505782754395E7,"{""type"":""MultiPoint"",""coordinates"":[]}"
20060705,2006-07-05,1.5626812399895642E7,"{""type"":""MultiPoint"",""coordinates"":[]}"
20060706,2006-07-06,1.778147127975437E7,"{""type"":""MultiPoint"",""coordinates"":[]}"
20060707,2006-07-07,1.696473400092308E7,"{""type"":""MultiPoint"",""coordinates"":[]}"
20060708,2006-07-08,1.902441048807014E7,"{""type"":""MultiPoint"",""coordinates"":[]}"
20060709,2006-07-09,1.781374564525514E7,"{""type"":""MultiPoint"",""coordinates"":[]}"
20060710,2006-07-10,1.2661690161940873E7,"{""type"":""MultiPoint"",""coordinates"":[]}"
20060711,2006-07-11,1.87632097850019E7,"{""type"":""MultiPoint"",""coordinates"":[]}"
20060712,2006-07-12,1.2925075408664942E7,"{""type"":""MultiPoint"",""coordinates"":[]}"
20060713,2006-07-13,1.7767722707121782E7,"{""type"":""MultiPoint"",""coordinates"":[]}"
20060714,2006-07-14,1.6289196359320123E7,"{""type"":""MultiPoint"",""coordinates"":[]}"
20060715,2006-07-15,1.844797187574498E7,"{""type"":""MultiPoint"",""coordinates"":[]}"
20060716,2006-07-16,1.786393939052435E7,"{""type"":""MultiPoint"",""coordinates"":[]}"
20060717,2006-07-17,1.6217411739610288E7,"{""type"":""MultiPoint"",""coordinates"":[]}"
20060718,2006-07-18,1.4597303480545022E7,"{""type"":""MultiPoint"",""coordinates"":[]}"
20060719,2006-07-19,1.767869891682218E7,"{""type"":""MultiPoint"",""coordinates"":[]}"
20060720,2006-07-20,2.0187485003993332E7,"{""type"":""MultiPoint"",""coordinates"":[]}"
20060721,2006-07-21,1.952966784833343E7,"{""type"":""MultiPoint"",""coordinates"":[]}"
20060722,2006-07-22,1.6988352214596733E7,"{""type"":""MultiPoint"",""coordinates"":[]}"
20060723,2006-07-23,1.5886244551361537E7,"{""type"":""MultiPoint"",""coordinates"":[]}"
20060724,2006-07-24,1.4401514393995948E7,"{""type"":""MultiPoint"",""coordinates"":[]}"
20060725,2006-07-25,1.9292076177874092E7,"{""type"":""MultiPoint"",""coordinates"":[]}"
20060726,2006-07-26,2.0271661114683036E7,"{""type"":""MultiPoint"",""coordinates"":[]}"
20060727,2006-07-27,2.1429557981899533E7,"{""type"":""MultiPoint"",""coordinates"":[]}"
20060728,2006-07-28,2.131628228274437E7,"{""type"":""MultiPoint"",""coordinates"":[]}"
20060729,2006-07-29,2.0303720622158E7,"{""type"":""MultiPoint"",""coordinates"":[]}"
20060730,2006-07-30,1.9010985558003724E7,"{""type"":""MultiPoint"",""coordinates"":[]}"
20060731,2006-07-31,2.1608880892902296E7,"{""type"":""MultiPoint"",""coordinates"":[]}"
20060801,2006-08-01,2.455531477326269E7,"{""type"":""MultiPoint"",""coordinates"":[]}"
20060802,2006-08-02,2.1161580417875703E7,"{""type"":""MultiPoint"",""coordinates"":[]}"
20060803,2006-08-03,1.9702660955431134E7,"{""type"":""MultiPoint"",""coordinates"":[]}"
20060804,2006-08-04,1.9830965052675936E7,"{""type"":""MultiPoint"",""coordinates"":[]}"
20060805,2006-08-05,1.9906220276924927E7,"{""type"":""MultiPoint"",""coordinates"":[]}"
20060806,2006-08-06,2.199491726426263E7,"{""type"":""MultiPoint"",""coordinates"":[]}"
20060807,2006-08-07,1.8957283871691447E7,"{""type"":""MultiPoint"",""coordinates"":[]}"
20060808,2006-08-08,2.1508139278831284E7,"{""type"":""MultiPoint"",""coordinates"":[]}"
20060809,2006-08-09,2.1998779036622304E7,"{""type"":""MultiPoint"",""coordinates"":[]}"
20060810,2006-08-10,2.3646256866333544E7,"{""type"":""MultiPoint"",""coordinates"":[]}"
20060811,2006-08-11,2.071652267505468E7,"{""type"":""MultiPoint"",""coordinates"":[]}"
20060812,2006-08-12,2.0771216933036335E7,"{""type"":""MultiPoint"",""coordinates"":[]}"
20060813,2006-08-13,1.8694356936006248E7,"{""type"":""MultiPoint"",""coordinates"":[]}"
20060814,2006-08-14,1.836355499632773E7,"{""type"":""MultiPoint"",""coordinates"":[]}"
20060815,2006-08-15,2.2271488183733664E7,"{""type"":""MultiPoint"",""coordinates"":[]}"
20060816,2006-08-16,2.10043851016796E7,"{""type"":""MultiPoint"",""coordinates"":[]}"
20060817,2006-08-17,1.6828322235907927E7,"{""type"":""MultiPoint"",""coordinates"":[]}"
20060818,2006-08-18,1.862820436028334E7,"{""type"":""MultiPoint"",""coordinates"":[]}"
20060819,2006-08-19,2.263458230249031E7,"{""type"":""MultiPoint"",""coordinates"":[]}"
20060820,2006-08-20,2.130108791563823E7,"{""type"":""MultiPoint"",""coordinates"":[]}"
20060821,2006-08-21,2.1453510305379957E7,"{""type"":""MultiPoint"",""coordinates"":[]}"
20060822,2006-08-22,1.9004070680111565E7,"{""type"":""MultiPoint"",""coordinates"":[]}"
20060823,2006-08-23,1.71384512530251E7,"{""type"":""MultiPoint"",""coordinates"":[]}"
20060824,2006-08-24,2.0098135002107043E7,"{""type"":""MultiPoint"",""coordinates"":[]}"
20060825,2006-08-25,2.3677242921357334E7,"{""type"":""MultiPoint"",""coordinates"":[]}"
20060826,2006-08-26,2.2833955572371718E7,"{""type"":""MultiPoint"",""coordinates"":[]}"
20060827,2006-08-27,2.132789538831698E7,"{""type"":""MultiPoint"",""coordinates"":[]}"
20060828,2006-08-28,1.9670162705636818E7,"{""type"":""MultiPoint"",""coordinates"":[]}"
20060829,2006-08-29,2.3222776584030654E7,"{""type"":""MultiPoint"",""coordinates"":[]}"
20060830,2006-08-30,2.3023915293801297E7,"{""type"":""MultiPoint"",""coordinates"":[]}"
20060831,2006-08-31,2.35995414298557E7,"{""type"":""MultiPoint"",""coordinates"":[]}"
20060901,2006-09-01,2.295433347440451E7,"{""type"":""MultiPoint"",""coordinates"":[]}"
20060902,2006-09-02,2.293865043336744E7,"{""type"":""MultiPoint"",""coordinates"":[]}"
20060903,2006-09-03,2.3634688157646514E7,"{""type"":""MultiPoint"",""coordinates"":[]}"
20060904,2006-09-04,2.3256357884373803E7,"{""type"":""MultiPoint"",""coordinates"":[]}"
20060905,2006-09-05,2.213366709533842E7,"{""type"":""MultiPoint"",""coordinates"":[]}"
20060906,2006-09-06,2.2970273761483353E7,"{""type"":""MultiPoint"",""coordinates"":[]}"
20060907,2006-09-07,2.4829029246924717E7,"{""type"":""MultiPoint"",""coordinates"":[]}"
20060908,2006-09-08,2.5627574807336494E7,"{""type"":""MultiPoint"",""coordinates"":[]}"
20060909,2006-09-09,2.370927575582445E7,"{""type"":""MultiPoint"",""coordinates"":[]}"
20060910,2006-09-10,2.2507494659081325E7,"{""type"":""MultiPoint"",""coordinates"":[]}"
20060911,2006-09-11,2.3816265454859212E7,"{""type"":""MultiPoint"",""coordinates"":[]}"
20060912,2006-09-12,2.240508663299419E7,"{""type"":""MultiPoint"",""coordinates"":[]}"
20060913,2006-09-13,2.296530901787971E7,"{""type"":""MultiPoint"",""coordinates"":[]}"
20060914,2006-09-14,2.06280229595248E7,"{""type"":""MultiPoint"",""coordinates"":[]}"
20060915,2006-09-15,2.1005946029217575E7,"{""type"":""MultiPoint"",""coordinates"":[]}"
20060916,2006-09-16,1.938945398262195E7,"{""type"":""MultiPoint"",""coordinates"":[]}"
20060917,2006-09-17,2.146230952300684E7,"{""type"":""MultiPoint"",""coordinates"":[]}"
20060918,2006-09-18,2.5515089316035554E7,"{""type"":""MultiPoint"",""coordinates"":[]}"
20060919,2006-09-19,2.362441851680613E7,"{""type"":""MultiPoint"",""coordinates"":[]}"
20060920,2006-09-20,1.6769493396223376E7,"{""type"":""MultiPoint"",""coordinates"":[]}"
20060921,2006-09-21,2.1748901807958573E7,"{""type"":""MultiPoint"",""coordinates"":[]}"
20060922,2006-09-22,2.3970635427768737E7,"{""type"":""MultiPoint"",""coordinates"":[]}"
20060923,2006-09-23,1.536533124426759E7,"{""type"":""MultiPoint"",""coordinates"":[]}"
20060924,2006-09-24,1.68822611951563E7,"{""type"":""MultiPoint"",""coordinates"":[]}"
20060925,2006-09-25,1.6152771300332302E7,"{""type"":""MultiPoint"",""coordinates"":[]}"
20060926,2006-09-26,1.5539686640152408E7,"{""type"":""MultiPoint"",""coordinates"":[]}"
20060927,2006-09-27,1.3881036445946604E7,"{""type"":""MultiPoint"",""coordinates"":[]}"
20060928,2006-09-28,1.3269197692324411E7,"{""type"":""MultiPoint"",""coordinates"":[]}"
20060929,2006-09-29,1.5136331236639887E7,"{""type"":""MultiPoint"",""coordinates"":[]}"
20060930,2006-09-30,1.4838575215598142E7,"{""type"":""MultiPoint"",""coordinates"":[]}"
20061001,2006-10-01,1.6007478385913167E7,"{""type"":""MultiPoint"",""coordinates"":[]}"
20061002,2006-10-02,1.5778148187273609E7,"{""type"":""MultiPoint"",""coordinates"":[]}"
20061003,2006-10-03,1.4924202157900494E7,"{""type"":""MultiPoint"",""coordinates"":[]}"
20061004,2006-10-04,1.4761250852693915E7,"{""type"":""MultiPoint"",""coordinates"":[]}"
20061005,2006-10-05,1.5668575802747365E7,"{""type"":""MultiPoint"",""coordinates"":[]}"
20061006,2006-10-06,1.5840543668492466E7,"{""type"":""MultiPoint"",""coordinates"":[]}"
20061007,2006-10-07,1.1226828640939444E7,"{""type"":""MultiPoint"",""coordinates"":[]}"
20061008,2006-10-08,1.3260941025729766E7,"{""type"":""MultiPoint"",""coordinates"":[]}"
20061009,2006-10-09,1.543889058309029E7,"{""type"":""MultiPoint"",""coordinates"":[]}"
20061010,2006-10-10,1.340870753594079E7,"{""type"":""MultiPoint"",""coordinates"":[]}"
20061011,2006-10-11,2.4174080955832466E7,"{""type"":""MultiPoint"",""coordinates"":[]}"
20061012,2006-10-12,2.3716572204683647E7,"{""type"":""MultiPoint"",""coordinates"":[]}"
20061013,2006-10-13,2.4063169688278854E7,"{""type"":""MultiPoint"",""coordinates"":[]}"
20061014,2006-10-14,2.1643238903377272E7,"{""type"":""MultiPoint"",""coordinates"":[]}"
20061015,2006-10-15,2.2741142867979046E7,"{""type"":""MultiPoint"",""coordinates"":[]}"
20061016,2006-10-16,2.15378542738346E7,"{""type"":""MultiPoint"",""coordinates"":[]}"
20061017,2006-10-17,2.1188835711436182E7,"{""type"":""MultiPoint"",""coordinates"":[]}"
20061018,2006-10-18,2.0380174343587574E7,"{""type"":""MultiPoint"",""coordinates"":[]}"
20061019,2006-10-19,1.5388148331426956E7,"{""type"":""MultiPoint"",""coordinates"":[]}"
20061020,2006-10-20,1.7033890703991316E7,"{""type"":""MultiPoint"",""coordinates"":[]}"
20061021,2006-10-21,2.1314209748479918E7,"{""type"":""MultiPoint"",""coordinates"":[]}"
20061022,2006-10-22,1.9824988378142986E7,"{""type"":""MultiPoint"",""coordinates"":[]}"
20061023,2006-10-23,2.1111264090863477E7,"{""type"":""MultiPoint"",""coordinates"":[]}"
20061024,2006-10-24,2.1302458587281518E7,"{""type"":""MultiPoint"",""coordinates"":[]}"
20061025,2006-10-25,2.2035016215479698E7,"{""type"":""MultiPoint"",""coordinates"":[]}"
20061026,2006-10-26,2.38796906928742E7,"{""type"":""MultiPoint"",""coordinates"":[]}"
20061027,2006-10-27,2.4191639294925038E7,"{""type"":""MultiPoint"",""coordinates"":[]}"
20061028,2006-10-28,1.8478626576926928E7,"{""type"":""MultiPoint"",""coordinates"":[]}"
20061029,2006-10-29,1.5417754208817447E7,"{""type"":""MultiPoint"",""coordinates"":[]}"
20061030,2006-10-30,1.9185574172134925E7,"{""type"":""MultiPoint"",""coordinates"":[]}"
20061031,2006-10-31,1.722178484739028E7,"{""type"":""MultiPoint"",""coordinates"":[]}"
20061101,2006-11-01,1.76971034837156E7,"{""type"":""MultiPoint"",""coordinates"":[]}"
20061102,2006-11-02,1.9647462959324136E7,"{""type"":""MultiPoint"",""coordinates"":[]}"
20061103,2006-11-03,2.202470817105131E7,"{""type"":""MultiPoint"",""coordinates"":[]}"
20061104,2006-11-04,1.9829772285674144E7,"{""type"":""MultiPoint"",""coordinates"":[]}"
20061105,2006-11-05,1.940781787008608E7,"{""type"":""MultiPoint"",""coordinates"":[]}"
20061106,2006-11-06,1.6555114614091057E7,"{""type"":""MultiPoint"",""coordinates"":[]}"
20061107,2006-11-07,1.941890504525113E7,"{""type"":""MultiPoint"",""coordinates"":[]}"
20061108,2006-11-08,1.929849926867738E7,"{""type"":""MultiPoint"",""coordinates"":[]}"
20061109,2006-11-09,1.616635224746654E7,"{""type"":""MultiPoint"",""coordinates"":[]}"
20061110,2006-11-10,7564250.67822527,"{""type"":""MultiPoint"",""coordinates"":[]}"
20061111,2006-11-11,1.982878194016013E7,"{""type"":""MultiPoint"",""coordinates"":[]}"
20061112,2006-11-12,2.093703723139284E7,"{""type"":""MultiPoint"",""coordinates"":[]}"
20061113,2006-11-13,2.0079345340075854E7,"{""type"":""MultiPoint"",""coordinates"":[]}"
20061114,2006-11-14,2.006882804639496E7,"{""type"":""MultiPoint"",""coordinates"":[]}"
20061115,2006-11-15,2.0387244549114034E7,"{""type"":""MultiPoint"",""coordinates"":[]}"
20061116,2006-11-16,2.0162325085545707E7,"{""type"":""MultiPoint"",""coordinates"":[]}"
20061117,2006-11-17,2.3037714013926517E7,"{""type"":""MultiPoint"",""coordinates"":[]}"
20061118,2006-11-18,2.1736527851022404E7,"{""type"":""MultiPoint"",""coordinates"":[]}"
20061119,2006-11-19,1.954892395874219E7,"{""type"":""MultiPoint"",""coordinates"":[]}"
20061120,2006-11-20,1.9048750218128543E7,"{""type"":""MultiPoint"",""coordinates"":[]}"
20061121,2006-11-21,1.6494730190757122E7,"{""type"":""MultiPoint"",""coordinates"":[]}"
20061122,2006-11-22,1.5556250561435187E7,"{""type"":""MultiPoint"",""coordinates"":[]}"
20061123,2006-11-23,1.7288100936407592E7,"{""type"":""MultiPoint"",""coordinates"":[]}"
20061124,2006-11-24,1.8418598086890213E7,"{""type"":""MultiPoint"",""coordinates"":[]}"
20061125,2006-11-25,1.955326859374309E7,"{""type"":""MultiPoint"",""coordinates"":[]}"
20061126,2006-11-26,2.008729029157385E7,"{""type"":""MultiPoint"",""coordinates"":[]}"
20061127,2006-11-27,1.802685752742159E7,"{""type"":""MultiPoint"",""coordinates"":[]}"
20061128,2006-11-28,1.748572731523288E7,"{""type"":""MultiPoint"",""coordinates"":[]}"
20061129,2006-11-29,1.2680205835008925E7,"{""type"":""MultiPoint"",""coordinates"":[]}"
20061130,2006-11-30,1.5665724568378378E7,"{""type"":""MultiPoint"",""coordinates"":[]}"
20061201,2006-12-01,1.8153763172034588E7,"{""type"":""MultiPoint"",""coordinates"":[]}"
20061202,2006-12-02,1.7344019629723277E7,"{""type"":""MultiPoint"",""coordinates"":[]}"
20061203,2006-12-03,2.038626462456605E7,"{""type"":""MultiPoint"",""coordinates"":[]}"
20061204,2006-12-04,1.8313356045592267E7,"{""type"":""MultiPoint"",""coordinates"":[]}"
20061205,2006-12-05,1.8173580704352535E7,"{""type"":""MultiPoint"",""coordinates"":[]}"
20061206,2006-12-06,1.3538996076495485E7,"{""type"":""MultiPoint"",""coordinates"":[]}"
20061207,2006-12-07,1.2479768231011577E7,"{""type"":""MultiPoint"",""coordinates"":[]}"
20061208,2006-12-08,1.461297569947624E7,"{""type"":""MultiPoint"",""coordinates"":[]}"
20061209,2006-12-09,8701738.371280078,"{""type"":""MultiPoint"",""coordinates"":[]}"
20061210,2006-12-10,1.4494591705175282E7,"{""type"":""MultiPoint"",""coordinates"":[]}"
20061211,2006-12-11,1.592649283390524E7,"{""type"":""MultiPoint"",""coordinates"":[]}"
20061212,2006-12-12,1.4878302061766291E7,"{""type"":""MultiPoint"",""coordinates"":[]}"
20061213,2006-12-13,1.891601621319205E7,"{""type"":""MultiPoint"",""coordinates"":[]}"
20061214,2006-12-14,1.8173557758433163E7,"{""type"":""MultiPoint"",""coordinates"":[]}"
20061215,2006-12-15,1.8760959228703864E7,"{""type"":""MultiPoint"",""coordinates"":[]}"
20061216,2006-12-16,1.5265748634439016E7,"{""type"":""MultiPoint"",""coordinates"":[]}"
20061217,2006-12-17,1.9058384832299873E7,"{""type"":""MultiPoint"",""coordinates"":[]}"
20061218,2006-12-18,1.8971988051692646E7,"{""type"":""MultiPoint"",""coordinates"":[]}"
20061219,2006-12-19,1.9009707269560322E7,"{""type"":""MultiPoint"",""coordinates"":[]}"
20061220,2006-12-20,1.602923040386892E7,"{""type"":""MultiPoint"",""coordinates"":[]}"
20061221,2006-12-21,1.0614840875403846E7,"{""type"":""MultiPoint"",""coordinates"":[]}"
20061222,2006-12-22,9931331.148917386,"{""type"":""MultiPoint"",""coordinates"":[]}"
20061223,2006-12-23,1.057023139461802E7,"{""type"":""MultiPoint"",""coordinates"":[]}"
20061224,2006-12-24,1.6433405866072673E7,"{""type"":""MultiPoint"",""coordinates"":[]}"
20061225,2006-12-25,1.9261884027853023E7,"{""type"":""MultiPoint"",""coordinates"":[]}"
20061226,2006-12-26,1.7879579678686813E7,"{""type"":""MultiPoint"",""coordinates"":[]}"
20061227,2006-12-27,1.8393894834667787E7,"{""type"":""MultiPoint"",""coordinates"":[]}"
20061228,2006-12-28,1.9880771868841927E7,"{""type"":""MultiPoint"",""coordinates"":[]}"
20061229,2006-12-29,1.809579776718238E7,"{""type"":""MultiPoint"",""coordinates"":[]}"
20061230,2006-12-30,1.3884327426725248E7,"{""type"":""MultiPoint"",""coordinates"":[]}"
20061231,2006-12-31,1.8184489062107433E7,"{""type"":""MultiPoint"",""coordinates"":[]}"
20070101,2007-01-01,1.8586142819818184E7,"{""type"":""MultiPoint"",""coordinates"":[]}"
20070102,2007-01-02,1.9043611486846045E7,"{""type"":""MultiPoint"",""coordinates"":[]}"
20070103,2007-01-03,1.13199811967973E7,"{""type"":""MultiPoint"",""coordinates"":[]}"
20070104,2007-01-04,1.33437771502418E7,"{""type"":""MultiPoint"",""coordinates"":[]}"
20070105,2007-01-05,1.9313435401440803E7,"{""type"":""MultiPoint"",""coordinates"":[]}"
20070106,2007-01-06,1.5042748231172116E7,"{""type"":""MultiPoint"",""coordinates"":[]}"
20070107,2007-01-07,1.7925814288603924E7,"{""type"":""MultiPoint"",""coordinates"":[]}"
20070108,2007-01-08,1.81620596631148E7,"{""type"":""MultiPoint"",""coordinates"":[]}"
20070109,2007-01-09,1.7096596030742675E7,"{""type"":""MultiPoint"",""coordinates"":[]}"
20070110,2007-01-10,1.5441739391567834E7,"{""type"":""MultiPoint"",""coordinates"":[]}"
20070111,2007-01-11,1.8627034417835556E7,"{""type"":""MultiPoint"",""coordinates"":[]}"
20070112,2007-01-12,1.8459144519735903E7,"{""type"":""MultiPoint"",""coordinates"":[]}"
20070113,2007-01-13,1.919324707081652E7,"{""type"":""MultiPoint"",""coordinates"":[]}"
20070114,2007-01-14,1.626834888856781E7,"{""type"":""MultiPoint"",""coordinates"":[]}"
20070115,2007-01-15,1.452329573021893E7,"{""type"":""MultiPoint"",""coordinates"":[]}"
20070116,2007-01-16,1.5979018011919806E7,"{""type"":""MultiPoint"",""coordinates"":[]}"
20070117,2007-01-17,1.4904780673609847E7,"{""type"":""MultiPoint"",""coordinates"":[]}"
20070118,2007-01-18,1.0922060701703684E7,"{""type"":""MultiPoint"",""coordinates"":[]}"
20070119,2007-01-19,1.4368905883892197E7,"{""type"":""MultiPoint"",""coordinates"":[]}"
20070120,2007-01-20,1.882072405891677E7,"{""type"":""MultiPoint"",""coordinates"":[]}"
20070121,2007-01-21,1.774910071888106E7,"{""type"":""MultiPoint"",""coordinates"":[]}"
20070122,2007-01-22,1.743982385198562E7,"{""type"":""MultiPoint"",""coordinates"":[]}"
20070123,2007-01-23,1.6481790006461587E7,"{""type"":""MultiPoint"",""coordinates"":[]}"
20070124,2007-01-24,1.7166845090201274E7,"{""type"":""MultiPoint"",""coordinates"":[]}"
20070125,2007-01-25,1.9912069888788544E7,"{""type"":""MultiPoint"",""coordinates"":[]}"
20070126,2007-01-26,2.0571935351433776E7,"{""type"":""MultiPoint"",""coordinates"":[]}"
20070127,2007-01-27,1.4581717918246938E7,"{""type"":""MultiPoint"",""coordinates"":[]}"
20070128,2007-01-28,1.2782679039672507E7,"{""type"":""MultiPoint"",""coordinates"":[]}"
20070129,2007-01-29,1.8616607423273735E7,"{""type"":""MultiPoint"",""coordinates"":[]}"
20070130,2007-01-30,1.9405705028715894E7,"{""type"":""MultiPoint"",""coordinates"":[]}"
20070131,2007-01-31,1.8197761547568873E7,"{""type"":""MultiPoint"",""coordinates"":[]}"
20070201,2007-02-01,2.1222650035358086E7,"{""type"":""MultiPoint"",""coordinates"":[]}"
20070202,2007-02-02,1.785046023101157E7,"{""type"":""MultiPoint"",""coordinates"":[]}"
20070203,2007-02-03,2.251171781124958E7,"{""type"":""MultiPoint"",""coordinates"":[]}"
20070204,2007-02-04,1.9573127197720375E7,"{""type"":""MultiPoint"",""coordinates"":[]}"
20070205,2007-02-05,2.029116553304035E7,"{""type"":""MultiPoint"",""coordinates"":[]}"
20070206,2007-02-06,2.2137017428210218E7,"{""type"":""MultiPoint"",""coordinates"":[]}"
20070207,2007-02-07,1.6946557057612427E7,"{""type"":""MultiPoint"",""coordinates"":[]}"
20070208,2007-02-08,1.9443225120622873E7,"{""type"":""MultiPoint"",""coordinates"":[]}"
20070209,2007-02-09,1.8513597099833444E7,"{""type"":""MultiPoint"",""coordinates"":[]}"
20070210,2007-02-10,1.7069820625529263E7,"{""type"":""MultiPoint"",""coordinates"":[]}"
20070211,2007-02-11,1.7760872286155753E7,"{""type"":""MultiPoint"",""coordinates"":[]}"
20070212,2007-02-12,1.6449876572873384E7,"{""type"":""MultiPoint"",""coordinates"":[]}"
20070213,2007-02-13,1.922348290674854E7,"{""type"":""MultiPoint"",""coordinates"":[]}"
20070214,2007-02-14,2.1429253122870374E7,"{""type"":""MultiPoint"",""coordinates"":[]}"
20070215,2007-02-15,2.0019870408283655E7,"{""type"":""MultiPoint"",""coordinates"":[]}"
20070216,2007-02-16,1.9543571510444872E7,"{""type"":""MultiPoint"",""coordinates"":[]}"
20070217,2007-02-17,1.9993752522465028E7,"{""type"":""MultiPoint"",""coordinates"":[]}"
20070218,2007-02-18,1.9395324007063583E7,"{""type"":""MultiPoint"",""coordinates"":[]}"
20070219,2007-02-19,2.2048939453053195E7,"{""type"":""MultiPoint"",""coordinates"":[]}"
20070220,2007-02-20,2.105190616057632E7,"{""type"":""MultiPoint"",""coordinates"":[]}"
20070221,2007-02-21,2.08318872107238E7,"{""type"":""MultiPoint"",""coordinates"":[]}"
20070222,2007-02-22,1.7748462342223026E7,"{""type"":""MultiPoint"",""coordinates"":[]}"
20070223,2007-02-23,2.0088611659823805E7,"{""type"":""MultiPoint"",""coordinates"":[]}"
20070224,2007-02-24,1.8574956723095134E7,"{""type"":""MultiPoint"",""coordinates"":[]}"
20070225,2007-02-25,2.0313904155399032E7,"{""type"":""MultiPoint"",""coordinates"":[]}"
20070226,2007-02-26,2.0863825330243003E7,"{""type"":""MultiPoint"",""coordinates"":[]}"
20070227,2007-02-27,2.099762480199867E7,"{""type"":""MultiPoint"",""coordinates"":[]}"
20070228,2007-02-28,1.9907503188569825E7,"{""type"":""MultiPoint"",""coordinates"":[]}"
20070301,2007-03-01,1.8604445863343563E7,"{""type"":""MultiPoint"",""coordinates"":[]}"
20070302,2007-03-02,1.923719695049465E7,"{""type"":""MultiPoint"",""coordinates"":[]}"
20070303,2007-03-03,2.008727728208215E7,"{""type"":""MultiPoint"",""coordinates"":[]}"
20070304,2007-03-04,1.7616904254488114E7,"{""type"":""MultiPoint"",""coordinates"":[]}"
20070305,2007-03-05,1.3142475733776134E7,"{""type"":""MultiPoint"",""coordinates"":[]}"
20070306,2007-03-06,1.0066101560406938E7,"{""type"":""MultiPoint"",""coordinates"":[]}"
20070307,2007-03-07,7875853.456988081,"{""type"":""MultiPoint"",""coordinates"":[]}"
20070308,2007-03-08,1.3790827358700128E7,"{""type"":""MultiPoint"",""coordinates"":[]}"
20070309,2007-03-09,1.4648477065438125E7,"{""type"":""MultiPoint"",""coordinates"":[]}"
20070310,2007-03-10,1.4120918558734782E7,"{""type"":""MultiPoint"",""coordinates"":[]}"
20070311,2007-03-11,1.3154903280211639E7,"{""type"":""MultiPoint"",""coordinates"":[]}"
20070312,2007-03-12,8098597.430538388,"{""type"":""MultiPoint"",""coordinates"":[]}"
20070313,2007-03-13,1.288220948549733E7,"{""type"":""MultiPoint"",""coordinates"":[]}"
20070314,2007-03-14,1.3164040790199637E7,"{""type"":""MultiPoint"",""coordinates"":[]}"
20070315,2007-03-15,1.442897543727606E7,"{""type"":""MultiPoint"",""coordinates"":[]}"
20070316,2007-03-16,1.2376538799079407E7,"{""type"":""MultiPoint"",""coordinates"":[]}"
20070317,2007-03-17,9911706.83976942,"{""type"":""MultiPoint"",""coordinates"":[]}"
20070318,2007-03-18,1.4083566339080453E7,"{""type"":""MultiPoint"",""coordinates"":[]}"
20070319,2007-03-19,1.4108160196928984E7,"{""type"":""MultiPoint"",""coordinates"":[]}"
20070320,2007-03-20,1.3621919256361714E7,"{""type"":""MultiPoint"",""coordinates"":[]}"
20070321,2007-03-21,1.4133533219974697E7,"{""type"":""MultiPoint"",""coordinates"":[]}"
20070322,2007-03-22,2.0017296545060497E7,"{""type"":""MultiPoint"",""coordinates"":[]}"
20070323,2007-03-23,1.4424081871009156E7,"{""type"":""MultiPoint"",""coordinates"":[]}"
20070324,2007-03-24,1.8427988677141648E7,"{""type"":""MultiPoint"",""coordinates"":[]}"
20070325,2007-03-25,1.4950771579836654E7,"{""type"":""MultiPoint"",""coordinates"":[]}"
20070326,2007-03-26,1.4366753615596088E7,"{""type"":""MultiPoint"",""coordinates"":[]}"
20070327,2007-03-27,1.932031795304316E7,"{""type"":""MultiPoint"",""coordinates"":[]}"
20070328,2007-03-28,2.1287397153853867E7,"{""type"":""MultiPoint"",""coordinates"":[]}"
20070329,2007-03-29,2.110403679678124E7,"{""type"":""MultiPoint"",""coordinates"":[]}"
20070330,2007-03-30,1.564460428932635E7,"{""type"":""MultiPoint"",""coordinates"":[]}"
20070331,2007-03-31,1.7191089138683196E7,"{""type"":""MultiPoint"",""coordinates"":[]}"
20070401,2007-04-01,1.192446102514398E7,"{""type"":""MultiPoint"",""coordinates"":[]}"
20070402,2007-04-02,1.1227471519916512E7,"{""type"":""MultiPoint"",""coordinates"":[]}"
20070403,2007-04-03,1.2537832937611613E7,"{""type"":""MultiPoint"",""coordinates"":[]}"
20070404,2007-04-04,1.2547767494913008E7,"{""type"":""MultiPoint"",""coordinates"":[]}"
20070405,2007-04-05,1.870424556952221E7,"{""type"":""MultiPoint"",""coordinates"":[]}"
20070406,2007-04-06,2.2643379512852922E7,"{""type"":""MultiPoint"",""coordinates"":[]}"
20070407,2007-04-07,1.9946507848654505E7,"{""type"":""MultiPoint"",""coordinates"":[]}"
20070408,2007-04-08,2.2556785619810164E7,"{""type"":""MultiPoint"",""coordinates"":[]}"
20070409,2007-04-09,2.1214165517949942E7,"{""type"":""MultiPoint"",""coordinates"":[]}"
20070410,2007-04-10,2.250452429434309E7,"{""type"":""MultiPoint"",""coordinates"":[]}"
20070411,2007-04-11,2.1662542718078375E7,"{""type"":""MultiPoint"",""coordinates"":[]}"
20070412,2007-04-12,1.906248633210924E7,"{""type"":""MultiPoint"",""coordinates"":[]}"
20070413,2007-04-13,1.756379300459534E7,"{""type"":""MultiPoint"",""coordinates"":[]}"
20070414,2007-04-14,1.605431325045651E7,"{""type"":""MultiPoint"",""coordinates"":[]}"
20070415,2007-04-15,1.7270005748720717E7,"{""type"":""MultiPoint"",""coordinates"":[]}"
20070416,2007-04-16,1.5406968447414361E7,"{""type"":""MultiPoint"",""coordinates"":[]}"
20070417,2007-04-17,2.20949647145867E7,"{""type"":""MultiPoint"",""coordinates"":[]}"
20070418,2007-04-18,2.230530218650291E7,"{""type"":""MultiPoint"",""coordinates"":[]}"
20070419,2007-04-19,2.2769998064856615E7,"{""type"":""MultiPoint"",""coordinates"":[]}"
20070420,2007-04-20,2.2168334431280475E7,"{""type"":""MultiPoint"",""coordinates"":[]}"
20070421,2007-04-21,2.183285083920292E7,"{""type"":""MultiPoint"",""coordinates"":[]}"
20070422,2007-04-22,2.149984162025164E7,"{""type"":""MultiPoint"",""coordinates"":[]}"
20070423,2007-04-23,1.6556228908353893E7,"{""type"":""MultiPoint"",""coordinates"":[]}"
20070424,2007-04-24,1.778412524246984E7,"{""type"":""MultiPoint"",""coordinates"":[]}"
20070425,2007-04-25,1.6471011966488063E7,"{""type"":""MultiPoint"",""coordinates"":[]}"
20070426,2007-04-26,2.2075200279573776E7,"{""type"":""MultiPoint"",""coordinates"":[]}"
20070427,2007-04-27,2.077356348989624E7,"{""type"":""MultiPoint"",""coordinates"":[]}"
20070428,2007-04-28,1.5335500615495754E7,"{""type"":""MultiPoint"",""coordinates"":[]}"
20070429,2007-04-29,1.315146267983063E7,"{""type"":""MultiPoint"",""coordinates"":[]}"
20070430,2007-04-30,1.7645017481789175E7,"{""type"":""MultiPoint"",""coordinates"":[]}"
20070501,2007-05-01,2.072114165376356E7,"{""type"":""MultiPoint"",""coordinates"":[]}"
20070502,2007-05-02,1.8819240479200523E7,"{""type"":""MultiPoint"",""coordinates"":[]}"
20070503,2007-05-03,2.0249947194509663E7,"{""type"":""MultiPoint"",""coordinates"":[]}"
20070504,2007-05-04,1.308481062693396E7,"{""type"":""MultiPoint"",""coordinates"":[]}"
20070505,2007-05-05,1.4338152886561109E7,"{""type"":""MultiPoint"",""coordinates"":[]}"
20070506,2007-05-06,1.6647151743583567E7,"{""type"":""MultiPoint"",""coordinates"":[]}"
20070507,2007-05-07,1.7947359889510956E7,"{""type"":""MultiPoint"",""coordinates"":[]}"
20070508,2007-05-08,2.134246889687556E7,"{""type"":""MultiPoint"",""coordinates"":[]}"
20070509,2007-05-09,2.320915202648846E7,"{""type"":""MultiPoint"",""coordinates"":[]}"
20070510,2007-05-10,2.202193276078101E7,"{""type"":""MultiPoint"",""coordinates"":[]}"
20070511,2007-05-11,1.6365721757068604E7,"{""type"":""MultiPoint"",""coordinates"":[]}"
20070512,2007-05-12,2.045831335291875E7,"{""type"":""MultiPoint"",""coordinates"":[]}"
20070513,2007-05-13,1.8612165060823143E7,"{""type"":""MultiPoint"",""coordinates"":[]}"
20070514,2007-05-14,1.9693403166496094E7,"{""type"":""MultiPoint"",""coordinates"":[]}"
20070515,2007-05-15,1.4215775395661507E7,"{""type"":""MultiPoint"",""coordinates"":[]}"
20070516,2007-05-16,1.4222374923123231E7,"{""type"":""MultiPoint"",""coordinates"":[]}"
20070517,2007-05-17,1.07887801856601E7,"{""type"":""MultiPoint"",""coordinates"":[]}"
20070518,2007-05-18,1.4348117610177994E7,"{""type"":""MultiPoint"",""coordinates"":[]}"
20070519,2007-05-19,1.2953856779242657E7,"{""type"":""MultiPoint"",""coordinates"":[]}"
20070520,2007-05-20,1.4725582401741818E7,"{""type"":""MultiPoint"",""coordinates"":[]}"
20070521,2007-05-21,1.4519281037946738E7,"{""type"":""MultiPoint"",""coordinates"":[]}"
20070522,2007-05-22,4998879.935143377,"{""type"":""MultiPoint"",""coordinates"":[]}"
20070523,2007-05-23,1.8308623094335075E7,"{""type"":""MultiPoint"",""coordinates"":[]}"
20070524,2007-05-24,1.5893461354443837E7,"{""type"":""MultiPoint"",""coordinates"":[]}"
20070525,2007-05-25,1.0831955288142392E7,"{""type"":""MultiPoint"",""coordinates"":[]}"
20070526,2007-05-26,1.6562417183312258E7,"{""type"":""MultiPoint"",""coordinates"":[]}"
20070527,2007-05-27,1.4818758787389873E7,"{""type"":""MultiPoint"",""coordinates"":[]}"
20070528,2007-05-28,8951840.21190777,"{""type"":""MultiPoint"",""coordinates"":[]}"
20070529,2007-05-29,1.2182066349687947E7,"{""type"":""MultiPoint"",""coordinates"":[]}"
20070530,2007-05-30,1.4822958716753952E7,"{""type"":""MultiPoint"",""coordinates"":[]}"
20070531,2007-05-31,1.7906481603596002E7,"{""type"":""MultiPoint"",""coordinates"":[]}"
20070601,2007-06-01,1.1915121754740832E7,"{""type"":""MultiPoint"",""coordinates"":[]}"
20070602,2007-06-02,1.3027671112074323E7,"{""type"":""MultiPoint"",""coordinates"":[]}"
20070603,2007-06-03,1.1755326244777547E7,"{""type"":""MultiPoint"",""coordinates"":[]}"
20070604,2007-06-04,4871841.289105611,"{""type"":""MultiPoint"",""coordinates"":[]}"
20070605,2007-06-05,1.4738911425521228E7,"{""type"":""MultiPoint"",""coordinates"":[]}"
20070606,2007-06-06,2.1846002566732883E7,"{""type"":""MultiPoint"",""coordinates"":[]}"
20070607,2007-06-07,2.0182024486023303E7,"{""type"":""MultiPoint"",""coordinates"":[]}"
20070608,2007-06-08,1.868355913238215E7,"{""type"":""MultiPoint"",""coordinates"":[]}"
20070609,2007-06-09,2.1421980672084756E7,"{""type"":""MultiPoint"",""coordinates"":[]}"
20070610,2007-06-10,1.7898477317600794E7,"{""type"":""MultiPoint"",""coordinates"":[]}"
20070611,2007-06-11,2.1091135186161775E7,"{""type"":""MultiPoint"",""coordinates"":[]}"
20070612,2007-06-12,1.592894700355185E7,"{""type"":""MultiPoint"",""coordinates"":[]}"
20070613,2007-06-13,1.9551866816848263E7,"{""type"":""MultiPoint"",""coordinates"":[]}"
20070614,2007-06-14,1.8178043245640434E7,"{""type"":""MultiPoint"",""coordinates"":[]}"
20070615,2007-06-15,1.5640692773623891E7,"{""type"":""MultiPoint"",""coordinates"":[]}"
20070616,2007-06-16,1.4244491213774001E7,"{""type"":""MultiPoint"",""coordinates"":[]}"
20070617,2007-06-17,1.059883407171954E7,"{""type"":""MultiPoint"",""coordinates"":[]}"
20070618,2007-06-18,1.4085862819577375E7,"{""type"":""MultiPoint"",""coordinates"":[]}"
20070619,2007-06-19,1.977590819023537E7,"{""type"":""MultiPoint"",""coordinates"":[]}"
20070620,2007-06-20,1.8559888779001854E7,"{""type"":""MultiPoint"",""coordinates"":[]}"
20070621,2007-06-21,1.5667154257941514E7,"{""type"":""MultiPoint"",""coordinates"":[]}"
20070622,2007-06-22,1.9370758220456317E7,"{""type"":""MultiPoint"",""coordinates"":[]}"
20070623,2007-06-23,1.778864816912487E7,"{""type"":""MultiPoint"",""coordinates"":[]}"
20070624,2007-06-24,1.6355814755362915E7,"{""type"":""MultiPoint"",""coordinates"":[]}"
20070625,2007-06-25,1.3342444246182246E7,"{""type"":""MultiPoint"",""coordinates"":[]}"
20070626,2007-06-26,1.6912283826299835E7,"{""type"":""MultiPoint"",""coordinates"":[]}"
20070627,2007-06-27,1.6783921657776963E7,"{""type"":""MultiPoint"",""coordinates"":[]}"
20070628,2007-06-28,1.4974210185700232E7,"{""type"":""MultiPoint"",""coordinates"":[]}"
20070629,2007-06-29,1.050576879938996E7,"{""type"":""MultiPoint"",""coordinates"":[]}"
20070630,2007-06-30,1.984399229249693E7,"{""type"":""MultiPoint"",""coordinates"":[]}"
20070701,2007-07-01,1.6891257067324862E7,"{""type"":""MultiPoint"",""coordinates"":[]}"
20070702,2007-07-02,1.8004875687516302E7,"{""type"":""MultiPoint"",""coordinates"":[]}"
20070703,2007-07-03,1.957872837950754E7,"{""type"":""MultiPoint"",""coordinates"":[]}"
20070704,2007-07-04,2.077926588445406E7,"{""type"":""MultiPoint"",""coordinates"":[]}"
20070705,2007-07-05,2.1296611621295113E7,"{""type"":""MultiPoint"",""coordinates"":[]}"
20070706,2007-07-06,1.961303171769709E7,"{""type"":""MultiPoint"",""coordinates"":[]}"
20070707,2007-07-07,1.6147748424216885E7,"{""type"":""MultiPoint"",""coordinates"":[]}"
20070708,2007-07-08,1.8580611850380268E7,"{""type"":""MultiPoint"",""coordinates"":[]}"
20070709,2007-07-09,1.699511659005077E7,"{""type"":""MultiPoint"",""coordinates"":[]}"
20070710,2007-07-10,1.6617309431581479E7,"{""type"":""MultiPoint"",""coordinates"":[]}"
20070711,2007-07-11,1.5346371379046014E7,"{""type"":""MultiPoint"",""coordinates"":[]}"
20070712,2007-07-12,1.7078704647924066E7,"{""type"":""MultiPoint"",""coordinates"":[]}"
20070713,2007-07-13,1.624438614115144E7,"{""type"":""MultiPoint"",""coordinates"":[]}"
20070714,2007-07-14,2.075549680436658E7,"{""type"":""MultiPoint"",""coordinates"":[]}"
20070715,2007-07-15,2.095454751682619E7,"{""type"":""MultiPoint"",""coordinates"":[]}"
20070716,2007-07-16,1.771800836831015E7,"{""type"":""MultiPoint"",""coordinates"":[]}"
20070717,2007-07-17,1.734642438596913E7,"{""type"":""MultiPoint"",""coordinates"":[]}"
20070718,2007-07-18,1.892442395617361E7,"{""type"":""MultiPoint"",""coordinates"":[]}"
20070719,2007-07-19,1.7977610814159285E7,"{""type"":""MultiPoint"",""coordinates"":[]}"
20070720,2007-07-20,1.9951706811068967E7,"{""type"":""MultiPoint"",""coordinates"":[]}"
20070721,2007-07-21,2.1495790354905378E7,"{""type"":""MultiPoint"",""coordinates"":[]}"
20070722,2007-07-22,2.2481393371019192E7,"{""type"":""MultiPoint"",""coordinates"":[]}"
20070723,2007-07-23,2.144708238095237E7,"{""type"":""MultiPoint"",""coordinates"":[]}"
20070724,2007-07-24,1.998182121120542E7,"{""type"":""MultiPoint"",""coordinates"":[]}"
20070725,2007-07-25,2.1585004259426475E7,"{""type"":""MultiPoint"",""coordinates"":[]}"
20070726,2007-07-26,2.1723992219212163E7,"{""type"":""MultiPoint"",""coordinates"":[]}"
20070727,2007-07-27,2.2065045119659666E7,"{""type"":""MultiPoint"",""coordinates"":[]}"
20070728,2007-07-28,1.860174518953303E7,"{""type"":""MultiPoint"",""coordinates"":[]}"
20070729,2007-07-29,1.758104661224489E7,"{""type"":""MultiPoint"",""coordinates"":[]}"
20070730,2007-07-30,1.4041146672124892E7,"{""type"":""MultiPoint"",""coordinates"":[]}"
20070731,2007-07-31,1.4004710274597144E7,"{""type"":""MultiPoint"",""coordinates"":[]}"
20070801,2007-08-01,1.8986634400417384E7,"{""type"":""MultiPoint"",""coordinates"":[]}"
20070802,2007-08-02,1.86826879703008E7,"{""type"":""MultiPoint"",""coordinates"":[]}"
20070803,2007-08-03,1.923144207444865E7,"{""type"":""MultiPoint"",""coordinates"":[]}"
20070804,2007-08-04,2.019803483687515E7,"{""type"":""MultiPoint"",""coordinates"":[]}"
20070805,2007-08-05,2.0211098403387308E7,"{""type"":""MultiPoint"",""coordinates"":[]}"
20070806,2007-08-06,2.083174196709008E7,"{""type"":""MultiPoint"",""coordinates"":[]}"
20070807,2007-08-07,2.00902226741316E7,"{""type"":""MultiPoint"",""coordinates"":[]}"
20070808,2007-08-08,2.071239006192683E7,"{""type"":""MultiPoint"",""coordinates"":[]}"
20070809,2007-08-09,1.929072546236429E7,"{""type"":""MultiPoint"",""coordinates"":[]}"
20070810,2007-08-10,1.0359609718178716E7,"{""type"":""MultiPoint"",""coordinates"":[]}"
20070811,2007-08-11,2.1965997761282675E7,"{""type"":""MultiPoint"",""coordinates"":[]}"
20070812,2007-08-12,1.979930559091365E7,"{""type"":""MultiPoint"",""coordinates"":[]}"
20070813,2007-08-13,2.0726085060702737E7,"{""type"":""MultiPoint"",""coordinates"":[]}"
20070814,2007-08-14,2.1622248901450835E7,"{""type"":""MultiPoint"",""coordinates"":[]}"
20070815,2007-08-15,1.9981893601268232E7,"{""type"":""MultiPoint"",""coordinates"":[]}"
20070816,2007-08-16,2.0870431045170862E7,"{""type"":""MultiPoint"",""coordinates"":[]}"
20070817,2007-08-17,2.114360911620814E7,"{""type"":""MultiPoint"",""coordinates"":[]}"
20070818,2007-08-18,1.9863463913992736E7,"{""type"":""MultiPoint"",""coordinates"":[]}"
20070819,2007-08-19,1.9830615155900706E7,"{""type"":""MultiPoint"",""coordinates"":[]}"
20070820,2007-08-20,1.8838797482953053E7,"{""type"":""MultiPoint"",""coordinates"":[]}"
20070821,2007-08-21,1.793883425272409E7,"{""type"":""MultiPoint"",""coordinates"":[]}"
20070822,2007-08-22,1.9458866298316382E7,"{""type"":""MultiPoint"",""coordinates"":[]}"
20070823,2007-08-23,2.1660865993217334E7,"{""type"":""MultiPoint"",""coordinates"":[]}"
20070824,2007-08-24,2.015039537988882E7,"{""type"":""MultiPoint"",""coordinates"":[]}"
20070825,2007-08-25,1.8869184181486152E7,"{""type"":""MultiPoint"",""coordinates"":[]}"
20070826,2007-08-26,2.2258018345433734E7,"{""type"":""MultiPoint"",""coordinates"":[]}"
20070827,2007-08-27,1.9977802294222698E7,"{""type"":""MultiPoint"",""coordinates"":[]}"
20070828,2007-08-28,2.090824846579576E7,"{""type"":""MultiPoint"",""coordinates"":[]}"
20070829,2007-08-29,1.998581143146107E7,"{""type"":""MultiPoint"",""coordinates"":[]}"
20070830,2007-08-30,1.9318180686292212E7,"{""type"":""MultiPoint"",""coordinates"":[]}"
20070831,2007-08-31,2.028443627596171E7,"{""type"":""MultiPoint"",""coordinates"":[]}"
20070901,2007-09-01,2.1230292390825354E7,"{""type"":""MultiPoint"",""coordinates"":[]}"
20070902,2007-09-02,2.372810706804725E7,"{""type"":""MultiPoint"",""coordinates"":[]}"
20070903,2007-09-03,2.366373096879578E7,"{""type"":""MultiPoint"",""coordinates"":[]}"
20070904,2007-09-04,2.3582544934882496E7,"{""type"":""MultiPoint"",""coordinates"":[]}"
20070905,2007-09-05,2.394208285425321E7,"{""type"":""MultiPoint"",""coordinates"":[]}"
20070906,2007-09-06,2.3318155338430364E7,"{""type"":""MultiPoint"",""coordinates"":[]}"
20070907,2007-09-07,2.094031689382537E7,"{""type"":""MultiPoint"",""coordinates"":[]}"
20070908,2007-09-08,2.127597634848392E7,"{""type"":""MultiPoint"",""coordinates"":[]}"
20070909,2007-09-09,2.387491136548069E7,"{""type"":""MultiPoint"",""coordinates"":[]}"
20070910,2007-09-10,2.1766925513414796E7,"{""type"":""MultiPoint"",""coordinates"":[]}"
20070911,2007-09-11,2.2403291470712163E7,"{""type"":""MultiPoint"",""coordinates"":[]}"
20070912,2007-09-12,2.094008507860253E7,"{""type"":""MultiPoint"",""coordinates"":[]}"
20070913,2007-09-13,2.137138758870627E7,"{""type"":""MultiPoint"",""coordinates"":[]}"
20070914,2007-09-14,2.345809883679488E7,"{""type"":""MultiPoint"",""coordinates"":[]}"
20070915,2007-09-15,2.4727192682680134E7,"{""type"":""MultiPoint"",""coordinates"":[]}"
20070916,2007-09-16,1.927498330186824E7,"{""type"":""MultiPoint"",""coordinates"":[]}"
20070917,2007-09-17,1.72691353410792E7,"{""type"":""MultiPoint"",""coordinates"":[]}"
20070918,2007-09-18,2.0556475197479583E7,"{""type"":""MultiPoint"",""coordinates"":[]}"
20070919,2007-09-19,2.4332089513655603E7,"{""type"":""MultiPoint"",""coordinates"":[]}"
20070920,2007-09-20,2.175096294202636E7,"{""type"":""MultiPoint"",""coordinates"":[]}"
20070921,2007-09-21,1.9834129037344728E7,"{""type"":""MultiPoint"",""coordinates"":[]}"
20070922,2007-09-22,1.712430870655991E7,"{""type"":""MultiPoint"",""coordinates"":[]}"
20070923,2007-09-23,7705785.026660042,"{""type"":""MultiPoint"",""coordinates"":[]}"
20070924,2007-09-24,1.2825211181018641E7,"{""type"":""MultiPoint"",""coordinates"":[]}"
20070925,2007-09-25,1.5435919784896294E7,"{""type"":""MultiPoint"",""coordinates"":[]}"
20070926,2007-09-26,1.3006229120964257E7,"{""type"":""MultiPoint"",""coordinates"":[]}"
20070927,2007-09-27,1.3432420149974497E7,"{""type"":""MultiPoint"",""coordinates"":[]}"
20070928,2007-09-28,1.2494098303165006E7,"{""type"":""MultiPoint"",""coordinates"":[]}"
20070929,2007-09-29,1.3410511172327973E7,"{""type"":""MultiPoint"",""coordinates"":[]}"
20070930,2007-09-30,1.4794688368515683E7,"{""type"":""MultiPoint"",""coordinates"":[]}"
20071001,2007-10-01,1.5341757314986987E7,"{""type"":""MultiPoint"",""coordinates"":[]}"
20071002,2007-10-02,1.5140229401075367E7,"{""type"":""MultiPoint"",""coordinates"":[]}"
20071003,2007-10-03,1.4625968072083442E7,"{""type"":""MultiPoint"",""coordinates"":[]}"
20071004,2007-10-04,1.350374319568262E7,"{""type"":""MultiPoint"",""coordinates"":[]}"
20071005,2007-10-05,1.2723992712682089E7,"{""type"":""MultiPoint"",""coordinates"":[]}"
20071006,2007-10-06,1.3298261079674358E7,"{""type"":""MultiPoint"",""coordinates"":[]}"
20071007,2007-10-07,1.4818105578715675E7,"{""type"":""MultiPoint"",""coordinates"":[]}"
20071008,2007-10-08,1.4205898259932935E7,"{""type"":""MultiPoint"",""coordinates"":[]}"
20071009,2007-10-09,1.4657663573734764E7,"{""type"":""MultiPoint"",""coordinates"":[]}"
20071010,2007-10-10,1.3157954310714103E7,"{""type"":""MultiPoint"",""coordinates"":[]}"
20071011,2007-10-11,1.9856561432825636E7,"{""type"":""MultiPoint"",""coordinates"":[]}"
20071012,2007-10-12,1.9011574274075404E7,"{""type"":""MultiPoint"",""coordinates"":[]}"
20071013,2007-10-13,1.5490651588465467E7,"{""type"":""MultiPoint"",""coordinates"":[]}"
20071014,2007-10-14,2.306174292220014E7,"{""type"":""MultiPoint"",""coordinates"":[]}"
20071015,2007-10-15,2.24333242003893E7,"{""type"":""MultiPoint"",""coordinates"":[]}"
20071016,2007-10-16,2.181962327935303E7,"{""type"":""MultiPoint"",""coordinates"":[]}"
20071017,2007-10-17,1.984543103943169E7,"{""type"":""MultiPoint"",""coordinates"":[]}"
20071018,2007-10-18,2.2778241000622075E7,"{""type"":""MultiPoint"",""coordinates"":[]}"
20071019,2007-10-19,2.182473771219873E7,"{""type"":""MultiPoint"",""coordinates"":[]}"
20071020,2007-10-20,2.0065987077077426E7,"{""type"":""MultiPoint"",""coordinates"":[]}"
20071021,2007-10-21,2.024735371966368E7,"{""type"":""MultiPoint"",""coordinates"":[]}"
20071022,2007-10-22,2.175631286288203E7,"{""type"":""MultiPoint"",""coordinates"":[]}"
20071023,2007-10-23,2.225478471077398E7,"{""type"":""MultiPoint"",""coordinates"":[]}"
20071024,2007-10-24,2.3260994679349013E7,"{""type"":""MultiPoint"",""coordinates"":[]}"
20071025,2007-10-25,2.278554860088694E7,"{""type"":""MultiPoint"",""coordinates"":[]}"
20071026,2007-10-26,2.181116823711195E7,"{""type"":""MultiPoint"",""coordinates"":[]}"
20071027,2007-10-27,2.1243941269600462E7,"{""type"":""MultiPoint"",""coordinates"":[]}"
20071028,2007-10-28,2.1101956633154724E7,"{""type"":""MultiPoint"",""coordinates"":[]}"
20071029,2007-10-29,1.9255715320771374E7,"{""type"":""MultiPoint"",""coordinates"":[]}"
20071030,2007-10-30,1.4670310360443875E7,"{""type"":""MultiPoint"",""coordinates"":[]}"
20071031,2007-10-31,2.0543000999257512E7,"{""type"":""MultiPoint"",""coordinates"":[]}"
20071101,2007-11-01,2.0731699933056403E7,"{""type"":""MultiPoint"",""coordinates"":[]}"
20071102,2007-11-02,2.2370434528284468E7,"{""type"":""MultiPoint"",""coordinates"":[]}"
20071103,2007-11-03,2.2193521048060518E7,"{""type"":""MultiPoint"",""coordinates"":[]}"
20071104,2007-11-04,2.1858269257961582E7,"{""type"":""MultiPoint"",""coordinates"":[]}"
20071105,2007-11-05,2.156073302438143E7,"{""type"":""MultiPoint"",""coordinates"":[]}"
20071106,2007-11-06,2.355713702983966E7,"{""type"":""MultiPoint"",""coordinates"":[]}"
20071107,2007-11-07,2.1653818122288432E7,"{""type"":""MultiPoint"",""coordinates"":[]}"
20071108,2007-11-08,2.1527278310276315E7,"{""type"":""MultiPoint"",""coordinates"":[]}"
20071109,2007-11-09,1.6241848747055158E7,"{""type"":""MultiPoint"",""coordinates"":[]}"
20071110,2007-11-10,1.5498807891076187E7,"{""type"":""MultiPoint"",""coordinates"":[]}"
20071111,2007-11-11,1.5082326057110747E7,"{""type"":""MultiPoint"",""coordinates"":[]}"
20071112,2007-11-12,1.7473105468986403E7,"{""type"":""MultiPoint"",""coordinates"":[]}"
20071113,2007-11-13,1.967339831645696E7,"{""type"":""MultiPoint"",""coordinates"":[]}"
20071114,2007-11-14,2.1195389390805285E7,"{""type"":""MultiPoint"",""coordinates"":[]}"
20071115,2007-11-15,2.1987396753637146E7,"{""type"":""MultiPoint"",""coordinates"":[]}"
20071116,2007-11-16,2.0034307873979088E7,"{""type"":""MultiPoint"",""coordinates"":[]}"
20071117,2007-11-17,2.155517528127947E7,"{""type"":""MultiPoint"",""coordinates"":[]}"
20071118,2007-11-18,1.8811917008087005E7,"{""type"":""MultiPoint"",""coordinates"":[]}"
20071119,2007-11-19,1.878744420572712E7,"{""type"":""MultiPoint"",""coordinates"":[]}"
20071120,2007-11-20,2.013407891549775E7,"{""type"":""MultiPoint"",""coordinates"":[]}"
20071121,2007-11-21,1.9842654446330737E7,"{""type"":""MultiPoint"",""coordinates"":[]}"
20071122,2007-11-22,1.8553890766118832E7,"{""type"":""MultiPoint"",""coordinates"":[]}"
20071123,2007-11-23,1.8080200976942986E7,"{""type"":""MultiPoint"",""coordinates"":[]}"
20071124,2007-11-24,1.9880228342022352E7,"{""type"":""MultiPoint"",""coordinates"":[]}"
20071125,2007-11-25,1.8871475013103753E7,"{""type"":""MultiPoint"",""coordinates"":[]}"
20071126,2007-11-26,1.6686874386771813E7,"{""type"":""MultiPoint"",""coordinates"":[]}"
20071127,2007-11-27,1.7464428827082448E7,"{""type"":""MultiPoint"",""coordinates"":[]}"
20071128,2007-11-28,1.7202473832279816E7,"{""type"":""MultiPoint"",""coordinates"":[]}"
20071129,2007-11-29,1.9694389318082392E7,"{""type"":""MultiPoint"",""coordinates"":[]}"
20071130,2007-11-30,1.6096300004093667E7,"{""type"":""MultiPoint"",""coordinates"":[]}"
20071201,2007-12-01,1.5602468212951254E7,"{""type"":""MultiPoint"",""coordinates"":[]}"
20071202,2007-12-02,1.4895134532940013E7,"{""type"":""MultiPoint"",""coordinates"":[]}"
20071203,2007-12-03,9396692.004254209,"{""type"":""MultiPoint"",""coordinates"":[]}"
20071204,2007-12-04,1.325990013436879E7,"{""type"":""MultiPoint"",""coordinates"":[]}"
20071205,2007-12-05,1.6179724461621802E7,"{""type"":""MultiPoint"",""coordinates"":[]}"
20071206,2007-12-06,1.4098310467360977E7,"{""type"":""MultiPoint"",""coordinates"":[]}"
20071207,2007-12-07,1.7348268559548885E7,"{""type"":""MultiPoint"",""coordinates"":[]}"
20071208,2007-12-08,1.778470859342202E7,"{""type"":""MultiPoint"",""coordinates"":[]}"
20071209,2007-12-09,1.6903097367045924E7,"{""type"":""MultiPoint"",""coordinates"":[]}"
20071210,2007-12-10,1.6719281513133854E7,"{""type"":""MultiPoint"",""coordinates"":[]}"
20071211,2007-12-11,1.6507724364176344E7,"{""type"":""MultiPoint"",""coordinates"":[]}"
20071212,2007-12-12,1.2675000078983806E7,"{""type"":""MultiPoint"",""coordinates"":[]}"
20071213,2007-12-13,1.0495481817430213E7,"{""type"":""MultiPoint"",""coordinates"":[]}"
20071214,2007-12-14,8314471.236730679,"{""type"":""MultiPoint"",""coordinates"":[]}"
20071215,2007-12-15,1.2050548142315336E7,"{""type"":""MultiPoint"",""coordinates"":[]}"
20071216,2007-12-16,8951747.187124996,"{""type"":""MultiPoint"",""coordinates"":[]}"
20071217,2007-12-17,1.1894592425902518E7,"{""type"":""MultiPoint"",""coordinates"":[]}"
20071218,2007-12-18,1.5096426400658192E7,"{""type"":""MultiPoint"",""coordinates"":[]}"
20071219,2007-12-19,1.4141091910260268E7,"{""type"":""MultiPoint"",""coordinates"":[]}"
20071220,2007-12-20,1.258137738189552E7,"{""type"":""MultiPoint"",""coordinates"":[]}"
20071221,2007-12-21,1.2483200526157359E7,"{""type"":""MultiPoint"",""coordinates"":[]}"
20071222,2007-12-22,1.5756784457528137E7,"{""type"":""MultiPoint"",""coordinates"":[]}"
20071223,2007-12-23,1.3425332777235962E7,"{""type"":""MultiPoint"",""coordinates"":[]}"
20071224,2007-12-24,1.27112452944033E7,"{""type"":""MultiPoint"",""coordinates"":[]}"
20071225,2007-12-25,1.071467449714045E7,"{""type"":""MultiPoint"",""coordinates"":[]}"
20071226,2007-12-26,1.809446618979391E7,"{""type"":""MultiPoint"",""coordinates"":[]}"
20071227,2007-12-27,1.575932845206991E7,"{""type"":""MultiPoint"",""coordinates"":[]}"
20071228,2007-12-28,1.781719022422891E7,"{""type"":""MultiPoint"",""coordinates"":[]}"
20071229,2007-12-29,1.725440687263459E7,"{""type"":""MultiPoint"",""coordinates"":[]}"
20071230,2007-12-30,1.3707531251660546E7,"{""type"":""MultiPoint"",""coordinates"":[]}"
20071231,2007-12-31,1.4858318970963007E7,"{""type"":""MultiPoint"",""coordinates"":[]}"
20080101,2008-01-01,1.2458003585415283E7,"{""type"":""MultiPoint"",""coordinates"":[]}"
20080102,2008-01-02,1.5465017391286891E7,"{""type"":""MultiPoint"",""coordinates"":[]}"
20080103,2008-01-03,1.7505191994782567E7,"{""type"":""MultiPoint"",""coordinates"":[]}"
20080104,2008-01-04,1.919765407798045E7,"{""type"":""MultiPoint"",""coordinates"":[]}"
20080105,2008-01-05,1.7589111607248206E7,"{""type"":""MultiPoint"",""coordinates"":[]}"
20080106,2008-01-06,1.5784353208275633E7,"{""type"":""MultiPoint"",""coordinates"":[]}"
20080107,2008-01-07,1.1722350307065595E7,"{""type"":""MultiPoint"",""coordinates"":[]}"
20080108,2008-01-08,1.2974292929825613E7,"{""type"":""MultiPoint"",""coordinates"":[]}"
20080109,2008-01-09,1.885885393173197E7,"{""type"":""MultiPoint"",""coordinates"":[]}"
20080110,2008-01-10,1.833793731944694E7,"{""type"":""MultiPoint"",""coordinates"":[]}"
20080111,2008-01-11,1.8051972119438924E7,"{""type"":""MultiPoint"",""coordinates"":[]}"
20080112,2008-01-12,1.2498938321834926E7,"{""type"":""MultiPoint"",""coordinates"":[]}"
20080113,2008-01-13,1.6615977497722393E7,"{""type"":""MultiPoint"",""coordinates"":[]}"
20080114,2008-01-14,1.8386001836453747E7,"{""type"":""MultiPoint"",""coordinates"":[]}"
20080115,2008-01-15,1.8543666595789924E7,"{""type"":""MultiPoint"",""coordinates"":[]}"
20080116,2008-01-16,1.9394354826239638E7,"{""type"":""MultiPoint"",""coordinates"":[]}"
20080117,2008-01-17,1.6169760368350282E7,"{""type"":""MultiPoint"",""coordinates"":[]}"
20080118,2008-01-18,1.0049263775088789E7,"{""type"":""MultiPoint"",""coordinates"":[]}"
20080119,2008-01-19,1.744513685918969E7,"{""type"":""MultiPoint"",""coordinates"":[]}"
20080120,2008-01-20,1.834284899347821E7,"{""type"":""MultiPoint"",""coordinates"":[]}"
20080121,2008-01-21,1.952831697108341E7,"{""type"":""MultiPoint"",""coordinates"":[]}"
20080122,2008-01-22,2.0575491450324073E7,"{""type"":""MultiPoint"",""coordinates"":[]}"
20080123,2008-01-23,1.7909102657275293E7,"{""type"":""MultiPoint"",""coordinates"":[]}"
20080124,2008-01-24,1.347103925350671E7,"{""type"":""MultiPoint"",""coordinates"":[]}"
20080125,2008-01-25,1.8136949844560824E7,"{""type"":""MultiPoint"",""coordinates"":[]}"
20080126,2008-01-26,1.7979650737864453E7,"{""type"":""MultiPoint"",""coordinates"":[]}"
20080127,2008-01-27,1.8133805792306297E7,"{""type"":""MultiPoint"",""coordinates"":[]}"
20080128,2008-01-28,1.841106368880059E7,"{""type"":""MultiPoint"",""coordinates"":[]}"
20080129,2008-01-29,1.843174382116267E7,"{""type"":""MultiPoint"",""coordinates"":[]}"
20080130,2008-01-30,1.934226134176148E7,"{""type"":""MultiPoint"",""coordinates"":[]}"
20080131,2008-01-31,1.8694404975899488E7,"{""type"":""MultiPoint"",""coordinates"":[]}"
20080201,2008-02-01,1.9617620678747006E7,"{""type"":""MultiPoint"",""coordinates"":[]}"
20080202,2008-02-02,1.954783282507574E7,"{""type"":""MultiPoint"",""coordinates"":[]}"
20080203,2008-02-03,1.8520086924407512E7,"{""type"":""MultiPoint"",""coordinates"":[]}"
20080204,2008-02-04,1.4143183665924188E7,"{""type"":""MultiPoint"",""coordinates"":[]}"
20080205,2008-02-05,1.2893073467381049E7,"{""type"":""MultiPoint"",""coordinates"":[]}"
20080206,2008-02-06,1.3837428292737732E7,"{""type"":""MultiPoint"",""coordinates"":[]}"
20080207,2008-02-07,1.536199577565068E7,"{""type"":""MultiPoint"",""coordinates"":[]}"
20080208,2008-02-08,1.6657240244015003E7,"{""type"":""MultiPoint"",""coordinates"":[]}"
20080209,2008-02-09,1.9634466390785214E7,"{""type"":""MultiPoint"",""coordinates"":[]}"
20080210,2008-02-10,1.7689111710232172E7,"{""type"":""MultiPoint"",""coordinates"":[]}"
20080211,2008-02-11,1.5355753015230862E7,"{""type"":""MultiPoint"",""coordinates"":[]}"
20080212,2008-02-12,1.582298325856359E7,"{""type"":""MultiPoint"",""coordinates"":[]}"
20080213,2008-02-13,2.020068587642726E7,"{""type"":""MultiPoint"",""coordinates"":[]}"
20080214,2008-02-14,1.9017338492725704E7,"{""type"":""MultiPoint"",""coordinates"":[]}"
20080215,2008-02-15,1.8550446816848267E7,"{""type"":""MultiPoint"",""coordinates"":[]}"
20080216,2008-02-16,1.8542831181506228E7,"{""type"":""MultiPoint"",""coordinates"":[]}"
20080217,2008-02-17,1.6572712515561974E7,"{""type"":""MultiPoint"",""coordinates"":[]}"
20080218,2008-02-18,1.0824590937410945E7,"{""type"":""MultiPoint"",""coordinates"":[]}"
20080219,2008-02-19,1.2807466496498302E7,"{""type"":""MultiPoint"",""coordinates"":[]}"
20080220,2008-02-20,8768951.570043946,"{""type"":""MultiPoint"",""coordinates"":[]}"
20080221,2008-02-21,1.0604402260349559E7,"{""type"":""MultiPoint"",""coordinates"":[]}"
20080222,2008-02-22,1.6870912201071575E7,"{""type"":""MultiPoint"",""coordinates"":[]}"
20080223,2008-02-23,1.9500841850861866E7,"{""type"":""MultiPoint"",""coordinates"":[]}"
20080224,2008-02-24,1.8902159145867188E7,"{""type"":""MultiPoint"",""coordinates"":[]}"
20080225,2008-02-25,1.479397009186683E7,"{""type"":""MultiPoint"",""coordinates"":[]}"
20080226,2008-02-26,1.9854075908815447E7,"{""type"":""MultiPoint"",""coordinates"":[]}"
20080227,2008-02-27,1.878226951835128E7,"{""type"":""MultiPoint"",""coordinates"":[]}"
20080228,2008-02-28,1.8488544270824544E7,"{""type"":""MultiPoint"",""coordinates"":[]}"
20080229,2008-02-29,2.1169290290771164E7,"{""type"":""MultiPoint"",""coordinates"":[]}"
20080301,2008-03-01,2.0133440489193905E7,"{""type"":""MultiPoint"",""coordinates"":[]}"
20080302,2008-03-02,1.7931865631127954E7,"{""type"":""MultiPoint"",""coordinates"":[]}"
20080303,2008-03-03,1.4021807305038512E7,"{""type"":""MultiPoint"",""coordinates"":[]}"
20080304,2008-03-04,9659387.511224749,"{""type"":""MultiPoint"",""coordinates"":[]}"
20080305,2008-03-05,1.1477312512581035E7,"{""type"":""MultiPoint"",""coordinates"":[]}"
20080306,2008-03-06,1.3973641109103862E7,"{""type"":""MultiPoint"",""coordinates"":[]}"
20080307,2008-03-07,1.153100155906741E7,"{""type"":""MultiPoint"",""coordinates"":[]}"
20080308,2008-03-08,1.124369544190678E7,"{""type"":""MultiPoint"",""coordinates"":[]}"
20080309,2008-03-09,9032649.229165023,"{""type"":""MultiPoint"",""coordinates"":[]}"
20080310,2008-03-10,8405658.631047882,"{""type"":""MultiPoint"",""coordinates"":[]}"
20080311,2008-03-11,1.0708228074299095E7,"{""type"":""MultiPoint"",""coordinates"":[]}"
20080312,2008-03-12,8888783.354501748,"{""type"":""MultiPoint"",""coordinates"":[]}"
20080313,2008-03-13,1.1975321458301457E7,"{""type"":""MultiPoint"",""coordinates"":[]}"
20080314,2008-03-14,1.340644741275025E7,"{""type"":""MultiPoint"",""coordinates"":[]}"
20080315,2008-03-15,1.5287003740089638E7,"{""type"":""MultiPoint"",""coordinates"":[]}"
20080316,2008-03-16,1.522995191657185E7,"{""type"":""MultiPoint"",""coordinates"":[]}"
20080317,2008-03-17,1.4096992244243057E7,"{""type"":""MultiPoint"",""coordinates"":[]}"
20080318,2008-03-18,1.4481376634408543E7,"{""type"":""MultiPoint"",""coordinates"":[]}"
20080319,2008-03-19,1.4031203472666819E7,"{""type"":""MultiPoint"",""coordinates"":[]}"
20080320,2008-03-20,1.4525210684583819E7,"{""type"":""MultiPoint"",""coordinates"":[]}"
20080321,2008-03-21,2.1393108125820234E7,"{""type"":""MultiPoint"",""coordinates"":[]}"
20080322,2008-03-22,1.956733286091545E7,"{""type"":""MultiPoint"",""coordinates"":[]}"
20080323,2008-03-23,2.1404196786627326E7,"{""type"":""MultiPoint"",""coordinates"":[]}"
20080324,2008-03-24,1.8014618521582086E7,"{""type"":""MultiPoint"",""coordinates"":[]}"
20080325,2008-03-25,2.1208933431701865E7,"{""type"":""MultiPoint"",""coordinates"":[]}"
20080326,2008-03-26,2.322931678132964E7,"{""type"":""MultiPoint"",""coordinates"":[]}"
20080327,2008-03-27,1.9664844051772907E7,"{""type"":""MultiPoint"",""coordinates"":[]}"
20080328,2008-03-28,2.066401155844521E7,"{""type"":""MultiPoint"",""coordinates"":[]}"
20080329,2008-03-29,2.001079095073545E7,"{""type"":""MultiPoint"",""coordinates"":[]}"
20080330,2008-03-30,2.1615956715590063E7,"{""type"":""MultiPoint"",""coordinates"":[]}"
20080331,2008-03-31,2.2048042431280475E7,"{""type"":""MultiPoint"",""coordinates"":[]}"
20080401,2008-04-01,1.997519129416249E7,"{""type"":""MultiPoint"",""coordinates"":[]}"
20080402,2008-04-02,1.6836443179941E7,"{""type"":""MultiPoint"",""coordinates"":[]}"
20080403,2008-04-03,2.0599712688178502E7,"{""type"":""MultiPoint"",""coordinates"":[]}"
20080404,2008-04-04,2.1283822799630746E7,"{""type"":""MultiPoint"",""coordinates"":[]}"
20080405,2008-04-05,2.0485388561595727E7,"{""type"":""MultiPoint"",""coordinates"":[]}"
20080406,2008-04-06,2.235212208271627E7,"{""type"":""MultiPoint"",""coordinates"":[]}"
20080407,2008-04-07,2.1901349402082942E7,"{""type"":""MultiPoint"",""coordinates"":[]}"
20080408,2008-04-08,2.1737653042361483E7,"{""type"":""MultiPoint"",""coordinates"":[]}"
20080409,2008-04-09,1.8547787142094586E7,"{""type"":""MultiPoint"",""coordinates"":[]}"
20080410,2008-04-10,1.4003485992775869E7,"{""type"":""MultiPoint"",""coordinates"":[]}"
20080411,2008-04-11,1.414371144277887E7,"{""type"":""MultiPoint"",""coordinates"":[]}"
20080412,2008-04-12,1.764516976457367E7,"{""type"":""MultiPoint"",""coordinates"":[]}"
20080413,2008-04-13,1.2816506662011104E7,"{""type"":""MultiPoint"",""coordinates"":[]}"
20080414,2008-04-14,2.11016670192844E7,"{""type"":""MultiPoint"",""coordinates"":[]}"
20080415,2008-04-15,2.3044852404591322E7,"{""type"":""MultiPoint"",""coordinates"":[]}"
20080416,2008-04-16,1.8777287120703135E7,"{""type"":""MultiPoint"",""coordinates"":[]}"
20080417,2008-04-17,1.824220276154355E7,"{""type"":""MultiPoint"",""coordinates"":[]}"
20080418,2008-04-18,1.9308410985371143E7,"{""type"":""MultiPoint"",""coordinates"":[]}"
20080419,2008-04-19,1.8273976044027038E7,"{""type"":""MultiPoint"",""coordinates"":[]}"
20080420,2008-04-20,1.951034210707764E7,"{""type"":""MultiPoint"",""coordinates"":[]}"
20080421,2008-04-21,1.699400666401781E7,"{""type"":""MultiPoint"",""coordinates"":[]}"
20080422,2008-04-22,1.4239859217064995E7,"{""type"":""MultiPoint"",""coordinates"":[]}"
20080423,2008-04-23,1.4516385550338123E7,"{""type"":""MultiPoint"",""coordinates"":[]}"
20080424,2008-04-24,1.817318915927197E7,"{""type"":""MultiPoint"",""coordinates"":[]}"
20080425,2008-04-25,2.1511135248770885E7,"{""type"":""MultiPoint"",""coordinates"":[]}"
20080426,2008-04-26,2.14231279970702E7,"{""type"":""MultiPoint"",""coordinates"":[]}"
20080427,2008-04-27,2.2536780726265717E7,"{""type"":""MultiPoint"",""coordinates"":[]}"
20080428,2008-04-28,2.1241806340216313E7,"{""type"":""MultiPoint"",""coordinates"":[]}"
20080429,2008-04-29,1.6872298002769243E7,"{""type"":""MultiPoint"",""coordinates"":[]}"
20080430,2008-04-30,1.987994279806554E7,"{""type"":""MultiPoint"",""coordinates"":[]}"
20080501,2008-05-01,2.0850195889791895E7,"{""type"":""MultiPoint"",""coordinates"":[]}"
20080502,2008-05-02,1.9369346908113092E7,"{""type"":""MultiPoint"",""coordinates"":[]}"
20080503,2008-05-03,1.6560608474625243E7,"{""type"":""MultiPoint"",""coordinates"":[]}"
20080504,2008-05-04,1.5661849659863943E7,"{""type"":""MultiPoint"",""coordinates"":[]}"
20080505,2008-05-05,1.6488521924146645E7,"{""type"":""MultiPoint"",""coordinates"":[]}"
20080506,2008-05-06,2.046234339433708E7,"{""type"":""MultiPoint"",""coordinates"":[]}"
20080507,2008-05-07,1.828182380912246E7,"{""type"":""MultiPoint"",""coordinates"":[]}"
20080508,2008-05-08,2.2403573392651446E7,"{""type"":""MultiPoint"",""coordinates"":[]}"
20080509,2008-05-09,2.1905866984688856E7,"{""type"":""MultiPoint"",""coordinates"":[]}"
20080510,2008-05-10,1.893854079537655E7,"{""type"":""MultiPoint"",""coordinates"":[]}"
20080511,2008-05-11,2.2268246796179228E7,"{""type"":""MultiPoint"",""coordinates"":[]}"
20080512,2008-05-12,1.4665159209720459E7,"{""type"":""MultiPoint"",""coordinates"":[]}"
20080513,2008-05-13,1.2521744453675274E7,"{""type"":""MultiPoint"",""coordinates"":[]}"
20080514,2008-05-14,1.0535091697389277E7,"{""type"":""MultiPoint"",""coordinates"":[]}"
20080515,2008-05-15,1.4367657777456703E7,"{""type"":""MultiPoint"",""coordinates"":[]}"
20080516,2008-05-16,1.812772014143238E7,"{""type"":""MultiPoint"",""coordinates"":[]}"
20080517,2008-05-17,1.5216497160957595E7,"{""type"":""MultiPoint"",""coordinates"":[]}"
20080518,2008-05-18,1.7623934960889358E7,"{""type"":""MultiPoint"",""coordinates"":[]}"
20080519,2008-05-19,1.1025062450263876E7,"{""type"":""MultiPoint"",""coordinates"":[]}"
20080520,2008-05-20,4349034.4199626725,"{""type"":""MultiPoint"",""coordinates"":[]}"
20080521,2008-05-21,1.0458049862380346E7,"{""type"":""MultiPoint"",""coordinates"":[]}"
20080522,2008-05-22,1.914726098432765E7,"{""type"":""MultiPoint"",""coordinates"":[]}"
20080523,2008-05-23,1.6525122601248167E7,"{""type"":""MultiPoint"",""coordinates"":[]}"
20080524,2008-05-24,2.0150369109947223E7,"{""type"":""MultiPoint"",""coordinates"":[]}"
20080525,2008-05-25,1.68672017414966E7,"{""type"":""MultiPoint"",""coordinates"":[]}"
20080526,2008-05-26,2.0745798357554227E7,"{""type"":""MultiPoint"",""coordinates"":[]}"
20080527,2008-05-27,1.969796453703369E7,"{""type"":""MultiPoint"",""coordinates"":[]}"
20080528,2008-05-28,2.013967366331547E7,"{""type"":""MultiPoint"",""coordinates"":[]}"
20080529,2008-05-29,2.112811430297192E7,"{""type"":""MultiPoint"",""coordinates"":[]}"
20080530,2008-05-30,1.6802223077639304E7,"{""type"":""MultiPoint"",""coordinates"":[]}"
20080531,2008-05-31,1.0961211060943546E7,"{""type"":""MultiPoint"",""coordinates"":[]}"
20080601,2008-06-01,1.55798544552405E7,"{""type"":""MultiPoint"",""coordinates"":[]}"
20080602,2008-06-02,1.0666189442417674E7,"{""type"":""MultiPoint"",""coordinates"":[]}"
20080603,2008-06-03,1.910389436076495E7,"{""type"":""MultiPoint"",""coordinates"":[]}"
20080604,2008-06-04,2.1401126800473563E7,"{""type"":""MultiPoint"",""coordinates"":[]}"
20080605,2008-06-05,2.003062842582224E7,"{""type"":""MultiPoint"",""coordinates"":[]}"
20080606,2008-06-06,2.0015086251600333E7,"{""type"":""MultiPoint"",""coordinates"":[]}"
20080607,2008-06-07,1.6723927306082305E7,"{""type"":""MultiPoint"",""coordinates"":[]}"
20080608,2008-06-08,1.543271165589067E7,"{""type"":""MultiPoint"",""coordinates"":[]}"
20080609,2008-06-09,1.4936233119659657E7,"{""type"":""MultiPoint"",""coordinates"":[]}"
20080610,2008-06-10,1.507441534164108E7,"{""type"":""MultiPoint"",""coordinates"":[]}"
20080611,2008-06-11,1.486242090574518E7,"{""type"":""MultiPoint"",""coordinates"":[]}"
20080612,2008-06-12,1.8424345778018575E7,"{""type"":""MultiPoint"",""coordinates"":[]}"
20080613,2008-06-13,2.075136142941424E7,"{""type"":""MultiPoint"",""coordinates"":[]}"
20080614,2008-06-14,2.1435226994963173E7,"{""type"":""MultiPoint"",""coordinates"":[]}"
20080615,2008-06-15,1.9885093236530006E7,"{""type"":""MultiPoint"",""coordinates"":[]}"
20080616,2008-06-16,1.3133911813858282E7,"{""type"":""MultiPoint"",""coordinates"":[]}"
20080617,2008-06-17,8794229.622780083,"{""type"":""MultiPoint"",""coordinates"":[]}"
20080618,2008-06-18,1.3829723967651952E7,"{""type"":""MultiPoint"",""coordinates"":[]}"
20080619,2008-06-19,1.672822348732767E7,"{""type"":""MultiPoint"",""coordinates"":[]}"
20080620,2008-06-20,1.6758728015973343E7,"{""type"":""MultiPoint"",""coordinates"":[]}"
20080621,2008-06-21,1.7114082579254705E7,"{""type"":""MultiPoint"",""coordinates"":[]}"
20080622,2008-06-22,1.5432038123733262E7,"{""type"":""MultiPoint"",""coordinates"":[]}"
20080623,2008-06-23,1.499526913001424E7,"{""type"":""MultiPoint"",""coordinates"":[]}"
20080624,2008-06-24,1.6369547938113287E7,"{""type"":""MultiPoint"",""coordinates"":[]}"
20080625,2008-06-25,1.3133030248871224E7,"{""type"":""MultiPoint"",""coordinates"":[]}"
20080626,2008-06-26,1.74407395471274E7,"{""type"":""MultiPoint"",""coordinates"":[]}"
20080627,2008-06-27,1.670045549439126E7,"{""type"":""MultiPoint"",""coordinates"":[]}"
20080628,2008-06-28,1.9816027921016186E7,"{""type"":""MultiPoint"",""coordinates"":[]}"
20080629,2008-06-29,1.6501844823630925E7,"{""type"":""MultiPoint"",""coordinates"":[]}"
20080630,2008-06-30,1.907314379635984E7,"{""type"":""MultiPoint"",""coordinates"":[]}"
20080701,2008-07-01,1.816958190813316E7,"{""type"":""MultiPoint"",""coordinates"":[]}"
20080702,2008-07-02,1.8710498577247996E7,"{""type"":""MultiPoint"",""coordinates"":[]}"
20080703,2008-07-03,1.5046191466538224E7,"{""type"":""MultiPoint"",""coordinates"":[]}"
20080704,2008-07-04,1.8089816836072486E7,"{""type"":""MultiPoint"",""coordinates"":[]}"
20080705,2008-07-05,1.5566821339273162E7,"{""type"":""MultiPoint"",""coordinates"":[]}"
20080706,2008-07-06,2.182990784604579E7,"{""type"":""MultiPoint"",""coordinates"":[]}"
20080707,2008-07-07,1.821654135797563E7,"{""type"":""MultiPoint"",""coordinates"":[]}"
20080708,2008-07-08,1.9695577218068346E7,"{""type"":""MultiPoint"",""coordinates"":[]}"
20080709,2008-07-09,1.3200704031184139E7,"{""type"":""MultiPoint"",""coordinates"":[]}"
20080710,2008-07-10,1.919548084967792E7,"{""type"":""MultiPoint"",""coordinates"":[]}"
20080711,2008-07-11,1.6091820456444519E7,"{""type"":""MultiPoint"",""coordinates"":[]}"
20080712,2008-07-12,1.4944405307366604E7,"{""type"":""MultiPoint"",""coordinates"":[]}"
20080713,2008-07-13,1.9627269972829238E7,"{""type"":""MultiPoint"",""coordinates"":[]}"
20080714,2008-07-14,1.8909965689563137E7,"{""type"":""MultiPoint"",""coordinates"":[]}"
20080715,2008-07-15,1.6767694750586972E7,"{""type"":""MultiPoint"",""coordinates"":[]}"
20080716,2008-07-16,1.2619289153853865E7,"{""type"":""MultiPoint"",""coordinates"":[]}"
20080717,2008-07-17,1.3965499217626862E7,"{""type"":""MultiPoint"",""coordinates"":[]}"
20080718,2008-07-18,1.859121480011237E7,"{""type"":""MultiPoint"",""coordinates"":[]}"
20080719,2008-07-19,1.8693689211365946E7,"{""type"":""MultiPoint"",""coordinates"":[]}"
20080720,2008-07-20,1.7674646415266987E7,"{""type"":""MultiPoint"",""coordinates"":[]}"
20080721,2008-07-21,1.8224465511448227E7,"{""type"":""MultiPoint"",""coordinates"":[]}"
20080722,2008-07-22,1.9633522712218806E7,"{""type"":""MultiPoint"",""coordinates"":[]}"
20080723,2008-07-23,2.093117612148575E7,"{""type"":""MultiPoint"",""coordinates"":[]}"
20080724,2008-07-24,1.5982889114963975E7,"{""type"":""MultiPoint"",""coordinates"":[]}"
20080725,2008-07-25,1.5740844354383633E7,"{""type"":""MultiPoint"",""coordinates"":[]}"
20080726,2008-07-26,2.025285048959523E7,"{""type"":""MultiPoint"",""coordinates"":[]}"
20080727,2008-07-27,2.028203338735375E7,"{""type"":""MultiPoint"",""coordinates"":[]}"
20080728,2008-07-28,2.024032588734372E7,"{""type"":""MultiPoint"",""coordinates"":[]}"
20080729,2008-07-29,1.6399418150021069E7,"{""type"":""MultiPoint"",""coordinates"":[]}"
20080730,2008-07-30,2.117855520663014E7,"{""type"":""MultiPoint"",""coordinates"":[]}"
20080731,2008-07-31,1.9597293718860984E7,"{""type"":""MultiPoint"",""coordinates"":[]}"
20080801,2008-08-01,2.0114372176549673E7,"{""type"":""MultiPoint"",""coordinates"":[]}"
20080802,2008-08-02,2.3064266662051238E7,"{""type"":""MultiPoint"",""coordinates"":[]}"
20080803,2008-08-03,2.2992568874882106E7,"{""type"":""MultiPoint"",""coordinates"":[]}"
20080804,2008-08-04,2.133234887720987E7,"{""type"":""MultiPoint"",""coordinates"":[]}"
20080805,2008-08-05,2.2078924624726575E7,"{""type"":""MultiPoint"",""coordinates"":[]}"
20080806,2008-08-06,2.2906144779804528E7,"{""type"":""MultiPoint"",""coordinates"":[]}"
20080807,2008-08-07,2.0501595229586814E7,"{""type"":""MultiPoint"",""coordinates"":[]}"
20080808,2008-08-08,2.066850265759637E7,"{""type"":""MultiPoint"",""coordinates"":[]}"
20080809,2008-08-09,2.1210567572010513E7,"{""type"":""MultiPoint"",""coordinates"":[]}"
20080810,2008-08-10,2.1814047061465286E7,"{""type"":""MultiPoint"",""coordinates"":[]}"
20080811,2008-08-11,2.0107120206971277E7,"{""type"":""MultiPoint"",""coordinates"":[]}"
20080812,2008-08-12,1.928107372853329E7,"{""type"":""MultiPoint"",""coordinates"":[]}"
20080813,2008-08-13,1.929592732703228E7,"{""type"":""MultiPoint"",""coordinates"":[]}"
20080814,2008-08-14,2.1154503170670036E7,"{""type"":""MultiPoint"",""coordinates"":[]}"
20080815,2008-08-15,2.0792927927758705E7,"{""type"":""MultiPoint"",""coordinates"":[]}"
20080816,2008-08-16,1.8316313684104905E7,"{""type"":""MultiPoint"",""coordinates"":[]}"
20080817,2008-08-17,2.2153923714526508E7,"{""type"":""MultiPoint"",""coordinates"":[]}"
20080818,2008-08-18,2.3006403191539727E7,"{""type"":""MultiPoint"",""coordinates"":[]}"
20080819,2008-08-19,1.8021572020949967E7,"{""type"":""MultiPoint"",""coordinates"":[]}"
20080820,2008-08-20,1.6347335941564817E7,"{""type"":""MultiPoint"",""coordinates"":[]}"
20080821,2008-08-21,1.6495593201814052E7,"{""type"":""MultiPoint"",""coordinates"":[]}"
20080822,2008-08-22,2.0276494287761115E7,"{""type"":""MultiPoint"",""coordinates"":[]}"
20080823,2008-08-23,1.8440153221118525E7,"{""type"":""MultiPoint"",""coordinates"":[]}"
20080824,2008-08-24,2.172786519190093E7,"{""type"":""MultiPoint"",""coordinates"":[]}"
20080825,2008-08-25,2.0537852278169077E7,"{""type"":""MultiPoint"",""coordinates"":[]}"
20080826,2008-08-26,2.0829298996809337E7,"{""type"":""MultiPoint"",""coordinates"":[]}"
20080827,2008-08-27,2.2545601859009087E7,"{""type"":""MultiPoint"",""coordinates"":[]}"
20080828,2008-08-28,2.1437089555675954E7,"{""type"":""MultiPoint"",""coordinates"":[]}"
20080829,2008-08-29,2.387604553091324E7,"{""type"":""MultiPoint"",""coordinates"":[]}"
20080830,2008-08-30,2.40870795160235E7,"{""type"":""MultiPoint"",""coordinates"":[]}"
20080831,2008-08-31,2.4159753681616586E7,"{""type"":""MultiPoint"",""coordinates"":[]}"
20080901,2008-09-01,2.6384752634840358E7,"{""type"":""MultiPoint"",""coordinates"":[]}"
20080902,2008-09-02,2.452243435803584E7,"{""type"":""MultiPoint"",""coordinates"":[]}"
20080903,2008-09-03,2.428343107579315E7,"{""type"":""MultiPoint"",""coordinates"":[]}"
20080904,2008-09-04,2.4117275131418936E7,"{""type"":""MultiPoint"",""coordinates"":[]}"
20080905,2008-09-05,2.314097443922701E7,"{""type"":""MultiPoint"",""coordinates"":[]}"
20080906,2008-09-06,2.3104436461220462E7,"{""type"":""MultiPoint"",""coordinates"":[]}"
20080907,2008-09-07,2.5133084026970074E7,"{""type"":""MultiPoint"",""coordinates"":[]}"
20080908,2008-09-08,2.454541108097042E7,"{""type"":""MultiPoint"",""coordinates"":[]}"
20080909,2008-09-09,2.373096555491339E7,"{""type"":""MultiPoint"",""coordinates"":[]}"
20080910,2008-09-10,2.0160624564164307E7,"{""type"":""MultiPoint"",""coordinates"":[]}"
20080911,2008-09-11,1.720703174667388E7,"{""type"":""MultiPoint"",""coordinates"":[]}"
20080912,2008-09-12,1.6442689141251765E7,"{""type"":""MultiPoint"",""coordinates"":[]}"
20080913,2008-09-13,2.1964850493327703E7,"{""type"":""MultiPoint"",""coordinates"":[]}"
20080914,2008-09-14,2.3398606531695846E7,"{""type"":""MultiPoint"",""coordinates"":[]}"
20080915,2008-09-15,2.303239340453112E7,"{""type"":""MultiPoint"",""coordinates"":[]}"
20080916,2008-09-16,2.3784043072421893E7,"{""type"":""MultiPoint"",""coordinates"":[]}"
20080917,2008-09-17,2.0950549912828833E7,"{""type"":""MultiPoint"",""coordinates"":[]}"
20080918,2008-09-18,2.1064298816848267E7,"{""type"":""MultiPoint"",""coordinates"":[]}"
20080919,2008-09-19,2.1498137403046165E7,"{""type"":""MultiPoint"",""coordinates"":[]}"
20080920,2008-09-20,2.4404227962675318E7,"{""type"":""MultiPoint"",""coordinates"":[]}"
20080921,2008-09-21,2.285317120883751E7,"{""type"":""MultiPoint"",""coordinates"":[]}"
20080922,2008-09-22,1.4459754201701092E7,"{""type"":""MultiPoint"",""coordinates"":[]}"
20080923,2008-09-23,1.35448493096389E7,"{""type"":""MultiPoint"",""coordinates"":[]}"
20080924,2008-09-24,1.0257683206377575E7,"{""type"":""MultiPoint"",""coordinates"":[]}"
20080925,2008-09-25,1.4086393923502406E7,"{""type"":""MultiPoint"",""coordinates"":[]}"
20080926,2008-09-26,1.4821201111313792E7,"{""type"":""MultiPoint"",""coordinates"":[]}"
20080927,2008-09-27,1.4585271801295064E7,"{""type"":""MultiPoint"",""coordinates"":[]}"
20080928,2008-09-28,1.443444921961264E7,"{""type"":""MultiPoint"",""coordinates"":[]}"
20080929,2008-09-29,1.4916898872317677E7,"{""type"":""MultiPoint"",""coordinates"":[]}"
20080930,2008-09-30,1.5342132817980686E7,"{""type"":""MultiPoint"",""coordinates"":[]}"
20081001,2008-10-01,1.4670071387407968E7,"{""type"":""MultiPoint"",""coordinates"":[]}"
20081002,2008-10-02,8676166.119214458,"{""type"":""MultiPoint"",""coordinates"":[]}"
20081003,2008-10-03,1.410941217987966E7,"{""type"":""MultiPoint"",""coordinates"":[]}"
20081004,2008-10-04,1.3930389992066639E7,"{""type"":""MultiPoint"",""coordinates"":[]}"
20081005,2008-10-05,1.4663886120541718E7,"{""type"":""MultiPoint"",""coordinates"":[]}"
20081006,2008-10-06,1.555031638926892E7,"{""type"":""MultiPoint"",""coordinates"":[]}"
20081007,2008-10-07,1.3604295157383464E7,"{""type"":""MultiPoint"",""coordinates"":[]}"
20081008,2008-10-08,1.1258603527655952E7,"{""type"":""MultiPoint"",""coordinates"":[]}"
20081009,2008-10-09,1.1261519787227342E7,"{""type"":""MultiPoint"",""coordinates"":[]}"
20081010,2008-10-10,2.156363179760399E7,"{""type"":""MultiPoint"",""coordinates"":[]}"
20081011,2008-10-11,2.3148778152148172E7,"{""type"":""MultiPoint"",""coordinates"":[]}"
20081012,2008-10-12,2.182405748303333E7,"{""type"":""MultiPoint"",""coordinates"":[]}"
20081013,2008-10-13,2.3779322847390275E7,"{""type"":""MultiPoint"",""coordinates"":[]}"
20081014,2008-10-14,2.4009896683001213E7,"{""type"":""MultiPoint"",""coordinates"":[]}"
20081015,2008-10-15,2.3393352428109888E7,"{""type"":""MultiPoint"",""coordinates"":[]}"
20081016,2008-10-16,1.787860207665603E7,"{""type"":""MultiPoint"",""coordinates"":[]}"
20081017,2008-10-17,1.888609302614733E7,"{""type"":""MultiPoint"",""coordinates"":[]}"
20081018,2008-10-18,1.693399613669656E7,"{""type"":""MultiPoint"",""coordinates"":[]}"
20081019,2008-10-19,2.1361822062568966E7,"{""type"":""MultiPoint"",""coordinates"":[]}"
20081020,2008-10-20,2.2853528156603042E7,"{""type"":""MultiPoint"",""coordinates"":[]}"
20081021,2008-10-21,2.3356593074709527E7,"{""type"":""MultiPoint"",""coordinates"":[]}"
20081022,2008-10-22,2.1951021389601257E7,"{""type"":""MultiPoint"",""coordinates"":[]}"
20081023,2008-10-23,2.0643645245600298E7,"{""type"":""MultiPoint"",""coordinates"":[]}"
20081024,2008-10-24,2.312962223843637E7,"{""type"":""MultiPoint"",""coordinates"":[]}"
20081025,2008-10-25,2.339316162960286E7,"{""type"":""MultiPoint"",""coordinates"":[]}"
20081026,2008-10-26,1.9671796814801417E7,"{""type"":""MultiPoint"",""coordinates"":[]}"
20081027,2008-10-27,2.1482403691128366E7,"{""type"":""MultiPoint"",""coordinates"":[]}"
20081028,2008-10-28,2.1060976908394024E7,"{""type"":""MultiPoint"",""coordinates"":[]}"
20081029,2008-10-29,2.0034369742379528E7,"{""type"":""MultiPoint"",""coordinates"":[]}"
20081030,2008-10-30,2.0626411895892277E7,"{""type"":""MultiPoint"",""coordinates"":[]}"
20081031,2008-10-31,2.1448505631930646E7,"{""type"":""MultiPoint"",""coordinates"":[]}"
20081101,2008-11-01,2.1314728449822396E7,"{""type"":""MultiPoint"",""coordinates"":[]}"
20081102,2008-11-02,2.0678950417675033E7,"{""type"":""MultiPoint"",""coordinates"":[]}"
20081103,2008-11-03,2.366078044580898E7,"{""type"":""MultiPoint"",""coordinates"":[]}"
20081104,2008-11-04,2.3117294860514097E7,"{""type"":""MultiPoint"",""coordinates"":[]}"
20081105,2008-11-05,2.378993082334999E7,"{""type"":""MultiPoint"",""coordinates"":[]}"
20081106,2008-11-06,2.1411043542150773E7,"{""type"":""MultiPoint"",""coordinates"":[]}"
20081107,2008-11-07,2.115712134946721E7,"{""type"":""MultiPoint"",""coordinates"":[]}"
20081108,2008-11-08,2.0820367821242936E7,"{""type"":""MultiPoint"",""coordinates"":[]}"
20081109,2008-11-09,2.032900558232496E7,"{""type"":""MultiPoint"",""coordinates"":[]}"
20081110,2008-11-10,2.0311600692954466E7,"{""type"":""MultiPoint"",""coordinates"":[]}"
20081111,2008-11-11,2.0564672824273065E7,"{""type"":""MultiPoint"",""coordinates"":[]}"
20081112,2008-11-12,2.0434447935865786E7,"{""type"":""MultiPoint"",""coordinates"":[]}"
20081113,2008-11-13,1.887461069171031E7,"{""type"":""MultiPoint"",""coordinates"":[]}"
20081114,2008-11-14,2.008732907792025E7,"{""type"":""MultiPoint"",""coordinates"":[]}"
20081115,2008-11-15,1.6659993179138312E7,"{""type"":""MultiPoint"",""coordinates"":[]}"
20081116,2008-11-16,1.882838406212751E7,"{""type"":""MultiPoint"",""coordinates"":[]}"
20081117,2008-11-17,1.9713584221700475E7,"{""type"":""MultiPoint"",""coordinates"":[]}"
20081118,2008-11-18,2.013735220733249E7,"{""type"":""MultiPoint"",""coordinates"":[]}"
20081119,2008-11-19,1.986384093817349E7,"{""type"":""MultiPoint"",""coordinates"":[]}"
20081120,2008-11-20,1.814898285064114E7,"{""type"":""MultiPoint"",""coordinates"":[]}"
20081121,2008-11-21,2.200687798246142E7,"{""type"":""MultiPoint"",""coordinates"":[]}"
20081122,2008-11-22,1.866851238946079E7,"{""type"":""MultiPoint"",""coordinates"":[]}"
20081123,2008-11-23,1.3882431544719364E7,"{""type"":""MultiPoint"",""coordinates"":[]}"
20081124,2008-11-24,1.871625327642325E7,"{""type"":""MultiPoint"",""coordinates"":[]}"
20081125,2008-11-25,2.127231097778579E7,"{""type"":""MultiPoint"",""coordinates"":[]}"
20081126,2008-11-26,2.1414340990508292E7,"{""type"":""MultiPoint"",""coordinates"":[]}"
20081127,2008-11-27,1.9747940420283735E7,"{""type"":""MultiPoint"",""coordinates"":[]}"
20081128,2008-11-28,2.0270944665663306E7,"{""type"":""MultiPoint"",""coordinates"":[]}"
20081129,2008-11-29,2.0028504933758754E7,"{""type"":""MultiPoint"",""coordinates"":[]}"
20081130,2008-11-30,2.2391067147633087E7,"{""type"":""MultiPoint"",""coordinates"":[]}"
20081201,2008-12-01,1.5204205585615944E7,"{""type"":""MultiPoint"",""coordinates"":[]}"
20081202,2008-12-02,1.366238251873256E7,"{""type"":""MultiPoint"",""coordinates"":[]}"
20081203,2008-12-03,1.6399610732887842E7,"{""type"":""MultiPoint"",""coordinates"":[]}"
20081204,2008-12-04,1.6568787000742473E7,"{""type"":""MultiPoint"",""coordinates"":[]}"
20081205,2008-12-05,1.5895378940461138E7,"{""type"":""MultiPoint"",""coordinates"":[]}"
20081206,2008-12-06,1.851208496137097E7,"{""type"":""MultiPoint"",""coordinates"":[]}"
20081207,2008-12-07,1.8124574663937543E7,"{""type"":""MultiPoint"",""coordinates"":[]}"
20081208,2008-12-08,1.719470917416169E7,"{""type"":""MultiPoint"",""coordinates"":[]}"
20081209,2008-12-09,1.6579825252984963E7,"{""type"":""MultiPoint"",""coordinates"":[]}"
20081210,2008-12-10,1.5671196395641435E7,"{""type"":""MultiPoint"",""coordinates"":[]}"
20081211,2008-12-11,1.4746301106094345E7,"{""type"":""MultiPoint"",""coordinates"":[]}"
20081212,2008-12-12,1.3822757556639165E7,"{""type"":""MultiPoint"",""coordinates"":[]}"
20081213,2008-12-13,1.799451727706539E7,"{""type"":""MultiPoint"",""coordinates"":[]}"
20081214,2008-12-14,1.584375049986955E7,"{""type"":""MultiPoint"",""coordinates"":[]}"
20081215,2008-12-15,1.682726762835871E7,"{""type"":""MultiPoint"",""coordinates"":[]}"
20081216,2008-12-16,1.723533794738425E7,"{""type"":""MultiPoint"",""coordinates"":[]}"
20081217,2008-12-17,1.755333110412778E7,"{""type"":""MultiPoint"",""coordinates"":[]}"
20081218,2008-12-18,1.5067806650773574E7,"{""type"":""MultiPoint"",""coordinates"":[]}"
20081219,2008-12-19,9779128.02680954,"{""type"":""MultiPoint"",""coordinates"":[]}"
20081220,2008-12-20,1.215716688274838E7,"{""type"":""MultiPoint"",""coordinates"":[]}"
20081221,2008-12-21,1.091008192418678E7,"{""type"":""MultiPoint"",""coordinates"":[]}"
20081222,2008-12-22,1.389708908610759E7,"{""type"":""MultiPoint"",""coordinates"":[]}"
20081223,2008-12-23,1.2581774604458885E7,"{""type"":""MultiPoint"",""coordinates"":[]}"
20081224,2008-12-24,1.3007050308831498E7,"{""type"":""MultiPoint"",""coordinates"":[]}"
20081225,2008-12-25,9159513.260449901,"{""type"":""MultiPoint"",""coordinates"":[]}"
20081226,2008-12-26,7174076.019906485,"{""type"":""MultiPoint"",""coordinates"":[]}"
20081227,2008-12-27,1.6517051846366864E7,"{""type"":""MultiPoint"",""coordinates"":[]}"
20081228,2008-12-28,1.390315552007705E7,"{""type"":""MultiPoint"",""coordinates"":[]}"
20081229,2008-12-29,9431601.954367584,"{""type"":""MultiPoint"",""coordinates"":[]}"
20081230,2008-12-30,7131846.776633951,"{""type"":""MultiPoint"",""coordinates"":[]}"
20081231,2008-12-31,1.0685042881544352E7,"{""type"":""MultiPoint"",""coordinates"":[]}"
20090101,2009-01-01,1.8295398975136954E7,"{""type"":""MultiPoint"",""coordinates"":[]}"
20090102,2009-01-02,1.72565817341922E7,"{""type"":""MultiPoint"",""coordinates"":[]}"
20090103,2009-01-03,1.3423233060261272E7,"{""type"":""MultiPoint"",""coordinates"":[]}"
20090104,2009-01-04,1.200081784239359E7,"{""type"":""MultiPoint"",""coordinates"":[]}"
20090105,2009-01-05,1.3763580191921005E7,"{""type"":""MultiPoint"",""coordinates"":[]}"
20090106,2009-01-06,1.2851541409748554E7,"{""type"":""MultiPoint"",""coordinates"":[]}"
20090107,2009-01-07,1.0183999715770671E7,"{""type"":""MultiPoint"",""coordinates"":[]}"
20090108,2009-01-08,1.431284973973069E7,"{""type"":""MultiPoint"",""coordinates"":[]}"
20090109,2009-01-09,1.3058867363474002E7,"{""type"":""MultiPoint"",""coordinates"":[]}"
20090110,2009-01-10,1.823910857207071E7,"{""type"":""MultiPoint"",""coordinates"":[]}"
20090111,2009-01-11,1.7288191408424128E7,"{""type"":""MultiPoint"",""coordinates"":[]}"
20090112,2009-01-12,1.6359446993919684E7,"{""type"":""MultiPoint"",""coordinates"":[]}"
20090113,2009-01-13,9421597.829309886,"{""type"":""MultiPoint"",""coordinates"":[]}"
20090114,2009-01-14,1.314463021162683E7,"{""type"":""MultiPoint"",""coordinates"":[]}"
20090115,2009-01-15,1.128926017097104E7,"{""type"":""MultiPoint"",""coordinates"":[]}"
20090116,2009-01-16,1.7774766281861417E7,"{""type"":""MultiPoint"",""coordinates"":[]}"
20090117,2009-01-17,1.7937776615576014E7,"{""type"":""MultiPoint"",""coordinates"":[]}"
20090118,2009-01-18,1.83746258511428E7,"{""type"":""MultiPoint"",""coordinates"":[]}"
20090119,2009-01-19,1.693950161611782E7,"{""type"":""MultiPoint"",""coordinates"":[]}"
20090120,2009-01-20,1.4375584712299075E7,"{""type"":""MultiPoint"",""coordinates"":[]}"
20090121,2009-01-21,1.6357059203740483E7,"{""type"":""MultiPoint"",""coordinates"":[]}"
20090122,2009-01-22,1.847816810707764E7,"{""type"":""MultiPoint"",""coordinates"":[]}"
20090123,2009-01-23,1.8635772644472536E7,"{""type"":""MultiPoint"",""coordinates"":[]}"
20090124,2009-01-24,1.7681820969959658E7,"{""type"":""MultiPoint"",""coordinates"":[]}"
20090125,2009-01-25,1.7184818871992458E7,"{""type"":""MultiPoint"",""coordinates"":[]}"
20090126,2009-01-26,1.0201657005598696E7,"{""type"":""MultiPoint"",""coordinates"":[]}"
20090127,2009-01-27,1.5295450531495186E7,"{""type"":""MultiPoint"",""coordinates"":[]}"
20090128,2009-01-28,1.2300938321513856E7,"{""type"":""MultiPoint"",""coordinates"":[]}"
20090129,2009-01-29,1.7844456111572646E7,"{""type"":""MultiPoint"",""coordinates"":[]}"
20090130,2009-01-30,1.9087175743864495E7,"{""type"":""MultiPoint"",""coordinates"":[]}"
20090131,2009-01-31,2.000917742122689E7,"{""type"":""MultiPoint"",""coordinates"":[]}"
20090201,2009-02-01,1.838533311660947E7,"{""type"":""MultiPoint"",""coordinates"":[]}"
20090202,2009-02-02,1.898332579334978E7,"{""type"":""MultiPoint"",""coordinates"":[]}"
20090203,2009-02-03,2.0011022456605054E7,"{""type"":""MultiPoint"",""coordinates"":[]}"
20090204,2009-02-04,1.8926836394437414E7,"{""type"":""MultiPoint"",""coordinates"":[]}"
20090205,2009-02-05,1.7552638397768542E7,"{""type"":""MultiPoint"",""coordinates"":[]}"
20090206,2009-02-06,2.059622232167439E7,"{""type"":""MultiPoint"",""coordinates"":[]}"
20090207,2009-02-07,1.72858553279955E7,"{""type"":""MultiPoint"",""coordinates"":[]}"
20090208,2009-02-08,5247711.619448958,"{""type"":""MultiPoint"",""coordinates"":[]}"
20090209,2009-02-09,1.567788412409448E7,"{""type"":""MultiPoint"",""coordinates"":[]}"
20090210,2009-02-10,1.6975894279934973E7,"{""type"":""MultiPoint"",""coordinates"":[]}"
20090211,2009-02-11,1.9169557097666193E7,"{""type"":""MultiPoint"",""coordinates"":[]}"
20090212,2009-02-12,2.047262731884493E7,"{""type"":""MultiPoint"",""coordinates"":[]}"
20090213,2009-02-13,2.055054743611662E7,"{""type"":""MultiPoint"",""coordinates"":[]}"
20090214,2009-02-14,1.5726076246182242E7,"{""type"":""MultiPoint"",""coordinates"":[]}"
20090215,2009-02-15,1.4420103441334046E7,"{""type"":""MultiPoint"",""coordinates"":[]}"
20090216,2009-02-16,1.9204744204442833E7,"{""type"":""MultiPoint"",""coordinates"":[]}"
20090217,2009-02-17,1.7841804992274195E7,"{""type"":""MultiPoint"",""coordinates"":[]}"
20090218,2009-02-18,2.2298645003190648E7,"{""type"":""MultiPoint"",""coordinates"":[]}"
20090219,2009-02-19,1.981436886444725E7,"{""type"":""MultiPoint"",""coordinates"":[]}"
20090220,2009-02-20,1.6512451363714794E7,"{""type"":""MultiPoint"",""coordinates"":[]}"
20090221,2009-02-21,2.296856753316075E7,"{""type"":""MultiPoint"",""coordinates"":[]}"
20090222,2009-02-22,1.9585306406437498E7,"{""type"":""MultiPoint"",""coordinates"":[]}"
20090223,2009-02-23,1.705586871237934E7,"{""type"":""MultiPoint"",""coordinates"":[]}"
20090224,2009-02-24,1.5957035764814476E7,"{""type"":""MultiPoint"",""coordinates"":[]}"
20090225,2009-02-25,1.951929582762426E7,"{""type"":""MultiPoint"",""coordinates"":[]}"
20090226,2009-02-26,2.060096878401861E7,"{""type"":""MultiPoint"",""coordinates"":[]}"
20090227,2009-02-27,1.9537494116228204E7,"{""type"":""MultiPoint"",""coordinates"":[]}"
20090228,2009-02-28,1.8384307955972943E7,"{""type"":""MultiPoint"",""coordinates"":[]}"
20090301,2009-03-01,1.8455433753296003E7,"{""type"":""MultiPoint"",""coordinates"":[]}"
20090302,2009-03-02,2.1057737103967242E7,"{""type"":""MultiPoint"",""coordinates"":[]}"
20090303,2009-03-03,2.1662734393473607E7,"{""type"":""MultiPoint"",""coordinates"":[]}"
20090304,2009-03-04,1.271572549562693E7,"{""type"":""MultiPoint"",""coordinates"":[]}"
20090305,2009-03-05,1.3060537570453886E7,"{""type"":""MultiPoint"",""coordinates"":[]}"
20090306,2009-03-06,1.2679823911655905E7,"{""type"":""MultiPoint"",""coordinates"":[]}"
20090307,2009-03-07,1.0944978707689311E7,"{""type"":""MultiPoint"",""coordinates"":[]}"
20090308,2009-03-08,9725138.3468667,"{""type"":""MultiPoint"",""coordinates"":[]}"
20090309,2009-03-09,8522709.395642085,"{""type"":""MultiPoint"",""coordinates"":[]}"
20090310,2009-03-10,4869110.149540519,"{""type"":""MultiPoint"",""coordinates"":[]}"
20090311,2009-03-11,5203841.9076585835,"{""type"":""MultiPoint"",""coordinates"":[]}"
20090312,2009-03-12,9106142.067363642,"{""type"":""MultiPoint"",""coordinates"":[]}"
20090313,2009-03-13,1.1483832691119738E7,"{""type"":""MultiPoint"",""coordinates"":[]}"
20090314,2009-03-14,1.2579469405450284E7,"{""type"":""MultiPoint"",""coordinates"":[]}"
20090315,2009-03-15,1.4393767873837005E7,"{""type"":""MultiPoint"",""coordinates"":[]}"
20090316,2009-03-16,1.4258772731683068E7,"{""type"":""MultiPoint"",""coordinates"":[]}"
20090317,2009-03-17,1.3439906699057182E7,"{""type"":""MultiPoint"",""coordinates"":[]}"
20090318,2009-03-18,1.3171167982904907E7,"{""type"":""MultiPoint"",""coordinates"":[]}"
20090319,2009-03-19,1.305688376065817E7,"{""type"":""MultiPoint"",""coordinates"":[]}"
20090320,2009-03-20,1.123349248169733E7,"{""type"":""MultiPoint"",""coordinates"":[]}"
20090321,2009-03-21,1.301049336782916E7,"{""type"":""MultiPoint"",""coordinates"":[]}"
20090322,2009-03-22,1.9723167389400598E7,"{""type"":""MultiPoint"",""coordinates"":[]}"
20090323,2009-03-23,2.0952327686272148E7,"{""type"":""MultiPoint"",""coordinates"":[]}"
20090324,2009-03-24,2.2831904853330113E7,"{""type"":""MultiPoint"",""coordinates"":[]}"
20090325,2009-03-25,2.2233274099813372E7,"{""type"":""MultiPoint"",""coordinates"":[]}"
20090326,2009-03-26,2.3122851551863223E7,"{""type"":""MultiPoint"",""coordinates"":[]}"
20090327,2009-03-27,2.079501982324965E7,"{""type"":""MultiPoint"",""coordinates"":[]}"
20090328,2009-03-28,1.9780084565729536E7,"{""type"":""MultiPoint"",""coordinates"":[]}"
20090329,2009-03-29,1.8329128968394432E7,"{""type"":""MultiPoint"",""coordinates"":[]}"
20090330,2009-03-30,1.8361132398330417E7,"{""type"":""MultiPoint"",""coordinates"":[]}"
20090331,2009-03-31,1.361991575835289E7,"{""type"":""MultiPoint"",""coordinates"":[]}"
20090401,2009-04-01,7906195.705335816,"{""type"":""MultiPoint"",""coordinates"":[]}"
20090402,2009-04-02,1.0789060394597957E7,"{""type"":""MultiPoint"",""coordinates"":[]}"
20090403,2009-04-03,1.1554584937491218E7,"{""type"":""MultiPoint"",""coordinates"":[]}"
20090404,2009-04-04,1.2014203305199366E7,"{""type"":""MultiPoint"",""coordinates"":[]}"
20090405,2009-04-05,1.579388130592178E7,"{""type"":""MultiPoint"",""coordinates"":[]}"
20090406,2009-04-06,1.8152756774386443E7,"{""type"":""MultiPoint"",""coordinates"":[]}"
20090407,2009-04-07,2.1962451586057425E7,"{""type"":""MultiPoint"",""coordinates"":[]}"
20090408,2009-04-08,2.2500248386250075E7,"{""type"":""MultiPoint"",""coordinates"":[]}"
20090409,2009-04-09,2.201895973712198E7,"{""type"":""MultiPoint"",""coordinates"":[]}"
20090410,2009-04-10,1.911123199863544E7,"{""type"":""MultiPoint"",""coordinates"":[]}"
20090411,2009-04-11,2.0372657690967828E7,"{""type"":""MultiPoint"",""coordinates"":[]}"
20090412,2009-04-12,2.0326438475267388E7,"{""type"":""MultiPoint"",""coordinates"":[]}"
20090413,2009-04-13,2.0494674239961464E7,"{""type"":""MultiPoint"",""coordinates"":[]}"
20090414,2009-04-14,1.5540487142375523E7,"{""type"":""MultiPoint"",""coordinates"":[]}"
20090415,2009-04-15,1.375941653795677E7,"{""type"":""MultiPoint"",""coordinates"":[]}"
20090416,2009-04-16,1.630481944699295E7,"{""type"":""MultiPoint"",""coordinates"":[]}"
20090417,2009-04-17,1.9813045091726366E7,"{""type"":""MultiPoint"",""coordinates"":[]}"
20090418,2009-04-18,2.2505191175124913E7,"{""type"":""MultiPoint"",""coordinates"":[]}"
20090419,2009-04-19,2.1189767152649846E7,"{""type"":""MultiPoint"",""coordinates"":[]}"
20090420,2009-04-20,2.1733796829450354E7,"{""type"":""MultiPoint"",""coordinates"":[]}"
20090421,2009-04-21,2.0347603701763894E7,"{""type"":""MultiPoint"",""coordinates"":[]}"
20090422,2009-04-22,1.960361232950052E7,"{""type"":""MultiPoint"",""coordinates"":[]}"
20090423,2009-04-23,2.0976362408805404E7,"{""type"":""MultiPoint"",""coordinates"":[]}"
20090424,2009-04-24,2.2173368606907062E7,"{""type"":""MultiPoint"",""coordinates"":[]}"
20090425,2009-04-25,2.044069986498906E7,"{""type"":""MultiPoint"",""coordinates"":[]}"
20090426,2009-04-26,2.155185347364197E7,"{""type"":""MultiPoint"",""coordinates"":[]}"
20090427,2009-04-27,1.928522990359801E7,"{""type"":""MultiPoint"",""coordinates"":[]}"
20090428,2009-04-28,2.031039923167378E7,"{""type"":""MultiPoint"",""coordinates"":[]}"
20090429,2009-04-29,2.0995577956053205E7,"{""type"":""MultiPoint"",""coordinates"":[]}"
20090430,2009-04-30,2.134046643982902E7,"{""type"":""MultiPoint"",""coordinates"":[]}"
20090501,2009-05-01,2.276641720980073E7,"{""type"":""MultiPoint"",""coordinates"":[]}"
20090502,2009-05-02,2.337140434077819E7,"{""type"":""MultiPoint"",""coordinates"":[]}"
20090503,2009-05-03,2.222329891264824E7,"{""type"":""MultiPoint"",""coordinates"":[]}"
20090504,2009-05-04,2.1688890262396395E7,"{""type"":""MultiPoint"",""coordinates"":[]}"
20090505,2009-05-05,2.1080759152208373E7,"{""type"":""MultiPoint"",""coordinates"":[]}"
20090506,2009-05-06,2.0394079731503215E7,"{""type"":""MultiPoint"",""coordinates"":[]}"
20090507,2009-05-07,1.5911672610599399E7,"{""type"":""MultiPoint"",""coordinates"":[]}"
20090508,2009-05-08,2.1604907088074163E7,"{""type"":""MultiPoint"",""coordinates"":[]}"
20090509,2009-05-09,2.1796194522866353E7,"{""type"":""MultiPoint"",""coordinates"":[]}"
20090510,2009-05-10,2.2094308308189336E7,"{""type"":""MultiPoint"",""coordinates"":[]}"
20090511,2009-05-11,2.1204805049425077E7,"{""type"":""MultiPoint"",""coordinates"":[]}"
20090512,2009-05-12,2.1732332623923894E7,"{""type"":""MultiPoint"",""coordinates"":[]}"
20090513,2009-05-13,2.1224723340115983E7,"{""type"":""MultiPoint"",""coordinates"":[]}"
20090514,2009-05-14,2.2071687360022467E7,"{""type"":""MultiPoint"",""coordinates"":[]}"
20090515,2009-05-15,2.1169370056468602E7,"{""type"":""MultiPoint"",""coordinates"":[]}"
20090516,2009-05-16,2.1877324977825936E7,"{""type"":""MultiPoint"",""coordinates"":[]}"
20090517,2009-05-17,2.2556723438524667E7,"{""type"":""MultiPoint"",""coordinates"":[]}"
20090518,2009-05-18,2.1009391769951627E7,"{""type"":""MultiPoint"",""coordinates"":[]}"
20090519,2009-05-19,2.0002113837015618E7,"{""type"":""MultiPoint"",""coordinates"":[]}"
20090520,2009-05-20,2.128232520763349E7,"{""type"":""MultiPoint"",""coordinates"":[]}"
20090521,2009-05-21,2.2432695232155394E7,"{""type"":""MultiPoint"",""coordinates"":[]}"
20090522,2009-05-22,2.1472666790118977E7,"{""type"":""MultiPoint"",""coordinates"":[]}"
20090523,2009-05-23,2.3377983170910835E7,"{""type"":""MultiPoint"",""coordinates"":[]}"
20090524,2009-05-24,2.1429322615375347E7,"{""type"":""MultiPoint"",""coordinates"":[]}"
20090525,2009-05-25,1.957538960423814E7,"{""type"":""MultiPoint"",""coordinates"":[]}"
20090526,2009-05-26,2.1553760062448572E7,"{""type"":""MultiPoint"",""coordinates"":[]}"
20090527,2009-05-27,2.0186680342584223E7,"{""type"":""MultiPoint"",""coordinates"":[]}"
20090528,2009-05-28,2.1348600477113556E7,"{""type"":""MultiPoint"",""coordinates"":[]}"
20090529,2009-05-29,2.2930693670619868E7,"{""type"":""MultiPoint"",""coordinates"":[]}"
20090530,2009-05-30,1.9702972984407913E7,"{""type"":""MultiPoint"",""coordinates"":[]}"
20090531,2009-05-31,1.2098516528083798E7,"{""type"":""MultiPoint"",""coordinates"":[]}"
20090601,2009-06-01,1.6926811077719584E7,"{""type"":""MultiPoint"",""coordinates"":[]}"
20090602,2009-06-02,1.8575947686713617E7,"{""type"":""MultiPoint"",""coordinates"":[]}"
20090603,2009-06-03,2.171660989392571E7,"{""type"":""MultiPoint"",""coordinates"":[]}"
20090604,2009-06-04,2.160447906238836E7,"{""type"":""MultiPoint"",""coordinates"":[]}"
20090605,2009-06-05,1.7545026833784837E7,"{""type"":""MultiPoint"",""coordinates"":[]}"
20090606,2009-06-06,9320302.92633395,"{""type"":""MultiPoint"",""coordinates"":[]}"
20090607,2009-06-07,1.7445144566371676E7,"{""type"":""MultiPoint"",""coordinates"":[]}"
20090608,2009-06-08,1.7688519242670514E7,"{""type"":""MultiPoint"",""coordinates"":[]}"
20090609,2009-06-09,1.9154734495936416E7,"{""type"":""MultiPoint"",""coordinates"":[]}"
20090610,2009-06-10,1.9953232369795106E7,"{""type"":""MultiPoint"",""coordinates"":[]}"
20090611,2009-06-11,1.7505366663616475E7,"{""type"":""MultiPoint"",""coordinates"":[]}"
20090612,2009-06-12,1.4800569820560671E7,"{""type"":""MultiPoint"",""coordinates"":[]}"
20090613,2009-06-13,1.5140259371500801E7,"{""type"":""MultiPoint"",""coordinates"":[]}"
20090614,2009-06-14,1.7171609659542862E7,"{""type"":""MultiPoint"",""coordinates"":[]}"
20090615,2009-06-15,1.6361321503501685E7,"{""type"":""MultiPoint"",""coordinates"":[]}"
20090616,2009-06-16,1.9247905177934293E7,"{""type"":""MultiPoint"",""coordinates"":[]}"
20090617,2009-06-17,1.803547437352758E7,"{""type"":""MultiPoint"",""coordinates"":[]}"
20090618,2009-06-18,1.5389896532177465E7,"{""type"":""MultiPoint"",""coordinates"":[]}"
20090619,2009-06-19,1.5351181045732742E7,"{""type"":""MultiPoint"",""coordinates"":[]}"
20090620,2009-06-20,1.6101221452290643E7,"{""type"":""MultiPoint"",""coordinates"":[]}"
20090621,2009-06-21,1.3291779027471751E7,"{""type"":""MultiPoint"",""coordinates"":[]}"
20090622,2009-06-22,2.088482471237934E7,"{""type"":""MultiPoint"",""coordinates"":[]}"
20090623,2009-06-23,1.8567515729817584E7,"{""type"":""MultiPoint"",""coordinates"":[]}"
20090624,2009-06-24,9013334.210182004,"{""type"":""MultiPoint"",""coordinates"":[]}"
20090625,2009-06-25,2.016172942644432E7,"{""type"":""MultiPoint"",""coordinates"":[]}"
20090626,2009-06-26,1.8988902515120488E7,"{""type"":""MultiPoint"",""coordinates"":[]}"
20090627,2009-06-27,1.5780387816426864E7,"{""type"":""MultiPoint"",""coordinates"":[]}"
20090628,2009-06-28,1.950038426881784E7,"{""type"":""MultiPoint"",""coordinates"":[]}"
20090629,2009-06-29,1.9073581725924578E7,"{""type"":""MultiPoint"",""coordinates"":[]}"
20090630,2009-06-30,1.7322732354463898E7,"{""type"":""MultiPoint"",""coordinates"":[]}"
20090701,2009-07-01,1.4305737753857883E7,"{""type"":""MultiPoint"",""coordinates"":[]}"
20090702,2009-07-02,1.8180505756827798E7,"{""type"":""MultiPoint"",""coordinates"":[]}"
20090703,2009-07-03,1.654231811161279E7,"{""type"":""MultiPoint"",""coordinates"":[]}"
20090704,2009-07-04,1.155716138984207E7,"{""type"":""MultiPoint"",""coordinates"":[]}"
20090705,2009-07-05,1.713646050841811E7,"{""type"":""MultiPoint"",""coordinates"":[]}"
20090706,2009-07-06,1.2136852442036398E7,"{""type"":""MultiPoint"",""coordinates"":[]}"
20090707,2009-07-07,1.8107560681155052E7,"{""type"":""MultiPoint"",""coordinates"":[]}"
20090708,2009-07-08,2.181461584331667E7,"{""type"":""MultiPoint"",""coordinates"":[]}"
20090709,2009-07-09,2.1757980780366413E7,"{""type"":""MultiPoint"",""coordinates"":[]}"
20090710,2009-07-10,1.4758844203680288E7,"{""type"":""MultiPoint"",""coordinates"":[]}"
20090711,2009-07-11,1.5205270252683954E7,"{""type"":""MultiPoint"",""coordinates"":[]}"
20090712,2009-07-12,1.5862563023538616E7,"{""type"":""MultiPoint"",""coordinates"":[]}"
20090713,2009-07-13,1.8659984557622448E7,"{""type"":""MultiPoint"",""coordinates"":[]}"
20090714,2009-07-14,2.0663515796279576E7,"{""type"":""MultiPoint"",""coordinates"":[]}"
20090715,2009-07-15,2.1264438599522393E7,"{""type"":""MultiPoint"",""coordinates"":[]}"
20090716,2009-07-16,2.0053572738948077E7,"{""type"":""MultiPoint"",""coordinates"":[]}"
20090717,2009-07-17,1.9952260518852964E7,"{""type"":""MultiPoint"",""coordinates"":[]}"
20090718,2009-07-18,2.1691847936829004E7,"{""type"":""MultiPoint"",""coordinates"":[]}"
20090719,2009-07-19,1.503047137206269E7,"{""type"":""MultiPoint"",""coordinates"":[]}"
20090720,2009-07-20,2.0254239893363826E7,"{""type"":""MultiPoint"",""coordinates"":[]}"
20090721,2009-07-21,1.8764141559769623E7,"{""type"":""MultiPoint"",""coordinates"":[]}"
20090722,2009-07-22,1.6613246443882566E7,"{""type"":""MultiPoint"",""coordinates"":[]}"
20090723,2009-07-23,2.2152022300644144E7,"{""type"":""MultiPoint"",""coordinates"":[]}"
20090724,2009-07-24,2.0961185429093163E7,"{""type"":""MultiPoint"",""coordinates"":[]}"
20090725,2009-07-25,2.2644617376959033E7,"{""type"":""MultiPoint"",""coordinates"":[]}"
20090726,2009-07-26,2.299371407870286E7,"{""type"":""MultiPoint"",""coordinates"":[]}"
20090727,2009-07-27,1.6675343654566247E7,"{""type"":""MultiPoint"",""coordinates"":[]}"
20090728,2009-07-28,2.2545646307105724E7,"{""type"":""MultiPoint"",""coordinates"":[]}"
20090729,2009-07-29,2.2170654266851276E7,"{""type"":""MultiPoint"",""coordinates"":[]}"
20090730,2009-07-30,2.155487920763349E7,"{""type"":""MultiPoint"",""coordinates"":[]}"
20090731,2009-07-31,2.195271019212168E7,"{""type"":""MultiPoint"",""coordinates"":[]}"
20090801,2009-08-01,2.153401409527822E7,"{""type"":""MultiPoint"",""coordinates"":[]}"
20090802,2009-08-02,2.1523393447394293E7,"{""type"":""MultiPoint"",""coordinates"":[]}"
20090803,2009-08-03,2.0039267237493217E7,"{""type"":""MultiPoint"",""coordinates"":[]}"
20090804,2009-08-04,2.2231513913671657E7,"{""type"":""MultiPoint"",""coordinates"":[]}"
20090805,2009-08-05,2.316128085497562E7,"{""type"":""MultiPoint"",""coordinates"":[]}"
20090806,2009-08-06,1.79425479796119E7,"{""type"":""MultiPoint"",""coordinates"":[]}"
20090807,2009-08-07,1.788578117127204E7,"{""type"":""MultiPoint"",""coordinates"":[]}"
20090808,2009-08-08,2.026556362691389E7,"{""type"":""MultiPoint"",""coordinates"":[]}"
20090809,2009-08-09,2.1718709967973024E7,"{""type"":""MultiPoint"",""coordinates"":[]}"
20090810,2009-08-10,2.1428913243553463E7,"{""type"":""MultiPoint"",""coordinates"":[]}"
20090811,2009-08-11,2.1482263897216696E7,"{""type"":""MultiPoint"",""coordinates"":[]}"
20090812,2009-08-12,2.0915044066783052E7,"{""type"":""MultiPoint"",""coordinates"":[]}"
20090813,2009-08-13,2.2235493409989357E7,"{""type"":""MultiPoint"",""coordinates"":[]}"
20090814,2009-08-14,2.228003868051291E7,"{""type"":""MultiPoint"",""coordinates"":[]}"
20090815,2009-08-15,2.2455407136676498E7,"{""type"":""MultiPoint"",""coordinates"":[]}"
20090816,2009-08-16,2.270776687564463E7,"{""type"":""MultiPoint"",""coordinates"":[]}"
20090817,2009-08-17,2.1709568242369514E7,"{""type"":""MultiPoint"",""coordinates"":[]}"
20090818,2009-08-18,2.0204262869464E7,"{""type"":""MultiPoint"",""coordinates"":[]}"
20090819,2009-08-19,2.1625055643930726E7,"{""type"":""MultiPoint"",""coordinates"":[]}"
20090820,2009-08-20,2.4271136791202627E7,"{""type"":""MultiPoint"",""coordinates"":[]}"
20090821,2009-08-21,1.811147159496719E7,"{""type"":""MultiPoint"",""coordinates"":[]}"
20090822,2009-08-22,1.895603607781991E7,"{""type"":""MultiPoint"",""coordinates"":[]}"
20090823,2009-08-23,2.1575639413561285E7,"{""type"":""MultiPoint"",""coordinates"":[]}"
20090824,2009-08-24,2.456627187598579E7,"{""type"":""MultiPoint"",""coordinates"":[]}"
20090825,2009-08-25,2.2941749606004044E7,"{""type"":""MultiPoint"",""coordinates"":[]}"
20090826,2009-08-26,2.1535546522103827E7,"{""type"":""MultiPoint"",""coordinates"":[]}"
20090827,2009-08-27,2.268194915545923E7,"{""type"":""MultiPoint"",""coordinates"":[]}"
20090828,2009-08-28,2.2805238027612217E7,"{""type"":""MultiPoint"",""coordinates"":[]}"
20090829,2009-08-29,2.422850804418757E7,"{""type"":""MultiPoint"",""coordinates"":[]}"
20090830,2009-08-30,2.131037825998835E7,"{""type"":""MultiPoint"",""coordinates"":[]}"
20090831,2009-08-31,2.2262484792567164E7,"{""type"":""MultiPoint"",""coordinates"":[]}"
20090901,2009-09-01,2.5465331690486208E7,"{""type"":""MultiPoint"",""coordinates"":[]}"
20090902,2009-09-02,2.5647868814079028E7,"{""type"":""MultiPoint"",""coordinates"":[]}"
20090903,2009-09-03,2.480664709405412E7,"{""type"":""MultiPoint"",""coordinates"":[]}"
20090904,2009-09-04,2.455257224505848E7,"{""type"":""MultiPoint"",""coordinates"":[]}"
20090905,2009-09-05,2.4435483897256818E7,"{""type"":""MultiPoint"",""coordinates"":[]}"
20090906,2009-09-06,2.2311954540645745E7,"{""type"":""MultiPoint"",""coordinates"":[]}"
20090907,2009-09-07,2.4413383095097613E7,"{""type"":""MultiPoint"",""coordinates"":[]}"
20090908,2009-09-08,2.6270030256296013E7,"{""type"":""MultiPoint"",""coordinates"":[]}"
20090909,2009-09-09,2.157982333313266E7,"{""type"":""MultiPoint"",""coordinates"":[]}"
20090910,2009-09-10,2.1061331261533514E7,"{""type"":""MultiPoint"",""coordinates"":[]}"
20090911,2009-09-11,2.20154043374872E7,"{""type"":""MultiPoint"",""coordinates"":[]}"
20090912,2009-09-12,2.1685868557421777E7,"{""type"":""MultiPoint"",""coordinates"":[]}"
20090913,2009-09-13,2.162198319238256E7,"{""type"":""MultiPoint"",""coordinates"":[]}"
20090914,2009-09-14,2.3181529538097233E7,"{""type"":""MultiPoint"",""coordinates"":[]}"
20090915,2009-09-15,2.3854928982280813E7,"{""type"":""MultiPoint"",""coordinates"":[]}"
20090916,2009-09-16,2.36650338043465E7,"{""type"":""MultiPoint"",""coordinates"":[]}"
20090917,2009-09-17,2.4600384708727136E7,"{""type"":""MultiPoint"",""coordinates"":[]}"
20090918,2009-09-18,2.3304498949932773E7,"{""type"":""MultiPoint"",""coordinates"":[]}"
20090919,2009-09-19,2.3105931162241872E7,"{""type"":""MultiPoint"",""coordinates"":[]}"
20090920,2009-09-20,2.5324881594164506E7,"{""type"":""MultiPoint"",""coordinates"":[]}"
20090921,2009-09-21,2.593497177689482E7,"{""type"":""MultiPoint"",""coordinates"":[]}"
20090922,2009-09-22,2.44142537132021E7,"{""type"":""MultiPoint"",""coordinates"":[]}"
20090923,2009-09-23,1.5134476714256579E7,"{""type"":""MultiPoint"",""coordinates"":[]}"
20090924,2009-09-24,1.4219574862968795E7,"{""type"":""MultiPoint"",""coordinates"":[]}"
20090925,2009-09-25,1.5808190224419076E7,"{""type"":""MultiPoint"",""coordinates"":[]}"
20090926,2009-09-26,1.410616247241673E7,"{""type"":""MultiPoint"",""coordinates"":[]}"
20090927,2009-09-27,1.6261541599712465E7,"{""type"":""MultiPoint"",""coordinates"":[]}"
20090928,2009-09-28,1.6862074132665288E7,"{""type"":""MultiPoint"",""coordinates"":[]}"
20090929,2009-09-29,1.3991066966639366E7,"{""type"":""MultiPoint"",""coordinates"":[]}"
20090930,2009-09-30,1.3619300119558526E7,"{""type"":""MultiPoint"",""coordinates"":[]}"
20091001,2009-10-01,1.4204930162460115E7,"{""type"":""MultiPoint"",""coordinates"":[]}"
20091002,2009-10-02,1.5720418744311698E7,"{""type"":""MultiPoint"",""coordinates"":[]}"
20091003,2009-10-03,1.5241602885658164E7,"{""type"":""MultiPoint"",""coordinates"":[]}"
20091004,2009-10-04,1.455389281864759E7,"{""type"":""MultiPoint"",""coordinates"":[]}"
20091005,2009-10-05,1.4703843051618708E7,"{""type"":""MultiPoint"",""coordinates"":[]}"
20091006,2009-10-06,1.6201779439807996E7,"{""type"":""MultiPoint"",""coordinates"":[]}"
20091007,2009-10-07,1.5951061738240939E7,"{""type"":""MultiPoint"",""coordinates"":[]}"
20091008,2009-10-08,1.404572343310113E7,"{""type"":""MultiPoint"",""coordinates"":[]}"
20091009,2009-10-09,1.4431751102578066E7,"{""type"":""MultiPoint"",""coordinates"":[]}"
20091010,2009-10-10,2.0521556325125914E7,"{""type"":""MultiPoint"",""coordinates"":[]}"
20091011,2009-10-11,1.728700583460758E7,"{""type"":""MultiPoint"",""coordinates"":[]}"
20091012,2009-10-12,1.966735758055906E7,"{""type"":""MultiPoint"",""coordinates"":[]}"
20091013,2009-10-13,2.268501886484858E7,"{""type"":""MultiPoint"",""coordinates"":[]}"
20091014,2009-10-14,2.0419461437601574E7,"{""type"":""MultiPoint"",""coordinates"":[]}"
20091015,2009-10-15,2.401990109718459E7,"{""type"":""MultiPoint"",""coordinates"":[]}"
20091016,2009-10-16,2.433606277165733E7,"{""type"":""MultiPoint"",""coordinates"":[]}"
20091017,2009-10-17,2.0412494775831264E7,"{""type"":""MultiPoint"",""coordinates"":[]}"
20091018,2009-10-18,1.952053454221098E7,"{""type"":""MultiPoint"",""coordinates"":[]}"
20091019,2009-10-19,2.070238803138482E7,"{""type"":""MultiPoint"",""coordinates"":[]}"
20091020,2009-10-20,2.1438897488732357E7,"{""type"":""MultiPoint"",""coordinates"":[]}"
20091021,2009-10-21,2.32196802948247E7,"{""type"":""MultiPoint"",""coordinates"":[]}"
20091022,2009-10-22,2.3054218722934596E7,"{""type"":""MultiPoint"",""coordinates"":[]}"
20091023,2009-10-23,2.433065076676096E7,"{""type"":""MultiPoint"",""coordinates"":[]}"
20091024,2009-10-24,2.1890503530993514E7,"{""type"":""MultiPoint"",""coordinates"":[]}"
20091025,2009-10-25,2.0923040888969157E7,"{""type"":""MultiPoint"",""coordinates"":[]}"
20091026,2009-10-26,2.0714289908534497E7,"{""type"":""MultiPoint"",""coordinates"":[]}"
20091027,2009-10-27,1.8468311198041458E7,"{""type"":""MultiPoint"",""coordinates"":[]}"
20091028,2009-10-28,1.9983754935323972E7,"{""type"":""MultiPoint"",""coordinates"":[]}"
20091029,2009-10-29,1.7506424816968676E7,"{""type"":""MultiPoint"",""coordinates"":[]}"
20091030,2009-10-30,1.739132232929986E7,"{""type"":""MultiPoint"",""coordinates"":[]}"
20091031,2009-10-31,1.3706093095739761E7,"{""type"":""MultiPoint"",""coordinates"":[]}"
20091101,2009-11-01,1.1422953865510805E7,"{""type"":""MultiPoint"",""coordinates"":[]}"
20091102,2009-11-02,2.2575149660586342E7,"{""type"":""MultiPoint"",""coordinates"":[]}"
20091103,2009-11-03,2.215018009142535E7,"{""type"":""MultiPoint"",""coordinates"":[]}"
20091104,2009-11-04,2.3025728458411086E7,"{""type"":""MultiPoint"",""coordinates"":[]}"
20091105,2009-11-05,2.1274174613208108E7,"{""type"":""MultiPoint"",""coordinates"":[]}"
20091106,2009-11-06,2.2843387506592013E7,"{""type"":""MultiPoint"",""coordinates"":[]}"
20091107,2009-11-07,2.129176276684124E7,"{""type"":""MultiPoint"",""coordinates"":[]}"
20091108,2009-11-08,2.0376577065558966E7,"{""type"":""MultiPoint"",""coordinates"":[]}"
20091109,2009-11-09,2.1193665060180996E7,"{""type"":""MultiPoint"",""coordinates"":[]}"
20091110,2009-11-10,2.0880630261714123E7,"{""type"":""MultiPoint"",""coordinates"":[]}"
20091111,2009-11-11,1.9569924871791784E7,"{""type"":""MultiPoint"",""coordinates"":[]}"
20091112,2009-11-12,1.9411709596692946E7,"{""type"":""MultiPoint"",""coordinates"":[]}"
20091113,2009-11-13,1.5573343905042836E7,"{""type"":""MultiPoint"",""coordinates"":[]}"
20091114,2009-11-14,2.0659254040896587E7,"{""type"":""MultiPoint"",""coordinates"":[]}"
20091115,2009-11-15,2.0655708531214252E7,"{""type"":""MultiPoint"",""coordinates"":[]}"
20091116,2009-11-16,2.0824415444143433E7,"{""type"":""MultiPoint"",""coordinates"":[]}"
20091117,2009-11-17,2.1171506059920125E7,"{""type"":""MultiPoint"",""coordinates"":[]}"
20091118,2009-11-18,2.0557805815423504E7,"{""type"":""MultiPoint"",""coordinates"":[]}"
20091119,2009-11-19,2.1574041491381206E7,"{""type"":""MultiPoint"",""coordinates"":[]}"
20091120,2009-11-20,2.0755981709790695E7,"{""type"":""MultiPoint"",""coordinates"":[]}"
20091121,2009-11-21,1.8401271429614905E7,"{""type"":""MultiPoint"",""coordinates"":[]}"
20091122,2009-11-22,2.208593386679509E7,"{""type"":""MultiPoint"",""coordinates"":[]}"
20091123,2009-11-23,1.8322566852968913E7,"{""type"":""MultiPoint"",""coordinates"":[]}"
20091124,2009-11-24,1.976007130150703E7,"{""type"":""MultiPoint"",""coordinates"":[]}"
20091125,2009-11-25,1.7188143845082574E7,"{""type"":""MultiPoint"",""coordinates"":[]}"
20091126,2009-11-26,1.7818339679409225E7,"{""type"":""MultiPoint"",""coordinates"":[]}"
20091127,2009-11-27,2.100198090710974E7,"{""type"":""MultiPoint"",""coordinates"":[]}"
20091128,2009-11-28,1.876263404129793E7,"{""type"":""MultiPoint"",""coordinates"":[]}"
20091129,2009-11-29,1.6873772583870124E7,"{""type"":""MultiPoint"",""coordinates"":[]}"
20091130,2009-11-30,1.572348834435012E7,"{""type"":""MultiPoint"",""coordinates"":[]}"
20091201,2009-12-01,1.8268579154616408E7,"{""type"":""MultiPoint"",""coordinates"":[]}"
20091202,2009-12-02,1.7120458276322916E7,"{""type"":""MultiPoint"",""coordinates"":[]}"
20091203,2009-12-03,1.9143134963738877E7,"{""type"":""MultiPoint"",""coordinates"":[]}"
20091204,2009-12-04,1.975782857648546E7,"{""type"":""MultiPoint"",""coordinates"":[]}"
20091205,2009-12-05,1.6933969263018478E7,"{""type"":""MultiPoint"",""coordinates"":[]}"
20091206,2009-12-06,1.5844571247486599E7,"{""type"":""MultiPoint"",""coordinates"":[]}"
20091207,2009-12-07,1.441421900106355E7,"{""type"":""MultiPoint"",""coordinates"":[]}"
20091208,2009-12-08,1.750600584415948E7,"{""type"":""MultiPoint"",""coordinates"":[]}"
20091209,2009-12-09,1.8761100938976176E7,"{""type"":""MultiPoint"",""coordinates"":[]}"
20091210,2009-12-10,1.2526398752633795E7,"{""type"":""MultiPoint"",""coordinates"":[]}"
20091211,2009-12-11,1.3390693301145818E7,"{""type"":""MultiPoint"",""coordinates"":[]}"
20091212,2009-12-12,1.4299861886541037E7,"{""type"":""MultiPoint"",""coordinates"":[]}"
20091213,2009-12-13,1.8189624247466538E7,"{""type"":""MultiPoint"",""coordinates"":[]}"
20091214,2009-12-14,1.8342425077920243E7,"{""type"":""MultiPoint"",""coordinates"":[]}"
20091215,2009-12-15,1.013544226147332E7,"{""type"":""MultiPoint"",""coordinates"":[]}"
20091216,2009-12-16,1.5593072109325137E7,"{""type"":""MultiPoint"",""coordinates"":[]}"
20091217,2009-12-17,1.4920133175606525E7,"{""type"":""MultiPoint"",""coordinates"":[]}"
20091218,2009-12-18,1.693174255710071E7,"{""type"":""MultiPoint"",""coordinates"":[]}"
20091219,2009-12-19,1.7062559485722307E7,"{""type"":""MultiPoint"",""coordinates"":[]}"
20091220,2009-12-20,1.1934708574960371E7,"{""type"":""MultiPoint"",""coordinates"":[]}"
20091221,2009-12-21,1.6663299556518756E7,"{""type"":""MultiPoint"",""coordinates"":[]}"
20091222,2009-12-22,1.4899240267694103E7,"{""type"":""MultiPoint"",""coordinates"":[]}"
20091223,2009-12-23,1.3116558233459748E7,"{""type"":""MultiPoint"",""coordinates"":[]}"
20091224,2009-12-24,1.840546440848433E7,"{""type"":""MultiPoint"",""coordinates"":[]}"
20091225,2009-12-25,1.687984902815403E7,"{""type"":""MultiPoint"",""coordinates"":[]}"
20091226,2009-12-26,1.7863713740533378E7,"{""type"":""MultiPoint"",""coordinates"":[]}"
20091227,2009-12-27,1.724876941544759E7,"{""type"":""MultiPoint"",""coordinates"":[]}"
20091228,2009-12-28,1.7442842643469173E7,"{""type"":""MultiPoint"",""coordinates"":[]}"
20091229,2009-12-29,1.9665035775971737E7,"{""type"":""MultiPoint"",""coordinates"":[]}"
20091230,2009-12-30,2.0424100563883364E7,"{""type"":""MultiPoint"",""coordinates"":[]}"
20091231,2009-12-31,1.6494868464350937E7,"{""type"":""MultiPoint"",""coordinates"":[]}"
20100101,2010-01-01,1.8284895224610195E7,"{""type"":""MultiPoint"",""coordinates"":[]}"
20100102,2010-01-02,1.8617158725422908E7,"{""type"":""MultiPoint"",""coordinates"":[]}"
20100103,2010-01-03,1.8581603142656475E7,"{""type"":""MultiPoint"",""coordinates"":[]}"
20100104,2010-01-04,1.6771087331768094E7,"{""type"":""MultiPoint"",""coordinates"":[]}"
20100105,2010-01-05,1.6155931263459953E7,"{""type"":""MultiPoint"",""coordinates"":[]}"
20100106,2010-01-06,1.836058070724218E7,"{""type"":""MultiPoint"",""coordinates"":[]}"
20100107,2010-01-07,1.8581476591174517E7,"{""type"":""MultiPoint"",""coordinates"":[]}"
20100108,2010-01-08,1.943943401183953E7,"{""type"":""MultiPoint"",""coordinates"":[]}"
20100109,2010-01-09,1.809814699568559E7,"{""type"":""MultiPoint"",""coordinates"":[]}"
20100110,2010-01-10,1.8081003936668467E7,"{""type"":""MultiPoint"",""coordinates"":[]}"
20100111,2010-01-11,1.6422341732907904E7,"{""type"":""MultiPoint"",""coordinates"":[]}"
20100112,2010-01-12,1.729582825870407E7,"{""type"":""MultiPoint"",""coordinates"":[]}"
20100113,2010-01-13,1.876874156362249E7,"{""type"":""MultiPoint"",""coordinates"":[]}"
20100114,2010-01-14,1.64066950099733E7,"{""type"":""MultiPoint"",""coordinates"":[]}"
20100115,2010-01-15,1.6448244828366732E7,"{""type"":""MultiPoint"",""coordinates"":[]}"
20100116,2010-01-16,1.8276132775068726E7,"{""type"":""MultiPoint"",""coordinates"":[]}"
20100117,2010-01-17,1.5835500324363375E7,"{""type"":""MultiPoint"",""coordinates"":[]}"
20100118,2010-01-18,1.6591080876367064E7,"{""type"":""MultiPoint"",""coordinates"":[]}"
20100119,2010-01-19,1.878635605634819E7,"{""type"":""MultiPoint"",""coordinates"":[]}"
20100120,2010-01-20,1.8726290813878354E7,"{""type"":""MultiPoint"",""coordinates"":[]}"
20100121,2010-01-21,1.8005133327554025E7,"{""type"":""MultiPoint"",""coordinates"":[]}"
20100122,2010-01-22,1.8145653433748715E7,"{""type"":""MultiPoint"",""coordinates"":[]}"
20100123,2010-01-23,1.8633856837838378E7,"{""type"":""MultiPoint"",""coordinates"":[]}"
20100124,2010-01-24,1.4644841160275318E7,"{""type"":""MultiPoint"",""coordinates"":[]}"
20100125,2010-01-25,1.862094392502959E7,"{""type"":""MultiPoint"",""coordinates"":[]}"
20100126,2010-01-26,1.544299430714586E7,"{""type"":""MultiPoint"",""coordinates"":[]}"
20100127,2010-01-27,1.9827630105512407E7,"{""type"":""MultiPoint"",""coordinates"":[]}"
20100128,2010-01-28,1.878922538165471E7,"{""type"":""MultiPoint"",""coordinates"":[]}"
20100129,2010-01-29,1.6791926347440444E7,"{""type"":""MultiPoint"",""coordinates"":[]}"
20100130,2010-01-30,8753299.972668713,"{""type"":""MultiPoint"",""coordinates"":[]}"
20100131,2010-01-31,1.1200350913370652E7,"{""type"":""MultiPoint"",""coordinates"":[]}"
20100201,2010-02-01,1.2350842972247299E7,"{""type"":""MultiPoint"",""coordinates"":[]}"
20100202,2010-02-02,1.6261859487568473E7,"{""type"":""MultiPoint"",""coordinates"":[]}"
20100203,2010-02-03,1.5019517516745934E7,"{""type"":""MultiPoint"",""coordinates"":[]}"
20100204,2010-02-04,1.797792633676479E7,"{""type"":""MultiPoint"",""coordinates"":[]}"
20100205,2010-02-05,1.7971635957698703E7,"{""type"":""MultiPoint"",""coordinates"":[]}"
20100206,2010-02-06,1.5723676387213288E7,"{""type"":""MultiPoint"",""coordinates"":[]}"
20100207,2010-02-07,1.4436966743162159E7,"{""type"":""MultiPoint"",""coordinates"":[]}"
20100208,2010-02-08,1.9389765098067537E7,"{""type"":""MultiPoint"",""coordinates"":[]}"
20100209,2010-02-09,2.09300291781751E7,"{""type"":""MultiPoint"",""coordinates"":[]}"
20100210,2010-02-10,2.208181425737964E7,"{""type"":""MultiPoint"",""coordinates"":[]}"
20100211,2010-02-11,2.2750739680854037E7,"{""type"":""MultiPoint"",""coordinates"":[]}"
20100212,2010-02-12,1.9059622778359722E7,"{""type"":""MultiPoint"",""coordinates"":[]}"
20100213,2010-02-13,2.104684964902776E7,"{""type"":""MultiPoint"",""coordinates"":[]}"
20100214,2010-02-14,2.174748199779262E7,"{""type"":""MultiPoint"",""coordinates"":[]}"
20100215,2010-02-15,2.2160871828868408E7,"{""type"":""MultiPoint"",""coordinates"":[]}"
20100216,2010-02-16,9995335.266108802,"{""type"":""MultiPoint"",""coordinates"":[]}"
20100217,2010-02-17,1.7475999536853082E7,"{""type"":""MultiPoint"",""coordinates"":[]}"
20100218,2010-02-18,1.4620869748078583E7,"{""type"":""MultiPoint"",""coordinates"":[]}"
20100219,2010-02-19,1.1663633790700933E7,"{""type"":""MultiPoint"",""coordinates"":[]}"
20100220,2010-02-20,1.9137733725041628E7,"{""type"":""MultiPoint"",""coordinates"":[]}"
20100221,2010-02-21,1.341079084827323E7,"{""type"":""MultiPoint"",""coordinates"":[]}"
20100222,2010-02-22,1.2788651291593917E7,"{""type"":""MultiPoint"",""coordinates"":[]}"
20100223,2010-02-23,1.664500800573917E7,"{""type"":""MultiPoint"",""coordinates"":[]}"
20100224,2010-02-24,1.9587235798848145E7,"{""type"":""MultiPoint"",""coordinates"":[]}"
20100225,2010-02-25,1.92971815866193E7,"{""type"":""MultiPoint"",""coordinates"":[]}"
20100226,2010-02-26,2.2622296854774956E7,"{""type"":""MultiPoint"",""coordinates"":[]}"
20100227,2010-02-27,2.1354887366243243E7,"{""type"":""MultiPoint"",""coordinates"":[]}"
20100228,2010-02-28,2.1656533003311057E7,"{""type"":""MultiPoint"",""coordinates"":[]}"
20100301,2010-03-01,2.086639262119478E7,"{""type"":""MultiPoint"",""coordinates"":[]}"
20100302,2010-03-02,2.0801217658378985E7,"{""type"":""MultiPoint"",""coordinates"":[]}"
20100303,2010-03-03,2.178107455982983E7,"{""type"":""MultiPoint"",""coordinates"":[]}"
20100304,2010-03-04,1.1436805017658653E7,"{""type"":""MultiPoint"",""coordinates"":[]}"
20100305,2010-03-05,1.3719776835400237E7,"{""type"":""MultiPoint"",""coordinates"":[]}"
20100306,2010-03-06,1.3936862608853772E7,"{""type"":""MultiPoint"",""coordinates"":[]}"
20100307,2010-03-07,1.2909174343026292E7,"{""type"":""MultiPoint"",""coordinates"":[]}"
20100308,2010-03-08,1.1762407338595811E7,"{""type"":""MultiPoint"",""coordinates"":[]}"
20100309,2010-03-09,1.4107972464173628E7,"{""type"":""MultiPoint"",""coordinates"":[]}"
20100310,2010-03-10,1.2087239359736439E7,"{""type"":""MultiPoint"",""coordinates"":[]}"
20100311,2010-03-11,1.41823339614627E7,"{""type"":""MultiPoint"",""coordinates"":[]}"
20100312,2010-03-12,1.3195042415769285E7,"{""type"":""MultiPoint"",""coordinates"":[]}"
20100313,2010-03-13,1.3276444719847197E7,"{""type"":""MultiPoint"",""coordinates"":[]}"
20100314,2010-03-14,1.4288395749511264E7,"{""type"":""MultiPoint"",""coordinates"":[]}"
20100315,2010-03-15,1.3716301298066799E7,"{""type"":""MultiPoint"",""coordinates"":[]}"
20100316,2010-03-16,1.2173403549618816E7,"{""type"":""MultiPoint"",""coordinates"":[]}"
20100317,2010-03-17,1.274530372187651E7,"{""type"":""MultiPoint"",""coordinates"":[]}"
20100318,2010-03-18,1.1523680964440875E7,"{""type"":""MultiPoint"",""coordinates"":[]}"
20100319,2010-03-19,1.4096775173688747E7,"{""type"":""MultiPoint"",""coordinates"":[]}"
20100320,2010-03-20,1.3782989040198008E7,"{""type"":""MultiPoint"",""coordinates"":[]}"
20100321,2010-03-21,1.4723538606488561E7,"{""type"":""MultiPoint"",""coordinates"":[]}"
20100322,2010-03-22,2.118124596524391E7,"{""type"":""MultiPoint"",""coordinates"":[]}"
20100323,2010-03-23,2.04103489103606E7,"{""type"":""MultiPoint"",""coordinates"":[]}"
20100324,2010-03-24,1.8164483862259947E7,"{""type"":""MultiPoint"",""coordinates"":[]}"
20100325,2010-03-25,1.4927785821082413E7,"{""type"":""MultiPoint"",""coordinates"":[]}"
20100326,2010-03-26,1.6732499385748392E7,"{""type"":""MultiPoint"",""coordinates"":[]}"
20100327,2010-03-27,1.97011363994943E7,"{""type"":""MultiPoint"",""coordinates"":[]}"
20100328,2010-03-28,2.0236635241426356E7,"{""type"":""MultiPoint"",""coordinates"":[]}"
20100329,2010-03-29,2.1983589630726617E7,"{""type"":""MultiPoint"",""coordinates"":[]}"
20100330,2010-03-30,2.120383102333794E7,"{""type"":""MultiPoint"",""coordinates"":[]}"
20100331,2010-03-31,2.0000647512571983E7,"{""type"":""MultiPoint"",""coordinates"":[]}"
20100401,2010-04-01,2.152237354873276E7,"{""type"":""MultiPoint"",""coordinates"":[]}"
20100402,2010-04-02,2.0523035099151164E7,"{""type"":""MultiPoint"",""coordinates"":[]}"
20100403,2010-04-03,1.9224850363534193E7,"{""type"":""MultiPoint"",""coordinates"":[]}"
20100404,2010-04-04,1.6067092703670256E7,"{""type"":""MultiPoint"",""coordinates"":[]}"
20100405,2010-04-05,1.6734880752553523E7,"{""type"":""MultiPoint"",""coordinates"":[]}"
20100406,2010-04-06,8701395.670419198,"{""type"":""MultiPoint"",""coordinates"":[]}"
20100407,2010-04-07,1.2783796986013278E7,"{""type"":""MultiPoint"",""coordinates"":[]}"
20100408,2010-04-08,1.8730149854273263E7,"{""type"":""MultiPoint"",""coordinates"":[]}"
20100409,2010-04-09,2.2064844251720738E7,"{""type"":""MultiPoint"",""coordinates"":[]}"
20100410,2010-04-10,2.0610516805891678E7,"{""type"":""MultiPoint"",""coordinates"":[]}"
20100411,2010-04-11,1.9768969685629997E7,"{""type"":""MultiPoint"",""coordinates"":[]}"
20100412,2010-04-12,1.5743378253005031E7,"{""type"":""MultiPoint"",""coordinates"":[]}"
20100413,2010-04-13,1.5714868577488802E7,"{""type"":""MultiPoint"",""coordinates"":[]}"
20100414,2010-04-14,1.7560362026929937E7,"{""type"":""MultiPoint"",""coordinates"":[]}"
20100415,2010-04-15,1.0180018647763526E7,"{""type"":""MultiPoint"",""coordinates"":[]}"
20100416,2010-04-16,1.037422977067405E7,"{""type"":""MultiPoint"",""coordinates"":[]}"
20100417,2010-04-17,1.9507271672185097E7,"{""type"":""MultiPoint"",""coordinates"":[]}"
20100418,2010-04-18,2.0307846692472856E7,"{""type"":""MultiPoint"",""coordinates"":[]}"
20100419,2010-04-19,2.2146663778821263E7,"{""type"":""MultiPoint"",""coordinates"":[]}"
20100420,2010-04-20,2.2109324918828882E7,"{""type"":""MultiPoint"",""coordinates"":[]}"
20100421,2010-04-21,2.200605665984387E7,"{""type"":""MultiPoint"",""coordinates"":[]}"
20100422,2010-04-22,1.6900095533000216E7,"{""type"":""MultiPoint"",""coordinates"":[]}"
20100423,2010-04-23,1.6988784535307914E7,"{""type"":""MultiPoint"",""coordinates"":[]}"
20100424,2010-04-24,1.943681485300905E7,"{""type"":""MultiPoint"",""coordinates"":[]}"
20100425,2010-04-25,1.7424788854494E7,"{""type"":""MultiPoint"",""coordinates"":[]}"
20100426,2010-04-26,1.816939648658519E7,"{""type"":""MultiPoint"",""coordinates"":[]}"
20100427,2010-04-27,1.8055660986013275E7,"{""type"":""MultiPoint"",""coordinates"":[]}"
20100428,2010-04-28,2.2141468896835424E7,"{""type"":""MultiPoint"",""coordinates"":[]}"
20100429,2010-04-29,1.9015220092910312E7,"{""type"":""MultiPoint"",""coordinates"":[]}"
20100430,2010-04-30,1.7983616899484266E7,"{""type"":""MultiPoint"",""coordinates"":[]}"
20100501,2010-05-01,2.120856062255933E7,"{""type"":""MultiPoint"",""coordinates"":[]}"
20100502,2010-05-02,1.9625914343266506E7,"{""type"":""MultiPoint"",""coordinates"":[]}"
20100503,2010-05-03,2.0368092449501324E7,"{""type"":""MultiPoint"",""coordinates"":[]}"
20100504,2010-05-04,1.0792330736178836E7,"{""type"":""MultiPoint"",""coordinates"":[]}"
20100505,2010-05-05,7190409.445548127,"{""type"":""MultiPoint"",""coordinates"":[]}"
20100506,2010-05-06,1.6941575308691017E7,"{""type"":""MultiPoint"",""coordinates"":[]}"
20100507,2010-05-07,1.5923330401741812E7,"{""type"":""MultiPoint"",""coordinates"":[]}"
20100508,2010-05-08,1.9111108654024437E7,"{""type"":""MultiPoint"",""coordinates"":[]}"
20100509,2010-05-09,9353593.012582019,"{""type"":""MultiPoint"",""coordinates"":[]}"
20100510,2010-05-10,1.7216282710854247E7,"{""type"":""MultiPoint"",""coordinates"":[]}"
20100511,2010-05-11,1.5492431987718986E7,"{""type"":""MultiPoint"",""coordinates"":[]}"
20100512,2010-05-12,1.1291513833283164E7,"{""type"":""MultiPoint"",""coordinates"":[]}"
20100513,2010-05-13,1.835105183195874E7,"{""type"":""MultiPoint"",""coordinates"":[]}"
20100514,2010-05-14,1.820553578179118E7,"{""type"":""MultiPoint"",""coordinates"":[]}"
20100515,2010-05-15,8136616.613850259,"{""type"":""MultiPoint"",""coordinates"":[]}"
20100516,2010-05-16,9436292.28025605,"{""type"":""MultiPoint"",""coordinates"":[]}"
20100517,2010-05-17,1.4337768675977759E7,"{""type"":""MultiPoint"",""coordinates"":[]}"
20100518,2010-05-18,1.745321724612205E7,"{""type"":""MultiPoint"",""coordinates"":[]}"
20100519,2010-05-19,1.7232279643890593E7,"{""type"":""MultiPoint"",""coordinates"":[]}"
20100520,2010-05-20,1.5503067793068845E7,"{""type"":""MultiPoint"",""coordinates"":[]}"
20100521,2010-05-21,1.2508165016515153E7,"{""type"":""MultiPoint"",""coordinates"":[]}"
20100522,2010-05-22,1.534756260598399E7,"{""type"":""MultiPoint"",""coordinates"":[]}"
20100523,2010-05-23,1.5504674053980283E7,"{""type"":""MultiPoint"",""coordinates"":[]}"
20100524,2010-05-24,6044029.245279231,"{""type"":""MultiPoint"",""coordinates"":[]}"
20100525,2010-05-25,1.790440206369273E7,"{""type"":""MultiPoint"",""coordinates"":[]}"
20100526,2010-05-26,1.2206064126823587E7,"{""type"":""MultiPoint"",""coordinates"":[]}"
20100527,2010-05-27,1.5102874326891815E7,"{""type"":""MultiPoint"",""coordinates"":[]}"
20100528,2010-05-28,1.1816524883751726E7,"{""type"":""MultiPoint"",""coordinates"":[]}"
20100529,2010-05-29,1.7076259390604608E7,"{""type"":""MultiPoint"",""coordinates"":[]}"
20100530,2010-05-30,1.5389941831477128E7,"{""type"":""MultiPoint"",""coordinates"":[]}"
20100531,2010-05-31,2.0152823711677E7,"{""type"":""MultiPoint"",""coordinates"":[]}"
20100601,2010-06-01,2.076454516035557E7,"{""type"":""MultiPoint"",""coordinates"":[]}"
20100602,2010-06-02,1.728183201677603E7,"{""type"":""MultiPoint"",""coordinates"":[]}"
20100603,2010-06-03,1.6424280711095057E7,"{""type"":""MultiPoint"",""coordinates"":[]}"
20100604,2010-06-04,2.0902282388457447E7,"{""type"":""MultiPoint"",""coordinates"":[]}"
20100605,2010-06-05,1.839667411514457E7,"{""type"":""MultiPoint"",""coordinates"":[]}"
20100606,2010-06-06,1.8399649772078738E7,"{""type"":""MultiPoint"",""coordinates"":[]}"
20100607,2010-06-07,1.6076397267112156E7,"{""type"":""MultiPoint"",""coordinates"":[]}"
20100608,2010-06-08,1.6249531442859145E7,"{""type"":""MultiPoint"",""coordinates"":[]}"
20100609,2010-06-09,1.849671029165412E7,"{""type"":""MultiPoint"",""coordinates"":[]}"
20100610,2010-06-10,1.9472681525896493E7,"{""type"":""MultiPoint"",""coordinates"":[]}"
20100611,2010-06-11,1.69956383206309E7,"{""type"":""MultiPoint"",""coordinates"":[]}"
20100612,2010-06-12,2.064214940701944E7,"{""type"":""MultiPoint"",""coordinates"":[]}"
20100613,2010-06-13,2.079705477382456E7,"{""type"":""MultiPoint"",""coordinates"":[]}"
20100614,2010-06-14,1.6483204135251738E7,"{""type"":""MultiPoint"",""coordinates"":[]}"
20100615,2010-06-15,1.5584038355868598E7,"{""type"":""MultiPoint"",""coordinates"":[]}"
20100616,2010-06-16,1.8848107573134266E7,"{""type"":""MultiPoint"",""coordinates"":[]}"
20100617,2010-06-17,1.921154137170148E7,"{""type"":""MultiPoint"",""coordinates"":[]}"
20100618,2010-06-18,1.3913734430277115E7,"{""type"":""MultiPoint"",""coordinates"":[]}"
20100619,2010-06-19,1.7564130999056853E7,"{""type"":""MultiPoint"",""coordinates"":[]}"
20100620,2010-06-20,1.2039204593502292E7,"{""type"":""MultiPoint"",""coordinates"":[]}"
20100621,2010-06-21,1.2231284723857682E7,"{""type"":""MultiPoint"",""coordinates"":[]}"
20100622,2010-06-22,9553381.085385185,"{""type"":""MultiPoint"",""coordinates"":[]}"
20100623,2010-06-23,1.7479079581642687E7,"{""type"":""MultiPoint"",""coordinates"":[]}"
20100624,2010-06-24,1.922193806104388E7,"{""type"":""MultiPoint"",""coordinates"":[]}"
20100625,2010-06-25,2.1861127061104078E7,"{""type"":""MultiPoint"",""coordinates"":[]}"
20100626,2010-06-26,1.878498360435855E7,"{""type"":""MultiPoint"",""coordinates"":[]}"
20100627,2010-06-27,1.5090316568217836E7,"{""type"":""MultiPoint"",""coordinates"":[]}"
20100628,2010-06-28,1.5408608297152486E7,"{""type"":""MultiPoint"",""coordinates"":[]}"
20100629,2010-06-29,1.2736104796420043E7,"{""type"":""MultiPoint"",""coordinates"":[]}"
20100630,2010-06-30,1.2084310921196787E7,"{""type"":""MultiPoint"",""coordinates"":[]}"
20100701,2010-07-01,1.815672088656111E7,"{""type"":""MultiPoint"",""coordinates"":[]}"
20100702,2010-07-02,1.849153801488973E7,"{""type"":""MultiPoint"",""coordinates"":[]}"
20100703,2010-07-03,1.6911863765536886E7,"{""type"":""MultiPoint"",""coordinates"":[]}"
20100704,2010-07-04,1.4900483464692067E7,"{""type"":""MultiPoint"",""coordinates"":[]}"
20100705,2010-07-05,1.1993163737202248E7,"{""type"":""MultiPoint"",""coordinates"":[]}"
20100706,2010-07-06,1.1761700315614153E7,"{""type"":""MultiPoint"",""coordinates"":[]}"
20100707,2010-07-07,1.9478120757650536E7,"{""type"":""MultiPoint"",""coordinates"":[]}"
20100708,2010-07-08,2.0576875607649542E7,"{""type"":""MultiPoint"",""coordinates"":[]}"
20100709,2010-07-09,1.8541000533622295E7,"{""type"":""MultiPoint"",""coordinates"":[]}"
20100710,2010-07-10,1.8585884039973505E7,"{""type"":""MultiPoint"",""coordinates"":[]}"
20100711,2010-07-11,1.7867131526899837E7,"{""type"":""MultiPoint"",""coordinates"":[]}"
20100712,2010-07-12,1.443511725687797E7,"{""type"":""MultiPoint"",""coordinates"":[]}"
20100713,2010-07-13,1.6112898922440946E7,"{""type"":""MultiPoint"",""coordinates"":[]}"
20100714,2010-07-14,1.877322261417133E7,"{""type"":""MultiPoint"",""coordinates"":[]}"
20100715,2010-07-15,1.785524508538518E7,"{""type"":""MultiPoint"",""coordinates"":[]}"
20100716,2010-07-16,1.999623971849979E7,"{""type"":""MultiPoint"",""coordinates"":[]}"
20100717,2010-07-17,2.1132202886039365E7,"{""type"":""MultiPoint"",""coordinates"":[]}"
20100718,2010-07-18,2.0891317182549708E7,"{""type"":""MultiPoint"",""coordinates"":[]}"
20100719,2010-07-19,1.9307062013324503E7,"{""type"":""MultiPoint"",""coordinates"":[]}"
20100720,2010-07-20,1.7769942431079794E7,"{""type"":""MultiPoint"",""coordinates"":[]}"
20100721,2010-07-21,2.137215990837396E7,"{""type"":""MultiPoint"",""coordinates"":[]}"
20100722,2010-07-22,2.0425865420384083E7,"{""type"":""MultiPoint"",""coordinates"":[]}"
20100723,2010-07-23,1.8364455585575815E7,"{""type"":""MultiPoint"",""coordinates"":[]}"
20100724,2010-07-24,1.76073464610198E7,"{""type"":""MultiPoint"",""coordinates"":[]}"
20100725,2010-07-25,1.879512959544879E7,"{""type"":""MultiPoint"",""coordinates"":[]}"
20100726,2010-07-26,1.32035431390444E7,"{""type"":""MultiPoint"",""coordinates"":[]}"
20100727,2010-07-27,1.7985463906487662E7,"{""type"":""MultiPoint"",""coordinates"":[]}"
20100728,2010-07-28,1.4126336188268812E7,"{""type"":""MultiPoint"",""coordinates"":[]}"
20100729,2010-07-29,2.123553261320811E7,"{""type"":""MultiPoint"",""coordinates"":[]}"
20100730,2010-07-30,2.02716350323681E7,"{""type"":""MultiPoint"",""coordinates"":[]}"
20100731,2010-07-31,1.9681489186763782E7,"{""type"":""MultiPoint"",""coordinates"":[]}"
20100801,2010-08-01,1.7077261011177324E7,"{""type"":""MultiPoint"",""coordinates"":[]}"
20100802,2010-08-02,1.2898955489173833E7,"{""type"":""MultiPoint"",""coordinates"":[]}"
20100803,2010-08-03,1.2768722069793107E7,"{""type"":""MultiPoint"",""coordinates"":[]}"
20100804,2010-08-04,1.50751146348805E7,"{""type"":""MultiPoint"",""coordinates"":[]}"
20100805,2010-08-05,1.4247690309794705E7,"{""type"":""MultiPoint"",""coordinates"":[]}"
20100806,2010-08-06,1.5964644973571725E7,"{""type"":""MultiPoint"",""coordinates"":[]}"
20100807,2010-08-07,1.3908018108442193E7,"{""type"":""MultiPoint"",""coordinates"":[]}"
20100808,2010-08-08,1.8831169154817082E7,"{""type"":""MultiPoint"",""coordinates"":[]}"
20100809,2010-08-09,1.8415660455681976E7,"{""type"":""MultiPoint"",""coordinates"":[]}"
20100810,2010-08-10,1.6183609458150215E7,"{""type"":""MultiPoint"",""coordinates"":[]}"
20100811,2010-08-11,2.119184630044347E7,"{""type"":""MultiPoint"",""coordinates"":[]}"
20100812,2010-08-12,2.0829499276944995E7,"{""type"":""MultiPoint"",""coordinates"":[]}"
20100813,2010-08-13,2.051436800509701E7,"{""type"":""MultiPoint"",""coordinates"":[]}"
20100814,2010-08-14,2.12716263822768E7,"{""type"":""MultiPoint"",""coordinates"":[]}"
20100815,2010-08-15,1.7888169250697326E7,"{""type"":""MultiPoint"",""coordinates"":[]}"
20100816,2010-08-16,2.055229960082675E7,"{""type"":""MultiPoint"",""coordinates"":[]}"
20100817,2010-08-17,1.495414863829188E7,"{""type"":""MultiPoint"",""coordinates"":[]}"
20100818,2010-08-18,1.692938144149458E7,"{""type"":""MultiPoint"",""coordinates"":[]}"
20100819,2010-08-19,1.7993729561736193E7,"{""type"":""MultiPoint"",""coordinates"":[]}"
20100820,2010-08-20,1.617823366849275E7,"{""type"":""MultiPoint"",""coordinates"":[]}"
20100821,2010-08-21,1.5531679043284561E7,"{""type"":""MultiPoint"",""coordinates"":[]}"
20100822,2010-08-22,1.9713691310336515E7,"{""type"":""MultiPoint"",""coordinates"":[]}"
20100823,2010-08-23,2.144879935392209E7,"{""type"":""MultiPoint"",""coordinates"":[]}"
20100824,2010-08-24,1.9705930472498134E7,"{""type"":""MultiPoint"",""coordinates"":[]}"
20100825,2010-08-25,2.206803789609294E7,"{""type"":""MultiPoint"",""coordinates"":[]}"
20100826,2010-08-26,2.2626418480003193E7,"{""type"":""MultiPoint"",""coordinates"":[]}"
20100827,2010-08-27,1.9213188048401665E7,"{""type"":""MultiPoint"",""coordinates"":[]}"
20100828,2010-08-28,2.1116537663676675E7,"{""type"":""MultiPoint"",""coordinates"":[]}"
20100829,2010-08-29,2.2273270006301038E7,"{""type"":""MultiPoint"",""coordinates"":[]}"
20100830,2010-08-30,2.43410905756025E7,"{""type"":""MultiPoint"",""coordinates"":[]}"
20100831,2010-08-31,2.3914219902755193E7,"{""type"":""MultiPoint"",""coordinates"":[]}"
20100901,2010-09-01,2.450276238139385E7,"{""type"":""MultiPoint"",""coordinates"":[]}"
20100902,2010-09-02,2.4240319948026385E7,"{""type"":""MultiPoint"",""coordinates"":[]}"
20100903,2010-09-03,2.0774864454036474E7,"{""type"":""MultiPoint"",""coordinates"":[]}"
20100904,2010-09-04,2.107488862717475E7,"{""type"":""MultiPoint"",""coordinates"":[]}"
20100905,2010-09-05,2.0771026920394115E7,"{""type"":""MultiPoint"",""coordinates"":[]}"
20100906,2010-09-06,1.8027902609114442E7,"{""type"":""MultiPoint"",""coordinates"":[]}"
20100907,2010-09-07,2.1539394679629955E7,"{""type"":""MultiPoint"",""coordinates"":[]}"
20100908,2010-09-08,2.0966359466257297E7,"{""type"":""MultiPoint"",""coordinates"":[]}"
20100909,2010-09-09,1.6650430909999395E7,"{""type"":""MultiPoint"",""coordinates"":[]}"
20100910,2010-09-10,1.6529190268577045E7,"{""type"":""MultiPoint"",""coordinates"":[]}"
20100911,2010-09-11,2.0991063243553467E7,"{""type"":""MultiPoint"",""coordinates"":[]}"
20100912,2010-09-12,2.332135586145725E7,"{""type"":""MultiPoint"",""coordinates"":[]}"
20100913,2010-09-13,2.338110694788594E7,"{""type"":""MultiPoint"",""coordinates"":[]}"
20100914,2010-09-14,2.51533139011097E7,"{""type"":""MultiPoint"",""coordinates"":[]}"
20100915,2010-09-15,2.3947181656131472E7,"{""type"":""MultiPoint"",""coordinates"":[]}"
20100916,2010-09-16,2.4410759877751663E7,"{""type"":""MultiPoint"",""coordinates"":[]}"
20100917,2010-09-17,2.412631916300443E7,"{""type"":""MultiPoint"",""coordinates"":[]}"
20100918,2010-09-18,2.2186189575903516E7,"{""type"":""MultiPoint"",""coordinates"":[]}"
20100919,2010-09-19,1.9383001547930073E7,"{""type"":""MultiPoint"",""coordinates"":[]}"
20100920,2010-09-20,2.0033626636285182E7,"{""type"":""MultiPoint"",""coordinates"":[]}"
20100921,2010-09-21,1.9339104721850973E7,"{""type"":""MultiPoint"",""coordinates"":[]}"
20100922,2010-09-22,2.0634068563522153E7,"{""type"":""MultiPoint"",""coordinates"":[]}"
20100923,2010-09-23,1.5581636971154852E7,"{""type"":""MultiPoint"",""coordinates"":[]}"
20100924,2010-09-24,1.475641859692227E7,"{""type"":""MultiPoint"",""coordinates"":[]}"
20100925,2010-09-25,1.5869982299300883E7,"{""type"":""MultiPoint"",""coordinates"":[]}"
20100926,2010-09-26,1.3548009915923752E7,"{""type"":""MultiPoint"",""coordinates"":[]}"
20100927,2010-09-27,1.4783326097747732E7,"{""type"":""MultiPoint"",""coordinates"":[]}"
20100928,2010-09-28,1.4484043666535081E7,"{""type"":""MultiPoint"",""coordinates"":[]}"
20100929,2010-09-29,1.427494830261578E7,"{""type"":""MultiPoint"",""coordinates"":[]}"
20100930,2010-09-30,1.0845111321092086E7,"{""type"":""MultiPoint"",""coordinates"":[]}"
20101001,2010-10-01,1.4196300049865633E7,"{""type"":""MultiPoint"",""coordinates"":[]}"
20101002,2010-10-02,1.5653714237763658E7,"{""type"":""MultiPoint"",""coordinates"":[]}"
20101003,2010-10-03,1.4894959249485925E7,"{""type"":""MultiPoint"",""coordinates"":[]}"
20101004,2010-10-04,1.5311324452824036E7,"{""type"":""MultiPoint"",""coordinates"":[]}"
20101005,2010-10-05,1.48582617139407E7,"{""type"":""MultiPoint"",""coordinates"":[]}"
20101006,2010-10-06,1.5996259928418364E7,"{""type"":""MultiPoint"",""coordinates"":[]}"
20101007,2010-10-07,1.4710118617436044E7,"{""type"":""MultiPoint"",""coordinates"":[]}"
20101008,2010-10-08,1.4377745191908414E7,"{""type"":""MultiPoint"",""coordinates"":[]}"
20101009,2010-10-09,1.5156054750203243E7,"{""type"":""MultiPoint"",""coordinates"":[]}"
20101010,2010-10-10,1.338326565428321E7,"{""type"":""MultiPoint"",""coordinates"":[]}"
20101011,2010-10-11,1.8278171204462893E7,"{""type"":""MultiPoint"",""coordinates"":[]}"
20101012,2010-10-12,1.9393433913872324E7,"{""type"":""MultiPoint"",""coordinates"":[]}"
20101013,2010-10-13,2.2620718447615027E7,"{""type"":""MultiPoint"",""coordinates"":[]}"
20101014,2010-10-14,2.2415189897778578E7,"{""type"":""MultiPoint"",""coordinates"":[]}"
20101015,2010-10-15,2.31131972773062E7,"{""type"":""MultiPoint"",""coordinates"":[]}"
20101016,2010-10-16,2.1459122459494703E7,"{""type"":""MultiPoint"",""coordinates"":[]}"
20101017,2010-10-17,2.1418742295105636E7,"{""type"":""MultiPoint"",""coordinates"":[]}"
20101018,2010-10-18,2.1490412929665077E7,"{""type"":""MultiPoint"",""coordinates"":[]}"
20101019,2010-10-19,2.033981058270623E7,"{""type"":""MultiPoint"",""coordinates"":[]}"
20101020,2010-10-20,2.110053491975197E7,"{""type"":""MultiPoint"",""coordinates"":[]}"
20101021,2010-10-21,1.8399878649970893E7,"{""type"":""MultiPoint"",""coordinates"":[]}"
20101022,2010-10-22,1.8780934572913527E7,"{""type"":""MultiPoint"",""coordinates"":[]}"
20101023,2010-10-23,2.2015184273955006E7,"{""type"":""MultiPoint"",""coordinates"":[]}"
20101024,2010-10-24,2.110240598366543E7,"{""type"":""MultiPoint"",""coordinates"":[]}"
20101025,2010-10-25,2.0484752960969634E7,"{""type"":""MultiPoint"",""coordinates"":[]}"
20101026,2010-10-26,1.9490870688258767E7,"{""type"":""MultiPoint"",""coordinates"":[]}"
20101027,2010-10-27,2.0047930491040073E7,"{""type"":""MultiPoint"",""coordinates"":[]}"
20101028,2010-10-28,1.8057278318704467E7,"{""type"":""MultiPoint"",""coordinates"":[]}"
20101029,2010-10-29,1.76561857852427E7,"{""type"":""MultiPoint"",""coordinates"":[]}"
20101030,2010-10-30,2.1157287426243648E7,"{""type"":""MultiPoint"",""coordinates"":[]}"
20101031,2010-10-31,2.3551755218269017E7,"{""type"":""MultiPoint"",""coordinates"":[]}"
20101101,2010-11-01,2.0666205589388553E7,"{""type"":""MultiPoint"",""coordinates"":[]}"
20101102,2010-11-02,2.1625820551441807E7,"{""type"":""MultiPoint"",""coordinates"":[]}"
20101103,2010-11-03,1.389792733112595E7,"{""type"":""MultiPoint"",""coordinates"":[]}"
20101104,2010-11-04,1.68390512527843E7,"{""type"":""MultiPoint"",""coordinates"":[]}"
20101105,2010-11-05,2.114158660879336E7,"{""type"":""MultiPoint"",""coordinates"":[]}"
20101106,2010-11-06,2.0764809803543825E7,"{""type"":""MultiPoint"",""coordinates"":[]}"
20101107,2010-11-07,2.1567051905444175E7,"{""type"":""MultiPoint"",""coordinates"":[]}"
20101108,2010-11-08,1.9826631128689818E7,"{""type"":""MultiPoint"",""coordinates"":[]}"
20101109,2010-11-09,2.121140236373487E7,"{""type"":""MultiPoint"",""coordinates"":[]}"
20101110,2010-11-10,1.654787239772841E7,"{""type"":""MultiPoint"",""coordinates"":[]}"
20101111,2010-11-11,2.055657465430537E7,"{""type"":""MultiPoint"",""coordinates"":[]}"
20101112,2010-11-12,1.794135214809463E7,"{""type"":""MultiPoint"",""coordinates"":[]}"
20101113,2010-11-13,1.7947673708827488E7,"{""type"":""MultiPoint"",""coordinates"":[]}"
20101114,2010-11-14,1.640949926161379E7,"{""type"":""MultiPoint"",""coordinates"":[]}"
20101115,2010-11-15,1.8005983850460533E7,"{""type"":""MultiPoint"",""coordinates"":[]}"
20101116,2010-11-16,1.8946076706760574E7,"{""type"":""MultiPoint"",""coordinates"":[]}"
20101117,2010-11-17,1.8924079483956408E7,"{""type"":""MultiPoint"",""coordinates"":[]}"
20101118,2010-11-18,1.459826908779322E7,"{""type"":""MultiPoint"",""coordinates"":[]}"
20101119,2010-11-19,1.3225885195914352E7,"{""type"":""MultiPoint"",""coordinates"":[]}"
20101120,2010-11-20,1.45129137923063E7,"{""type"":""MultiPoint"",""coordinates"":[]}"
20101121,2010-11-21,1.5441809763088712E7,"{""type"":""MultiPoint"",""coordinates"":[]}"
20101122,2010-11-22,1.7853585446511343E7,"{""type"":""MultiPoint"",""coordinates"":[]}"
20101123,2010-11-23,1.5260875799249493E7,"{""type"":""MultiPoint"",""coordinates"":[]}"
20101124,2010-11-24,1.4919669252102E7,"{""type"":""MultiPoint"",""coordinates"":[]}"
20101125,2010-11-25,2.10446473619489E7,"{""type"":""MultiPoint"",""coordinates"":[]}"
20101126,2010-11-26,2.1076864079866752E7,"{""type"":""MultiPoint"",""coordinates"":[]}"
20101127,2010-11-27,1.7740468089980543E7,"{""type"":""MultiPoint"",""coordinates"":[]}"
20101128,2010-11-28,1.780814437726004E7,"{""type"":""MultiPoint"",""coordinates"":[]}"
20101129,2010-11-29,1.6904463588866815E7,"{""type"":""MultiPoint"",""coordinates"":[]}"
20101130,2010-11-30,1.85608213935344E7,"{""type"":""MultiPoint"",""coordinates"":[]}"
20101201,2010-12-01,1.9276618130957395E7,"{""type"":""MultiPoint"",""coordinates"":[]}"
20101202,2010-12-02,1.995115509521802E7,"{""type"":""MultiPoint"",""coordinates"":[]}"
20101203,2010-12-03,1.8791318652298674E7,"{""type"":""MultiPoint"",""coordinates"":[]}"
20101204,2010-12-04,1.205300044163506E7,"{""type"":""MultiPoint"",""coordinates"":[]}"
20101205,2010-12-05,1.0243154748219047E7,"{""type"":""MultiPoint"",""coordinates"":[]}"
20101206,2010-12-06,1.4379955828467082E7,"{""type"":""MultiPoint"",""coordinates"":[]}"
20101207,2010-12-07,1.5823744674813874E7,"{""type"":""MultiPoint"",""coordinates"":[]}"
20101208,2010-12-08,1.6198578006060237E7,"{""type"":""MultiPoint"",""coordinates"":[]}"
20101209,2010-12-09,1.7754991381373778E7,"{""type"":""MultiPoint"",""coordinates"":[]}"
20101210,2010-12-10,1.813334585250737E7,"{""type"":""MultiPoint"",""coordinates"":[]}"
20101211,2010-12-11,1.8455591683262087E7,"{""type"":""MultiPoint"",""coordinates"":[]}"
20101212,2010-12-12,1.6752246349768218E7,"{""type"":""MultiPoint"",""coordinates"":[]}"
20101213,2010-12-13,1.7890437857965592E7,"{""type"":""MultiPoint"",""coordinates"":[]}"
20101214,2010-12-14,1.954512345297293E7,"{""type"":""MultiPoint"",""coordinates"":[]}"
20101215,2010-12-15,1.6353535294684235E7,"{""type"":""MultiPoint"",""coordinates"":[]}"
20101216,2010-12-16,1.6037288298276236E7,"{""type"":""MultiPoint"",""coordinates"":[]}"
20101217,2010-12-17,1.3171347944133403E7,"{""type"":""MultiPoint"",""coordinates"":[]}"
20101218,2010-12-18,1.7507533274416544E7,"{""type"":""MultiPoint"",""coordinates"":[]}"
20101219,2010-12-19,1.9443192445648454E7,"{""type"":""MultiPoint"",""coordinates"":[]}"
20101220,2010-12-20,1.855352660413781E7,"{""type"":""MultiPoint"",""coordinates"":[]}"
20101221,2010-12-21,1.801979445756827E7,"{""type"":""MultiPoint"",""coordinates"":[]}"
20101222,2010-12-22,1.2106150614893744E7,"{""type"":""MultiPoint"",""coordinates"":[]}"
20101223,2010-12-23,1.226092586133686E7,"{""type"":""MultiPoint"",""coordinates"":[]}"
20101224,2010-12-24,1.704883018947283E7,"{""type"":""MultiPoint"",""coordinates"":[]}"
20101225,2010-12-25,1.7434217241827697E7,"{""type"":""MultiPoint"",""coordinates"":[]}"
20101226,2010-12-26,1.5638813356932143E7,"{""type"":""MultiPoint"",""coordinates"":[]}"
20101227,2010-12-27,1.761900772203158E7,"{""type"":""MultiPoint"",""coordinates"":[]}"
20101228,2010-12-28,1.7559561340396926E7,"{""type"":""MultiPoint"",""coordinates"":[]}"
20101229,2010-12-29,1.790860359617121E7,"{""type"":""MultiPoint"",""coordinates"":[]}"
20101230,2010-12-30,2.058918706527803E7,"{""type"":""MultiPoint"",""coordinates"":[]}"
20101231,2010-12-31,1.785075810880339E7,"{""type"":""MultiPoint"",""coordinates"":[]}"
20110101,2011-01-01,1.46514901762286E7,"{""type"":""MultiPoint"",""coordinates"":[]}"
20110102,2011-01-02,1.4863639090080867E7,"{""type"":""MultiPoint"",""coordinates"":[]}"
20110103,2011-01-03,1.5410417392892247E7,"{""type"":""MultiPoint"",""coordinates"":[]}"
20110104,2011-01-04,1.4443054487749081E7,"{""type"":""MultiPoint"",""coordinates"":[]}"
20110105,2011-01-05,1.3755154980835987E7,"{""type"":""MultiPoint"",""coordinates"":[]}"
20110106,2011-01-06,1.6657833874661367E7,"{""type"":""MultiPoint"",""coordinates"":[]}"
20110107,2011-01-07,1.5363691260570304E7,"{""type"":""MultiPoint"",""coordinates"":[]}"
20110108,2011-01-08,1.5455986533822957E7,"{""type"":""MultiPoint"",""coordinates"":[]}"
20110109,2011-01-09,1.64712982343427E7,"{""type"":""MultiPoint"",""coordinates"":[]}"
20110110,2011-01-10,1.9322847391005952E7,"{""type"":""MultiPoint"",""coordinates"":[]}"
20110111,2011-01-11,2.0138060339774836E7,"{""type"":""MultiPoint"",""coordinates"":[]}"
20110112,2011-01-12,1.8646367263781022E7,"{""type"":""MultiPoint"",""coordinates"":[]}"
20110113,2011-01-13,1.813538894138422E7,"{""type"":""MultiPoint"",""coordinates"":[]}"
20110114,2011-01-14,1.3256466316376703E7,"{""type"":""MultiPoint"",""coordinates"":[]}"
20110115,2011-01-15,1.7801848769209154E7,"{""type"":""MultiPoint"",""coordinates"":[]}"
20110116,2011-01-16,2.052400739028354E7,"{""type"":""MultiPoint"",""coordinates"":[]}"
20110117,2011-01-17,1.9943377422190104E7,"{""type"":""MultiPoint"",""coordinates"":[]}"
20110118,2011-01-18,1.8916123603074256E7,"{""type"":""MultiPoint"",""coordinates"":[]}"
20110119,2011-01-19,1.995456101153853E7,"{""type"":""MultiPoint"",""coordinates"":[]}"
20110120,2011-01-20,1.996407368667349E7,"{""type"":""MultiPoint"",""coordinates"":[]}"
20110121,2011-01-21,2.2463130370236576E7,"{""type"":""MultiPoint"",""coordinates"":[]}"
20110122,2011-01-22,2.2344608548953496E7,"{""type"":""MultiPoint"",""coordinates"":[]}"
20110123,2011-01-23,2.0423444238556772E7,"{""type"":""MultiPoint"",""coordinates"":[]}"
20110124,2011-01-24,1.8188002553167567E7,"{""type"":""MultiPoint"",""coordinates"":[]}"
20110125,2011-01-25,1.8919686452792317E7,"{""type"":""MultiPoint"",""coordinates"":[]}"
20110126,2011-01-26,2.0182263881604552E7,"{""type"":""MultiPoint"",""coordinates"":[]}"
20110127,2011-01-27,1.8885366616900444E7,"{""type"":""MultiPoint"",""coordinates"":[]}"
20110128,2011-01-28,1.974665919394778E7,"{""type"":""MultiPoint"",""coordinates"":[]}"
20110129,2011-01-29,1.6704789293520344E7,"{""type"":""MultiPoint"",""coordinates"":[]}"
20110130,2011-01-30,1.481615497545803E7,"{""type"":""MultiPoint"",""coordinates"":[]}"
20110131,2011-01-31,1.2780833406216754E7,"{""type"":""MultiPoint"",""coordinates"":[]}"
20110201,2011-02-01,1.9168210866373677E7,"{""type"":""MultiPoint"",""coordinates"":[]}"
20110202,2011-02-02,1.9508301929564733E7,"{""type"":""MultiPoint"",""coordinates"":[]}"
20110203,2011-02-03,1.323155651307366E7,"{""type"":""MultiPoint"",""coordinates"":[]}"
20110204,2011-02-04,2.0535463259807747E7,"{""type"":""MultiPoint"",""coordinates"":[]}"
20110205,2011-02-05,1.833303999466217E7,"{""type"":""MultiPoint"",""coordinates"":[]}"
20110206,2011-02-06,1.816186920145285E7,"{""type"":""MultiPoint"",""coordinates"":[]}"
20110207,2011-02-07,1.768577021259004E7,"{""type"":""MultiPoint"",""coordinates"":[]}"
20110208,2011-02-08,1.8209257311339863E7,"{""type"":""MultiPoint"",""coordinates"":[]}"
20110209,2011-02-09,1.3050720381193185E7,"{""type"":""MultiPoint"",""coordinates"":[]}"
20110210,2011-02-10,1.0243185353440484E7,"{""type"":""MultiPoint"",""coordinates"":[]}"
20110211,2011-02-11,1.3128295930728631E7,"{""type"":""MultiPoint"",""coordinates"":[]}"
20110212,2011-02-12,1.4979142461661942E7,"{""type"":""MultiPoint"",""coordinates"":[]}"
20110213,2011-02-13,1.5648448848273225E7,"{""type"":""MultiPoint"",""coordinates"":[]}"
20110214,2011-02-14,2.1545407585455414E7,"{""type"":""MultiPoint"",""coordinates"":[]}"
20110215,2011-02-15,1.9061719547448467E7,"{""type"":""MultiPoint"",""coordinates"":[]}"
20110216,2011-02-16,1.9622621447675228E7,"{""type"":""MultiPoint"",""coordinates"":[]}"
20110217,2011-02-17,1.687468421584091E7,"{""type"":""MultiPoint"",""coordinates"":[]}"
20110218,2011-02-18,1.4791009231513245E7,"{""type"":""MultiPoint"",""coordinates"":[]}"
20110219,2011-02-19,1.658170502426102E7,"{""type"":""MultiPoint"",""coordinates"":[]}"
20110220,2011-02-20,1.0849092664258623E7,"{""type"":""MultiPoint"",""coordinates"":[]}"
20110221,2011-02-21,1.5909978565769667E7,"{""type"":""MultiPoint"",""coordinates"":[]}"
20110222,2011-02-22,1.472499208580659E7,"{""type"":""MultiPoint"",""coordinates"":[]}"
20110223,2011-02-23,1.9136574947083253E7,"{""type"":""MultiPoint"",""coordinates"":[]}"
20110224,2011-02-24,2.151676589974514E7,"{""type"":""MultiPoint"",""coordinates"":[]}"
20110225,2011-02-25,2.0919666934802238E7,"{""type"":""MultiPoint"",""coordinates"":[]}"
20110226,2011-02-26,2.2982120278008517E7,"{""type"":""MultiPoint"",""coordinates"":[]}"
20110227,2011-02-27,2.0985053144663163E7,"{""type"":""MultiPoint"",""coordinates"":[]}"
20110228,2011-02-28,1.7014000510344543E7,"{""type"":""MultiPoint"",""coordinates"":[]}"
20110301,2011-03-01,1.1364095435715279E7,"{""type"":""MultiPoint"",""coordinates"":[]}"
20110302,2011-03-02,2.044619039913309E7,"{""type"":""MultiPoint"",""coordinates"":[]}"
20110303,2011-03-03,1.902044349511367E7,"{""type"":""MultiPoint"",""coordinates"":[]}"
20110304,2011-03-04,1.7833212039337724E7,"{""type"":""MultiPoint"",""coordinates"":[]}"
20110305,2011-03-05,9254716.163292317,"{""type"":""MultiPoint"",""coordinates"":[]}"
20110306,2011-03-06,8064418.00706754,"{""type"":""MultiPoint"",""coordinates"":[]}"
20110307,2011-03-07,8057674.390735131,"{""type"":""MultiPoint"",""coordinates"":[]}"
20110308,2011-03-08,7686950.983200766,"{""type"":""MultiPoint"",""coordinates"":[]}"
20110309,2011-03-09,7745540.672415427,"{""type"":""MultiPoint"",""coordinates"":[]}"
20110310,2011-03-10,7331227.9328856245,"{""type"":""MultiPoint"",""coordinates"":[]}"
20110311,2011-03-11,5400637.76159396,"{""type"":""MultiPoint"",""coordinates"":[]}"
20110312,2011-03-12,6302824.587544786,"{""type"":""MultiPoint"",""coordinates"":[]}"
20110313,2011-03-13,5979792.5571893,"{""type"":""MultiPoint"",""coordinates"":[]}"
20110314,2011-03-14,1.126455652781046E7,"{""type"":""MultiPoint"",""coordinates"":[]}"
20110315,2011-03-15,8559212.433666123,"{""type"":""MultiPoint"",""coordinates"":[]}"
20110316,2011-03-16,1.0509767549883613E7,"{""type"":""MultiPoint"",""coordinates"":[]}"
20110317,2011-03-17,1.3100711769657262E7,"{""type"":""MultiPoint"",""coordinates"":[]}"
20110318,2011-03-18,1.0302626030156063E7,"{""type"":""MultiPoint"",""coordinates"":[]}"
20110319,2011-03-19,1.143129015669582E7,"{""type"":""MultiPoint"",""coordinates"":[]}"
20110320,2011-03-20,1.21009738654615E7,"{""type"":""MultiPoint"",""coordinates"":[]}"
20110321,2011-03-21,1.0953526099488536E7,"{""type"":""MultiPoint"",""coordinates"":[]}"
20110322,2011-03-22,1.8171337951076586E7,"{""type"":""MultiPoint"",""coordinates"":[]}"
20110323,2011-03-23,1.6232212846507328E7,"{""type"":""MultiPoint"",""coordinates"":[]}"
20110324,2011-03-24,2.072661489783877E7,"{""type"":""MultiPoint"",""coordinates"":[]}"
20110325,2011-03-25,2.2210438558465272E7,"{""type"":""MultiPoint"",""coordinates"":[]}"
20110326,2011-03-26,2.23996592537475E7,"{""type"":""MultiPoint"",""coordinates"":[]}"
20110327,2011-03-27,2.245273669227217E7,"{""type"":""MultiPoint"",""coordinates"":[]}"
20110328,2011-03-28,2.2657533309212748E7,"{""type"":""MultiPoint"",""coordinates"":[]}"
20110329,2011-03-29,1.9185878555856556E7,"{""type"":""MultiPoint"",""coordinates"":[]}"
20110330,2011-03-30,2.111229529982139E7,"{""type"":""MultiPoint"",""coordinates"":[]}"
20110331,2011-03-31,2.1329827722954664E7,"{""type"":""MultiPoint"",""coordinates"":[]}"
20110401,2011-04-01,2.227283104436818E7,"{""type"":""MultiPoint"",""coordinates"":[]}"
20110402,2011-04-02,1.828293918114502E7,"{""type"":""MultiPoint"",""coordinates"":[]}"
20110403,2011-04-03,2.1958657516505122E7,"{""type"":""MultiPoint"",""coordinates"":[]}"
20110404,2011-04-04,2.103769803435475E7,"{""type"":""MultiPoint"",""coordinates"":[]}"
20110405,2011-04-05,1.871836142231052E7,"{""type"":""MultiPoint"",""coordinates"":[]}"
20110406,2011-04-06,1.969547095759837E7,"{""type"":""MultiPoint"",""coordinates"":[]}"
20110407,2011-04-07,2.275987054409727E7,"{""type"":""MultiPoint"",""coordinates"":[]}"
20110408,2011-04-08,2.0267821616077688E7,"{""type"":""MultiPoint"",""coordinates"":[]}"
20110409,2011-04-09,1.984190824269058E7,"{""type"":""MultiPoint"",""coordinates"":[]}"
20110410,2011-04-10,1.6277622617422182E7,"{""type"":""MultiPoint"",""coordinates"":[]}"
20110411,2011-04-11,1.4127652750105344E7,"{""type"":""MultiPoint"",""coordinates"":[]}"
20110412,2011-04-12,2.2381133587261446E7,"{""type"":""MultiPoint"",""coordinates"":[]}"
20110413,2011-04-13,2.1083453263459954E7,"{""type"":""MultiPoint"",""coordinates"":[]}"
20110414,2011-04-14,2.1827419696987934E7,"{""type"":""MultiPoint"",""coordinates"":[]}"
20110415,2011-04-15,2.2658776936688524E7,"{""type"":""MultiPoint"",""coordinates"":[]}"
20110416,2011-04-16,2.3285766808339838E7,"{""type"":""MultiPoint"",""coordinates"":[]}"
20110417,2011-04-17,2.3846380809864935E7,"{""type"":""MultiPoint"",""coordinates"":[]}"
20110418,2011-04-18,2.129753386960447E7,"{""type"":""MultiPoint"",""coordinates"":[]}"
20110419,2011-04-19,2.1054118119198114E7,"{""type"":""MultiPoint"",""coordinates"":[]}"
20110420,2011-04-20,1.9976447610057577E7,"{""type"":""MultiPoint"",""coordinates"":[]}"
20110421,2011-04-21,1.6721965173840623E7,"{""type"":""MultiPoint"",""coordinates"":[]}"
20110422,2011-04-22,2.0681412346196286E7,"{""type"":""MultiPoint"",""coordinates"":[]}"
20110423,2011-04-23,2.2650223274817884E7,"{""type"":""MultiPoint"",""coordinates"":[]}"
20110424,2011-04-24,2.3080048277165726E7,"{""type"":""MultiPoint"",""coordinates"":[]}"
20110425,2011-04-25,2.2567653926875766E7,"{""type"":""MultiPoint"",""coordinates"":[]}"
20110426,2011-04-26,2.350243039411635E7,"{""type"":""MultiPoint"",""coordinates"":[]}"
20110427,2011-04-27,2.3671759927036297E7,"{""type"":""MultiPoint"",""coordinates"":[]}"
20110428,2011-04-28,2.362713187743063E7,"{""type"":""MultiPoint"",""coordinates"":[]}"
20110429,2011-04-29,2.3813069182991184E7,"{""type"":""MultiPoint"",""coordinates"":[]}"
20110430,2011-04-30,2.324468801902353E7,"{""type"":""MultiPoint"",""coordinates"":[]}"
20110501,2011-05-01,2.194847464840567E7,"{""type"":""MultiPoint"",""coordinates"":[]}"
20110502,2011-05-02,1.768676282411253E7,"{""type"":""MultiPoint"",""coordinates"":[]}"
20110503,2011-05-03,1.9165862164108112E7,"{""type"":""MultiPoint"",""coordinates"":[]}"
20110504,2011-05-04,1.6207129108502392E7,"{""type"":""MultiPoint"",""coordinates"":[]}"
20110505,2011-05-05,1.682573061352919E7,"{""type"":""MultiPoint"",""coordinates"":[]}"
20110506,2011-05-06,1.3469325994662166E7,"{""type"":""MultiPoint"",""coordinates"":[]}"
20110507,2011-05-07,1.5489146476912878E7,"{""type"":""MultiPoint"",""coordinates"":[]}"
20110508,2011-05-08,1.6466574883029316E7,"{""type"":""MultiPoint"",""coordinates"":[]}"
20110509,2011-05-09,1.467833728621596E7,"{""type"":""MultiPoint"",""coordinates"":[]}"
20110510,2011-05-10,2.0123254516725853E7,"{""type"":""MultiPoint"",""coordinates"":[]}"
20110511,2011-05-11,2.1050692944314007E7,"{""type"":""MultiPoint"",""coordinates"":[]}"
20110512,2011-05-12,1.5605802763510121E7,"{""type"":""MultiPoint"",""coordinates"":[]}"
20110513,2011-05-13,1.9562947780466758E7,"{""type"":""MultiPoint"",""coordinates"":[]}"
20110514,2011-05-14,1.9316201135392208E7,"{""type"":""MultiPoint"",""coordinates"":[]}"
20110515,2011-05-15,2.062821062516805E7,"{""type"":""MultiPoint"",""coordinates"":[]}"
20110516,2011-05-16,1.9769290524271067E7,"{""type"":""MultiPoint"",""coordinates"":[]}"
20110517,2011-05-17,1.775513933698553E7,"{""type"":""MultiPoint"",""coordinates"":[]}"
20110518,2011-05-18,9223351.668091426,"{""type"":""MultiPoint"",""coordinates"":[]}"
20110519,2011-05-19,1.7931103147312015E7,"{""type"":""MultiPoint"",""coordinates"":[]}"
20110520,2011-05-20,1.6591191166977702E7,"{""type"":""MultiPoint"",""coordinates"":[]}"
20110521,2011-05-21,9099658.233058406,"{""type"":""MultiPoint"",""coordinates"":[]}"
20110522,2011-05-22,1.1316766965665322E7,"{""type"":""MultiPoint"",""coordinates"":[]}"
20110523,2011-05-23,1.5446174540966826E7,"{""type"":""MultiPoint"",""coordinates"":[]}"
20110524,2011-05-24,1.1960571345333405E7,"{""type"":""MultiPoint"",""coordinates"":[]}"
20110525,2011-05-25,1.4045188302209374E7,"{""type"":""MultiPoint"",""coordinates"":[]}"
20110526,2011-05-26,1.4721486041458463E7,"{""type"":""MultiPoint"",""coordinates"":[]}"
20110527,2011-05-27,1.3862315117211485E7,"{""type"":""MultiPoint"",""coordinates"":[]}"
20110528,2011-05-28,1.9826538850841813E7,"{""type"":""MultiPoint"",""coordinates"":[]}"
20110529,2011-05-29,1.8490322099893637E7,"{""type"":""MultiPoint"",""coordinates"":[]}"
20110530,2011-05-30,1.5743467716252275E7,"{""type"":""MultiPoint"",""coordinates"":[]}"
20110531,2011-05-31,1.424366546609676E7,"{""type"":""MultiPoint"",""coordinates"":[]}"
20110601,2011-06-01,1.1137502646920709E7,"{""type"":""MultiPoint"",""coordinates"":[]}"
20110602,2011-06-02,1.561654692063491E7,"{""type"":""MultiPoint"",""coordinates"":[]}"
20110603,2011-06-03,1.212039155322777E7,"{""type"":""MultiPoint"",""coordinates"":[]}"
20110604,2011-06-04,6998430.147813696,"{""type"":""MultiPoint"",""coordinates"":[]}"
20110605,2011-06-05,1.7852881820962E7,"{""type"":""MultiPoint"",""coordinates"":[]}"
20110606,2011-06-06,1.7252028613729846E7,"{""type"":""MultiPoint"",""coordinates"":[]}"
20110607,2011-06-07,2.0442640528083798E7,"{""type"":""MultiPoint"",""coordinates"":[]}"
20110608,2011-06-08,2.2328756363453925E7,"{""type"":""MultiPoint"",""coordinates"":[]}"
20110609,2011-06-09,1.9884064025525253E7,"{""type"":""MultiPoint"",""coordinates"":[]}"
20110610,2011-06-10,1.746686094828727E7,"{""type"":""MultiPoint"",""coordinates"":[]}"
20110611,2011-06-11,1.3407606336845051E7,"{""type"":""MultiPoint"",""coordinates"":[]}"
20110612,2011-06-12,2.2175063822928578E7,"{""type"":""MultiPoint"",""coordinates"":[]}"
20110613,2011-06-13,1.9709755247326057E7,"{""type"":""MultiPoint"",""coordinates"":[]}"
20110614,2011-06-14,2.038274386169806E7,"{""type"":""MultiPoint"",""coordinates"":[]}"
20110615,2011-06-15,1.6725448141352108E7,"{""type"":""MultiPoint"",""coordinates"":[]}"
20110616,2011-06-16,1.7865242272951655E7,"{""type"":""MultiPoint"",""coordinates"":[]}"
20110617,2011-06-17,1.3531685008167272E7,"{""type"":""MultiPoint"",""coordinates"":[]}"
20110618,2011-06-18,1.776483664728192E7,"{""type"":""MultiPoint"",""coordinates"":[]}"
20110619,2011-06-19,1.6323547732707238E7,"{""type"":""MultiPoint"",""coordinates"":[]}"
20110620,2011-06-20,1.5715174262115462E7,"{""type"":""MultiPoint"",""coordinates"":[]}"
20110621,2011-06-21,1.8289974462946225E7,"{""type"":""MultiPoint"",""coordinates"":[]}"
20110622,2011-06-22,1.862190013501093E7,"{""type"":""MultiPoint"",""coordinates"":[]}"
20110623,2011-06-23,1.8110599163847238E7,"{""type"":""MultiPoint"",""coordinates"":[]}"
20110624,2011-06-24,1.6183173408705072E7,"{""type"":""MultiPoint"",""coordinates"":[]}"
20110625,2011-06-25,2.0944844743683897E7,"{""type"":""MultiPoint"",""coordinates"":[]}"
20110626,2011-06-26,2.038122069905484E7,"{""type"":""MultiPoint"",""coordinates"":[]}"
20110627,2011-06-27,1.655936787341721E7,"{""type"":""MultiPoint"",""coordinates"":[]}"
20110628,2011-06-28,1.714062866389741E7,"{""type"":""MultiPoint"",""coordinates"":[]}"
20110629,2011-06-29,1.9765658673007842E7,"{""type"":""MultiPoint"",""coordinates"":[]}"
20110630,2011-06-30,1.990557423434271E7,"{""type"":""MultiPoint"",""coordinates"":[]}"
20110701,2011-07-01,2.2094546230168756E7,"{""type"":""MultiPoint"",""coordinates"":[]}"
20110702,2011-07-02,2.208198882427306E7,"{""type"":""MultiPoint"",""coordinates"":[]}"
20110703,2011-07-03,1.8725582508538507E7,"{""type"":""MultiPoint"",""coordinates"":[]}"
20110704,2011-07-04,1.098719365857965E7,"{""type"":""MultiPoint"",""coordinates"":[]}"
20110705,2011-07-05,1.582746865354282E7,"{""type"":""MultiPoint"",""coordinates"":[]}"
20110706,2011-07-06,2.2088469190696906E7,"{""type"":""MultiPoint"",""coordinates"":[]}"
20110707,2011-07-07,7899830.2617141185,"{""type"":""MultiPoint"",""coordinates"":[]}"
20110708,2011-07-08,2.0623301562538877E7,"{""type"":""MultiPoint"",""coordinates"":[]}"
20110709,2011-07-09,2.1299503438765466E7,"{""type"":""MultiPoint"",""coordinates"":[]}"
20110710,2011-07-10,1.5384458953344168E7,"{""type"":""MultiPoint"",""coordinates"":[]}"
20110711,2011-07-11,1.7810110693957817E7,"{""type"":""MultiPoint"",""coordinates"":[]}"
20110712,2011-07-12,1.961557218722533E7,"{""type"":""MultiPoint"",""coordinates"":[]}"
20110713,2011-07-13,1.6600626007264266E7,"{""type"":""MultiPoint"",""coordinates"":[]}"
20110714,2011-07-14,1.6828131228061724E7,"{""type"":""MultiPoint"",""coordinates"":[]}"
20110715,2011-07-15,1.669390654437822E7,"{""type"":""MultiPoint"",""coordinates"":[]}"
20110716,2011-07-16,1.6309680643629711E7,"{""type"":""MultiPoint"",""coordinates"":[]}"
20110717,2011-07-17,2.0696328479521602E7,"{""type"":""MultiPoint"",""coordinates"":[]}"
20110718,2011-07-18,1.9611396473822564E7,"{""type"":""MultiPoint"",""coordinates"":[]}"
20110719,2011-07-19,1.9940172339453768E7,"{""type"":""MultiPoint"",""coordinates"":[]}"
20110720,2011-07-20,2.0006392344510652E7,"{""type"":""MultiPoint"",""coordinates"":[]}"
20110721,2011-07-21,1.777558498312362E7,"{""type"":""MultiPoint"",""coordinates"":[]}"
20110722,2011-07-22,1.7144849779623937E7,"{""type"":""MultiPoint"",""coordinates"":[]}"
20110723,2011-07-23,2.0126206769169018E7,"{""type"":""MultiPoint"",""coordinates"":[]}"
20110724,2011-07-24,2.0825429660746884E7,"{""type"":""MultiPoint"",""coordinates"":[]}"
20110725,2011-07-25,1.9200198631388836E7,"{""type"":""MultiPoint"",""coordinates"":[]}"
20110726,2011-07-26,2.1197504672445964E7,"{""type"":""MultiPoint"",""coordinates"":[]}"
20110727,2011-07-27,1.9064343674432594E7,"{""type"":""MultiPoint"",""coordinates"":[]}"
20110728,2011-07-28,1.979098719495113E7,"{""type"":""MultiPoint"",""coordinates"":[]}"
20110729,2011-07-29,1.8222448059398387E7,"{""type"":""MultiPoint"",""coordinates"":[]}"
20110730,2011-07-30,1.5484758751951514E7,"{""type"":""MultiPoint"",""coordinates"":[]}"
20110731,2011-07-31,2.0275444398250148E7,"{""type"":""MultiPoint"",""coordinates"":[]}"
20110801,2011-08-01,8689815.164489394,"{""type"":""MultiPoint"",""coordinates"":[]}"
20110802,2011-08-02,2.1324508410531163E7,"{""type"":""MultiPoint"",""coordinates"":[]}"
20110803,2011-08-03,2.31242193783236E7,"{""type"":""MultiPoint"",""coordinates"":[]}"
20110804,2011-08-04,2.3900537563943565E7,"{""type"":""MultiPoint"",""coordinates"":[]}"
20110805,2011-08-05,2.3759204998214025E7,"{""type"":""MultiPoint"",""coordinates"":[]}"
20110806,2011-08-06,2.316290272562357E7,"{""type"":""MultiPoint"",""coordinates"":[]}"
20110807,2011-08-07,2.3913861742138732E7,"{""type"":""MultiPoint"",""coordinates"":[]}"
20110808,2011-08-08,2.350098907920453E7,"{""type"":""MultiPoint"",""coordinates"":[]}"
20110809,2011-08-09,2.2637989672947638E7,"{""type"":""MultiPoint"",""coordinates"":[]}"
20110810,2011-08-10,2.193628824180763E7,"{""type"":""MultiPoint"",""coordinates"":[]}"
20110811,2011-08-11,2.274957555330804E7,"{""type"":""MultiPoint"",""coordinates"":[]}"
20110812,2011-08-12,2.266620999237452E7,"{""type"":""MultiPoint"",""coordinates"":[]}"
20110813,2011-08-13,2.15383034197018E7,"{""type"":""MultiPoint"",""coordinates"":[]}"
20110814,2011-08-14,2.1482932212349247E7,"{""type"":""MultiPoint"",""coordinates"":[]}"
20110815,2011-08-15,2.062001622370717E7,"{""type"":""MultiPoint"",""coordinates"":[]}"
20110816,2011-08-16,2.034715399771236E7,"{""type"":""MultiPoint"",""coordinates"":[]}"
20110817,2011-08-17,2.153223809138521E7,"{""type"":""MultiPoint"",""coordinates"":[]}"
20110818,2011-08-18,2.287504294933076E7,"{""type"":""MultiPoint"",""coordinates"":[]}"
20110819,2011-08-19,2.3396107262336187E7,"{""type"":""MultiPoint"",""coordinates"":[]}"
20110820,2011-08-20,2.0534356558344867E7,"{""type"":""MultiPoint"",""coordinates"":[]}"
20110821,2011-08-21,1.8344866217887733E7,"{""type"":""MultiPoint"",""coordinates"":[]}"
20110822,2011-08-22,1.7227389235606927E7,"{""type"":""MultiPoint"",""coordinates"":[]}"
20110823,2011-08-23,1.5091295723356007E7,"{""type"":""MultiPoint"",""coordinates"":[]}"
20110824,2011-08-24,2.0883448065579034E7,"{""type"":""MultiPoint"",""coordinates"":[]}"
20110825,2011-08-25,2.1948990245740768E7,"{""type"":""MultiPoint"",""coordinates"":[]}"
20110826,2011-08-26,2.143271679706218E7,"{""type"":""MultiPoint"",""coordinates"":[]}"
20110827,2011-08-27,2.1870981814982027E7,"{""type"":""MultiPoint"",""coordinates"":[]}"
20110828,2011-08-28,2.39032367270684E7,"{""type"":""MultiPoint"",""coordinates"":[]}"
20110829,2011-08-29,2.396429641715329E7,"{""type"":""MultiPoint"",""coordinates"":[]}"
20110830,2011-08-30,2.4054281369453974E7,"{""type"":""MultiPoint"",""coordinates"":[]}"
20110831,2011-08-31,2.4266839977725595E7,"{""type"":""MultiPoint"",""coordinates"":[]}"
20110901,2011-09-01,2.496684691999277E7,"{""type"":""MultiPoint"",""coordinates"":[]}"
20110902,2011-09-02,2.4740833413400754E7,"{""type"":""MultiPoint"",""coordinates"":[]}"
20110903,2011-09-03,2.4134949440451093E7,"{""type"":""MultiPoint"",""coordinates"":[]}"
20110904,2011-09-04,2.1282807803543832E7,"{""type"":""MultiPoint"",""coordinates"":[]}"
20110905,2011-09-05,2.209440923697148E7,"{""type"":""MultiPoint"",""coordinates"":[]}"
20110906,2011-09-06,2.2791168824273065E7,"{""type"":""MultiPoint"",""coordinates"":[]}"
20110907,2011-09-07,2.3882145784239348E7,"{""type"":""MultiPoint"",""coordinates"":[]}"
20110908,2011-09-08,2.4067419184636675E7,"{""type"":""MultiPoint"",""coordinates"":[]}"
20110909,2011-09-09,2.3349744550237786E7,"{""type"":""MultiPoint"",""coordinates"":[]}"
20110910,2011-09-10,2.091904204920434E7,"{""type"":""MultiPoint"",""coordinates"":[]}"
20110911,2011-09-11,2.2764895496678907E7,"{""type"":""MultiPoint"",""coordinates"":[]}"
20110912,2011-09-12,2.4141201261734184E7,"{""type"":""MultiPoint"",""coordinates"":[]}"
20110913,2011-09-13,2.167241509108422E7,"{""type"":""MultiPoint"",""coordinates"":[]}"
20110914,2011-09-14,1.697923400549836E7,"{""type"":""MultiPoint"",""coordinates"":[]}"
20110915,2011-09-15,2.0958624927979447E7,"{""type"":""MultiPoint"",""coordinates"":[]}"
20110916,2011-09-16,2.115123631067765E7,"{""type"":""MultiPoint"",""coordinates"":[]}"
20110917,2011-09-17,2.3114241920012835E7,"{""type"":""MultiPoint"",""coordinates"":[]}"
20110918,2011-09-18,2.279471574603173E7,"{""type"":""MultiPoint"",""coordinates"":[]}"
20110919,2011-09-19,2.2563174525715895E7,"{""type"":""MultiPoint"",""coordinates"":[]}"
20110920,2011-09-20,1.9840605016956635E7,"{""type"":""MultiPoint"",""coordinates"":[]}"
20110921,2011-09-21,1.7713725607248202E7,"{""type"":""MultiPoint"",""coordinates"":[]}"
20110922,2011-09-22,2.138051116930547E7,"{""type"":""MultiPoint"",""coordinates"":[]}"
20110923,2011-09-23,1.2514104374298053E7,"{""type"":""MultiPoint"",""coordinates"":[]}"
20110924,2011-09-24,1.5601059656439906E7,"{""type"":""MultiPoint"",""coordinates"":[]}"
20110925,2011-09-25,1.5842656544733102E7,"{""type"":""MultiPoint"",""coordinates"":[]}"
20110926,2011-09-26,1.4462347456131574E7,"{""type"":""MultiPoint"",""coordinates"":[]}"
20110927,2011-09-27,1.295360672441989E7,"{""type"":""MultiPoint"",""coordinates"":[]}"
20110928,2011-09-28,1.4094659051627694E7,"{""type"":""MultiPoint"",""coordinates"":[]}"
20110929,2011-09-29,1.513630592710907E7,"{""type"":""MultiPoint"",""coordinates"":[]}"
20110930,2011-09-30,1.6274398704228127E7,"{""type"":""MultiPoint"",""coordinates"":[]}"
20111001,2011-10-01,1.2639546924528096E7,"{""type"":""MultiPoint"",""coordinates"":[]}"
20111002,2011-10-02,1.0838757389670212E7,"{""type"":""MultiPoint"",""coordinates"":[]}"
20111003,2011-10-03,9936861.150941344,"{""type"":""MultiPoint"",""coordinates"":[]}"
20111004,2011-10-04,1.044856176851797E7,"{""type"":""MultiPoint"",""coordinates"":[]}"
20111005,2011-10-05,1.2960329645506421E7,"{""type"":""MultiPoint"",""coordinates"":[]}"
20111006,2011-10-06,1.6478868621638518E7,"{""type"":""MultiPoint"",""coordinates"":[]}"
20111007,2011-10-07,1.4164828964677889E7,"{""type"":""MultiPoint"",""coordinates"":[]}"
20111008,2011-10-08,1.3475692235138746E7,"{""type"":""MultiPoint"",""coordinates"":[]}"
20111009,2011-10-09,1.0669968982561551E7,"{""type"":""MultiPoint"",""coordinates"":[]}"
20111010,2011-10-10,1.2789910866989013E7,"{""type"":""MultiPoint"",""coordinates"":[]}"
20111011,2011-10-11,1.928933513800091E7,"{""type"":""MultiPoint"",""coordinates"":[]}"
20111012,2011-10-12,1.5402042482852723E7,"{""type"":""MultiPoint"",""coordinates"":[]}"
20111013,2011-10-13,1.927209084161097E7,"{""type"":""MultiPoint"",""coordinates"":[]}"
20111014,2011-10-14,2.03028545978769E7,"{""type"":""MultiPoint"",""coordinates"":[]}"
20111015,2011-10-15,2.4732197473802466E7,"{""type"":""MultiPoint"",""coordinates"":[]}"
20111016,2011-10-16,2.1002038502036795E7,"{""type"":""MultiPoint"",""coordinates"":[]}"
20111017,2011-10-17,2.0445041951718736E7,"{""type"":""MultiPoint"",""coordinates"":[]}"
20111018,2011-10-18,2.0472693818072356E7,"{""type"":""MultiPoint"",""coordinates"":[]}"
20111019,2011-10-19,1.811266154138822E7,"{""type"":""MultiPoint"",""coordinates"":[]}"
20111020,2011-10-20,1.5846373385587862E7,"{""type"":""MultiPoint"",""coordinates"":[]}"
20111021,2011-10-21,8860040.297152486,"{""type"":""MultiPoint"",""coordinates"":[]}"
20111022,2011-10-22,1.8796377114201427E7,"{""type"":""MultiPoint"",""coordinates"":[]}"
20111023,2011-10-23,1.7951571621375386E7,"{""type"":""MultiPoint"",""coordinates"":[]}"
20111024,2011-10-24,1.3478487356089335E7,"{""type"":""MultiPoint"",""coordinates"":[]}"
20111025,2011-10-25,2.075900574077418E7,"{""type"":""MultiPoint"",""coordinates"":[]}"
20111026,2011-10-26,2.1638612459374294E7,"{""type"":""MultiPoint"",""coordinates"":[]}"
20111027,2011-10-27,2.0731929882607896E7,"{""type"":""MultiPoint"",""coordinates"":[]}"
20111028,2011-10-28,2.255717279465414E7,"{""type"":""MultiPoint"",""coordinates"":[]}"
20111029,2011-10-29,1.924525964248589E7,"{""type"":""MultiPoint"",""coordinates"":[]}"
20111030,2011-10-30,1.323020934392871E7,"{""type"":""MultiPoint"",""coordinates"":[]}"
20111031,2011-10-31,1.4737504907751888E7,"{""type"":""MultiPoint"",""coordinates"":[]}"
20111101,2011-11-01,1.5718789211004749E7,"{""type"":""MultiPoint"",""coordinates"":[]}"
20111102,2011-11-02,1.6808649138763454E7,"{""type"":""MultiPoint"",""coordinates"":[]}"
20111103,2011-11-03,1.8886165081612583E7,"{""type"":""MultiPoint"",""coordinates"":[]}"
20111104,2011-11-04,2.0249078474906184E7,"{""type"":""MultiPoint"",""coordinates"":[]}"
20111105,2011-11-05,2.0999546378985815E7,"{""type"":""MultiPoint"",""coordinates"":[]}"
20111106,2011-11-06,2.1027199647061184E7,"{""type"":""MultiPoint"",""coordinates"":[]}"
20111107,2011-11-07,1.9555248816165987E7,"{""type"":""MultiPoint"",""coordinates"":[]}"
20111108,2011-11-08,1.9380017706098363E7,"{""type"":""MultiPoint"",""coordinates"":[]}"
20111109,2011-11-09,1.7689504692713663E7,"{""type"":""MultiPoint"",""coordinates"":[]}"
20111110,2011-11-10,1.980967555258563E7,"{""type"":""MultiPoint"",""coordinates"":[]}"
20111111,2011-11-11,1.981269112274998E7,"{""type"":""MultiPoint"",""coordinates"":[]}"
20111112,2011-11-12,1.9364472991953112E7,"{""type"":""MultiPoint"",""coordinates"":[]}"
20111113,2011-11-13,1.836074263407782E7,"{""type"":""MultiPoint"",""coordinates"":[]}"
20111114,2011-11-14,1.6175028960247217E7,"{""type"":""MultiPoint"",""coordinates"":[]}"
20111115,2011-11-15,1.882819307037505E7,"{""type"":""MultiPoint"",""coordinates"":[]}"
20111116,2011-11-16,1.8857223391969174E7,"{""type"":""MultiPoint"",""coordinates"":[]}"
20111117,2011-11-17,2.0561234055746183E7,"{""type"":""MultiPoint"",""coordinates"":[]}"
20111118,2011-11-18,2.031758174262035E7,"{""type"":""MultiPoint"",""coordinates"":[]}"
20111119,2011-11-19,1.9102261171914186E7,"{""type"":""MultiPoint"",""coordinates"":[]}"
20111120,2011-11-20,1.9508451718820844E7,"{""type"":""MultiPoint"",""coordinates"":[]}"
20111121,2011-11-21,1.96639827848213E7,"{""type"":""MultiPoint"",""coordinates"":[]}"
20111122,2011-11-22,1.820067113952601E7,"{""type"":""MultiPoint"",""coordinates"":[]}"
20111123,2011-11-23,1.949004502590653E7,"{""type"":""MultiPoint"",""coordinates"":[]}"
20111124,2011-11-24,1.7817166039130695E7,"{""type"":""MultiPoint"",""coordinates"":[]}"
20111125,2011-11-25,1.7341601702325772E7,"{""type"":""MultiPoint"",""coordinates"":[]}"
20111126,2011-11-26,1.750708423951999E7,"{""type"":""MultiPoint"",""coordinates"":[]}"
20111127,2011-11-27,1.92643879894046E7,"{""type"":""MultiPoint"",""coordinates"":[]}"
20111128,2011-11-28,1.953028432331987E7,"{""type"":""MultiPoint"",""coordinates"":[]}"
20111129,2011-11-29,1.7268241824333265E7,"{""type"":""MultiPoint"",""coordinates"":[]}"
20111130,2011-11-30,1.7180528750827763E7,"{""type"":""MultiPoint"",""coordinates"":[]}"
20111201,2011-12-01,1.6780589668693427E7,"{""type"":""MultiPoint"",""coordinates"":[]}"
20111202,2011-12-02,2.0011343815222837E7,"{""type"":""MultiPoint"",""coordinates"":[]}"
20111203,2011-12-03,2.1226552514036883E7,"{""type"":""MultiPoint"",""coordinates"":[]}"
20111204,2011-12-04,2.1573065762286022E7,"{""type"":""MultiPoint"",""coordinates"":[]}"
20111205,2011-12-05,1.916826480589167E7,"{""type"":""MultiPoint"",""coordinates"":[]}"
20111206,2011-12-06,1.8149394459735505E7,"{""type"":""MultiPoint"",""coordinates"":[]}"
20111207,2011-12-07,1.8715531704051528E7,"{""type"":""MultiPoint"",""coordinates"":[]}"
20111208,2011-12-08,1.7235657885417297E7,"{""type"":""MultiPoint"",""coordinates"":[]}"
20111209,2011-12-09,1.854972440069832E7,"{""type"":""MultiPoint"",""coordinates"":[]}"
20111210,2011-12-10,1.915677324969397E7,"{""type"":""MultiPoint"",""coordinates"":[]}"
20111211,2011-12-11,1.6771643785042036E7,"{""type"":""MultiPoint"",""coordinates"":[]}"
20111212,2011-12-12,1.7770572664138224E7,"{""type"":""MultiPoint"",""coordinates"":[]}"
20111213,2011-12-13,1.5231878135612939E7,"{""type"":""MultiPoint"",""coordinates"":[]}"
20111214,2011-12-14,1.2367685686753761E7,"{""type"":""MultiPoint"",""coordinates"":[]}"
20111215,2011-12-15,1.635694288908955E7,"{""type"":""MultiPoint"",""coordinates"":[]}"
20111216,2011-12-16,1.792914446362851E7,"{""type"":""MultiPoint"",""coordinates"":[]}"
20111217,2011-12-17,1.5548084866012491E7,"{""type"":""MultiPoint"",""coordinates"":[]}"
20111218,2011-12-18,1.9917915648184933E7,"{""type"":""MultiPoint"",""coordinates"":[]}"
20111219,2011-12-19,2.0022593784279488E7,"{""type"":""MultiPoint"",""coordinates"":[]}"
20111220,2011-12-20,1.8028088709329158E7,"{""type"":""MultiPoint"",""coordinates"":[]}"
20111221,2011-12-21,1.4454087703890981E7,"{""type"":""MultiPoint"",""coordinates"":[]}"
20111222,2011-12-22,1.4004938816125857E7,"{""type"":""MultiPoint"",""coordinates"":[]}"
20111223,2011-12-23,1.8466105774245974E7,"{""type"":""MultiPoint"",""coordinates"":[]}"
20111224,2011-12-24,1.7628143482190512E7,"{""type"":""MultiPoint"",""coordinates"":[]}"
20111225,2011-12-25,1.7405735790821336E7,"{""type"":""MultiPoint"",""coordinates"":[]}"
20111226,2011-12-26,1.7663815861296725E7,"{""type"":""MultiPoint"",""coordinates"":[]}"
20111227,2011-12-27,1.6528817340557463E7,"{""type"":""MultiPoint"",""coordinates"":[]}"
20111228,2011-12-28,1.8072954292858146E7,"{""type"":""MultiPoint"",""coordinates"":[]}"
20111229,2011-12-29,2.033604581253385E7,"{""type"":""MultiPoint"",""coordinates"":[]}"
20111230,2011-12-30,1.8544324891618E7,"{""type"":""MultiPoint"",""coordinates"":[]}"
20111231,2011-12-31,1.6829080687496237E7,"{""type"":""MultiPoint"",""coordinates"":[]}"
20120101,2012-01-01,1.1112067857845202E7,"{""type"":""MultiPoint"",""coordinates"":[]}"
20120102,2012-01-02,1.6765473402604686E7,"{""type"":""MultiPoint"",""coordinates"":[]}"
20120103,2012-01-03,1.575660581542351E7,"{""type"":""MultiPoint"",""coordinates"":[]}"
20120104,2012-01-04,1.8148840313366644E7,"{""type"":""MultiPoint"",""coordinates"":[]}"
20120105,2012-01-05,1.8441240978066742E7,"{""type"":""MultiPoint"",""coordinates"":[]}"
20120106,2012-01-06,1.7237545958461255E7,"{""type"":""MultiPoint"",""coordinates"":[]}"
20120107,2012-01-07,1.5779088445969537E7,"{""type"":""MultiPoint"",""coordinates"":[]}"
20120108,2012-01-08,1.4929115024020221E7,"{""type"":""MultiPoint"",""coordinates"":[]}"
20120109,2012-01-09,1.8360591615355287E7,"{""type"":""MultiPoint"",""coordinates"":[]}"
20120110,2012-01-10,1.761381832223626E7,"{""type"":""MultiPoint"",""coordinates"":[]}"
20120111,2012-01-11,1.6902747490698926E7,"{""type"":""MultiPoint"",""coordinates"":[]}"
20120112,2012-01-12,1.5660671769470017E7,"{""type"":""MultiPoint"",""coordinates"":[]}"
20120113,2012-01-13,1.6154089147753494E7,"{""type"":""MultiPoint"",""coordinates"":[]}"
20120114,2012-01-14,1.9880928421728563E7,"{""type"":""MultiPoint"",""coordinates"":[]}"
20120115,2012-01-15,1.733410288194569E7,"{""type"":""MultiPoint"",""coordinates"":[]}"
20120116,2012-01-16,1.4212274465595085E7,"{""type"":""MultiPoint"",""coordinates"":[]}"
20120117,2012-01-17,1.3970897222643625E7,"{""type"":""MultiPoint"",""coordinates"":[]}"
20120118,2012-01-18,1.6059362868460657E7,"{""type"":""MultiPoint"",""coordinates"":[]}"
20120119,2012-01-19,1.6505836415307121E7,"{""type"":""MultiPoint"",""coordinates"":[]}"
20120120,2012-01-20,1.5943755153412392E7,"{""type"":""MultiPoint"",""coordinates"":[]}"
20120121,2012-01-21,1.2713693729616916E7,"{""type"":""MultiPoint"",""coordinates"":[]}"
20120122,2012-01-22,1.5081844606184643E7,"{""type"":""MultiPoint"",""coordinates"":[]}"
20120123,2012-01-23,1.8439520972769044E7,"{""type"":""MultiPoint"",""coordinates"":[]}"
20120124,2012-01-24,1.9590001468504798E7,"{""type"":""MultiPoint"",""coordinates"":[]}"
20120125,2012-01-25,1.6738488269620527E7,"{""type"":""MultiPoint"",""coordinates"":[]}"
20120126,2012-01-26,1.5140145236128671E7,"{""type"":""MultiPoint"",""coordinates"":[]}"
20120127,2012-01-27,1.2631408300363204E7,"{""type"":""MultiPoint"",""coordinates"":[]}"
20120128,2012-01-28,9338073.710513113,"{""type"":""MultiPoint"",""coordinates"":[]}"
20120129,2012-01-29,3990682.9137318623,"{""type"":""MultiPoint"",""coordinates"":[]}"
20120130,2012-01-30,1.2003147375674753E7,"{""type"":""MultiPoint"",""coordinates"":[]}"
20120131,2012-01-31,8435950.87199245,"{""type"":""MultiPoint"",""coordinates"":[]}"
20120201,2012-02-01,1.1396736225152006E7,"{""type"":""MultiPoint"",""coordinates"":[]}"
20120202,2012-02-02,1.6456218298396643E7,"{""type"":""MultiPoint"",""coordinates"":[]}"
20120203,2012-02-03,1.6380810619388754E7,"{""type"":""MultiPoint"",""coordinates"":[]}"
20120204,2012-02-04,8580819.865791744,"{""type"":""MultiPoint"",""coordinates"":[]}"
20120205,2012-02-05,1.2805197147031082E7,"{""type"":""MultiPoint"",""coordinates"":[]}"
20120206,2012-02-06,1.414380037140048E7,"{""type"":""MultiPoint"",""coordinates"":[]}"
20120207,2012-02-07,1.988558573547648E7,"{""type"":""MultiPoint"",""coordinates"":[]}"
20120208,2012-02-08,2.0523899949110013E7,"{""type"":""MultiPoint"",""coordinates"":[]}"
20120209,2012-02-09,2.0908676844500624E7,"{""type"":""MultiPoint"",""coordinates"":[]}"
20120210,2012-02-10,2.080598114984046E7,"{""type"":""MultiPoint"",""coordinates"":[]}"
20120211,2012-02-11,1.849191851929443E7,"{""type"":""MultiPoint"",""coordinates"":[]}"
20120212,2012-02-12,1.797919393414002E7,"{""type"":""MultiPoint"",""coordinates"":[]}"
20120213,2012-02-13,1.7611714311440207E7,"{""type"":""MultiPoint"",""coordinates"":[]}"
20120214,2012-02-14,1.6624419305600699E7,"{""type"":""MultiPoint"",""coordinates"":[]}"
20120215,2012-02-15,1.3897032034394873E7,"{""type"":""MultiPoint"",""coordinates"":[]}"
20120216,2012-02-16,1.6323806731362745E7,"{""type"":""MultiPoint"",""coordinates"":[]}"
20120217,2012-02-17,1.830909088989224E7,"{""type"":""MultiPoint"",""coordinates"":[]}"
20120218,2012-02-18,2.087701403804707E7,"{""type"":""MultiPoint"",""coordinates"":[]}"
20120219,2012-02-19,1.8932457684907585E7,"{""type"":""MultiPoint"",""coordinates"":[]}"
20120220,2012-02-20,1.4625553291794585E7,"{""type"":""MultiPoint"",""coordinates"":[]}"
20120221,2012-02-21,1.342279699753175E7,"{""type"":""MultiPoint"",""coordinates"":[]}"
20120222,2012-02-22,1.6564628171131575E7,"{""type"":""MultiPoint"",""coordinates"":[]}"
20120223,2012-02-23,1.6052646258142192E7,"{""type"":""MultiPoint"",""coordinates"":[]}"
20120224,2012-02-24,1.8067301125960708E7,"{""type"":""MultiPoint"",""coordinates"":[]}"
20120225,2012-02-25,2.2008885080408562E7,"{""type"":""MultiPoint"",""coordinates"":[]}"
20120226,2012-02-26,2.1913380567375027E7,"{""type"":""MultiPoint"",""coordinates"":[]}"
20120227,2012-02-27,1.7633062927939314E7,"{""type"":""MultiPoint"",""coordinates"":[]}"
20120228,2012-02-28,1.3506161286015285E7,"{""type"":""MultiPoint"",""coordinates"":[]}"
20120229,2012-02-29,6863875.771516863,"{""type"":""MultiPoint"",""coordinates"":[]}"
20120301,2012-03-01,1.984931108438183E7,"{""type"":""MultiPoint"",""coordinates"":[]}"
20120302,2012-03-02,2.1578712458451215E7,"{""type"":""MultiPoint"",""coordinates"":[]}"
20120303,2012-03-03,2.1649445630402893E7,"{""type"":""MultiPoint"",""coordinates"":[]}"
20120304,2012-03-04,1.5241587784917746E7,"{""type"":""MultiPoint"",""coordinates"":[]}"
20120305,2012-03-05,1.26666845035351E7,"{""type"":""MultiPoint"",""coordinates"":[]}"
20120306,2012-03-06,1.3153256600747155E7,"{""type"":""MultiPoint"",""coordinates"":[]}"
20120307,2012-03-07,8465305.254743502,"{""type"":""MultiPoint"",""coordinates"":[]}"
20120308,2012-03-08,1.0430885331946403E7,"{""type"":""MultiPoint"",""coordinates"":[]}"
20120309,2012-03-09,1.3803485887351576E7,"{""type"":""MultiPoint"",""coordinates"":[]}"
20120310,2012-03-10,1.3591329169928437E7,"{""type"":""MultiPoint"",""coordinates"":[]}"
20120311,2012-03-11,1.3336446808569686E7,"{""type"":""MultiPoint"",""coordinates"":[]}"
20120312,2012-03-12,1.4091928431816619E7,"{""type"":""MultiPoint"",""coordinates"":[]}"
20120313,2012-03-13,1.3950609663462918E7,"{""type"":""MultiPoint"",""coordinates"":[]}"
20120314,2012-03-14,1.3351546847494373E7,"{""type"":""MultiPoint"",""coordinates"":[]}"
20120315,2012-03-15,1.3234884544237016E7,"{""type"":""MultiPoint"",""coordinates"":[]}"
20120316,2012-03-16,1.2435400233423067E7,"{""type"":""MultiPoint"",""coordinates"":[]}"
20120317,2012-03-17,6406678.090243449,"{""type"":""MultiPoint"",""coordinates"":[]}"
20120318,2012-03-18,1.163394244498303E7,"{""type"":""MultiPoint"",""coordinates"":[]}"
20120319,2012-03-19,1.3975258047574792E7,"{""type"":""MultiPoint"",""coordinates"":[]}"
20120320,2012-03-20,1.2456397651485374E7,"{""type"":""MultiPoint"",""coordinates"":[]}"
20120321,2012-03-21,2.0652140344309986E7,"{""type"":""MultiPoint"",""coordinates"":[]}"
20120322,2012-03-22,2.150338613501092E7,"{""type"":""MultiPoint"",""coordinates"":[]}"
20120323,2012-03-23,1.8602899068609152E7,"{""type"":""MultiPoint"",""coordinates"":[]}"
20120324,2012-03-24,1.5075971752693981E7,"{""type"":""MultiPoint"",""coordinates"":[]}"
20120325,2012-03-25,1.7107278951217055E7,"{""type"":""MultiPoint"",""coordinates"":[]}"
20120326,2012-03-26,1.7995410945437748E7,"{""type"":""MultiPoint"",""coordinates"":[]}"
20120327,2012-03-27,1.981615063199084E7,"{""type"":""MultiPoint"",""coordinates"":[]}"
20120328,2012-03-28,1.9693296427066393E7,"{""type"":""MultiPoint"",""coordinates"":[]}"
20120329,2012-03-29,2.233113234711937E7,"{""type"":""MultiPoint"",""coordinates"":[]}"
20120330,2012-03-30,2.1082751511568632E7,"{""type"":""MultiPoint"",""coordinates"":[]}"
20120331,2012-03-31,1.997684406004053E7,"{""type"":""MultiPoint"",""coordinates"":[]}"
20120401,2012-04-01,1.5304212942106627E7,"{""type"":""MultiPoint"",""coordinates"":[]}"
20120402,2012-04-02,9982749.753536806,"{""type"":""MultiPoint"",""coordinates"":[]}"
20120403,2012-04-03,1.861037269568357E7,"{""type"":""MultiPoint"",""coordinates"":[]}"
20120404,2012-04-04,1.959061661328838E7,"{""type"":""MultiPoint"",""coordinates"":[]}"
20120405,2012-04-05,1.261120330612244E7,"{""type"":""MultiPoint"",""coordinates"":[]}"
20120406,2012-04-06,1.0861331108301723E7,"{""type"":""MultiPoint"",""coordinates"":[]}"
20120407,2012-04-07,1.114620791234724E7,"{""type"":""MultiPoint"",""coordinates"":[]}"
20120408,2012-04-08,1.4158098321072374E7,"{""type"":""MultiPoint"",""coordinates"":[]}"
20120409,2012-04-09,2.0513691762526836E7,"{""type"":""MultiPoint"",""coordinates"":[]}"
20120410,2012-04-10,1.902574433945377E7,"{""type"":""MultiPoint"",""coordinates"":[]}"
20120411,2012-04-11,1.520131358966949E7,"{""type"":""MultiPoint"",""coordinates"":[]}"
20120412,2012-04-12,1.3867762706880976E7,"{""type"":""MultiPoint"",""coordinates"":[]}"
20120413,2012-04-13,1.5871085070254643E7,"{""type"":""MultiPoint"",""coordinates"":[]}"
20120414,2012-04-14,1.819723582581822E7,"{""type"":""MultiPoint"",""coordinates"":[]}"
20120415,2012-04-15,1.9650746375855353E7,"{""type"":""MultiPoint"",""coordinates"":[]}"
20120416,2012-04-16,1.6850798998494964E7,"{""type"":""MultiPoint"",""coordinates"":[]}"
20120417,2012-04-17,1.8197711220556647E7,"{""type"":""MultiPoint"",""coordinates"":[]}"
20120418,2012-04-18,1.879731534388859E7,"{""type"":""MultiPoint"",""coordinates"":[]}"
20120419,2012-04-19,1.9886148097084258E7,"{""type"":""MultiPoint"",""coordinates"":[]}"
20120420,2012-04-20,1.7940421261573654E7,"{""type"":""MultiPoint"",""coordinates"":[]}"
20120421,2012-04-21,2.2217431150522735E7,"{""type"":""MultiPoint"",""coordinates"":[]}"
20120422,2012-04-22,2.1631015454498008E7,"{""type"":""MultiPoint"",""coordinates"":[]}"
20120423,2012-04-23,2.358255446443118E7,"{""type"":""MultiPoint"",""coordinates"":[]}"
20120424,2012-04-24,2.1862471032087162E7,"{""type"":""MultiPoint"",""coordinates"":[]}"
20120425,2012-04-25,1.7927677258523457E7,"{""type"":""MultiPoint"",""coordinates"":[]}"
20120426,2012-04-26,1.6914921653964244E7,"{""type"":""MultiPoint"",""coordinates"":[]}"
20120427,2012-04-27,1.4160900849276576E7,"{""type"":""MultiPoint"",""coordinates"":[]}"
20120428,2012-04-28,2.091078422037605E7,"{""type"":""MultiPoint"",""coordinates"":[]}"
20120429,2012-04-29,1.3413893308610762E7,"{""type"":""MultiPoint"",""coordinates"":[]}"
20120430,2012-04-30,1.1200143594846783E7,"{""type"":""MultiPoint"",""coordinates"":[]}"
20120501,2012-05-01,1.810739165721509E7,"{""type"":""MultiPoint"",""coordinates"":[]}"
20120502,2012-05-02,1.837624585082173E7,"{""type"":""MultiPoint"",""coordinates"":[]}"
20120503,2012-05-03,1.728895577075432E7,"{""type"":""MultiPoint"",""coordinates"":[]}"
20120504,2012-05-04,1.5135130245901303E7,"{""type"":""MultiPoint"",""coordinates"":[]}"
20120505,2012-05-05,1.6194425529508546E7,"{""type"":""MultiPoint"",""coordinates"":[]}"
20120506,2012-05-06,1.754476952999016E7,"{""type"":""MultiPoint"",""coordinates"":[]}"
20120507,2012-05-07,1.7211783513735868E7,"{""type"":""MultiPoint"",""coordinates"":[]}"
20120508,2012-05-08,1.668508259314108E7,"{""type"":""MultiPoint"",""coordinates"":[]}"
20120509,2012-05-09,1.9931363512371305E7,"{""type"":""MultiPoint"",""coordinates"":[]}"
20120510,2012-05-10,2.054054282760419E7,"{""type"":""MultiPoint"",""coordinates"":[]}"
20120511,2012-05-11,1.8557043782794524E7,"{""type"":""MultiPoint"",""coordinates"":[]}"
20120512,2012-05-12,2.2484662220777377E7,"{""type"":""MultiPoint"",""coordinates"":[]}"
20120513,2012-05-13,2.135618048257178E7,"{""type"":""MultiPoint"",""coordinates"":[]}"
20120514,2012-05-14,1.1020211770473383E7,"{""type"":""MultiPoint"",""coordinates"":[]}"
20120515,2012-05-15,1.8630540455882642E7,"{""type"":""MultiPoint"",""coordinates"":[]}"
20120516,2012-05-16,1.9214540935283843E7,"{""type"":""MultiPoint"",""coordinates"":[]}"
20120517,2012-05-17,1.3856669529348014E7,"{""type"":""MultiPoint"",""coordinates"":[]}"
20120518,2012-05-18,1.6589912405193338E7,"{""type"":""MultiPoint"",""coordinates"":[]}"
20120519,2012-05-19,1.7748187194028053E7,"{""type"":""MultiPoint"",""coordinates"":[]}"
20120520,2012-05-20,1.3393282385969132E7,"{""type"":""MultiPoint"",""coordinates"":[]}"
20120521,2012-05-21,1.8823140615174673E7,"{""type"":""MultiPoint"",""coordinates"":[]}"
20120522,2012-05-22,1.8451540058836505E7,"{""type"":""MultiPoint"",""coordinates"":[]}"
20120523,2012-05-23,1.6988407727971416E7,"{""type"":""MultiPoint"",""coordinates"":[]}"
20120524,2012-05-24,1.4296513606325122E7,"{""type"":""MultiPoint"",""coordinates"":[]}"
20120525,2012-05-25,1.8754100487147067E7,"{""type"":""MultiPoint"",""coordinates"":[]}"
20120526,2012-05-26,1.4952270340617653E7,"{""type"":""MultiPoint"",""coordinates"":[]}"
20120527,2012-05-27,1.9296827793309644E7,"{""type"":""MultiPoint"",""coordinates"":[]}"
20120528,2012-05-28,1.9987562688098237E7,"{""type"":""MultiPoint"",""coordinates"":[]}"
20120529,2012-05-29,1.6918700455922786E7,"{""type"":""MultiPoint"",""coordinates"":[]}"
20120530,2012-05-30,1.5077429272490116E7,"{""type"":""MultiPoint"",""coordinates"":[]}"
20120531,2012-05-31,1.3153168403507706E7,"{""type"":""MultiPoint"",""coordinates"":[]}"
20120601,2012-06-01,1.6383804966829209E7,"{""type"":""MultiPoint"",""coordinates"":[]}"
20120602,2012-06-02,2.0500270638733365E7,"{""type"":""MultiPoint"",""coordinates"":[]}"
20120603,2012-06-03,2.115557343109987E7,"{""type"":""MultiPoint"",""coordinates"":[]}"
20120604,2012-06-04,1.7304943344450463E7,"{""type"":""MultiPoint"",""coordinates"":[]}"
20120605,2012-06-05,1.8273467565990403E7,"{""type"":""MultiPoint"",""coordinates"":[]}"
20120606,2012-06-06,1.5184908514197418E7,"{""type"":""MultiPoint"",""coordinates"":[]}"
20120607,2012-06-07,9012333.036542047,"{""type"":""MultiPoint"",""coordinates"":[]}"
20120608,2012-06-08,1.183962135167459E7,"{""type"":""MultiPoint"",""coordinates"":[]}"
20120609,2012-06-09,1.6521363772199137E7,"{""type"":""MultiPoint"",""coordinates"":[]}"
20120610,2012-06-10,2.0591972677302174E7,"{""type"":""MultiPoint"",""coordinates"":[]}"
20120611,2012-06-11,1.5372555150763549E7,"{""type"":""MultiPoint"",""coordinates"":[]}"
20120612,2012-06-12,1.647768987201251E7,"{""type"":""MultiPoint"",""coordinates"":[]}"
20120613,2012-06-13,1.4939521783878155E7,"{""type"":""MultiPoint"",""coordinates"":[]}"
20120614,2012-06-14,1.6646170384524303E7,"{""type"":""MultiPoint"",""coordinates"":[]}"
20120615,2012-06-15,1.3726454874239953E7,"{""type"":""MultiPoint"",""coordinates"":[]}"
20120616,2012-06-16,1.9166017058254573E7,"{""type"":""MultiPoint"",""coordinates"":[]}"
20120617,2012-06-17,1.6547598109124472E7,"{""type"":""MultiPoint"",""coordinates"":[]}"
20120618,2012-06-18,1.5411126085365118E7,"{""type"":""MultiPoint"",""coordinates"":[]}"
20120619,2012-06-19,1.952308831641682E7,"{""type"":""MultiPoint"",""coordinates"":[]}"
20120620,2012-06-20,2.24169472852126E7,"{""type"":""MultiPoint"",""coordinates"":[]}"
20120621,2012-06-21,1.5964947447273893E7,"{""type"":""MultiPoint"",""coordinates"":[]}"
20120622,2012-06-22,1.905669050765556E7,"{""type"":""MultiPoint"",""coordinates"":[]}"
20120623,2012-06-23,2.1814616488912966E7,"{""type"":""MultiPoint"",""coordinates"":[]}"
20120624,2012-06-24,1.878779699973913E7,"{""type"":""MultiPoint"",""coordinates"":[]}"
20120625,2012-06-25,1.7875982591696255E7,"{""type"":""MultiPoint"",""coordinates"":[]}"
20120626,2012-06-26,1.8376064028655708E7,"{""type"":""MultiPoint"",""coordinates"":[]}"
20120627,2012-06-27,1.8696366980193846E7,"{""type"":""MultiPoint"",""coordinates"":[]}"
20120628,2012-06-28,1.8696112723777413E7,"{""type"":""MultiPoint"",""coordinates"":[]}"
20120629,2012-06-29,1.737974467866674E7,"{""type"":""MultiPoint"",""coordinates"":[]}"
20120630,2012-06-30,1.850151338277847E7,"{""type"":""MultiPoint"",""coordinates"":[]}"
20120701,2012-07-01,1.9377293427889142E7,"{""type"":""MultiPoint"",""coordinates"":[]}"
20120702,2012-07-02,1.7270200257419776E7,"{""type"":""MultiPoint"",""coordinates"":[]}"
20120703,2012-07-03,1.805460753340155E7,"{""type"":""MultiPoint"",""coordinates"":[]}"
20120704,2012-07-04,2.0086417568518836E7,"{""type"":""MultiPoint"",""coordinates"":[]}"
20120705,2012-07-05,1.7515301217024848E7,"{""type"":""MultiPoint"",""coordinates"":[]}"
20120706,2012-07-06,2.150203037384864E7,"{""type"":""MultiPoint"",""coordinates"":[]}"
20120707,2012-07-07,1.7897592451788966E7,"{""type"":""MultiPoint"",""coordinates"":[]}"
20120708,2012-07-08,1.696102911580679E7,"{""type"":""MultiPoint"",""coordinates"":[]}"
20120709,2012-07-09,1.6485974735978168E7,"{""type"":""MultiPoint"",""coordinates"":[]}"
20120710,2012-07-10,1.5035944611121131E7,"{""type"":""MultiPoint"",""coordinates"":[]}"
20120711,2012-07-11,1.7122323377280112E7,"{""type"":""MultiPoint"",""coordinates"":[]}"
20120712,2012-07-12,1.6443160367467333E7,"{""type"":""MultiPoint"",""coordinates"":[]}"
20120713,2012-07-13,1.6355272204723775E7,"{""type"":""MultiPoint"",""coordinates"":[]}"
20120714,2012-07-14,1.999860121297131E7,"{""type"":""MultiPoint"",""coordinates"":[]}"
20120715,2012-07-15,1.7508764630706552E7,"{""type"":""MultiPoint"",""coordinates"":[]}"
20120716,2012-07-16,1.4608677979732307E7,"{""type"":""MultiPoint"",""coordinates"":[]}"
20120717,2012-07-17,1.859386057375634E7,"{""type"":""MultiPoint"",""coordinates"":[]}"
20120718,2012-07-18,1.9317219430417594E7,"{""type"":""MultiPoint"",""coordinates"":[]}"
20120719,2012-07-19,1.837399331117934E7,"{""type"":""MultiPoint"",""coordinates"":[]}"
20120720,2012-07-20,1.6956068890975848E7,"{""type"":""MultiPoint"",""coordinates"":[]}"
20120721,2012-07-21,1.9991388502919752E7,"{""type"":""MultiPoint"",""coordinates"":[]}"
20120722,2012-07-22,1.6575584311801404E7,"{""type"":""MultiPoint"",""coordinates"":[]}"
20120723,2012-07-23,2.140082360407762E7,"{""type"":""MultiPoint"",""coordinates"":[]}"
20120724,2012-07-24,1.9987503200931102E7,"{""type"":""MultiPoint"",""coordinates"":[]}"
20120725,2012-07-25,1.4616350827122586E7,"{""type"":""MultiPoint"",""coordinates"":[]}"
20120726,2012-07-26,1.5623733373146303E7,"{""type"":""MultiPoint"",""coordinates"":[]}"
20120727,2012-07-27,2.12977759502739E7,"{""type"":""MultiPoint"",""coordinates"":[]}"
20120728,2012-07-28,2.152285370064013E7,"{""type"":""MultiPoint"",""coordinates"":[]}"
20120729,2012-07-29,1.8652923465976346E7,"{""type"":""MultiPoint"",""coordinates"":[]}"
20120730,2012-07-30,1.9647679453855872E7,"{""type"":""MultiPoint"",""coordinates"":[]}"
20120731,2012-07-31,1.858710182433327E7,"{""type"":""MultiPoint"",""coordinates"":[]}"
20120801,2012-08-01,1.4916570015572008E7,"{""type"":""MultiPoint"",""coordinates"":[]}"
20120802,2012-08-02,1.379369371548973E7,"{""type"":""MultiPoint"",""coordinates"":[]}"
20120803,2012-08-03,1.892759467958982E7,"{""type"":""MultiPoint"",""coordinates"":[]}"
20120804,2012-08-04,1.9605580685248725E7,"{""type"":""MultiPoint"",""coordinates"":[]}"
20120805,2012-08-05,2.051064570409165E7,"{""type"":""MultiPoint"",""coordinates"":[]}"
20120806,2012-08-06,1.945762764549595E7,"{""type"":""MultiPoint"",""coordinates"":[]}"
20120807,2012-08-07,2.0250461664720155E7,"{""type"":""MultiPoint"",""coordinates"":[]}"
20120808,2012-08-08,1.9985119829350024E7,"{""type"":""MultiPoint"",""coordinates"":[]}"
20120809,2012-08-09,1.7076763794834748E7,"{""type"":""MultiPoint"",""coordinates"":[]}"
20120810,2012-08-10,1.946784356145525E7,"{""type"":""MultiPoint"",""coordinates"":[]}"
20120811,2012-08-11,2.1355309701121733E7,"{""type"":""MultiPoint"",""coordinates"":[]}"
20120812,2012-08-12,2.294463843236409E7,"{""type"":""MultiPoint"",""coordinates"":[]}"
20120813,2012-08-13,2.188091382930989E7,"{""type"":""MultiPoint"",""coordinates"":[]}"
20120814,2012-08-14,2.157697130652379E7,"{""type"":""MultiPoint"",""coordinates"":[]}"
20120815,2012-08-15,1.9837317469949625E7,"{""type"":""MultiPoint"",""coordinates"":[]}"
20120816,2012-08-16,1.7706555186121643E7,"{""type"":""MultiPoint"",""coordinates"":[]}"
20120817,2012-08-17,2.0247318052896667E7,"{""type"":""MultiPoint"",""coordinates"":[]}"
20120818,2012-08-18,2.191305822860353E7,"{""type"":""MultiPoint"",""coordinates"":[]}"
20120819,2012-08-19,1.9002503398470886E7,"{""type"":""MultiPoint"",""coordinates"":[]}"
20120820,2012-08-20,1.8523038645676557E7,"{""type"":""MultiPoint"",""coordinates"":[]}"
20120821,2012-08-21,1.9539064740794245E7,"{""type"":""MultiPoint"",""coordinates"":[]}"
20120822,2012-08-22,1.8552686806895025E7,"{""type"":""MultiPoint"",""coordinates"":[]}"
20120823,2012-08-23,2.0774169302991994E7,"{""type"":""MultiPoint"",""coordinates"":[]}"
20120824,2012-08-24,2.2355774401260205E7,"{""type"":""MultiPoint"",""coordinates"":[]}"
20120825,2012-08-25,2.262015755037826E7,"{""type"":""MultiPoint"",""coordinates"":[]}"
20120826,2012-08-26,2.3358913817992084E7,"{""type"":""MultiPoint"",""coordinates"":[]}"
20120827,2012-08-27,1.5862758308349885E7,"{""type"":""MultiPoint"",""coordinates"":[]}"
20120828,2012-08-28,2.3206547640719987E7,"{""type"":""MultiPoint"",""coordinates"":[]}"
20120829,2012-08-29,2.403702289181867E7,"{""type"":""MultiPoint"",""coordinates"":[]}"
20120830,2012-08-30,2.3728179996548448E7,"{""type"":""MultiPoint"",""coordinates"":[]}"
20120831,2012-08-31,2.2878011511287697E7,"{""type"":""MultiPoint"",""coordinates"":[]}"
20120901,2012-09-01,2.3811757817711137E7,"{""type"":""MultiPoint"",""coordinates"":[]}"
20120902,2012-09-02,2.156792041671181E7,"{""type"":""MultiPoint"",""coordinates"":[]}"
20120903,2012-09-03,2.197452240105953E7,"{""type"":""MultiPoint"",""coordinates"":[]}"
20120904,2012-09-04,2.306312863407781E7,"{""type"":""MultiPoint"",""coordinates"":[]}"
20120905,2012-09-05,2.341548249216381E7,"{""type"":""MultiPoint"",""coordinates"":[]}"
20120906,2012-09-06,2.288083235927998E7,"{""type"":""MultiPoint"",""coordinates"":[]}"
20120907,2012-09-07,2.5288237695382558E7,"{""type"":""MultiPoint"",""coordinates"":[]}"
20120908,2012-09-08,2.313215132325969E7,"{""type"":""MultiPoint"",""coordinates"":[]}"
20120909,2012-09-09,2.4047120577569056E7,"{""type"":""MultiPoint"",""coordinates"":[]}"
20120910,2012-09-10,1.921888602741155E7,"{""type"":""MultiPoint"",""coordinates"":[]}"
20120911,2012-09-11,2.2876724631990843E7,"{""type"":""MultiPoint"",""coordinates"":[]}"
20120912,2012-09-12,2.309966766070675E7,"{""type"":""MultiPoint"",""coordinates"":[]}"
20120913,2012-09-13,2.310521236281178E7,"{""type"":""MultiPoint"",""coordinates"":[]}"
20120914,2012-09-14,2.4651630858989023E7,"{""type"":""MultiPoint"",""coordinates"":[]}"
20120915,2012-09-15,2.2284656834226307E7,"{""type"":""MultiPoint"",""coordinates"":[]}"
20120916,2012-09-16,2.2503853879637983E7,"{""type"":""MultiPoint"",""coordinates"":[]}"
20120917,2012-09-17,2.3568327345453806E7,"{""type"":""MultiPoint"",""coordinates"":[]}"
20120918,2012-09-18,2.2581956197941106E7,"{""type"":""MultiPoint"",""coordinates"":[]}"
20120919,2012-09-19,2.1971363809443537E7,"{""type"":""MultiPoint"",""coordinates"":[]}"
20120920,2012-09-20,2.3503245826018915E7,"{""type"":""MultiPoint"",""coordinates"":[]}"
20120921,2012-09-21,2.2491498816246256E7,"{""type"":""MultiPoint"",""coordinates"":[]}"
20120922,2012-09-22,1.3465518933868E7,"{""type"":""MultiPoint"",""coordinates"":[]}"
20120923,2012-09-23,1.5074737663299464E7,"{""type"":""MultiPoint"",""coordinates"":[]}"
20120924,2012-09-24,1.5275059043225214E7,"{""type"":""MultiPoint"",""coordinates"":[]}"
20120925,2012-09-25,1.5596120470894134E7,"{""type"":""MultiPoint"",""coordinates"":[]}"
20120926,2012-09-26,1.5283569515435997E7,"{""type"":""MultiPoint"",""coordinates"":[]}"
20120927,2012-09-27,1.6292086478093565E7,"{""type"":""MultiPoint"",""coordinates"":[]}"
20120928,2012-09-28,1.4630355518962575E7,"{""type"":""MultiPoint"",""coordinates"":[]}"
20120929,2012-09-29,1.4325149206129938E7,"{""type"":""MultiPoint"",""coordinates"":[]}"
20120930,2012-09-30,1.4271187217392081E7,"{""type"":""MultiPoint"",""coordinates"":[]}"
20121001,2012-10-01,1.3833307087736027E7,"{""type"":""MultiPoint"",""coordinates"":[]}"
20121002,2012-10-02,1.3923081612817595E7,"{""type"":""MultiPoint"",""coordinates"":[]}"
20121003,2012-10-03,1.4500465014501028E7,"{""type"":""MultiPoint"",""coordinates"":[]}"
20121004,2012-10-04,1.6083868246118715E7,"{""type"":""MultiPoint"",""coordinates"":[]}"
20121005,2012-10-05,1.6544661608512968E7,"{""type"":""MultiPoint"",""coordinates"":[]}"
20121006,2012-10-06,1.533771700670497E7,"{""type"":""MultiPoint"",""coordinates"":[]}"
20121007,2012-10-07,1.6564985892285008E7,"{""type"":""MultiPoint"",""coordinates"":[]}"
20121008,2012-10-08,1.4282802332864974E7,"{""type"":""MultiPoint"",""coordinates"":[]}"
20121009,2012-10-09,9499538.347909365,"{""type"":""MultiPoint"",""coordinates"":[]}"
20121010,2012-10-10,1.791932175261372E7,"{""type"":""MultiPoint"",""coordinates"":[]}"
20121011,2012-10-11,1.9998188820941932E7,"{""type"":""MultiPoint"",""coordinates"":[]}"
20121012,2012-10-12,2.0433466736339364E7,"{""type"":""MultiPoint"",""coordinates"":[]}"
20121013,2012-10-13,2.3481503575742964E7,"{""type"":""MultiPoint"",""coordinates"":[]}"
20121014,2012-10-14,2.224796588100255E7,"{""type"":""MultiPoint"",""coordinates"":[]}"
20121015,2012-10-15,2.398126721642285E7,"{""type"":""MultiPoint"",""coordinates"":[]}"
20121016,2012-10-16,2.4610033566030536E7,"{""type"":""MultiPoint"",""coordinates"":[]}"
20121017,2012-10-17,2.4450554460939527E7,"{""type"":""MultiPoint"",""coordinates"":[]}"
20121018,2012-10-18,2.3399377010173973E7,"{""type"":""MultiPoint"",""coordinates"":[]}"
20121019,2012-10-19,2.4291105192623343E7,"{""type"":""MultiPoint"",""coordinates"":[]}"
20121020,2012-10-20,2.205585600834788E7,"{""type"":""MultiPoint"",""coordinates"":[]}"
20121021,2012-10-21,2.2875314171251982E7,"{""type"":""MultiPoint"",""coordinates"":[]}"
20121022,2012-10-22,2.136675098854171E7,"{""type"":""MultiPoint"",""coordinates"":[]}"
20121023,2012-10-23,2.2106560962976336E7,"{""type"":""MultiPoint"",""coordinates"":[]}"
20121024,2012-10-24,2.500147596620712E7,"{""type"":""MultiPoint"",""coordinates"":[]}"
20121025,2012-10-25,2.141903227363393E7,"{""type"":""MultiPoint"",""coordinates"":[]}"
20121026,2012-10-26,2.329021657303393E7,"{""type"":""MultiPoint"",""coordinates"":[]}"
20121027,2012-10-27,2.1615740997692287E7,"{""type"":""MultiPoint"",""coordinates"":[]}"
20121028,2012-10-28,2.290927631762084E7,"{""type"":""MultiPoint"",""coordinates"":[]}"
20121029,2012-10-29,2.292074282704232E7,"{""type"":""MultiPoint"",""coordinates"":[]}"
20121030,2012-10-30,2.2635097943290595E7,"{""type"":""MultiPoint"",""coordinates"":[]}"
20121031,2012-10-31,1.9109250653261885E7,"{""type"":""MultiPoint"",""coordinates"":[]}"
20121101,2012-11-01,1.8036937164930865E7,"{""type"":""MultiPoint"",""coordinates"":[]}"
20121102,2012-11-02,1.881710057728814E7,"{""type"":""MultiPoint"",""coordinates"":[]}"
20121103,2012-11-03,1.9371079632853717E7,"{""type"":""MultiPoint"",""coordinates"":[]}"
20121104,2012-11-04,2.2474065844641097E7,"{""type"":""MultiPoint"",""coordinates"":[]}"
20121105,2012-11-05,2.2991682493528374E7,"{""type"":""MultiPoint"",""coordinates"":[]}"
20121106,2012-11-06,2.0378804728272423E7,"{""type"":""MultiPoint"",""coordinates"":[]}"
20121107,2012-11-07,1.813546584432003E7,"{""type"":""MultiPoint"",""coordinates"":[]}"
20121108,2012-11-08,2.152590631709909E7,"{""type"":""MultiPoint"",""coordinates"":[]}"
20121109,2012-11-09,2.1385183883450717E7,"{""type"":""MultiPoint"",""coordinates"":[]}"
20121110,2012-11-10,1.9697825501655526E7,"{""type"":""MultiPoint"",""coordinates"":[]}"
20121111,2012-11-11,1.9764599480825957E7,"{""type"":""MultiPoint"",""coordinates"":[]}"
20121112,2012-11-12,2.149120763662633E7,"{""type"":""MultiPoint"",""coordinates"":[]}"
20121113,2012-11-13,2.1716191783838015E7,"{""type"":""MultiPoint"",""coordinates"":[]}"
20121114,2012-11-14,2.2226688395159826E7,"{""type"":""MultiPoint"",""coordinates"":[]}"
20121115,2012-11-15,2.3593856782292843E7,"{""type"":""MultiPoint"",""coordinates"":[]}"
20121116,2012-11-16,2.354612286284188E7,"{""type"":""MultiPoint"",""coordinates"":[]}"
20121117,2012-11-17,2.235901257263258E7,"{""type"":""MultiPoint"",""coordinates"":[]}"
20121118,2012-11-18,2.2011982624285106E7,"{""type"":""MultiPoint"",""coordinates"":[]}"
20121119,2012-11-19,2.2242443666726857E7,"{""type"":""MultiPoint"",""coordinates"":[]}"
20121120,2012-11-20,2.214624450304015E7,"{""type"":""MultiPoint"",""coordinates"":[]}"
20121121,2012-11-21,2.1418389058174293E7,"{""type"":""MultiPoint"",""coordinates"":[]}"
20121122,2012-11-22,2.0780687830634315E7,"{""type"":""MultiPoint"",""coordinates"":[]}"
20121123,2012-11-23,1.2223240581622615E7,"{""type"":""MultiPoint"",""coordinates"":[]}"
20121124,2012-11-24,1.87330000153312E7,"{""type"":""MultiPoint"",""coordinates"":[]}"
20121125,2012-11-25,1.9933589901872255E7,"{""type"":""MultiPoint"",""coordinates"":[]}"
20121126,2012-11-26,1.754251532703228E7,"{""type"":""MultiPoint"",""coordinates"":[]}"
20121127,2012-11-27,1.6620108542130707E7,"{""type"":""MultiPoint"",""coordinates"":[]}"
20121128,2012-11-28,1.3778053406618096E7,"{""type"":""MultiPoint"",""coordinates"":[]}"
20121129,2012-11-29,1.1738498145084579E7,"{""type"":""MultiPoint"",""coordinates"":[]}"
20121130,2012-11-30,1.4627709568358304E7,"{""type"":""MultiPoint"",""coordinates"":[]}"
20121201,2012-12-01,1.9075546233941354E7,"{""type"":""MultiPoint"",""coordinates"":[]}"
20121202,2012-12-02,1.763031540449099E7,"{""type"":""MultiPoint"",""coordinates"":[]}"
20121203,2012-12-03,1.6833375849015716E7,"{""type"":""MultiPoint"",""coordinates"":[]}"
20121204,2012-12-04,1.8814713068448614E7,"{""type"":""MultiPoint"",""coordinates"":[]}"
20121205,2012-12-05,2.2277143802460212E7,"{""type"":""MultiPoint"",""coordinates"":[]}"
20121206,2012-12-06,2.0285781588826675E7,"{""type"":""MultiPoint"",""coordinates"":[]}"
20121207,2012-12-07,2.039912893094937E7,"{""type"":""MultiPoint"",""coordinates"":[]}"
20121208,2012-12-08,1.977749237396905E7,"{""type"":""MultiPoint"",""coordinates"":[]}"
20121209,2012-12-09,1.7766691269961674E7,"{""type"":""MultiPoint"",""coordinates"":[]}"
20121210,2012-12-10,1.7307214160496056E7,"{""type"":""MultiPoint"",""coordinates"":[]}"
20121211,2012-12-11,1.7861245024943296E7,"{""type"":""MultiPoint"",""coordinates"":[]}"
20121212,2012-12-12,1.5473839194589928E7,"{""type"":""MultiPoint"",""coordinates"":[]}"
20121213,2012-12-13,1.6896743529869754E7,"{""type"":""MultiPoint"",""coordinates"":[]}"
20121214,2012-12-14,1.793570119864346E7,"{""type"":""MultiPoint"",""coordinates"":[]}"
20121215,2012-12-15,1.7721999122749977E7,"{""type"":""MultiPoint"",""coordinates"":[]}"
20121216,2012-12-16,1.6633049323219547E7,"{""type"":""MultiPoint"",""coordinates"":[]}"
20121217,2012-12-17,1.8181812459374297E7,"{""type"":""MultiPoint"",""coordinates"":[]}"
20121218,2012-12-18,1.879720512495735E7,"{""type"":""MultiPoint"",""coordinates"":[]}"
20121219,2012-12-19,1.7884988286878165E7,"{""type"":""MultiPoint"",""coordinates"":[]}"
20121220,2012-12-20,1.5171943037585534E7,"{""type"":""MultiPoint"",""coordinates"":[]}"
20121221,2012-12-21,1.4995758581582475E7,"{""type"":""MultiPoint"",""coordinates"":[]}"
20121222,2012-12-22,1.665211240944755E7,"{""type"":""MultiPoint"",""coordinates"":[]}"
20121223,2012-12-23,1.4778841479180455E7,"{""type"":""MultiPoint"",""coordinates"":[]}"
20121224,2012-12-24,1.4240194771898141E7,"{""type"":""MultiPoint"",""coordinates"":[]}"
20121225,2012-12-25,1.4949498072843295E7,"{""type"":""MultiPoint"",""coordinates"":[]}"
20121226,2012-12-26,1.865602262412457E7,"{""type"":""MultiPoint"",""coordinates"":[]}"
20121227,2012-12-27,1.934953701932454E7,"{""type"":""MultiPoint"",""coordinates"":[]}"
20121228,2012-12-28,1.8354015501775924E7,"{""type"":""MultiPoint"",""coordinates"":[]}"
20121229,2012-12-29,1.709524166732887E7,"{""type"":""MultiPoint"",""coordinates"":[]}"
20121230,2012-12-30,1.870261312559949E7,"{""type"":""MultiPoint"",""coordinates"":[]}"
20121231,2012-12-31,1.588499377151686E7,"{""type"":""MultiPoint"",""coordinates"":[]}"
20130101,2013-01-01,1.819160629791504E7,"{""type"":""MultiPoint"",""coordinates"":[]}"
20130102,2013-01-02,1.7094831481949713E7,"{""type"":""MultiPoint"",""coordinates"":[]}"
20130103,2013-01-03,1.8860101346336763E7,"{""type"":""MultiPoint"",""coordinates"":[]}"
20130104,2013-01-04,2.051776736973491E7,"{""type"":""MultiPoint"",""coordinates"":[]}"
20130105,2013-01-05,1.872144184359761E7,"{""type"":""MultiPoint"",""coordinates"":[]}"
20130106,2013-01-06,1.8778905518832903E7,"{""type"":""MultiPoint"",""coordinates"":[]}"
20130107,2013-01-07,1.791292141978206E7,"{""type"":""MultiPoint"",""coordinates"":[]}"
20130108,2013-01-08,1.8931674032950055E7,"{""type"":""MultiPoint"",""coordinates"":[]}"
20130109,2013-01-09,1.9201478094756488E7,"{""type"":""MultiPoint"",""coordinates"":[]}"
20130110,2013-01-10,1.6751754882427307E7,"{""type"":""MultiPoint"",""coordinates"":[]}"
20130111,2013-01-11,1.8895607308410082E7,"{""type"":""MultiPoint"",""coordinates"":[]}"
20130112,2013-01-12,1.5098577230269093E7,"{""type"":""MultiPoint"",""coordinates"":[]}"
20130113,2013-01-13,1.4615849226576766E7,"{""type"":""MultiPoint"",""coordinates"":[]}"
20130114,2013-01-14,1.2940727962434523E7,"{""type"":""MultiPoint"",""coordinates"":[]}"
20130115,2013-01-15,1.714888841474524E7,"{""type"":""MultiPoint"",""coordinates"":[]}"
20130116,2013-01-16,1.8737678671884086E7,"{""type"":""MultiPoint"",""coordinates"":[]}"
20130117,2013-01-17,1.863629938795576E7,"{""type"":""MultiPoint"",""coordinates"":[]}"
20130118,2013-01-18,1.61818838933237E7,"{""type"":""MultiPoint"",""coordinates"":[]}"
20130119,2013-01-19,1.4837289225854354E7,"{""type"":""MultiPoint"",""coordinates"":[]}"
20130120,2013-01-20,1.7959220744085237E7,"{""type"":""MultiPoint"",""coordinates"":[]}"
20130121,2013-01-21,1.9608258168603122E7,"{""type"":""MultiPoint"",""coordinates"":[]}"
20130122,2013-01-22,1.7309569414163295E7,"{""type"":""MultiPoint"",""coordinates"":[]}"
20130123,2013-01-23,1.7932525335661106E7,"{""type"":""MultiPoint"",""coordinates"":[]}"
20130124,2013-01-24,1.8755069649108015E7,"{""type"":""MultiPoint"",""coordinates"":[]}"
20130125,2013-01-25,2.014173459490698E7,"{""type"":""MultiPoint"",""coordinates"":[]}"
20130126,2013-01-26,1.8586036875644647E7,"{""type"":""MultiPoint"",""coordinates"":[]}"
20130127,2013-01-27,1.703095796600646E7,"{""type"":""MultiPoint"",""coordinates"":[]}"
20130128,2013-01-28,1.6448499880641336E7,"{""type"":""MultiPoint"",""coordinates"":[]}"
20130129,2013-01-29,1.1106988759015106E7,"{""type"":""MultiPoint"",""coordinates"":[]}"
20130130,2013-01-30,1.171613613565308E7,"{""type"":""MultiPoint"",""coordinates"":[]}"
20130131,2013-01-31,1.2975111489494901E7,"{""type"":""MultiPoint"",""coordinates"":[]}"
20130201,2013-02-01,1.0234764707161915E7,"{""type"":""MultiPoint"",""coordinates"":[]}"
20130202,2013-02-02,1.3489343677643321E7,"{""type"":""MultiPoint"",""coordinates"":[]}"
20130203,2013-02-03,1.0525765590913646E7,"{""type"":""MultiPoint"",""coordinates"":[]}"
20130204,2013-02-04,1.1444408626653016E7,"{""type"":""MultiPoint"",""coordinates"":[]}"
20130205,2013-02-05,1.6110024073565705E7,"{""type"":""MultiPoint"",""coordinates"":[]}"
20130206,2013-02-06,1.8370528422250316E7,"{""type"":""MultiPoint"",""coordinates"":[]}"
20130207,2013-02-07,2.077184516778038E7,"{""type"":""MultiPoint"",""coordinates"":[]}"
20130208,2013-02-08,2.0560746786426656E7,"{""type"":""MultiPoint"",""coordinates"":[]}"
20130209,2013-02-09,1.8279161127847012E7,"{""type"":""MultiPoint"",""coordinates"":[]}"
20130210,2013-02-10,1.6315432151546149E7,"{""type"":""MultiPoint"",""coordinates"":[]}"
20130211,2013-02-11,1.1472122649890631E7,"{""type"":""MultiPoint"",""coordinates"":[]}"
20130212,2013-02-12,9643230.542692589,"{""type"":""MultiPoint"",""coordinates"":[]}"
20130213,2013-02-13,1.5984671450926092E7,"{""type"":""MultiPoint"",""coordinates"":[]}"
20130214,2013-02-14,1.8802755607167933E7,"{""type"":""MultiPoint"",""coordinates"":[]}"
20130215,2013-02-15,1.7123044259105403E7,"{""type"":""MultiPoint"",""coordinates"":[]}"
20130216,2013-02-16,1.20097344326049E7,"{""type"":""MultiPoint"",""coordinates"":[]}"
20130217,2013-02-17,1.176028160006421E7,"{""type"":""MultiPoint"",""coordinates"":[]}"
20130218,2013-02-18,1.7270641535528664E7,"{""type"":""MultiPoint"",""coordinates"":[]}"
20130219,2013-02-19,1.6847012696084924E7,"{""type"":""MultiPoint"",""coordinates"":[]}"
20130220,2013-02-20,1.9118393738446414E7,"{""type"":""MultiPoint"",""coordinates"":[]}"
20130221,2013-02-21,1.440026653145506E7,"{""type"":""MultiPoint"",""coordinates"":[]}"
20130222,2013-02-22,1.6319155281159064E7,"{""type"":""MultiPoint"",""coordinates"":[]}"
20130223,2013-02-23,1.3256227838580858E7,"{""type"":""MultiPoint"",""coordinates"":[]}"
20130224,2013-02-24,1.89970968449421E7,"{""type"":""MultiPoint"",""coordinates"":[]}"
20130225,2013-02-25,1.7414835786005244E7,"{""type"":""MultiPoint"",""coordinates"":[]}"
20130226,2013-02-26,1.862647853851865E7,"{""type"":""MultiPoint"",""coordinates"":[]}"
20130227,2013-02-27,1.992227058443199E7,"{""type"":""MultiPoint"",""coordinates"":[]}"
20130228,2013-02-28,1.9273960897678237E7,"{""type"":""MultiPoint"",""coordinates"":[]}"
20130301,2013-03-01,2.1973627987598572E7,"{""type"":""MultiPoint"",""coordinates"":[]}"
20130302,2013-03-02,1.9856426280817922E7,"{""type"":""MultiPoint"",""coordinates"":[]}"
20130303,2013-03-03,1.947808662791846E7,"{""type"":""MultiPoint"",""coordinates"":[]}"
20130304,2013-03-04,1.3086442586668145E7,"{""type"":""MultiPoint"",""coordinates"":[]}"
20130305,2013-03-05,1.335399861851088E7,"{""type"":""MultiPoint"",""coordinates"":[]}"
20130306,2013-03-06,1.2652724990649477E7,"{""type"":""MultiPoint"",""coordinates"":[]}"
20130307,2013-03-07,1.3419958391060406E7,"{""type"":""MultiPoint"",""coordinates"":[]}"
20130308,2013-03-08,1.3897211669143844E7,"{""type"":""MultiPoint"",""coordinates"":[]}"
20130309,2013-03-09,1.0806996222263088E7,"{""type"":""MultiPoint"",""coordinates"":[]}"
20130310,2013-03-10,1.3511009647672208E7,"{""type"":""MultiPoint"",""coordinates"":[]}"
20130311,2013-03-11,1.3408764055565361E7,"{""type"":""MultiPoint"",""coordinates"":[]}"
20130312,2013-03-12,1.3241847728164673E7,"{""type"":""MultiPoint"",""coordinates"":[]}"
20130313,2013-03-13,1.3163001594328228E7,"{""type"":""MultiPoint"",""coordinates"":[]}"
20130314,2013-03-14,1.3341617641755091E7,"{""type"":""MultiPoint"",""coordinates"":[]}"
20130315,2013-03-15,1.3085047684088657E7,"{""type"":""MultiPoint"",""coordinates"":[]}"
20130316,2013-03-16,1.4448229941900242E7,"{""type"":""MultiPoint"",""coordinates"":[]}"
20130317,2013-03-17,1.3994990086808411E7,"{""type"":""MultiPoint"",""coordinates"":[]}"
20130318,2013-03-18,1.4335299299829675E7,"{""type"":""MultiPoint"",""coordinates"":[]}"
20130319,2013-03-19,1.2241864385696582E7,"{""type"":""MultiPoint"",""coordinates"":[]}"
20130320,2013-03-20,1.1245117158858357E7,"{""type"":""MultiPoint"",""coordinates"":[]}"
20130321,2013-03-21,1.2487151349914346E7,"{""type"":""MultiPoint"",""coordinates"":[]}"
20130322,2013-03-22,1.903764729018922E7,"{""type"":""MultiPoint"",""coordinates"":[]}"
20130323,2013-03-23,1.9968990248871222E7,"{""type"":""MultiPoint"",""coordinates"":[]}"
20130324,2013-03-24,2.0482385995986585E7,"{""type"":""MultiPoint"",""coordinates"":[]}"
20130325,2013-03-25,2.1857842568619177E7,"{""type"":""MultiPoint"",""coordinates"":[]}"
20130326,2013-03-26,2.0622334550037105E7,"{""type"":""MultiPoint"",""coordinates"":[]}"
20130327,2013-03-27,2.21419968913772E7,"{""type"":""MultiPoint"",""coordinates"":[]}"
20130328,2013-03-28,2.1338630451708704E7,"{""type"":""MultiPoint"",""coordinates"":[]}"
20130329,2013-03-29,2.220075159468625E7,"{""type"":""MultiPoint"",""coordinates"":[]}"
20130330,2013-03-30,2.3477710324644294E7,"{""type"":""MultiPoint"",""coordinates"":[]}"
20130331,2013-03-31,2.0711526701181937E7,"{""type"":""MultiPoint"",""coordinates"":[]}"
20130401,2013-04-01,2.0143065521200806E7,"{""type"":""MultiPoint"",""coordinates"":[]}"
20130402,2013-04-02,2.1806176113860283E7,"{""type"":""MultiPoint"",""coordinates"":[]}"
20130403,2013-04-03,2.2019829064635873E7,"{""type"":""MultiPoint"",""coordinates"":[]}"
20130404,2013-04-04,2.089176413661628E7,"{""type"":""MultiPoint"",""coordinates"":[]}"
20130405,2013-04-05,2.1446068203439478E7,"{""type"":""MultiPoint"",""coordinates"":[]}"
20130406,2013-04-06,2.246909626042983E7,"{""type"":""MultiPoint"",""coordinates"":[]}"
20130407,2013-04-07,2.26850823811129E7,"{""type"":""MultiPoint"",""coordinates"":[]}"
20130408,2013-04-08,2.0704776613890383E7,"{""type"":""MultiPoint"",""coordinates"":[]}"
20130409,2013-04-09,1.5379897132622955E7,"{""type"":""MultiPoint"",""coordinates"":[]}"
20130410,2013-04-10,1.3186612301165894E7,"{""type"":""MultiPoint"",""coordinates"":[]}"
20130411,2013-04-11,1.6633806695081552E7,"{""type"":""MultiPoint"",""coordinates"":[]}"
20130412,2013-04-12,2.094141179009892E7,"{""type"":""MultiPoint"",""coordinates"":[]}"
20130413,2013-04-13,1.8326935455862574E7,"{""type"":""MultiPoint"",""coordinates"":[]}"
20130414,2013-04-14,1.5734209294644099E7,"{""type"":""MultiPoint"",""coordinates"":[]}"
20130415,2013-04-15,2.0715015685509596E7,"{""type"":""MultiPoint"",""coordinates"":[]}"
20130416,2013-04-16,2.109683341368169E7,"{""type"":""MultiPoint"",""coordinates"":[]}"
20130417,2013-04-17,2.211184509289024E7,"{""type"":""MultiPoint"",""coordinates"":[]}"
20130418,2013-04-18,2.161280846182248E7,"{""type"":""MultiPoint"",""coordinates"":[]}"
20130419,2013-04-19,2.009744152689984E7,"{""type"":""MultiPoint"",""coordinates"":[]}"
20130420,2013-04-20,1.834153951409708E7,"{""type"":""MultiPoint"",""coordinates"":[]}"
20130421,2013-04-21,1.838113475712881E7,"{""type"":""MultiPoint"",""coordinates"":[]}"
20130422,2013-04-22,1.464299342532057E7,"{""type"":""MultiPoint"",""coordinates"":[]}"
20130423,2013-04-23,9443085.729255715,"{""type"":""MultiPoint"",""coordinates"":[]}"
20130424,2013-04-24,1.5445324345393613E7,"{""type"":""MultiPoint"",""coordinates"":[]}"
20130425,2013-04-25,1.0761342966427863E7,"{""type"":""MultiPoint"",""coordinates"":[]}"
20130426,2013-04-26,1.210290923909858E7,"{""type"":""MultiPoint"",""coordinates"":[]}"
20130427,2013-04-27,1.1118698513314461E7,"{""type"":""MultiPoint"",""coordinates"":[]}"
20130428,2013-04-28,1.449060431653724E7,"{""type"":""MultiPoint"",""coordinates"":[]}"
20130429,2013-04-29,1.8725895144502636E7,"{""type"":""MultiPoint"",""coordinates"":[]}"
20130430,2013-04-30,1.6265700496257493E7,"{""type"":""MultiPoint"",""coordinates"":[]}"
20130501,2013-05-01,1.938108464069993E7,"{""type"":""MultiPoint"",""coordinates"":[]}"
20130502,2013-05-02,1.97723128919792E7,"{""type"":""MultiPoint"",""coordinates"":[]}"
20130503,2013-05-03,1.2368185968173703E7,"{""type"":""MultiPoint"",""coordinates"":[]}"
20130504,2013-05-04,1.6068258616699781E7,"{""type"":""MultiPoint"",""coordinates"":[]}"
20130505,2013-05-05,2.226477642887242E7,"{""type"":""MultiPoint"",""coordinates"":[]}"
20130506,2013-05-06,2.033679978857383E7,"{""type"":""MultiPoint"",""coordinates"":[]}"
20130507,2013-05-07,1.8130612169967692E7,"{""type"":""MultiPoint"",""coordinates"":[]}"
20130508,2013-05-08,1.9005011358497374E7,"{""type"":""MultiPoint"",""coordinates"":[]}"
20130509,2013-05-09,2.098856722613529E7,"{""type"":""MultiPoint"",""coordinates"":[]}"
20130510,2013-05-10,1.2637499517829545E7,"{""type"":""MultiPoint"",""coordinates"":[]}"
20130511,2013-05-11,1.0662482985411271E7,"{""type"":""MultiPoint"",""coordinates"":[]}"
20130512,2013-05-12,1.3859487778941663E7,"{""type"":""MultiPoint"",""coordinates"":[]}"
20130513,2013-05-13,9296976.755242504,"{""type"":""MultiPoint"",""coordinates"":[]}"
20130514,2013-05-14,1.484308635334016E7,"{""type"":""MultiPoint"",""coordinates"":[]}"
20130515,2013-05-15,1.2217305285332996E7,"{""type"":""MultiPoint"",""coordinates"":[]}"
20130516,2013-05-16,1.3723849515301105E7,"{""type"":""MultiPoint"",""coordinates"":[]}"
20130517,2013-05-17,7866651.937872493,"{""type"":""MultiPoint"",""coordinates"":[]}"
20130518,2013-05-18,1.6013990055826448E7,"{""type"":""MultiPoint"",""coordinates"":[]}"
20130519,2013-05-19,1.2818528645917356E7,"{""type"":""MultiPoint"",""coordinates"":[]}"
20130520,2013-05-20,1.770169092818011E7,"{""type"":""MultiPoint"",""coordinates"":[]}"
20130521,2013-05-21,1.5503658939658456E7,"{""type"":""MultiPoint"",""coordinates"":[]}"
20130522,2013-05-22,2.137503231713923E7,"{""type"":""MultiPoint"",""coordinates"":[]}"
20130523,2013-05-23,1.978263816402785E7,"{""type"":""MultiPoint"",""coordinates"":[]}"
20130524,2013-05-24,1.3906324689422669E7,"{""type"":""MultiPoint"",""coordinates"":[]}"
20130525,2013-05-25,1.1909811277105523E7,"{""type"":""MultiPoint"",""coordinates"":[]}"
20130526,2013-05-26,1.8096109426283784E7,"{""type"":""MultiPoint"",""coordinates"":[]}"
20130527,2013-05-27,1.5456792880460741E7,"{""type"":""MultiPoint"",""coordinates"":[]}"
20130528,2013-05-28,1.2233944368430555E7,"{""type"":""MultiPoint"",""coordinates"":[]}"
20130529,2013-05-29,1.3459115148837106E7,"{""type"":""MultiPoint"",""coordinates"":[]}"
20130530,2013-05-30,1.2253054318383392E7,"{""type"":""MultiPoint"",""coordinates"":[]}"
20130531,2013-05-31,1.3026369923624905E7,"{""type"":""MultiPoint"",""coordinates"":[]}"
20130601,2013-06-01,1.1399683506351212E7,"{""type"":""MultiPoint"",""coordinates"":[]}"
20130602,2013-06-02,1.8966938085605923E7,"{""type"":""MultiPoint"",""coordinates"":[]}"
20130603,2013-06-03,1.8659783649710026E7,"{""type"":""MultiPoint"",""coordinates"":[]}"
20130604,2013-06-04,1.4394359157104723E7,"{""type"":""MultiPoint"",""coordinates"":[]}"
20130605,2013-06-05,1.3841697053037135E7,"{""type"":""MultiPoint"",""coordinates"":[]}"
20130606,2013-06-06,1.8885008406718437E7,"{""type"":""MultiPoint"",""coordinates"":[]}"
20130607,2013-06-07,2.0558601262697406E7,"{""type"":""MultiPoint"",""coordinates"":[]}"
20130608,2013-06-08,1.9300089945136756E7,"{""type"":""MultiPoint"",""coordinates"":[]}"
20130609,2013-06-09,1.3943236087251412E7,"{""type"":""MultiPoint"",""coordinates"":[]}"
20130610,2013-06-10,1.3920892936086528E7,"{""type"":""MultiPoint"",""coordinates"":[]}"
20130611,2013-06-11,1.7863818315413482E7,"{""type"":""MultiPoint"",""coordinates"":[]}"
20130612,2013-06-12,1.4817658967190411E7,"{""type"":""MultiPoint"",""coordinates"":[]}"
20130613,2013-06-13,1.5746193010334505E7,"{""type"":""MultiPoint"",""coordinates"":[]}"
20130614,2013-06-14,1.8291955903357197E7,"{""type"":""MultiPoint"",""coordinates"":[]}"
20130615,2013-06-15,1.5337854724058352E7,"{""type"":""MultiPoint"",""coordinates"":[]}"
20130616,2013-06-16,1.1598002879056046E7,"{""type"":""MultiPoint"",""coordinates"":[]}"
20130617,2013-06-17,1.5689455211365955E7,"{""type"":""MultiPoint"",""coordinates"":[]}"
20130618,2013-06-18,2.1147080790801268E7,"{""type"":""MultiPoint"",""coordinates"":[]}"
20130619,2013-06-19,1.7627183825095814E7,"{""type"":""MultiPoint"",""coordinates"":[]}"
20130620,2013-06-20,1.6154141862540884E7,"{""type"":""MultiPoint"",""coordinates"":[]}"
20130621,2013-06-21,1.5429092277085463E7,"{""type"":""MultiPoint"",""coordinates"":[]}"
20130622,2013-06-22,1.6105430822627574E7,"{""type"":""MultiPoint"",""coordinates"":[]}"
20130623,2013-06-23,1.775306654506049E7,"{""type"":""MultiPoint"",""coordinates"":[]}"
20130624,2013-06-24,1.9445032677462723E7,"{""type"":""MultiPoint"",""coordinates"":[]}"
20130625,2013-06-25,2.051584001428771E7,"{""type"":""MultiPoint"",""coordinates"":[]}"
20130626,2013-06-26,2.065574852888647E7,"{""type"":""MultiPoint"",""coordinates"":[]}"
20130627,2013-06-27,1.625753626584793E7,"{""type"":""MultiPoint"",""coordinates"":[]}"
20130628,2013-06-28,1.4323228177392486E7,"{""type"":""MultiPoint"",""coordinates"":[]}"
20130629,2013-06-29,1.6475867629803533E7,"{""type"":""MultiPoint"",""coordinates"":[]}"
20130630,2013-06-30,2.03134927532358E7,"{""type"":""MultiPoint"",""coordinates"":[]}"
20130701,2013-07-01,2.1628815053879954E7,"{""type"":""MultiPoint"",""coordinates"":[]}"
20130702,2013-07-02,2.0233582375775084E7,"{""type"":""MultiPoint"",""coordinates"":[]}"
20130703,2013-07-03,2.0835822873678084E7,"{""type"":""MultiPoint"",""coordinates"":[]}"
20130704,2013-07-04,1.4448041479501532E7,"{""type"":""MultiPoint"",""coordinates"":[]}"
20130705,2013-07-05,1.247593737627676E7,"{""type"":""MultiPoint"",""coordinates"":[]}"
20130706,2013-07-06,1.729937210298395E7,"{""type"":""MultiPoint"",""coordinates"":[]}"
20130707,2013-07-07,1.9534416095117696E7,"{""type"":""MultiPoint"",""coordinates"":[]}"
20130708,2013-07-08,1.7689813583288174E7,"{""type"":""MultiPoint"",""coordinates"":[]}"
20130709,2013-07-09,1.7690202171733588E7,"{""type"":""MultiPoint"",""coordinates"":[]}"
20130710,2013-07-10,1.74073546429073E7,"{""type"":""MultiPoint"",""coordinates"":[]}"
20130711,2013-07-11,1.6368986851323407E7,"{""type"":""MultiPoint"",""coordinates"":[]}"
20130712,2013-07-12,1.4197061661188366E7,"{""type"":""MultiPoint"",""coordinates"":[]}"
20130713,2013-07-13,1.4249723853029111E7,"{""type"":""MultiPoint"",""coordinates"":[]}"
20130714,2013-07-14,1.6445660731723953E7,"{""type"":""MultiPoint"",""coordinates"":[]}"
20130715,2013-07-15,1.5923808445809001E7,"{""type"":""MultiPoint"",""coordinates"":[]}"
20130716,2013-07-16,1.9943708421487756E7,"{""type"":""MultiPoint"",""coordinates"":[]}"
20130717,2013-07-17,2.290155386470811E7,"{""type"":""MultiPoint"",""coordinates"":[]}"
20130718,2013-07-18,1.5036201135352073E7,"{""type"":""MultiPoint"",""coordinates"":[]}"
20130719,2013-07-19,1.7761363757991686E7,"{""type"":""MultiPoint"",""coordinates"":[]}"
20130720,2013-07-20,1.8142061457307402E7,"{""type"":""MultiPoint"",""coordinates"":[]}"
20130721,2013-07-21,1.7853899434350718E7,"{""type"":""MultiPoint"",""coordinates"":[]}"
20130722,2013-07-22,2.0114975044047114E7,"{""type"":""MultiPoint"",""coordinates"":[]}"
20130723,2013-07-23,1.8766403520598795E7,"{""type"":""MultiPoint"",""coordinates"":[]}"
20130724,2013-07-24,1.8354525114522506E7,"{""type"":""MultiPoint"",""coordinates"":[]}"
20130725,2013-07-25,1.5079944461862607E7,"{""type"":""MultiPoint"",""coordinates"":[]}"
20130726,2013-07-26,2.0143668467962977E7,"{""type"":""MultiPoint"",""coordinates"":[]}"
20130727,2013-07-27,1.401046480805891E7,"{""type"":""MultiPoint"",""coordinates"":[]}"
20130728,2013-07-28,1.8559452064575683E7,"{""type"":""MultiPoint"",""coordinates"":[]}"
20130729,2013-07-29,2.1908222451026425E7,"{""type"":""MultiPoint"",""coordinates"":[]}"
20130730,2013-07-30,1.9925911675757017E7,"{""type"":""MultiPoint"",""coordinates"":[]}"
20130731,2013-07-31,2.0814580819456972E7,"{""type"":""MultiPoint"",""coordinates"":[]}"
20130801,2013-08-01,1.8283534359721456E7,"{""type"":""MultiPoint"",""coordinates"":[]}"
20130802,2013-08-02,2.0335893166014478E7,"{""type"":""MultiPoint"",""coordinates"":[]}"
20130803,2013-08-03,1.945223704814079E7,"{""type"":""MultiPoint"",""coordinates"":[]}"
20130804,2013-08-04,1.7700677986033343E7,"{""type"":""MultiPoint"",""coordinates"":[]}"
20130805,2013-08-05,1.8781601468665343E7,"{""type"":""MultiPoint"",""coordinates"":[]}"
20130806,2013-08-06,1.8133002306945197E7,"{""type"":""MultiPoint"",""coordinates"":[]}"
20130807,2013-08-07,1.2928423393373864E7,"{""type"":""MultiPoint"",""coordinates"":[]}"
20130808,2013-08-08,1.982326493496277E7,"{""type"":""MultiPoint"",""coordinates"":[]}"
20130809,2013-08-09,2.0357148233058415E7,"{""type"":""MultiPoint"",""coordinates"":[]}"
20130810,2013-08-10,1.7940412972167034E7,"{""type"":""MultiPoint"",""coordinates"":[]}"
20130811,2013-08-11,1.5546613311058933E7,"{""type"":""MultiPoint"",""coordinates"":[]}"
20130812,2013-08-12,1.9619623810286347E7,"{""type"":""MultiPoint"",""coordinates"":[]}"
20130813,2013-08-13,1.9717805416450933E7,"{""type"":""MultiPoint"",""coordinates"":[]}"
20130814,2013-08-14,2.0622736322236266E7,"{""type"":""MultiPoint"",""coordinates"":[]}"
20130815,2013-08-15,1.9387136034916613E7,"{""type"":""MultiPoint"",""coordinates"":[]}"
20130816,2013-08-16,1.936917552256536E7,"{""type"":""MultiPoint"",""coordinates"":[]}"
20130817,2013-08-17,1.8707392707723785E7,"{""type"":""MultiPoint"",""coordinates"":[]}"
20130818,2013-08-18,2.032764045520037E7,"{""type"":""MultiPoint"",""coordinates"":[]}"
20130819,2013-08-19,2.2631931173238613E7,"{""type"":""MultiPoint"",""coordinates"":[]}"
20130820,2013-08-20,2.2979620731523268E7,"{""type"":""MultiPoint"",""coordinates"":[]}"
20130821,2013-08-21,2.3915755984468117E7,"{""type"":""MultiPoint"",""coordinates"":[]}"
20130822,2013-08-22,2.2112433990086876E7,"{""type"":""MultiPoint"",""coordinates"":[]}"
20130823,2013-08-23,2.0984520310436856E7,"{""type"":""MultiPoint"",""coordinates"":[]}"
20130824,2013-08-24,2.1129571842192918E7,"{""type"":""MultiPoint"",""coordinates"":[]}"
20130825,2013-08-25,1.8349100271948308E7,"{""type"":""MultiPoint"",""coordinates"":[]}"
20130826,2013-08-26,1.7744435708466265E7,"{""type"":""MultiPoint"",""coordinates"":[]}"
20130827,2013-08-27,2.137176557642525E7,"{""type"":""MultiPoint"",""coordinates"":[]}"
20130828,2013-08-28,1.9661588218690425E7,"{""type"":""MultiPoint"",""coordinates"":[]}"
20130829,2013-08-29,2.1377954140750103E7,"{""type"":""MultiPoint"",""coordinates"":[]}"
20130830,2013-08-30,2.0811848670559667E7,"{""type"":""MultiPoint"",""coordinates"":[]}"
20130831,2013-08-31,2.0129353310135845E7,"{""type"":""MultiPoint"",""coordinates"":[]}"
20130901,2013-09-01,2.1115795717175353E7,"{""type"":""MultiPoint"",""coordinates"":[]}"
20130902,2013-09-02,2.0441589376999173E7,"{""type"":""MultiPoint"",""coordinates"":[]}"
20130903,2013-09-03,2.3214608063090708E7,"{""type"":""MultiPoint"",""coordinates"":[]}"
20130904,2013-09-04,2.2763144751911372E7,"{""type"":""MultiPoint"",""coordinates"":[]}"
20130905,2013-09-05,2.3521943097224716E7,"{""type"":""MultiPoint"",""coordinates"":[]}"
20130906,2013-09-06,2.2865738460859265E7,"{""type"":""MultiPoint"",""coordinates"":[]}"
20130907,2013-09-07,2.0151035634097885E7,"{""type"":""MultiPoint"",""coordinates"":[]}"
20130908,2013-09-08,2.238536793891597E7,"{""type"":""MultiPoint"",""coordinates"":[]}"
20130909,2013-09-09,2.29781492031786E7,"{""type"":""MultiPoint"",""coordinates"":[]}"
20130910,2013-09-10,2.1234350905143175E7,"{""type"":""MultiPoint"",""coordinates"":[]}"
20130911,2013-09-11,2.243122155085988E7,"{""type"":""MultiPoint"",""coordinates"":[]}"
20130912,2013-09-12,2.2143944865249924E7,"{""type"":""MultiPoint"",""coordinates"":[]}"
20130913,2013-09-13,2.2157276648204986E7,"{""type"":""MultiPoint"",""coordinates"":[]}"
20130914,2013-09-14,2.004639355162241E7,"{""type"":""MultiPoint"",""coordinates"":[]}"
20130915,2013-09-15,2.117565026576764E7,"{""type"":""MultiPoint"",""coordinates"":[]}"
20130916,2013-09-16,1.8269468031224288E7,"{""type"":""MultiPoint"",""coordinates"":[]}"
20130917,2013-09-17,2.275398783039351E7,"{""type"":""MultiPoint"",""coordinates"":[]}"
20130918,2013-09-18,2.474046193149118E7,"{""type"":""MultiPoint"",""coordinates"":[]}"
20130919,2013-09-19,2.341251581257399E7,"{""type"":""MultiPoint"",""coordinates"":[]}"
20130920,2013-09-20,2.243950559271968E7,"{""type"":""MultiPoint"",""coordinates"":[]}"
20130921,2013-09-21,2.1372926503481627E7,"{""type"":""MultiPoint"",""coordinates"":[]}"
20130922,2013-09-22,2.3227410139636375E7,"{""type"":""MultiPoint"",""coordinates"":[]}"
20130923,2013-09-23,1.4684467913012216E7,"{""type"":""MultiPoint"",""coordinates"":[]}"
20130924,2013-09-24,1.4835619252334967E7,"{""type"":""MultiPoint"",""coordinates"":[]}"
20130925,2013-09-25,1.5282608829838624E7,"{""type"":""MultiPoint"",""coordinates"":[]}"
20130926,2013-09-26,1.5056853478155684E7,"{""type"":""MultiPoint"",""coordinates"":[]}"
20130927,2013-09-27,1.4654508518346338E7,"{""type"":""MultiPoint"",""coordinates"":[]}"
20130928,2013-09-28,1.5244923596771076E7,"{""type"":""MultiPoint"",""coordinates"":[]}"
20130929,2013-09-29,9224574.818144148,"{""type"":""MultiPoint"",""coordinates"":[]}"
20130930,2013-09-30,1.2282404897107476E7,"{""type"":""MultiPoint"",""coordinates"":[]}"
20131001,2013-10-01,1.2198760179435879E7,"{""type"":""MultiPoint"",""coordinates"":[]}"
20131002,2013-10-02,1.270100448388238E7,"{""type"":""MultiPoint"",""coordinates"":[]}"
20131003,2013-10-03,1.453194643787268E7,"{""type"":""MultiPoint"",""coordinates"":[]}"
20131004,2013-10-04,1.6620589374069111E7,"{""type"":""MultiPoint"",""coordinates"":[]}"
20131005,2013-10-05,1.3673067182073241E7,"{""type"":""MultiPoint"",""coordinates"":[]}"
20131006,2013-10-06,1.3276762311755454E7,"{""type"":""MultiPoint"",""coordinates"":[]}"
20131007,2013-10-07,1.391665458527795E7,"{""type"":""MultiPoint"",""coordinates"":[]}"
20131008,2013-10-08,1.382655864400195E7,"{""type"":""MultiPoint"",""coordinates"":[]}"
20131009,2013-10-09,1.3442841125298759E7,"{""type"":""MultiPoint"",""coordinates"":[]}"
20131010,2013-10-10,2.260561206927137E7,"{""type"":""MultiPoint"",""coordinates"":[]}"
20131011,2013-10-11,2.3293958548190948E7,"{""type"":""MultiPoint"",""coordinates"":[]}"
20131012,2013-10-12,2.520576837067806E7,"{""type"":""MultiPoint"",""coordinates"":[]}"
20131013,2013-10-13,2.214300054991671E7,"{""type"":""MultiPoint"",""coordinates"":[]}"
20131014,2013-10-14,2.0448114112535864E7,"{""type"":""MultiPoint"",""coordinates"":[]}"
20131015,2013-10-15,2.2570086588646073E7,"{""type"":""MultiPoint"",""coordinates"":[]}"
20131016,2013-10-16,2.064617612473662E7,"{""type"":""MultiPoint"",""coordinates"":[]}"
20131017,2013-10-17,1.863874501531113E7,"{""type"":""MultiPoint"",""coordinates"":[]}"
20131018,2013-10-18,1.883489994317019E7,"{""type"":""MultiPoint"",""coordinates"":[]}"
20131019,2013-10-19,1.997720490719E7,"{""type"":""MultiPoint"",""coordinates"":[]}"
20131020,2013-10-20,2.206089508903739E7,"{""type"":""MultiPoint"",""coordinates"":[]}"
20131021,2013-10-21,1.859555672169044E7,"{""type"":""MultiPoint"",""coordinates"":[]}"
20131022,2013-10-22,2.274943992370516E7,"{""type"":""MultiPoint"",""coordinates"":[]}"
20131023,2013-10-23,2.2519436355346847E7,"{""type"":""MultiPoint"",""coordinates"":[]}"
20131024,2013-10-24,1.95133440490438E7,"{""type"":""MultiPoint"",""coordinates"":[]}"
20131025,2013-10-25,2.171712650227759E7,"{""type"":""MultiPoint"",""coordinates"":[]}"
20131026,2013-10-26,2.060369386221981E7,"{""type"":""MultiPoint"",""coordinates"":[]}"
20131027,2013-10-27,1.9353460317460302E7,"{""type"":""MultiPoint"",""coordinates"":[]}"
20131028,2013-10-28,1.8708243877671417E7,"{""type"":""MultiPoint"",""coordinates"":[]}"
20131029,2013-10-29,1.3127955594886923E7,"{""type"":""MultiPoint"",""coordinates"":[]}"
20131030,2013-10-30,1.1550627322457E7,"{""type"":""MultiPoint"",""coordinates"":[]}"
20131031,2013-10-31,1.6601348022314528E7,"{""type"":""MultiPoint"",""coordinates"":[]}"
20131101,2013-11-01,2.0292237558003727E7,"{""type"":""MultiPoint"",""coordinates"":[]}"
20131102,2013-11-02,2.0476172751389634E7,"{""type"":""MultiPoint"",""coordinates"":[]}"
20131103,2013-11-03,2.0445672731643677E7,"{""type"":""MultiPoint"",""coordinates"":[]}"
20131104,2013-11-04,2.1083033562338203E7,"{""type"":""MultiPoint"",""coordinates"":[]}"
20131105,2013-11-05,2.012634486304255E7,"{""type"":""MultiPoint"",""coordinates"":[]}"
20131106,2013-11-06,2.2371500668151625E7,"{""type"":""MultiPoint"",""coordinates"":[]}"
20131107,2013-11-07,1.8817105495314345E7,"{""type"":""MultiPoint"",""coordinates"":[]}"
20131108,2013-11-08,1.9430050927056357E7,"{""type"":""MultiPoint"",""coordinates"":[]}"
20131109,2013-11-09,1.6981440658358913E7,"{""type"":""MultiPoint"",""coordinates"":[]}"
20131110,2013-11-10,1.2371383943410981E7,"{""type"":""MultiPoint"",""coordinates"":[]}"
20131111,2013-11-11,1.4312166413420824E7,"{""type"":""MultiPoint"",""coordinates"":[]}"
20131112,2013-11-12,1.992730442373527E7,"{""type"":""MultiPoint"",""coordinates"":[]}"
20131113,2013-11-13,1.8054681982702218E7,"{""type"":""MultiPoint"",""coordinates"":[]}"
20131114,2013-11-14,2.0744474282262754E7,"{""type"":""MultiPoint"",""coordinates"":[]}"
20131115,2013-11-15,2.0315289423956014E7,"{""type"":""MultiPoint"",""coordinates"":[]}"
20131116,2013-11-16,1.7906545027351346E7,"{""type"":""MultiPoint"",""coordinates"":[]}"
20131117,2013-11-17,1.8416268727951348E7,"{""type"":""MultiPoint"",""coordinates"":[]}"
20131118,2013-11-18,2.0892529678646665E7,"{""type"":""MultiPoint"",""coordinates"":[]}"
20131119,2013-11-19,2.1221191428892493E7,"{""type"":""MultiPoint"",""coordinates"":[]}"
20131120,2013-11-20,1.9460179339233033E7,"{""type"":""MultiPoint"",""coordinates"":[]}"
20131121,2013-11-21,2.2137650658960924E7,"{""type"":""MultiPoint"",""coordinates"":[]}"
20131122,2013-11-22,1.646489253241827E7,"{""type"":""MultiPoint"",""coordinates"":[]}"
20131123,2013-11-23,1.6547607272851324E7,"{""type"":""MultiPoint"",""coordinates"":[]}"
20131124,2013-11-24,1.728253001785965E7,"{""type"":""MultiPoint"",""coordinates"":[]}"
20131125,2013-11-25,1.892041858752231E7,"{""type"":""MultiPoint"",""coordinates"":[]}"
20131126,2013-11-26,1.6739134969758984E7,"{""type"":""MultiPoint"",""coordinates"":[]}"
20131127,2013-11-27,1.261236836353421E7,"{""type"":""MultiPoint"",""coordinates"":[]}"
20131128,2013-11-28,1.179860464840567E7,"{""type"":""MultiPoint"",""coordinates"":[]}"
20131129,2013-11-29,1.3744851891557802E7,"{""type"":""MultiPoint"",""coordinates"":[]}"
20131130,2013-11-30,1.4115888605301702E7,"{""type"":""MultiPoint"",""coordinates"":[]}"
20131201,2013-12-01,1.8237748171773717E7,"{""type"":""MultiPoint"",""coordinates"":[]}"
20131202,2013-12-02,1.8965511753015075E7,"{""type"":""MultiPoint"",""coordinates"":[]}"
20131203,2013-12-03,1.884261616535227E7,"{""type"":""MultiPoint"",""coordinates"":[]}"
20131204,2013-12-04,1.6445237061786363E7,"{""type"":""MultiPoint"",""coordinates"":[]}"
20131205,2013-12-05,1.5052248078020576E7,"{""type"":""MultiPoint"",""coordinates"":[]}"
20131206,2013-12-06,1.8122071603636142E7,"{""type"":""MultiPoint"",""coordinates"":[]}"
20131207,2013-12-07,1.8614288478959713E7,"{""type"":""MultiPoint"",""coordinates"":[]}"
20131208,2013-12-08,1.895135594148455E7,"{""type"":""MultiPoint"",""coordinates"":[]}"
20131209,2013-12-09,1.6670967684867455E7,"{""type"":""MultiPoint"",""coordinates"":[]}"
20131210,2013-12-10,1.873502947219713E7,"{""type"":""MultiPoint"",""coordinates"":[]}"
20131211,2013-12-11,1.9367674171813853E7,"{""type"":""MultiPoint"",""coordinates"":[]}"
20131212,2013-12-12,1.643586420941946E7,"{""type"":""MultiPoint"",""coordinates"":[]}"
20131213,2013-12-13,1.5184338613208106E7,"{""type"":""MultiPoint"",""coordinates"":[]}"
20131214,2013-12-14,1.3265280570144285E7,"{""type"":""MultiPoint"",""coordinates"":[]}"
20131215,2013-12-15,1.0615013347059175E7,"{""type"":""MultiPoint"",""coordinates"":[]}"
20131216,2013-12-16,1.3382533167098105E7,"{""type"":""MultiPoint"",""coordinates"":[]}"
20131217,2013-12-17,1.544614362097405E7,"{""type"":""MultiPoint"",""coordinates"":[]}"
20131218,2013-12-18,1.6673086041619005E7,"{""type"":""MultiPoint"",""coordinates"":[]}"
20131219,2013-12-19,1.7502144725463044E7,"{""type"":""MultiPoint"",""coordinates"":[]}"
20131220,2013-12-20,1.5988612419240257E7,"{""type"":""MultiPoint"",""coordinates"":[]}"
20131221,2013-12-21,9957204.90526358,"{""type"":""MultiPoint"",""coordinates"":[]}"
20131222,2013-12-22,9430051.879116243,"{""type"":""MultiPoint"",""coordinates"":[]}"
20131223,2013-12-23,1.4416049669014506E7,"{""type"":""MultiPoint"",""coordinates"":[]}"
20131224,2013-12-24,1.7582685821363352E7,"{""type"":""MultiPoint"",""coordinates"":[]}"
20131225,2013-12-25,1.108157462645235E7,"{""type"":""MultiPoint"",""coordinates"":[]}"
20131226,2013-12-26,8865032.635161433,"{""type"":""MultiPoint"",""coordinates"":[]}"
20131227,2013-12-27,1.391616113178014E7,"{""type"":""MultiPoint"",""coordinates"":[]}"
20131228,2013-12-28,1.1630303878072761E7,"{""type"":""MultiPoint"",""coordinates"":[]}"
20131229,2013-12-29,1.5599767086388536E7,"{""type"":""MultiPoint"",""coordinates"":[]}"
20131230,2013-12-30,1.6879681029358048E7,"{""type"":""MultiPoint"",""coordinates"":[]}"
20131231,2013-12-31,1.6591203089840062E7,"{""type"":""MultiPoint"",""coordinates"":[]}"
20140101,2014-01-01,1.6241188589809969E7,"{""type"":""MultiPoint"",""coordinates"":[]}"
20140102,2014-01-02,1.5366081056247853E7,"{""type"":""MultiPoint"",""coordinates"":[]}"
20140103,2014-01-03,1.8293827471033245E7,"{""type"":""MultiPoint"",""coordinates"":[]}"
20140104,2014-01-04,1.7058234549555507E7,"{""type"":""MultiPoint"",""coordinates"":[]}"
20140105,2014-01-05,1.861126253261894E7,"{""type"":""MultiPoint"",""coordinates"":[]}"
20140106,2014-01-06,1.4198997598458849E7,"{""type"":""MultiPoint"",""coordinates"":[]}"
20140107,2014-01-07,1.785781886276162E7,"{""type"":""MultiPoint"",""coordinates"":[]}"
20140108,2014-01-08,1.782382130010233E7,"{""type"":""MultiPoint"",""coordinates"":[]}"
20140109,2014-01-09,1.9507445692452785E7,"{""type"":""MultiPoint"",""coordinates"":[]}"
20140110,2014-01-10,1.8474071347500645E7,"{""type"":""MultiPoint"",""coordinates"":[]}"
20140111,2014-01-11,1.528272849509361E7,"{""type"":""MultiPoint"",""coordinates"":[]}"
20140112,2014-01-12,1.776192840302611E7,"{""type"":""MultiPoint"",""coordinates"":[]}"
20140113,2014-01-13,1.2705855629482457E7,"{""type"":""MultiPoint"",""coordinates"":[]}"
20140114,2014-01-14,1.5304307508117106E7,"{""type"":""MultiPoint"",""coordinates"":[]}"
20140115,2014-01-15,1.545094426986133E7,"{""type"":""MultiPoint"",""coordinates"":[]}"
20140116,2014-01-16,1.329105822623562E7,"{""type"":""MultiPoint"",""coordinates"":[]}"
20140117,2014-01-17,1.5130453106335154E7,"{""type"":""MultiPoint"",""coordinates"":[]}"
20140118,2014-01-18,1.8825209699917715E7,"{""type"":""MultiPoint"",""coordinates"":[]}"
20140119,2014-01-19,2.0733060809985343E7,"{""type"":""MultiPoint"",""coordinates"":[]}"
20140120,2014-01-20,1.960423863094735E7,"{""type"":""MultiPoint"",""coordinates"":[]}"
20140121,2014-01-21,2.007989738679188E7,"{""type"":""MultiPoint"",""coordinates"":[]}"
20140122,2014-01-22,1.519301583087512E7,"{""type"":""MultiPoint"",""coordinates"":[]}"
20140123,2014-01-23,1.6698997408464266E7,"{""type"":""MultiPoint"",""coordinates"":[]}"
20140124,2014-01-24,2.113843753007043E7,"{""type"":""MultiPoint"",""coordinates"":[]}"
20140125,2014-01-25,1.9850356280938324E7,"{""type"":""MultiPoint"",""coordinates"":[]}"
20140126,2014-01-26,1.9034209231954727E7,"{""type"":""MultiPoint"",""coordinates"":[]}"
20140127,2014-01-27,1.4599816303172588E7,"{""type"":""MultiPoint"",""coordinates"":[]}"
20140128,2014-01-28,1.8118441990006622E7,"{""type"":""MultiPoint"",""coordinates"":[]}"
20140129,2014-01-29,1.8171889446109995E7,"{""type"":""MultiPoint"",""coordinates"":[]}"
20140130,2014-01-30,1.5639975070816524E7,"{""type"":""MultiPoint"",""coordinates"":[]}"
20140131,2014-01-31,1.4474201216061646E7,"{""type"":""MultiPoint"",""coordinates"":[]}"
20140201,2014-02-01,1.5022312362249902E7,"{""type"":""MultiPoint"",""coordinates"":[]}"
20140202,2014-02-02,1.6079789847771553E7,"{""type"":""MultiPoint"",""coordinates"":[]}"
20140203,2014-02-03,1.9620974716593407E7,"{""type"":""MultiPoint"",""coordinates"":[]}"
20140204,2014-02-04,1.7701170654626448E7,"{""type"":""MultiPoint"",""coordinates"":[]}"
20140205,2014-02-05,1.1452734826560706E7,"{""type"":""MultiPoint"",""coordinates"":[]}"
20140206,2014-02-06,1.6257792515561964E7,"{""type"":""MultiPoint"",""coordinates"":[]}"
20140207,2014-02-07,1.453111575742981E7,"{""type"":""MultiPoint"",""coordinates"":[]}"
20140208,2014-02-08,1.4321695660947554E7,"{""type"":""MultiPoint"",""coordinates"":[]}"
20140209,2014-02-09,1.7313186354022432E7,"{""type"":""MultiPoint"",""coordinates"":[]}"
20140210,2014-02-10,1.6973807000341132E7,"{""type"":""MultiPoint"",""coordinates"":[]}"
20140211,2014-02-11,1.9511221948026408E7,"{""type"":""MultiPoint"",""coordinates"":[]}"
20140212,2014-02-12,1.944762650099331E7,"{""type"":""MultiPoint"",""coordinates"":[]}"
20140213,2014-02-13,1.997952476334959E7,"{""type"":""MultiPoint"",""coordinates"":[]}"
20140214,2014-02-14,2.061328941657134E7,"{""type"":""MultiPoint"",""coordinates"":[]}"
20140215,2014-02-15,1.4069423010936521E7,"{""type"":""MultiPoint"",""coordinates"":[]}"
20140216,2014-02-16,1.3231780954949528E7,"{""type"":""MultiPoint"",""coordinates"":[]}"
20140217,2014-02-17,1.9142661743262492E7,"{""type"":""MultiPoint"",""coordinates"":[]}"
20140218,2014-02-18,1.9193696748580255E7,"{""type"":""MultiPoint"",""coordinates"":[]}"
20140219,2014-02-19,1.974524644584912E7,"{""type"":""MultiPoint"",""coordinates"":[]}"
20140220,2014-02-20,1.8578634684325635E7,"{""type"":""MultiPoint"",""coordinates"":[]}"
20140221,2014-02-21,1.7010460974454682E7,"{""type"":""MultiPoint"",""coordinates"":[]}"
20140222,2014-02-22,1.4499387686553081E7,"{""type"":""MultiPoint"",""coordinates"":[]}"
20140223,2014-02-23,1.7471155476090137E7,"{""type"":""MultiPoint"",""coordinates"":[]}"
20140224,2014-02-24,1.4578854063130848E7,"{""type"":""MultiPoint"",""coordinates"":[]}"
20140225,2014-02-25,9442974.809864944,"{""type"":""MultiPoint"",""coordinates"":[]}"
20140226,2014-02-26,1.4494076459695375E7,"{""type"":""MultiPoint"",""coordinates"":[]}"
20140227,2014-02-27,1.3106607720466357E7,"{""type"":""MultiPoint"",""coordinates"":[]}"
20140228,2014-02-28,1.9161988964862633E7,"{""type"":""MultiPoint"",""coordinates"":[]}"
20140301,2014-03-01,1.8836760667148273E7,"{""type"":""MultiPoint"",""coordinates"":[]}"
20140302,2014-03-02,2.0481436399333753E7,"{""type"":""MultiPoint"",""coordinates"":[]}"
20140303,2014-03-03,1.9540827369052626E7,"{""type"":""MultiPoint"",""coordinates"":[]}"
20140304,2014-03-04,1.320579744199101E7,"{""type"":""MultiPoint"",""coordinates"":[]}"
20140305,2014-03-05,1.322961375073289E7,"{""type"":""MultiPoint"",""coordinates"":[]}"
20140306,2014-03-06,1.3724236127283486E7,"{""type"":""MultiPoint"",""coordinates"":[]}"
20140307,2014-03-07,1.3677138233035672E7,"{""type"":""MultiPoint"",""coordinates"":[]}"
20140308,2014-03-08,1.296860663515391E7,"{""type"":""MultiPoint"",""coordinates"":[]}"
20140309,2014-03-09,1.4009657399787333E7,"{""type"":""MultiPoint"",""coordinates"":[]}"
20140310,2014-03-10,1.349638050911269E7,"{""type"":""MultiPoint"",""coordinates"":[]}"
20140311,2014-03-11,1.3480219042568127E7,"{""type"":""MultiPoint"",""coordinates"":[]}"
20140312,2014-03-12,1.3453303092186129E7,"{""type"":""MultiPoint"",""coordinates"":[]}"
20140313,2014-03-13,1.3212236714467848E7,"{""type"":""MultiPoint"",""coordinates"":[]}"
20140314,2014-03-14,1.3488950645273492E7,"{""type"":""MultiPoint"",""coordinates"":[]}"
20140315,2014-03-15,1.3195219026864875E7,"{""type"":""MultiPoint"",""coordinates"":[]}"
20140316,2014-03-16,1.2399093955476113E7,"{""type"":""MultiPoint"",""coordinates"":[]}"
20140317,2014-03-17,1.0407209610457283E7,"{""type"":""MultiPoint"",""coordinates"":[]}"
20140318,2014-03-18,1.3692312054070547E7,"{""type"":""MultiPoint"",""coordinates"":[]}"
20140319,2014-03-19,1.1772571074799271E7,"{""type"":""MultiPoint"",""coordinates"":[]}"
20140320,2014-03-20,1.1927128784031617E7,"{""type"":""MultiPoint"",""coordinates"":[]}"
20140321,2014-03-21,1.4031879144456206E7,"{""type"":""MultiPoint"",""coordinates"":[]}"
20140322,2014-03-22,1.5593413930568088E7,"{""type"":""MultiPoint"",""coordinates"":[]}"
20140323,2014-03-23,1.4273154177071411E7,"{""type"":""MultiPoint"",""coordinates"":[]}"
20140324,2014-03-24,2.035030312547909E7,"{""type"":""MultiPoint"",""coordinates"":[]}"
20140325,2014-03-25,2.0215409308289677E7,"{""type"":""MultiPoint"",""coordinates"":[]}"
20140326,2014-03-26,2.069937297987276E7,"{""type"":""MultiPoint"",""coordinates"":[]}"
20140327,2014-03-27,2.12319676744326E7,"{""type"":""MultiPoint"",""coordinates"":[]}"
20140328,2014-03-28,2.3255744070314832E7,"{""type"":""MultiPoint"",""coordinates"":[]}"
20140329,2014-03-29,2.0697975983063426E7,"{""type"":""MultiPoint"",""coordinates"":[]}"
20140330,2014-03-30,1.7943345263620485E7,"{""type"":""MultiPoint"",""coordinates"":[]}"
20140331,2014-03-31,1.6575370309112435E7,"{""type"":""MultiPoint"",""coordinates"":[]}"
20140401,2014-04-01,1.8113364725503176E7,"{""type"":""MultiPoint"",""coordinates"":[]}"
20140402,2014-04-02,2.1209382368831888E7,"{""type"":""MultiPoint"",""coordinates"":[]}"
20140403,2014-04-03,1.976737702983967E7,"{""type"":""MultiPoint"",""coordinates"":[]}"
20140404,2014-04-04,2.115763099018721E7,"{""type"":""MultiPoint"",""coordinates"":[]}"
20140405,2014-04-05,1.963811378183131E7,"{""type"":""MultiPoint"",""coordinates"":[]}"
20140406,2014-04-06,1.91075886873357E7,"{""type"":""MultiPoint"",""coordinates"":[]}"
20140407,2014-04-07,2.0285345454056542E7,"{""type"":""MultiPoint"",""coordinates"":[]}"
20140408,2014-04-08,2.2486448602532446E7,"{""type"":""MultiPoint"",""coordinates"":[]}"
20140409,2014-04-09,2.1715982364136204E7,"{""type"":""MultiPoint"",""coordinates"":[]}"
20140410,2014-04-10,1.9995931471073378E7,"{""type"":""MultiPoint"",""coordinates"":[]}"
20140411,2014-04-11,1.9878257963799085E7,"{""type"":""MultiPoint"",""coordinates"":[]}"
20140412,2014-04-12,1.9801022766239233E7,"{""type"":""MultiPoint"",""coordinates"":[]}"
20140413,2014-04-13,1.270100362819817E7,"{""type"":""MultiPoint"",""coordinates"":[]}"
20140414,2014-04-14,7437052.481448031,"{""type"":""MultiPoint"",""coordinates"":[]}"
20140415,2014-04-15,1.5786026110569295E7,"{""type"":""MultiPoint"",""coordinates"":[]}"
20140416,2014-04-16,1.7922900140870504E7,"{""type"":""MultiPoint"",""coordinates"":[]}"
20140417,2014-04-17,2.283884851632452E7,"{""type"":""MultiPoint"",""coordinates"":[]}"
20140418,2014-04-18,2.1389217891919002E7,"{""type"":""MultiPoint"",""coordinates"":[]}"
20140419,2014-04-19,1.9975556271587092E7,"{""type"":""MultiPoint"",""coordinates"":[]}"
20140420,2014-04-20,1.6944444234021638E7,"{""type"":""MultiPoint"",""coordinates"":[]}"
20140421,2014-04-21,1.5540753753055187E7,"{""type"":""MultiPoint"",""coordinates"":[]}"
20140422,2014-04-22,1.718378358445207E7,"{""type"":""MultiPoint"",""coordinates"":[]}"
20140423,2014-04-23,1.8118469086348403E7,"{""type"":""MultiPoint"",""coordinates"":[]}"
20140424,2014-04-24,1.847274703196677E7,"{""type"":""MultiPoint"",""coordinates"":[]}"
20140425,2014-04-25,2.015106433672466E7,"{""type"":""MultiPoint"",""coordinates"":[]}"
20140426,2014-04-26,1.966835806208736E7,"{""type"":""MultiPoint"",""coordinates"":[]}"
20140427,2014-04-27,2.1079661297493618E7,"{""type"":""MultiPoint"",""coordinates"":[]}"
20140428,2014-04-28,2.0865372168282054E7,"{""type"":""MultiPoint"",""coordinates"":[]}"
20140429,2014-04-29,1.8188332214155275E7,"{""type"":""MultiPoint"",""coordinates"":[]}"
20140430,2014-04-30,2.037466913121826E7,"{""type"":""MultiPoint"",""coordinates"":[]}"
20140501,2014-05-01,1.9358734644271854E7,"{""type"":""MultiPoint"",""coordinates"":[]}"
20140502,2014-05-02,1.710719427142655E7,"{""type"":""MultiPoint"",""coordinates"":[]}"
20140503,2014-05-03,1.604094224602171E7,"{""type"":""MultiPoint"",""coordinates"":[]}"
20140504,2014-05-04,2.1078194148094617E7,"{""type"":""MultiPoint"",""coordinates"":[]}"
20140505,2014-05-05,1.5973589366684716E7,"{""type"":""MultiPoint"",""coordinates"":[]}"
20140506,2014-05-06,1.7920300480926286E7,"{""type"":""MultiPoint"",""coordinates"":[]}"
20140507,2014-05-07,2.1200597098388616E7,"{""type"":""MultiPoint"",""coordinates"":[]}"
20140508,2014-05-08,1.9339027413521152E7,"{""type"":""MultiPoint"",""coordinates"":[]}"
20140509,2014-05-09,1.7027503317640908E7,"{""type"":""MultiPoint"",""coordinates"":[]}"
20140510,2014-05-10,1.859302378793168E7,"{""type"":""MultiPoint"",""coordinates"":[]}"
20140511,2014-05-11,1.921725479654043E7,"{""type"":""MultiPoint"",""coordinates"":[]}"
20140512,2014-05-12,1.847862312551922E7,"{""type"":""MultiPoint"",""coordinates"":[]}"
20140513,2014-05-13,1.9262790621194784E7,"{""type"":""MultiPoint"",""coordinates"":[]}"
20140514,2014-05-14,2.2070347338029016E7,"{""type"":""MultiPoint"",""coordinates"":[]}"
20140515,2014-05-15,2.1523329794794604E7,"{""type"":""MultiPoint"",""coordinates"":[]}"
20140516,2014-05-16,1.933896021640278E7,"{""type"":""MultiPoint"",""coordinates"":[]}"
20140517,2014-05-17,2.033313819830232E7,"{""type"":""MultiPoint"",""coordinates"":[]}"
20140518,2014-05-18,2.009116795874219E7,"{""type"":""MultiPoint"",""coordinates"":[]}"
20140519,2014-05-19,9388481.352356866,"{""type"":""MultiPoint"",""coordinates"":[]}"
20140520,2014-05-20,1.9229264616619512E7,"{""type"":""MultiPoint"",""coordinates"":[]}"
20140521,2014-05-21,2.1648514820058987E7,"{""type"":""MultiPoint"",""coordinates"":[]}"
20140522,2014-05-22,2.2484180841049094E7,"{""type"":""MultiPoint"",""coordinates"":[]}"
20140523,2014-05-23,2.076576500447494E7,"{""type"":""MultiPoint"",""coordinates"":[]}"
20140524,2014-05-24,1.55651029521E7,"{""type"":""MultiPoint"",""coordinates"":[]}"
20140525,2014-05-25,1.5276170962374328E7,"{""type"":""MultiPoint"",""coordinates"":[]}"
20140526,2014-05-26,1.789336727220917E7,"{""type"":""MultiPoint"",""coordinates"":[]}"
20140527,2014-05-27,1.4019160948287275E7,"{""type"":""MultiPoint"",""coordinates"":[]}"
20140528,2014-05-28,1.752983975534284E7,"{""type"":""MultiPoint"",""coordinates"":[]}"
20140529,2014-05-29,2.0038632117592756E7,"{""type"":""MultiPoint"",""coordinates"":[]}"
20140530,2014-05-30,1.219151509297052E7,"{""type"":""MultiPoint"",""coordinates"":[]}"
20140531,2014-05-31,9614595.698191956,"{""type"":""MultiPoint"",""coordinates"":[]}"
20140601,2014-06-01,1.7856938232175454E7,"{""type"":""MultiPoint"",""coordinates"":[]}"
20140602,2014-06-02,2.0621711060863275E7,"{""type"":""MultiPoint"",""coordinates"":[]}"
20140603,2014-06-03,1.79822122269179E7,"{""type"":""MultiPoint"",""coordinates"":[]}"
20140604,2014-06-04,1.3473516825958699E7,"{""type"":""MultiPoint"",""coordinates"":[]}"
20140605,2014-06-05,1.4293749415688394E7,"{""type"":""MultiPoint"",""coordinates"":[]}"
20140606,2014-06-06,1.73028628957518E7,"{""type"":""MultiPoint"",""coordinates"":[]}"
20140607,2014-06-07,1.466749012662292E7,"{""type"":""MultiPoint"",""coordinates"":[]}"
20140608,2014-06-08,1.8231252418999452E7,"{""type"":""MultiPoint"",""coordinates"":[]}"
20140609,2014-06-09,1.4742539606525788E7,"{""type"":""MultiPoint"",""coordinates"":[]}"
20140610,2014-06-10,1.7571550828085795E7,"{""type"":""MultiPoint"",""coordinates"":[]}"
20140611,2014-06-11,1.6813122407962587E7,"{""type"":""MultiPoint"",""coordinates"":[]}"
20140612,2014-06-12,1.634890185475487E7,"{""type"":""MultiPoint"",""coordinates"":[]}"
20140613,2014-06-13,1.4890894341340063E7,"{""type"":""MultiPoint"",""coordinates"":[]}"
20140614,2014-06-14,1.5317659130375452E7,"{""type"":""MultiPoint"",""coordinates"":[]}"
20140615,2014-06-15,1.2895433830513911E7,"{""type"":""MultiPoint"",""coordinates"":[]}"
20140616,2014-06-16,1.902065301057532E7,"{""type"":""MultiPoint"",""coordinates"":[]}"
20140617,2014-06-17,1.9898460934481163E7,"{""type"":""MultiPoint"",""coordinates"":[]}"
20140618,2014-06-18,1.620774474055344E7,"{""type"":""MultiPoint"",""coordinates"":[]}"
20140619,2014-06-19,1.286881134043705E7,"{""type"":""MultiPoint"",""coordinates"":[]}"
20140620,2014-06-20,1.7713043827503856E7,"{""type"":""MultiPoint"",""coordinates"":[]}"
20140621,2014-06-21,1.6479020104348518E7,"{""type"":""MultiPoint"",""coordinates"":[]}"
20140622,2014-06-22,1.5732675102843499E7,"{""type"":""MultiPoint"",""coordinates"":[]}"
20140623,2014-06-23,1.1603769257801052E7,"{""type"":""MultiPoint"",""coordinates"":[]}"
20140624,2014-06-24,1.8285653131137997E7,"{""type"":""MultiPoint"",""coordinates"":[]}"
20140625,2014-06-25,1.6475156863764975E7,"{""type"":""MultiPoint"",""coordinates"":[]}"
20140626,2014-06-26,1.0638787650111368E7,"{""type"":""MultiPoint"",""coordinates"":[]}"
20140627,2014-06-27,1.7033204647121385E7,"{""type"":""MultiPoint"",""coordinates"":[]}"
20140628,2014-06-28,1.6780634731523275E7,"{""type"":""MultiPoint"",""coordinates"":[]}"
20140629,2014-06-29,1.7357530743884575E7,"{""type"":""MultiPoint"",""coordinates"":[]}"
20140630,2014-06-30,2.093720683571127E7,"{""type"":""MultiPoint"",""coordinates"":[]}"
20140701,2014-07-01,1.7634427423032917E7,"{""type"":""MultiPoint"",""coordinates"":[]}"
20140702,2014-07-02,1.66000680671844E7,"{""type"":""MultiPoint"",""coordinates"":[]}"
20140703,2014-07-03,1.5665538179519596E7,"{""type"":""MultiPoint"",""coordinates"":[]}"
20140704,2014-07-04,1.59340208153633E7,"{""type"":""MultiPoint"",""coordinates"":[]}"
20140705,2014-07-05,1.781997226801517E7,"{""type"":""MultiPoint"",""coordinates"":[]}"
20140706,2014-07-06,1.691888916188067E7,"{""type"":""MultiPoint"",""coordinates"":[]}"
20140707,2014-07-07,1.8313688541408304E7,"{""type"":""MultiPoint"",""coordinates"":[]}"
20140708,2014-07-08,1.672485926418236E7,"{""type"":""MultiPoint"",""coordinates"":[]}"
20140709,2014-07-09,1.6806788953584973E7,"{""type"":""MultiPoint"",""coordinates"":[]}"
20140710,2014-07-10,8147892.711576664,"{""type"":""MultiPoint"",""coordinates"":[]}"
20140711,2014-07-11,1.1601441337908609E7,"{""type"":""MultiPoint"",""coordinates"":[]}"
20140712,2014-07-12,1.9809328507454902E7,"{""type"":""MultiPoint"",""coordinates"":[]}"
20140713,2014-07-13,2.0224676709409416E7,"{""type"":""MultiPoint"",""coordinates"":[]}"
20140714,2014-07-14,1.8510114497341108E7,"{""type"":""MultiPoint"",""coordinates"":[]}"
20140715,2014-07-15,2.0787354391146425E7,"{""type"":""MultiPoint"",""coordinates"":[]}"
20140716,2014-07-16,2.2101658240924682E7,"{""type"":""MultiPoint"",""coordinates"":[]}"
20140717,2014-07-17,1.4928636509100392E7,"{""type"":""MultiPoint"",""coordinates"":[]}"
20140718,2014-07-18,2.077188909140529E7,"{""type"":""MultiPoint"",""coordinates"":[]}"
20140719,2014-07-19,2.1449970010956593E7,"{""type"":""MultiPoint"",""coordinates"":[]}"
20140720,2014-07-20,2.2651828734573483E7,"{""type"":""MultiPoint"",""coordinates"":[]}"
20140721,2014-07-21,2.119733825517227E7,"{""type"":""MultiPoint"",""coordinates"":[]}"
20140722,2014-07-22,2.119100526253687E7,"{""type"":""MultiPoint"",""coordinates"":[]}"
20140723,2014-07-23,2.2352713811490368E7,"{""type"":""MultiPoint"",""coordinates"":[]}"
20140724,2014-07-24,2.2488506408042863E7,"{""type"":""MultiPoint"",""coordinates"":[]}"
20140725,2014-07-25,1.926822526462384E7,"{""type"":""MultiPoint"",""coordinates"":[]}"
20140726,2014-07-26,2.189671360716793E7,"{""type"":""MultiPoint"",""coordinates"":[]}"
20140727,2014-07-27,1.98045637361989E7,"{""type"":""MultiPoint"",""coordinates"":[]}"
20140728,2014-07-28,2.122938300692311E7,"{""type"":""MultiPoint"",""coordinates"":[]}"
20140729,2014-07-29,2.0771284330182802E7,"{""type"":""MultiPoint"",""coordinates"":[]}"
20140730,2014-07-30,2.015386643910661E7,"{""type"":""MultiPoint"",""coordinates"":[]}"
20140731,2014-07-31,1.993386701735797E7,"{""type"":""MultiPoint"",""coordinates"":[]}"
20140801,2014-08-01,2.07346100600004E7,"{""type"":""MultiPoint"",""coordinates"":[]}"
20140802,2014-08-02,2.0695821878955703E7,"{""type"":""MultiPoint"",""coordinates"":[]}"
20140803,2014-08-03,1.89845301409909E7,"{""type"":""MultiPoint"",""coordinates"":[]}"
20140804,2014-08-04,2.1677293010615446E7,"{""type"":""MultiPoint"",""coordinates"":[]}"
20140805,2014-08-05,1.7907445680693503E7,"{""type"":""MultiPoint"",""coordinates"":[]}"
20140806,2014-08-06,1.4458643090121003E7,"{""type"":""MultiPoint"",""coordinates"":[]}"
20140807,2014-08-07,2.1547644149459187E7,"{""type"":""MultiPoint"",""coordinates"":[]}"
20140808,2014-08-08,2.1030243108542524E7,"{""type"":""MultiPoint"",""coordinates"":[]}"
20140809,2014-08-09,2.1515813878474098E7,"{""type"":""MultiPoint"",""coordinates"":[]}"
20140810,2014-08-10,2.1232372022836268E7,"{""type"":""MultiPoint"",""coordinates"":[]}"
20140811,2014-08-11,1.9460487940079864E7,"{""type"":""MultiPoint"",""coordinates"":[]}"
20140812,2014-08-12,2.181740506150542E7,"{""type"":""MultiPoint"",""coordinates"":[]}"
20140813,2014-08-13,1.9692237024220888E7,"{""type"":""MultiPoint"",""coordinates"":[]}"
20140814,2014-08-14,1.9536286499026738E7,"{""type"":""MultiPoint"",""coordinates"":[]}"
20140815,2014-08-15,2.053056136243051E7,"{""type"":""MultiPoint"",""coordinates"":[]}"
20140816,2014-08-16,2.0388401518110484E7,"{""type"":""MultiPoint"",""coordinates"":[]}"
20140817,2014-08-17,2.0935569085906915E7,"{""type"":""MultiPoint"",""coordinates"":[]}"
20140818,2014-08-18,2.0100113052956868E7,"{""type"":""MultiPoint"",""coordinates"":[]}"
20140819,2014-08-19,1.6450858055585653E7,"{""type"":""MultiPoint"",""coordinates"":[]}"
20140820,2014-08-20,9432621.58220456,"{""type"":""MultiPoint"",""coordinates"":[]}"
20140821,2014-08-21,1.4666568813958613E7,"{""type"":""MultiPoint"",""coordinates"":[]}"
20140822,2014-08-22,2.2507405687195234E7,"{""type"":""MultiPoint"",""coordinates"":[]}"
20140823,2014-08-23,1.3950901472598467E7,"{""type"":""MultiPoint"",""coordinates"":[]}"
20140824,2014-08-24,2.0532420093030713E7,"{""type"":""MultiPoint"",""coordinates"":[]}"
20140825,2014-08-25,2.243022929034976E7,"{""type"":""MultiPoint"",""coordinates"":[]}"
20140826,2014-08-26,1.7722031168542925E7,"{""type"":""MultiPoint"",""coordinates"":[]}"
20140827,2014-08-27,2.3657102313808113E7,"{""type"":""MultiPoint"",""coordinates"":[]}"
20140828,2014-08-28,2.5711095561655916E7,"{""type"":""MultiPoint"",""coordinates"":[]}"
20140829,2014-08-29,2.3110831976280775E7,"{""type"":""MultiPoint"",""coordinates"":[]}"
20140830,2014-08-30,2.253669462532859E7,"{""type"":""MultiPoint"",""coordinates"":[]}"
20140831,2014-08-31,2.229035804976622E7,"{""type"":""MultiPoint"",""coordinates"":[]}"
20140901,2014-09-01,2.1357159573013857E7,"{""type"":""MultiPoint"",""coordinates"":[]}"
20140902,2014-09-02,2.3105787231713913E7,"{""type"":""MultiPoint"",""coordinates"":[]}"
20140903,2014-09-03,2.5470328510384675E7,"{""type"":""MultiPoint"",""coordinates"":[]}"
20140904,2014-09-04,2.1615725167780373E7,"{""type"":""MultiPoint"",""coordinates"":[]}"
20140905,2014-09-05,2.1557413588144396E7,"{""type"":""MultiPoint"",""coordinates"":[]}"
20140906,2014-09-06,2.381824073930928E7,"{""type"":""MultiPoint"",""coordinates"":[]}"
20140907,2014-09-07,2.08855544949732E7,"{""type"":""MultiPoint"",""coordinates"":[]}"
20140908,2014-09-08,2.067858858487347E7,"{""type"":""MultiPoint"",""coordinates"":[]}"
20140909,2014-09-09,1.9817154384444036E7,"{""type"":""MultiPoint"",""coordinates"":[]}"
20140910,2014-09-10,2.1739762835911937E7,"{""type"":""MultiPoint"",""coordinates"":[]}"
20140911,2014-09-11,2.3066220339694582E7,"{""type"":""MultiPoint"",""coordinates"":[]}"
20140912,2014-09-12,2.1494476362129506E7,"{""type"":""MultiPoint"",""coordinates"":[]}"
20140913,2014-09-13,2.24770543075472E7,"{""type"":""MultiPoint"",""coordinates"":[]}"
20140914,2014-09-14,2.5014652225954674E7,"{""type"":""MultiPoint"",""coordinates"":[]}"
20140915,2014-09-15,2.1389101880842004E7,"{""type"":""MultiPoint"",""coordinates"":[]}"
20140916,2014-09-16,1.9908806010555245E7,"{""type"":""MultiPoint"",""coordinates"":[]}"
20140917,2014-09-17,2.2635231991371173E7,"{""type"":""MultiPoint"",""coordinates"":[]}"
20140918,2014-09-18,2.2561043038026996E7,"{""type"":""MultiPoint"",""coordinates"":[]}"
20140919,2014-09-19,2.1591359359139506E7,"{""type"":""MultiPoint"",""coordinates"":[]}"
20140920,2014-09-20,2.2112068206650212E7,"{""type"":""MultiPoint"",""coordinates"":[]}"
20140921,2014-09-21,2.4078924312644243E7,"{""type"":""MultiPoint"",""coordinates"":[]}"
20140922,2014-09-22,2.274501730367426E7,"{""type"":""MultiPoint"",""coordinates"":[]}"
20140923,2014-09-23,1.5415557839300303E7,"{""type"":""MultiPoint"",""coordinates"":[]}"
20140924,2014-09-24,1.5656416766249195E7,"{""type"":""MultiPoint"",""coordinates"":[]}"
20140925,2014-09-25,1.6565217205288954E7,"{""type"":""MultiPoint"",""coordinates"":[]}"
20140926,2014-09-26,1.6408678456759237E7,"{""type"":""MultiPoint"",""coordinates"":[]}"
20140927,2014-09-27,1.598366691729761E7,"{""type"":""MultiPoint"",""coordinates"":[]}"
20140928,2014-09-28,1.5558242132464234E7,"{""type"":""MultiPoint"",""coordinates"":[]}"
20140929,2014-09-29,1.4763985765866702E7,"{""type"":""MultiPoint"",""coordinates"":[]}"
20140930,2014-09-30,1.3836198850094149E7,"{""type"":""MultiPoint"",""coordinates"":[]}"
20141001,2014-10-01,1.407911112917059E7,"{""type"":""MultiPoint"",""coordinates"":[]}"
20141002,2014-10-02,1.5101329529173687E7,"{""type"":""MultiPoint"",""coordinates"":[]}"
20141003,2014-10-03,1.4865203847991277E7,"{""type"":""MultiPoint"",""coordinates"":[]}"
20141004,2014-10-04,1.4929005799673563E7,"{""type"":""MultiPoint"",""coordinates"":[]}"
20141005,2014-10-05,1.3688887374555387E7,"{""type"":""MultiPoint"",""coordinates"":[]}"
20141006,2014-10-06,1.497776271951129E7,"{""type"":""MultiPoint"",""coordinates"":[]}"
20141007,2014-10-07,1.5310297857706105E7,"{""type"":""MultiPoint"",""coordinates"":[]}"
20141008,2014-10-08,1.4324574550256252E7,"{""type"":""MultiPoint"",""coordinates"":[]}"
20141009,2014-10-09,1.432389436935084E7,"{""type"":""MultiPoint"",""coordinates"":[]}"
20141010,2014-10-10,1.2282310174911398E7,"{""type"":""MultiPoint"",""coordinates"":[]}"
20141011,2014-10-11,2.3805939641643096E7,"{""type"":""MultiPoint"",""coordinates"":[]}"
20141012,2014-10-12,2.2588247867196437E7,"{""type"":""MultiPoint"",""coordinates"":[]}"
20141013,2014-10-13,2.076516990945757E7,"{""type"":""MultiPoint"",""coordinates"":[]}"
20141014,2014-10-14,2.119737992920354E7,"{""type"":""MultiPoint"",""coordinates"":[]}"
20141015,2014-10-15,2.2254861795195933E7,"{""type"":""MultiPoint"",""coordinates"":[]}"
20141016,2014-10-16,2.254663634824312E7,"{""type"":""MultiPoint"",""coordinates"":[]}"
20141017,2014-10-17,2.0908177670459338E7,"{""type"":""MultiPoint"",""coordinates"":[]}"
20141018,2014-10-18,2.3333118328296505E7,"{""type"":""MultiPoint"",""coordinates"":[]}"
20141019,2014-10-19,2.3916874851283293E7,"{""type"":""MultiPoint"",""coordinates"":[]}"
20141020,2014-10-20,1.9722261783717614E7,"{""type"":""MultiPoint"",""coordinates"":[]}"
20141021,2014-10-21,2.0097966648686606E7,"{""type"":""MultiPoint"",""coordinates"":[]}"
20141022,2014-10-22,2.089417040876526E7,"{""type"":""MultiPoint"",""coordinates"":[]}"
20141023,2014-10-23,2.0899031207192022E7,"{""type"":""MultiPoint"",""coordinates"":[]}"
20141024,2014-10-24,1.7445491876226585E7,"{""type"":""MultiPoint"",""coordinates"":[]}"
20141025,2014-10-25,2.0209716172777068E7,"{""type"":""MultiPoint"",""coordinates"":[]}"
20141026,2014-10-26,2.14415771761684E7,"{""type"":""MultiPoint"",""coordinates"":[]}"
20141027,2014-10-27,2.41576455812012E7,"{""type"":""MultiPoint"",""coordinates"":[]}"
20141028,2014-10-28,2.1896225289105605E7,"{""type"":""MultiPoint"",""coordinates"":[]}"
20141029,2014-10-29,1.8533635511809446E7,"{""type"":""MultiPoint"",""coordinates"":[]}"
20141030,2014-10-30,2.1379024831095852E7,"{""type"":""MultiPoint"",""coordinates"":[]}"
20141031,2014-10-31,2.3839912747295965E7,"{""type"":""MultiPoint"",""coordinates"":[]}"
20141101,2014-11-01,2.025822746774226E7,"{""type"":""MultiPoint"",""coordinates"":[]}"
20141102,2014-11-02,1.6927514958280656E7,"{""type"":""MultiPoint"",""coordinates"":[]}"
20141103,2014-11-03,1.53256506648205E7,"{""type"":""MultiPoint"",""coordinates"":[]}"
20141104,2014-11-04,1.855890148800995E7,"{""type"":""MultiPoint"",""coordinates"":[]}"
20141105,2014-11-05,1.8263272310878333E7,"{""type"":""MultiPoint"",""coordinates"":[]}"
20141106,2014-11-06,2.0532219407220114E7,"{""type"":""MultiPoint"",""coordinates"":[]}"
20141107,2014-11-07,2.120845065029197E7,"{""type"":""MultiPoint"",""coordinates"":[]}"
20141108,2014-11-08,1.7168739621375382E7,"{""type"":""MultiPoint"",""coordinates"":[]}"
20141109,2014-11-09,2.064436381201211E7,"{""type"":""MultiPoint"",""coordinates"":[]}"
20141110,2014-11-10,1.845641508277647E7,"{""type"":""MultiPoint"",""coordinates"":[]}"
20141111,2014-11-11,1.5935022377942324E7,"{""type"":""MultiPoint"",""coordinates"":[]}"
20141112,2014-11-12,1.8377052413220152E7,"{""type"":""MultiPoint"",""coordinates"":[]}"
20141113,2014-11-13,1.8687265254349522E7,"{""type"":""MultiPoint"",""coordinates"":[]}"
20141114,2014-11-14,1.711522715445587E7,"{""type"":""MultiPoint"",""coordinates"":[]}"
20141115,2014-11-15,2.017734716842252E7,"{""type"":""MultiPoint"",""coordinates"":[]}"
20141116,2014-11-16,2.038081841446431E7,"{""type"":""MultiPoint"",""coordinates"":[]}"
20141117,2014-11-17,1.8242822907310415E7,"{""type"":""MultiPoint"",""coordinates"":[]}"
20141118,2014-11-18,1.8785843063191045E7,"{""type"":""MultiPoint"",""coordinates"":[]}"
20141119,2014-11-19,1.839557204759897E7,"{""type"":""MultiPoint"",""coordinates"":[]}"
20141120,2014-11-20,1.544597839399594E7,"{""type"":""MultiPoint"",""coordinates"":[]}"
20141121,2014-11-21,1.7788560680914246E7,"{""type"":""MultiPoint"",""coordinates"":[]}"
20141122,2014-11-22,1.7440411228382792E7,"{""type"":""MultiPoint"",""coordinates"":[]}"
20141123,2014-11-23,1.870235788766479E7,"{""type"":""MultiPoint"",""coordinates"":[]}"
20141124,2014-11-24,1.8850028435855746E7,"{""type"":""MultiPoint"",""coordinates"":[]}"
20141125,2014-11-25,1.4954746826480446E7,"{""type"":""MultiPoint"",""coordinates"":[]}"
20141126,2014-11-26,1.293792870852648E7,"{""type"":""MultiPoint"",""coordinates"":[]}"
20141127,2014-11-27,1.5686814011919808E7,"{""type"":""MultiPoint"",""coordinates"":[]}"
20141128,2014-11-28,1.792000756518772E7,"{""type"":""MultiPoint"",""coordinates"":[]}"
20141129,2014-11-29,1.6022516238797577E7,"{""type"":""MultiPoint"",""coordinates"":[]}"
20141130,2014-11-30,1.7745995713603433E7,"{""type"":""MultiPoint"",""coordinates"":[]}"
20141201,2014-12-01,1.9848588743523367E7,"{""type"":""MultiPoint"",""coordinates"":[]}"
20141202,2014-12-02,1.968095475584452E7,"{""type"":""MultiPoint"",""coordinates"":[]}"
20141203,2014-12-03,1.830988866574357E7,"{""type"":""MultiPoint"",""coordinates"":[]}"
20141204,2014-12-04,1.8716741526217557E7,"{""type"":""MultiPoint"",""coordinates"":[]}"
20141205,2014-12-05,1.7351358702626765E7,"{""type"":""MultiPoint"",""coordinates"":[]}"
20141206,2014-12-06,1.8662936221861012E7,"{""type"":""MultiPoint"",""coordinates"":[]}"
20141207,2014-12-07,1.8382160172014523E7,"{""type"":""MultiPoint"",""coordinates"":[]}"
20141208,2014-12-08,1.8134831925270397E7,"{""type"":""MultiPoint"",""coordinates"":[]}"
20141209,2014-12-09,1.6081199369895445E7,"{""type"":""MultiPoint"",""coordinates"":[]}"
20141210,2014-12-10,1.614401650071237E7,"{""type"":""MultiPoint"",""coordinates"":[]}"
20141211,2014-12-11,1.7155118816366658E7,"{""type"":""MultiPoint"",""coordinates"":[]}"
20141212,2014-12-12,1.2428737047097297E7,"{""type"":""MultiPoint"",""coordinates"":[]}"
20141213,2014-12-13,1.6145797126161378E7,"{""type"":""MultiPoint"",""coordinates"":[]}"
20141214,2014-12-14,1.853564137635703E7,"{""type"":""MultiPoint"",""coordinates"":[]}"
20141215,2014-12-15,1.9680657068127546E7,"{""type"":""MultiPoint"",""coordinates"":[]}"
20141216,2014-12-16,1.7970770193084896E7,"{""type"":""MultiPoint"",""coordinates"":[]}"
20141217,2014-12-17,1.7780694865169663E7,"{""type"":""MultiPoint"",""coordinates"":[]}"
20141218,2014-12-18,1.9809030409567956E7,"{""type"":""MultiPoint"",""coordinates"":[]}"
20141219,2014-12-19,1.8460537553267907E7,"{""type"":""MultiPoint"",""coordinates"":[]}"
20141220,2014-12-20,1.8060430743724037E7,"{""type"":""MultiPoint"",""coordinates"":[]}"
20141221,2014-12-21,1.7126624768647276E7,"{""type"":""MultiPoint"",""coordinates"":[]}"
20141222,2014-12-22,1.5002391961069971E7,"{""type"":""MultiPoint"",""coordinates"":[]}"
20141223,2014-12-23,1.3159297815262975E7,"{""type"":""MultiPoint"",""coordinates"":[]}"
20141224,2014-12-24,1.7202252606024116E7,"{""type"":""MultiPoint"",""coordinates"":[]}"
20141225,2014-12-25,1.666116257130816E7,"{""type"":""MultiPoint"",""coordinates"":[]}"
20141226,2014-12-26,2.0296441750085276E7,"{""type"":""MultiPoint"",""coordinates"":[]}"
20141227,2014-12-27,1.7589405754098687E7,"{""type"":""MultiPoint"",""coordinates"":[]}"
20141228,2014-12-28,1.1680511614392066E7,"{""type"":""MultiPoint"",""coordinates"":[]}"
20141229,2014-12-29,1.297665172941624E7,"{""type"":""MultiPoint"",""coordinates"":[]}"
20141230,2014-12-30,1.4984805256035147E7,"{""type"":""MultiPoint"",""coordinates"":[]}"
20141231,2014-12-31,1.6483983746433083E7,"{""type"":""MultiPoint"",""coordinates"":[]}"
20150101,2015-01-01,1.6461588718640253E7,"{""type"":""MultiPoint"",""coordinates"":[]}"
20150102,2015-01-02,1.855880722926574E7,"{""type"":""MultiPoint"",""coordinates"":[]}"
20150103,2015-01-03,1.93296215867397E7,"{""type"":""MultiPoint"",""coordinates"":[]}"
20150104,2015-01-04,1.6506546453314058E7,"{""type"":""MultiPoint"",""coordinates"":[]}"
20150105,2015-01-05,1.912416517071016E7,"{""type"":""MultiPoint"",""coordinates"":[]}"
20150106,2015-01-06,1.9691809541147433E7,"{""type"":""MultiPoint"",""coordinates"":[]}"
20150107,2015-01-07,1.6049849427808871E7,"{""type"":""MultiPoint"",""coordinates"":[]}"
20150108,2015-01-08,1.2909757895691615E7,"{""type"":""MultiPoint"",""coordinates"":[]}"
20150109,2015-01-09,1.3874671580840005E7,"{""type"":""MultiPoint"",""coordinates"":[]}"
20150110,2015-01-10,1.777540827917243E7,"{""type"":""MultiPoint"",""coordinates"":[]}"
20150111,2015-01-11,1.9995776415467657E7,"{""type"":""MultiPoint"",""coordinates"":[]}"
20150112,2015-01-12,1.5421298712419474E7,"{""type"":""MultiPoint"",""coordinates"":[]}"
20150113,2015-01-13,1.6879751005478296E7,"{""type"":""MultiPoint"",""coordinates"":[]}"
20150114,2015-01-14,1.4047259751811052E7,"{""type"":""MultiPoint"",""coordinates"":[]}"
20150115,2015-01-15,1.4665752888728345E7,"{""type"":""MultiPoint"",""coordinates"":[]}"
20150116,2015-01-16,1.518469719784079E7,"{""type"":""MultiPoint"",""coordinates"":[]}"
20150117,2015-01-17,1.639125488820661E7,"{""type"":""MultiPoint"",""coordinates"":[]}"
20150118,2015-01-18,1.951334104075612E7,"{""type"":""MultiPoint"",""coordinates"":[]}"
20150119,2015-01-19,1.5697213656813748E7,"{""type"":""MultiPoint"",""coordinates"":[]}"
20150120,2015-01-20,1.5256113514739228E7,"{""type"":""MultiPoint"",""coordinates"":[]}"
20150121,2015-01-21,1.746815979050026E7,"{""type"":""MultiPoint"",""coordinates"":[]}"
20150122,2015-01-22,1.9721799076515555E7,"{""type"":""MultiPoint"",""coordinates"":[]}"
20150123,2015-01-23,2.027663621832921E7,"{""type"":""MultiPoint"",""coordinates"":[]}"
20150124,2015-01-24,1.9766834091545764E7,"{""type"":""MultiPoint"",""coordinates"":[]}"
20150125,2015-01-25,1.5916020164629865E7,"{""type"":""MultiPoint"",""coordinates"":[]}"
20150126,2015-01-26,1.9857687034535337E7,"{""type"":""MultiPoint"",""coordinates"":[]}"
20150127,2015-01-27,1.6956327822446965E7,"{""type"":""MultiPoint"",""coordinates"":[]}"
20150128,2015-01-28,1.4221572840487208E7,"{""type"":""MultiPoint"",""coordinates"":[]}"
20150129,2015-01-29,1.4349363399514373E7,"{""type"":""MultiPoint"",""coordinates"":[]}"
20150130,2015-01-30,1.5527400169526214E7,"{""type"":""MultiPoint"",""coordinates"":[]}"
20150131,2015-01-31,1.696265445869203E7,"{""type"":""MultiPoint"",""coordinates"":[]}"
20150201,2015-02-01,1.9993790505327784E7,"{""type"":""MultiPoint"",""coordinates"":[]}"
20150202,2015-02-02,1.9749519565267988E7,"{""type"":""MultiPoint"",""coordinates"":[]}"
20150203,2015-02-03,1.7145004630104546E7,"{""type"":""MultiPoint"",""coordinates"":[]}"
20150204,2015-02-04,1.9935780382156394E7,"{""type"":""MultiPoint"",""coordinates"":[]}"
20150205,2015-02-05,1.9104890199987955E7,"{""type"":""MultiPoint"",""coordinates"":[]}"
20150206,2015-02-06,1.8994519885457423E7,"{""type"":""MultiPoint"",""coordinates"":[]}"
20150207,2015-02-07,1.9509363410190023E7,"{""type"":""MultiPoint"",""coordinates"":[]}"
20150208,2015-02-08,1.837679306941183E7,"{""type"":""MultiPoint"",""coordinates"":[]}"
20150209,2015-02-09,1.8587562021551974E7,"{""type"":""MultiPoint"",""coordinates"":[]}"
20150210,2015-02-10,1.955608032572793E7,"{""type"":""MultiPoint"",""coordinates"":[]}"
20150211,2015-02-11,2.0784370225031603E7,"{""type"":""MultiPoint"",""coordinates"":[]}"
20150212,2015-02-12,1.9385491539662465E7,"{""type"":""MultiPoint"",""coordinates"":[]}"
20150213,2015-02-13,1.9888711281600542E7,"{""type"":""MultiPoint"",""coordinates"":[]}"
20150214,2015-02-14,2.020508839540063E7,"{""type"":""MultiPoint"",""coordinates"":[]}"
20150215,2015-02-15,1.718881710159934E7,"{""type"":""MultiPoint"",""coordinates"":[]}"
20150216,2015-02-16,1.404000407480986E7,"{""type"":""MultiPoint"",""coordinates"":[]}"
20150217,2015-02-17,1.3508580244015004E7,"{""type"":""MultiPoint"",""coordinates"":[]}"
20150218,2015-02-18,1.9509188144000962E7,"{""type"":""MultiPoint"",""coordinates"":[]}"
20150219,2015-02-19,2.0802744003692325E7,"{""type"":""MultiPoint"",""coordinates"":[]}"
20150220,2015-02-20,2.082282734589528E7,"{""type"":""MultiPoint"",""coordinates"":[]}"
20150221,2015-02-21,1.6007288909758596E7,"{""type"":""MultiPoint"",""coordinates"":[]}"
20150222,2015-02-22,1.9524484710653577E7,"{""type"":""MultiPoint"",""coordinates"":[]}"
20150223,2015-02-23,1.890598050990307E7,"{""type"":""MultiPoint"",""coordinates"":[]}"
20150224,2015-02-24,2.0401651484598562E7,"{""type"":""MultiPoint"",""coordinates"":[]}"
20150225,2015-02-25,1.7572731299058855E7,"{""type"":""MultiPoint"",""coordinates"":[]}"
20150226,2015-02-26,1.3774560241687229E7,"{""type"":""MultiPoint"",""coordinates"":[]}"
20150227,2015-02-27,2.1227809680854052E7,"{""type"":""MultiPoint"",""coordinates"":[]}"
20150228,2015-02-28,1.8050240421046287E7,"{""type"":""MultiPoint"",""coordinates"":[]}"
20150301,2015-03-01,1.7035202856821783E7,"{""type"":""MultiPoint"",""coordinates"":[]}"
20150302,2015-03-02,9873775.015190734,"{""type"":""MultiPoint"",""coordinates"":[]}"
20150303,2015-03-03,7955454.713222158,"{""type"":""MultiPoint"",""coordinates"":[]}"
20150304,2015-03-04,1.1087350420051798E7,"{""type"":""MultiPoint"",""coordinates"":[]}"
20150305,2015-03-05,9540486.163648747,"{""type"":""MultiPoint"",""coordinates"":[]}"
20150306,2015-03-06,1.2563209272834854E7,"{""type"":""MultiPoint"",""coordinates"":[]}"
20150307,2015-03-07,1.2373271737024011E7,"{""type"":""MultiPoint"",""coordinates"":[]}"
20150308,2015-03-08,1.0246327843322963E7,"{""type"":""MultiPoint"",""coordinates"":[]}"
20150309,2015-03-09,7734861.512381008,"{""type"":""MultiPoint"",""coordinates"":[]}"
20150310,2015-03-10,1.0115673731714133E7,"{""type"":""MultiPoint"",""coordinates"":[]}"
20150311,2015-03-11,1.295503410249859E7,"{""type"":""MultiPoint"",""coordinates"":[]}"
20150312,2015-03-12,1.2952687345716782E7,"{""type"":""MultiPoint"",""coordinates"":[]}"
20150313,2015-03-13,1.2310324771710277E7,"{""type"":""MultiPoint"",""coordinates"":[]}"
20150314,2015-03-14,1.235999753960875E7,"{""type"":""MultiPoint"",""coordinates"":[]}"
20150315,2015-03-15,1.2150368957317442E7,"{""type"":""MultiPoint"",""coordinates"":[]}"
20150316,2015-03-16,1.2396657267615689E7,"{""type"":""MultiPoint"",""coordinates"":[]}"
20150317,2015-03-17,1.1598604859027036E7,"{""type"":""MultiPoint"",""coordinates"":[]}"
20150318,2015-03-18,1.3574613770566897E7,"{""type"":""MultiPoint"",""coordinates"":[]}"
20150319,2015-03-19,1.181936574847985E7,"{""type"":""MultiPoint"",""coordinates"":[]}"
20150320,2015-03-20,1.365940530618404E7,"{""type"":""MultiPoint"",""coordinates"":[]}"
20150321,2015-03-21,1.257862101893478E7,"{""type"":""MultiPoint"",""coordinates"":[]}"
20150322,2015-03-22,2.292126499993979E7,"{""type"":""MultiPoint"",""coordinates"":[]}"
20150323,2015-03-23,1.9831727014388047E7,"{""type"":""MultiPoint"",""coordinates"":[]}"
20150324,2015-03-24,1.8884871585535686E7,"{""type"":""MultiPoint"",""coordinates"":[]}"
20150325,2015-03-25,1.6115361680051375E7,"{""type"":""MultiPoint"",""coordinates"":[]}"
20150326,2015-03-26,1.9567742460819133E7,"{""type"":""MultiPoint"",""coordinates"":[]}"
20150327,2015-03-27,1.9774349390885547E7,"{""type"":""MultiPoint"",""coordinates"":[]}"
20150328,2015-03-28,1.3997547339754779E7,"{""type"":""MultiPoint"",""coordinates"":[]}"
20150329,2015-03-29,1.2762423732867775E7,"{""type"":""MultiPoint"",""coordinates"":[]}"
20150330,2015-03-30,1.5449340641301941E7,"{""type"":""MultiPoint"",""coordinates"":[]}"
20150331,2015-03-31,1.922259224341299E7,"{""type"":""MultiPoint"",""coordinates"":[]}"
20150401,2015-04-01,1.9916668806212734E7,"{""type"":""MultiPoint"",""coordinates"":[]}"
20150402,2015-04-02,2.1894464620392103E7,"{""type"":""MultiPoint"",""coordinates"":[]}"
20150403,2015-04-03,2.3076223738687202E7,"{""type"":""MultiPoint"",""coordinates"":[]}"
20150404,2015-04-04,2.2019098400377244E7,"{""type"":""MultiPoint"",""coordinates"":[]}"
20150405,2015-04-05,2.3251689218028203E7,"{""type"":""MultiPoint"",""coordinates"":[]}"
20150406,2015-04-06,2.194561852547508E7,"{""type"":""MultiPoint"",""coordinates"":[]}"
20150407,2015-04-07,1.8813532854092658E7,"{""type"":""MultiPoint"",""coordinates"":[]}"
20150408,2015-04-08,2.026698407308409E7,"{""type"":""MultiPoint"",""coordinates"":[]}"
20150409,2015-04-09,1.8893437603596002E7,"{""type"":""MultiPoint"",""coordinates"":[]}"
20150410,2015-04-10,2.1085378850681268E7,"{""type"":""MultiPoint"",""coordinates"":[]}"
20150411,2015-04-11,2.0890656519174036E7,"{""type"":""MultiPoint"",""coordinates"":[]}"
20150412,2015-04-12,1.718079095531073E7,"{""type"":""MultiPoint"",""coordinates"":[]}"
20150413,2015-04-13,1.680265305713081E7,"{""type"":""MultiPoint"",""coordinates"":[]}"
20150414,2015-04-14,1.9848319301025413E7,"{""type"":""MultiPoint"",""coordinates"":[]}"
20150415,2015-04-15,1.4088463456103373E7,"{""type"":""MultiPoint"",""coordinates"":[]}"
20150416,2015-04-16,1.4410784686211934E7,"{""type"":""MultiPoint"",""coordinates"":[]}"
20150417,2015-04-17,1.0235182580619263E7,"{""type"":""MultiPoint"",""coordinates"":[]}"
20150418,2015-04-18,1.738851513659622E7,"{""type"":""MultiPoint"",""coordinates"":[]}"
20150419,2015-04-19,1.5938794056508739E7,"{""type"":""MultiPoint"",""coordinates"":[]}"
20150420,2015-04-20,2.0136709434029657E7,"{""type"":""MultiPoint"",""coordinates"":[]}"
20150421,2015-04-21,1.9919356667268667E7,"{""type"":""MultiPoint"",""coordinates"":[]}"
20150422,2015-04-22,9571753.417374022,"{""type"":""MultiPoint"",""coordinates"":[]}"
20150423,2015-04-23,1.4191109907210076E7,"{""type"":""MultiPoint"",""coordinates"":[]}"
20150424,2015-04-24,1.2266759182349043E7,"{""type"":""MultiPoint"",""coordinates"":[]}"
20150425,2015-04-25,1.967221440888567E7,"{""type"":""MultiPoint"",""coordinates"":[]}"
20150426,2015-04-26,1.9288042815724514E7,"{""type"":""MultiPoint"",""coordinates"":[]}"
20150427,2015-04-27,2.102878342126703E7,"{""type"":""MultiPoint"",""coordinates"":[]}"
20150428,2015-04-28,2.056420388397246E7,"{""type"":""MultiPoint"",""coordinates"":[]}"
20150429,2015-04-29,2.2328659242389567E7,"{""type"":""MultiPoint"",""coordinates"":[]}"
20150430,2015-04-30,2.056996865414483E7,"{""type"":""MultiPoint"",""coordinates"":[]}"
20150501,2015-05-01,1.6115104088134363E7,"{""type"":""MultiPoint"",""coordinates"":[]}"
20150502,2015-05-02,2.0861696571147628E7,"{""type"":""MultiPoint"",""coordinates"":[]}"
20150503,2015-05-03,2.1378450865972344E7,"{""type"":""MultiPoint"",""coordinates"":[]}"
20150504,2015-05-04,1.8971873485120293E7,"{""type"":""MultiPoint"",""coordinates"":[]}"
20150505,2015-05-05,1.5446452190556465E7,"{""type"":""MultiPoint"",""coordinates"":[]}"
20150506,2015-05-06,1.6088008344189586E7,"{""type"":""MultiPoint"",""coordinates"":[]}"
20150507,2015-05-07,1.8838391207513083E7,"{""type"":""MultiPoint"",""coordinates"":[]}"
20150508,2015-05-08,1.9763572805570595E7,"{""type"":""MultiPoint"",""coordinates"":[]}"
20150509,2015-05-09,1.9276889083940353E7,"{""type"":""MultiPoint"",""coordinates"":[]}"
20150510,2015-05-10,1.8214784688539717E7,"{""type"":""MultiPoint"",""coordinates"":[]}"
20150511,2015-05-11,1.188038139433708E7,"{""type"":""MultiPoint"",""coordinates"":[]}"
20150512,2015-05-12,1.3639506597114353E7,"{""type"":""MultiPoint"",""coordinates"":[]}"
20150513,2015-05-13,1.1689209807476973E7,"{""type"":""MultiPoint"",""coordinates"":[]}"
20150514,2015-05-14,8686854.040655784,"{""type"":""MultiPoint"",""coordinates"":[]}"
20150515,2015-05-15,1.1946839456023114E7,"{""type"":""MultiPoint"",""coordinates"":[]}"
20150516,2015-05-16,1.4448791955772279E7,"{""type"":""MultiPoint"",""coordinates"":[]}"
20150517,2015-05-17,1.2903835944293935E7,"{""type"":""MultiPoint"",""coordinates"":[]}"
20150518,2015-05-18,1.9055893913270313E7,"{""type"":""MultiPoint"",""coordinates"":[]}"
20150519,2015-05-19,1.424659626432283E7,"{""type"":""MultiPoint"",""coordinates"":[]}"
20150520,2015-05-20,8285734.964862639,"{""type"":""MultiPoint"",""coordinates"":[]}"
20150521,2015-05-21,1.4412273091806626E7,"{""type"":""MultiPoint"",""coordinates"":[]}"
20150522,2015-05-22,1.6355888281660737E7,"{""type"":""MultiPoint"",""coordinates"":[]}"
20150523,2015-05-23,1.1092967520077055E7,"{""type"":""MultiPoint"",""coordinates"":[]}"
20150524,2015-05-24,1.0289309557281315E7,"{""type"":""MultiPoint"",""coordinates"":[]}"
20150525,2015-05-25,1.7032313801296324E7,"{""type"":""MultiPoint"",""coordinates"":[]}"
20150526,2015-05-26,5145729.03369253,"{""type"":""MultiPoint"",""coordinates"":[]}"
20150527,2015-05-27,1.5852907941404294E7,"{""type"":""MultiPoint"",""coordinates"":[]}"
20150528,2015-05-28,1.2300388806373276E7,"{""type"":""MultiPoint"",""coordinates"":[]}"
20150529,2015-05-29,1.679098872995805E7,"{""type"":""MultiPoint"",""coordinates"":[]}"
20150530,2015-05-30,1.186492228595509E7,"{""type"":""MultiPoint"",""coordinates"":[]}"
20150531,2015-05-31,7933908.35944053,"{""type"":""MultiPoint"",""coordinates"":[]}"
20150601,2015-06-01,1.1149063443902627E7,"{""type"":""MultiPoint"",""coordinates"":[]}"
20150602,2015-06-02,1.9811628048160844E7,"{""type"":""MultiPoint"",""coordinates"":[]}"
20150603,2015-06-03,1.8164373898741793E7,"{""type"":""MultiPoint"",""coordinates"":[]}"
20150604,2015-06-04,1.859432229189493E7,"{""type"":""MultiPoint"",""coordinates"":[]}"
20150605,2015-06-05,1.4558074814440226E7,"{""type"":""MultiPoint"",""coordinates"":[]}"
20150606,2015-06-06,1.469492125459033E7,"{""type"":""MultiPoint"",""coordinates"":[]}"
20150607,2015-06-07,1.1893509525495151E7,"{""type"":""MultiPoint"",""coordinates"":[]}"
20150608,2015-06-08,1.4075092877651349E7,"{""type"":""MultiPoint"",""coordinates"":[]}"
20150609,2015-06-09,1.0043523897096299E7,"{""type"":""MultiPoint"",""coordinates"":[]}"
20150610,2015-06-10,1.9013150526036963E7,"{""type"":""MultiPoint"",""coordinates"":[]}"
20150611,2015-06-11,1.4490437511929834E7,"{""type"":""MultiPoint"",""coordinates"":[]}"
20150612,2015-06-12,8699606.920955988,"{""type"":""MultiPoint"",""coordinates"":[]}"
20150613,2015-06-13,1.1640438177111546E7,"{""type"":""MultiPoint"",""coordinates"":[]}"
20150614,2015-06-14,1.701321504970601E7,"{""type"":""MultiPoint"",""coordinates"":[]}"
20150615,2015-06-15,1.9671861317359984E7,"{""type"":""MultiPoint"",""coordinates"":[]}"
20150616,2015-06-16,1.4921013388798581E7,"{""type"":""MultiPoint"",""coordinates"":[]}"
20150617,2015-06-17,1.9376276909276973E7,"{""type"":""MultiPoint"",""coordinates"":[]}"
20150618,2015-06-18,2.028810001765897E7,"{""type"":""MultiPoint"",""coordinates"":[]}"
20150619,2015-06-19,1.376253111046896E7,"{""type"":""MultiPoint"",""coordinates"":[]}"
20150620,2015-06-20,1.9748243397909008E7,"{""type"":""MultiPoint"",""coordinates"":[]}"
20150621,2015-06-21,1.8155237021812856E7,"{""type"":""MultiPoint"",""coordinates"":[]}"
20150622,2015-06-22,1.969563861786366E7,"{""type"":""MultiPoint"",""coordinates"":[]}"
20150623,2015-06-23,1.8763922399694975E7,"{""type"":""MultiPoint"",""coordinates"":[]}"
20150624,2015-06-24,1.3413650462143552E7,"{""type"":""MultiPoint"",""coordinates"":[]}"
20150625,2015-06-25,1.6689941361106085E7,"{""type"":""MultiPoint"",""coordinates"":[]}"
20150626,2015-06-26,2.0566564455280636E7,"{""type"":""MultiPoint"",""coordinates"":[]}"
20150627,2015-06-27,1.7131310347199634E7,"{""type"":""MultiPoint"",""coordinates"":[]}"
20150628,2015-06-28,1.399587789336382E7,"{""type"":""MultiPoint"",""coordinates"":[]}"
20150629,2015-06-29,1.7135903064956952E7,"{""type"":""MultiPoint"",""coordinates"":[]}"
20150630,2015-06-30,1.9254526759857915E7,"{""type"":""MultiPoint"",""coordinates"":[]}"
20150701,2015-07-01,1.5623403269881392E7,"{""type"":""MultiPoint"",""coordinates"":[]}"
20150702,2015-07-02,1.8143297198964544E7,"{""type"":""MultiPoint"",""coordinates"":[]}"
20150703,2015-07-03,2.0442031413962632E7,"{""type"":""MultiPoint"",""coordinates"":[]}"
20150704,2015-07-04,1.816068542965504E7,"{""type"":""MultiPoint"",""coordinates"":[]}"
20150705,2015-07-05,1.9139473609054238E7,"{""type"":""MultiPoint"",""coordinates"":[]}"
20150706,2015-07-06,1.9013888586037356E7,"{""type"":""MultiPoint"",""coordinates"":[]}"
20150707,2015-07-07,1.555015869154977E7,"{""type"":""MultiPoint"",""coordinates"":[]}"
20150708,2015-07-08,1.6333203620893778E7,"{""type"":""MultiPoint"",""coordinates"":[]}"
20150709,2015-07-09,1.9016732449902672E7,"{""type"":""MultiPoint"",""coordinates"":[]}"
20150710,2015-07-10,2.324110046992956E7,"{""type"":""MultiPoint"",""coordinates"":[]}"
20150711,2015-07-11,2.0898391171231903E7,"{""type"":""MultiPoint"",""coordinates"":[]}"
20150712,2015-07-12,1.5008375793149114E7,"{""type"":""MultiPoint"",""coordinates"":[]}"
20150713,2015-07-13,1.898104906118435E7,"{""type"":""MultiPoint"",""coordinates"":[]}"
20150714,2015-07-14,1.5348729781550365E7,"{""type"":""MultiPoint"",""coordinates"":[]}"
20150715,2015-07-15,1.6687069106977303E7,"{""type"":""MultiPoint"",""coordinates"":[]}"
20150716,2015-07-16,1.2507080215921178E7,"{""type"":""MultiPoint"",""coordinates"":[]}"
20150717,2015-07-17,1.6544718691549774E7,"{""type"":""MultiPoint"",""coordinates"":[]}"
20150718,2015-07-18,1.4451004705556553E7,"{""type"":""MultiPoint"",""coordinates"":[]}"
20150719,2015-07-19,1.9647434913330518E7,"{""type"":""MultiPoint"",""coordinates"":[]}"
20150720,2015-07-20,1.1353964911885696E7,"{""type"":""MultiPoint"",""coordinates"":[]}"
20150721,2015-07-21,1.687170148716714E7,"{""type"":""MultiPoint"",""coordinates"":[]}"
20150722,2015-07-22,1.614102533040354E7,"{""type"":""MultiPoint"",""coordinates"":[]}"
20150723,2015-07-23,1.0021419023137275E7,"{""type"":""MultiPoint"",""coordinates"":[]}"
20150724,2015-07-24,1.524986680573114E7,"{""type"":""MultiPoint"",""coordinates"":[]}"
20150725,2015-07-25,1.9730233581522275E7,"{""type"":""MultiPoint"",""coordinates"":[]}"
20150726,2015-07-26,1.819119377669415E7,"{""type"":""MultiPoint"",""coordinates"":[]}"
20150727,2015-07-27,2.114415665021169E7,"{""type"":""MultiPoint"",""coordinates"":[]}"
20150728,2015-07-28,2.1044462786225993E7,"{""type"":""MultiPoint"",""coordinates"":[]}"
20150729,2015-07-29,1.965108828246342E7,"{""type"":""MultiPoint"",""coordinates"":[]}"
20150730,2015-07-30,2.0438021018802796E7,"{""type"":""MultiPoint"",""coordinates"":[]}"
20150731,2015-07-31,2.086025624598157E7,"{""type"":""MultiPoint"",""coordinates"":[]}"
20150801,2015-08-01,2.147370368976381E7,"{""type"":""MultiPoint"",""coordinates"":[]}"
20150802,2015-08-02,1.712889269026548E7,"{""type"":""MultiPoint"",""coordinates"":[]}"
20150803,2015-08-03,2.201016603652198E7,"{""type"":""MultiPoint"",""coordinates"":[]}"
20150804,2015-08-04,2.325158286195894E7,"{""type"":""MultiPoint"",""coordinates"":[]}"
20150805,2015-08-05,2.1674161404330455E7,"{""type"":""MultiPoint"",""coordinates"":[]}"
20150806,2015-08-06,2.103527685124315E7,"{""type"":""MultiPoint"",""coordinates"":[]}"
20150807,2015-08-07,2.50187342328176E7,"{""type"":""MultiPoint"",""coordinates"":[]}"
20150808,2015-08-08,2.2274829871811844E7,"{""type"":""MultiPoint"",""coordinates"":[]}"
20150809,2015-08-09,2.075894794108322E7,"{""type"":""MultiPoint"",""coordinates"":[]}"
20150810,2015-08-10,2.1542506231332637E7,"{""type"":""MultiPoint"",""coordinates"":[]}"
20150811,2015-08-11,2.2340756960929498E7,"{""type"":""MultiPoint"",""coordinates"":[]}"
20150812,2015-08-12,2.140484921361346E7,"{""type"":""MultiPoint"",""coordinates"":[]}"
20150813,2015-08-13,1.8108593611703083E7,"{""type"":""MultiPoint"",""coordinates"":[]}"
20150814,2015-08-14,1.400461572492123E7,"{""type"":""MultiPoint"",""coordinates"":[]}"
20150815,2015-08-15,1.180932796179238E7,"{""type"":""MultiPoint"",""coordinates"":[]}"
20150816,2015-08-16,1.6047821225172076E7,"{""type"":""MultiPoint"",""coordinates"":[]}"
20150817,2015-08-17,1.9475429664840557E7,"{""type"":""MultiPoint"",""coordinates"":[]}"
20150818,2015-08-18,1.9391030878815234E7,"{""type"":""MultiPoint"",""coordinates"":[]}"
20150819,2015-08-19,1.5624941193546431E7,"{""type"":""MultiPoint"",""coordinates"":[]}"
20150820,2015-08-20,1.4308149378002524E7,"{""type"":""MultiPoint"",""coordinates"":[]}"
20150821,2015-08-21,1.4614235216583377E7,"{""type"":""MultiPoint"",""coordinates"":[]}"
20150822,2015-08-22,2.114401305339834E7,"{""type"":""MultiPoint"",""coordinates"":[]}"
20150823,2015-08-23,2.1913542298276234E7,"{""type"":""MultiPoint"",""coordinates"":[]}"
20150824,2015-08-24,1.518524434358758E7,"{""type"":""MultiPoint"",""coordinates"":[]}"
20150825,2015-08-25,2.2498964587883517E7,"{""type"":""MultiPoint"",""coordinates"":[]}"
20150826,2015-08-26,2.2931088063732862E7,"{""type"":""MultiPoint"",""coordinates"":[]}"
20150827,2015-08-27,2.5413846129271764E7,"{""type"":""MultiPoint"",""coordinates"":[]}"
20150828,2015-08-28,2.022511566616499E7,"{""type"":""MultiPoint"",""coordinates"":[]}"
20150829,2015-08-29,2.1781246813958623E7,"{""type"":""MultiPoint"",""coordinates"":[]}"
20150830,2015-08-30,2.2462574556338158E7,"{""type"":""MultiPoint"",""coordinates"":[]}"
20150831,2015-08-31,2.354185487247405E7,"{""type"":""MultiPoint"",""coordinates"":[]}"
20150901,2015-09-01,2.135469818353299E7,"{""type"":""MultiPoint"",""coordinates"":[]}"
20150902,2015-09-02,1.217333165653282E7,"{""type"":""MultiPoint"",""coordinates"":[]}"
20150903,2015-09-03,1.9952301562298067E7,"{""type"":""MultiPoint"",""coordinates"":[]}"
20150904,2015-09-04,2.0314443532679144E7,"{""type"":""MultiPoint"",""coordinates"":[]}"
20150905,2015-09-05,2.1452865483113598E7,"{""type"":""MultiPoint"",""coordinates"":[]}"
20150906,2015-09-06,2.341810882483495E7,"{""type"":""MultiPoint"",""coordinates"":[]}"
20150907,2015-09-07,2.3492798518331222E7,"{""type"":""MultiPoint"",""coordinates"":[]}"
20150908,2015-09-08,2.1458557622499146E7,"{""type"":""MultiPoint"",""coordinates"":[]}"
20150909,2015-09-09,2.45544067884735E7,"{""type"":""MultiPoint"",""coordinates"":[]}"
20150910,2015-09-10,2.616335516340577E7,"{""type"":""MultiPoint"",""coordinates"":[]}"
20150911,2015-09-11,2.242982035265786E7,"{""type"":""MultiPoint"",""coordinates"":[]}"
20150912,2015-09-12,1.7946081778861385E7,"{""type"":""MultiPoint"",""coordinates"":[]}"
20150913,2015-09-13,2.4704822303854868E7,"{""type"":""MultiPoint"",""coordinates"":[]}"
20150914,2015-09-14,2.308961288166475E7,"{""type"":""MultiPoint"",""coordinates"":[]}"
20150915,2015-09-15,2.244504022768045E7,"{""type"":""MultiPoint"",""coordinates"":[]}"
20150916,2015-09-16,2.041959423867717E7,"{""type"":""MultiPoint"",""coordinates"":[]}"
20150917,2015-09-17,2.3880648698131733E7,"{""type"":""MultiPoint"",""coordinates"":[]}"
20150918,2015-09-18,2.4059418269580394E7,"{""type"":""MultiPoint"",""coordinates"":[]}"
20150919,2015-09-19,2.5069433261372983E7,"{""type"":""MultiPoint"",""coordinates"":[]}"
20150920,2015-09-20,2.4205685358858593E7,"{""type"":""MultiPoint"",""coordinates"":[]}"
20150921,2015-09-21,2.0676293535889864E7,"{""type"":""MultiPoint"",""coordinates"":[]}"
20150922,2015-09-22,2.664445867324865E7,"{""type"":""MultiPoint"",""coordinates"":[]}"
20150923,2015-09-23,1.6839575294470303E7,"{""type"":""MultiPoint"",""coordinates"":[]}"
20150924,2015-09-24,1.373204911257287E7,"{""type"":""MultiPoint"",""coordinates"":[]}"
20150925,2015-09-25,1.6010320490939613E7,"{""type"":""MultiPoint"",""coordinates"":[]}"
20150926,2015-09-26,1.5995406969810424E7,"{""type"":""MultiPoint"",""coordinates"":[]}"
20150927,2015-09-27,1.312547773023158E7,"{""type"":""MultiPoint"",""coordinates"":[]}"
20150928,2015-09-28,1.3250639665790537E7,"{""type"":""MultiPoint"",""coordinates"":[]}"
20150929,2015-09-29,1.5356561579422627E7,"{""type"":""MultiPoint"",""coordinates"":[]}"
20150930,2015-09-30,1.5580767020431226E7,"{""type"":""MultiPoint"",""coordinates"":[]}"
20151001,2015-10-01,1.5697186533890216E7,"{""type"":""MultiPoint"",""coordinates"":[]}"
20151002,2015-10-02,1.6517608455788316E7,"{""type"":""MultiPoint"",""coordinates"":[]}"
20151003,2015-10-03,1.6948069370227873E7,"{""type"":""MultiPoint"",""coordinates"":[]}"
20151004,2015-10-04,1.1005758783309957E7,"{""type"":""MultiPoint"",""coordinates"":[]}"
20151005,2015-10-05,1.6057501406969612E7,"{""type"":""MultiPoint"",""coordinates"":[]}"
20151006,2015-10-06,1.5972208359891724E7,"{""type"":""MultiPoint"",""coordinates"":[]}"
20151007,2015-10-07,1.6080634097688071E7,"{""type"":""MultiPoint"",""coordinates"":[]}"
20151008,2015-10-08,1.218126119734058E7,"{""type"":""MultiPoint"",""coordinates"":[]}"
20151009,2015-10-09,1.1803629010591667E7,"{""type"":""MultiPoint"",""coordinates"":[]}"
20151010,2015-10-10,1.3411816115753273E7,"{""type"":""MultiPoint"",""coordinates"":[]}"
20151011,2015-10-11,2.286575092232054E7,"{""type"":""MultiPoint"",""coordinates"":[]}"
20151012,2015-10-12,2.3512601174964376E7,"{""type"":""MultiPoint"",""coordinates"":[]}"
20151013,2015-10-13,2.4473595667369E7,"{""type"":""MultiPoint"",""coordinates"":[]}"
20151014,2015-10-14,2.512924623915878E7,"{""type"":""MultiPoint"",""coordinates"":[]}"
20151015,2015-10-15,2.4923399211245555E7,"{""type"":""MultiPoint"",""coordinates"":[]}"
20151016,2015-10-16,2.3011952945798956E7,"{""type"":""MultiPoint"",""coordinates"":[]}"
20151017,2015-10-17,2.3596713370336913E7,"{""type"":""MultiPoint"",""coordinates"":[]}"
20151018,2015-10-18,2.1259536211426158E7,"{""type"":""MultiPoint"",""coordinates"":[]}"
20151019,2015-10-19,2.299852613312464E7,"{""type"":""MultiPoint"",""coordinates"":[]}"
20151020,2015-10-20,2.250367699793309E7,"{""type"":""MultiPoint"",""coordinates"":[]}"
20151021,2015-10-21,2.360070476523588E7,"{""type"":""MultiPoint"",""coordinates"":[]}"
20151022,2015-10-22,2.3368783737764116E7,"{""type"":""MultiPoint"",""coordinates"":[]}"
20151023,2015-10-23,2.2460271646097954E7,"{""type"":""MultiPoint"",""coordinates"":[]}"
20151024,2015-10-24,2.2699805957859237E7,"{""type"":""MultiPoint"",""coordinates"":[]}"
20151025,2015-10-25,1.968231090546425E7,"{""type"":""MultiPoint"",""coordinates"":[]}"
20151026,2015-10-26,2.1432265278991822E7,"{""type"":""MultiPoint"",""coordinates"":[]}"
20151027,2015-10-27,2.044108800377259E7,"{""type"":""MultiPoint"",""coordinates"":[]}"
20151028,2015-10-28,2.184329667810486E7,"{""type"":""MultiPoint"",""coordinates"":[]}"
20151029,2015-10-29,2.4127822003892977E7,"{""type"":""MultiPoint"",""coordinates"":[]}"
20151030,2015-10-30,1.8506716667750277E7,"{""type"":""MultiPoint"",""coordinates"":[]}"
20151031,2015-10-31,1.9937649564104095E7,"{""type"":""MultiPoint"",""coordinates"":[]}"
20151101,2015-11-01,2.202444588252764E7,"{""type"":""MultiPoint"",""coordinates"":[]}"
20151102,2015-11-02,2.2345692012361288E7,"{""type"":""MultiPoint"",""coordinates"":[]}"
20151103,2015-11-03,2.00840962364698E7,"{""type"":""MultiPoint"",""coordinates"":[]}"
20151104,2015-11-04,2.0254383825898502E7,"{""type"":""MultiPoint"",""coordinates"":[]}"
20151105,2015-11-05,2.3705334083438676E7,"{""type"":""MultiPoint"",""coordinates"":[]}"
20151106,2015-11-06,2.239303191692251E7,"{""type"":""MultiPoint"",""coordinates"":[]}"
20151107,2015-11-07,1.9174759105091006E7,"{""type"":""MultiPoint"",""coordinates"":[]}"
20151108,2015-11-08,2.0729660441715326E7,"{""type"":""MultiPoint"",""coordinates"":[]}"
20151109,2015-11-09,1.9666776888005927E7,"{""type"":""MultiPoint"",""coordinates"":[]}"
20151110,2015-11-10,1.986658409551902E7,"{""type"":""MultiPoint"",""coordinates"":[]}"
20151111,2015-11-11,1.9561743651395656E7,"{""type"":""MultiPoint"",""coordinates"":[]}"
20151112,2015-11-12,1.5390667894206636E7,"{""type"":""MultiPoint"",""coordinates"":[]}"
20151113,2015-11-13,1.737349121120542E7,"{""type"":""MultiPoint"",""coordinates"":[]}"
20151114,2015-11-14,1.7077079663034525E7,"{""type"":""MultiPoint"",""coordinates"":[]}"
20151115,2015-11-15,1.7430978728553362E7,"{""type"":""MultiPoint"",""coordinates"":[]}"
20151116,2015-11-16,1.8418296489153758E7,"{""type"":""MultiPoint"",""coordinates"":[]}"
20151117,2015-11-17,1.6235262304657541E7,"{""type"":""MultiPoint"",""coordinates"":[]}"
20151118,2015-11-18,1.6468855166415825E7,"{""type"":""MultiPoint"",""coordinates"":[]}"
20151119,2015-11-19,1.6983481664118152E7,"{""type"":""MultiPoint"",""coordinates"":[]}"
20151120,2015-11-20,1.938375305632813E7,"{""type"":""MultiPoint"",""coordinates"":[]}"
20151121,2015-11-21,1.9408336284470126E7,"{""type"":""MultiPoint"",""coordinates"":[]}"
20151122,2015-11-22,2.147567825866392E7,"{""type"":""MultiPoint"",""coordinates"":[]}"
20151123,2015-11-23,1.690117144197619E7,"{""type"":""MultiPoint"",""coordinates"":[]}"
20151124,2015-11-24,1.388960033479823E7,"{""type"":""MultiPoint"",""coordinates"":[]}"
20151125,2015-11-25,1.4547796911845548E7,"{""type"":""MultiPoint"",""coordinates"":[]}"
20151126,2015-11-26,1.878468318495775E7,"{""type"":""MultiPoint"",""coordinates"":[]}"
20151127,2015-11-27,1.8909027166897427E7,"{""type"":""MultiPoint"",""coordinates"":[]}"
20151128,2015-11-28,1.9293324842253122E7,"{""type"":""MultiPoint"",""coordinates"":[]}"
20151129,2015-11-29,1.9435362840768155E7,"{""type"":""MultiPoint"",""coordinates"":[]}"
20151130,2015-11-30,2.1236019495193943E7,"{""type"":""MultiPoint"",""coordinates"":[]}"
20151201,2015-12-01,1.7446862458049882E7,"{""type"":""MultiPoint"",""coordinates"":[]}"
20151202,2015-12-02,7397119.93787249,"{""type"":""MultiPoint"",""coordinates"":[]}"
20151203,2015-12-03,1.5705124494531723E7,"{""type"":""MultiPoint"",""coordinates"":[]}"
20151204,2015-12-04,1.2296153847851822E7,"{""type"":""MultiPoint"",""coordinates"":[]}"
20151205,2015-12-05,1.9362478265807796E7,"{""type"":""MultiPoint"",""coordinates"":[]}"
20151206,2015-12-06,1.8834579525374744E7,"{""type"":""MultiPoint"",""coordinates"":[]}"
20151207,2015-12-07,1.886685300888969E7,"{""type"":""MultiPoint"",""coordinates"":[]}"
20151208,2015-12-08,1.9781809821764685E7,"{""type"":""MultiPoint"",""coordinates"":[]}"
20151209,2015-12-09,1.957617252936808E7,"{""type"":""MultiPoint"",""coordinates"":[]}"
20151210,2015-12-10,1.9628546771577053E7,"{""type"":""MultiPoint"",""coordinates"":[]}"
20151211,2015-12-11,1.8744926872795124E7,"{""type"":""MultiPoint"",""coordinates"":[]}"
20151212,2015-12-12,1.5676602703991327E7,"{""type"":""MultiPoint"",""coordinates"":[]}"
20151213,2015-12-13,1.899959359099391E7,"{""type"":""MultiPoint"",""coordinates"":[]}"
20151214,2015-12-14,1.7323473424999494E7,"{""type"":""MultiPoint"",""coordinates"":[]}"
20151215,2015-12-15,1.7399071516384717E7,"{""type"":""MultiPoint"",""coordinates"":[]}"
20151216,2015-12-16,1.903415002893664E7,"{""type"":""MultiPoint"",""coordinates"":[]}"
20151217,2015-12-17,1.950179947560852E7,"{""type"":""MultiPoint"",""coordinates"":[]}"
20151218,2015-12-18,1.9334730540003605E7,"{""type"":""MultiPoint"",""coordinates"":[]}"
20151219,2015-12-19,1.6979647396062844E7,"{""type"":""MultiPoint"",""coordinates"":[]}"
20151220,2015-12-20,6894569.467220514,"{""type"":""MultiPoint"",""coordinates"":[]}"
20151221,2015-12-21,1.7920811452571582E7,"{""type"":""MultiPoint"",""coordinates"":[]}"
20151222,2015-12-22,1.5614872130034301E7,"{""type"":""MultiPoint"",""coordinates"":[]}"
20151223,2015-12-23,1.544026697513696E7,"{""type"":""MultiPoint"",""coordinates"":[]}"
20151224,2015-12-24,1.4417013576625932E7,"{""type"":""MultiPoint"",""coordinates"":[]}"
20151225,2015-12-25,1.718421346312684E7,"{""type"":""MultiPoint"",""coordinates"":[]}"
20151226,2015-12-26,1.6545902193165164E7,"{""type"":""MultiPoint"",""coordinates"":[]}"
20151227,2015-12-27,1.5361870452431113E7,"{""type"":""MultiPoint"",""coordinates"":[]}"
20151228,2015-12-28,1.4576609418417502E7,"{""type"":""MultiPoint"",""coordinates"":[]}"
20151229,2015-12-29,1.3397466096442107E7,"{""type"":""MultiPoint"",""coordinates"":[]}"
20151230,2015-12-30,1.7365366942628372E7,"{""type"":""MultiPoint"",""coordinates"":[]}"
20151231,2015-12-31,1.2156698727188818E7,"{""type"":""MultiPoint"",""coordinates"":[]}"
20160101,2016-01-01,1.244618772925571E7,"{""type"":""MultiPoint"",""coordinates"":[]}"
20160102,2016-01-02,1.6344603858647872E7,"{""type"":""MultiPoint"",""coordinates"":[]}"
20160103,2016-01-03,1.5353383295888262E7,"{""type"":""MultiPoint"",""coordinates"":[]}"
20160104,2016-01-04,1.6504510795015343E7,"{""type"":""MultiPoint"",""coordinates"":[]}"
20160105,2016-01-05,1.6835022080870107E7,"{""type"":""MultiPoint"",""coordinates"":[]}"
20160106,2016-01-06,1.6833456715268992E7,"{""type"":""MultiPoint"",""coordinates"":[]}"
20160107,2016-01-07,1.7670606050047148E7,"{""type"":""MultiPoint"",""coordinates"":[]}"
20160108,2016-01-08,1.853727345100636E7,"{""type"":""MultiPoint"",""coordinates"":[]}"
20160109,2016-01-09,1.9156122545461845E7,"{""type"":""MultiPoint"",""coordinates"":[]}"
20160110,2016-01-10,1.941828765187727E7,"{""type"":""MultiPoint"",""coordinates"":[]}"
20160111,2016-01-11,1.8047352029378124E7,"{""type"":""MultiPoint"",""coordinates"":[]}"
20160112,2016-01-12,1.9016853229867753E7,"{""type"":""MultiPoint"",""coordinates"":[]}"
20160113,2016-01-13,1.7898148356470607E7,"{""type"":""MultiPoint"",""coordinates"":[]}"
20160114,2016-01-14,1.967298110103745E7,"{""type"":""MultiPoint"",""coordinates"":[]}"
20160115,2016-01-15,1.7981415734312594E7,"{""type"":""MultiPoint"",""coordinates"":[]}"
20160116,2016-01-16,1.7978906159693368E7,"{""type"":""MultiPoint"",""coordinates"":[]}"
20160117,2016-01-17,1.6178633711074991E7,"{""type"":""MultiPoint"",""coordinates"":[]}"
20160118,2016-01-18,1.7956144287279513E7,"{""type"":""MultiPoint"",""coordinates"":[]}"
20160119,2016-01-19,1.622521612650251E7,"{""type"":""MultiPoint"",""coordinates"":[]}"
20160120,2016-01-20,2.073924987257439E7,"{""type"":""MultiPoint"",""coordinates"":[]}"
20160121,2016-01-21,1.9698884001444824E7,"{""type"":""MultiPoint"",""coordinates"":[]}"
20160122,2016-01-22,1.8862710116268333E7,"{""type"":""MultiPoint"",""coordinates"":[]}"
20160123,2016-01-23,2.0407250571308162E7,"{""type"":""MultiPoint"",""coordinates"":[]}"
20160124,2016-01-24,1.83259430658399E7,"{""type"":""MultiPoint"",""coordinates"":[]}"
20160125,2016-01-25,1.769661146766198E7,"{""type"":""MultiPoint"",""coordinates"":[]}"
20160126,2016-01-26,1.731158306126461E7,"{""type"":""MultiPoint"",""coordinates"":[]}"
20160127,2016-01-27,1.7301080621676397E7,"{""type"":""MultiPoint"",""coordinates"":[]}"
20160128,2016-01-28,1.737673334705918E7,"{""type"":""MultiPoint"",""coordinates"":[]}"
20160129,2016-01-29,1.7391183101077594E7,"{""type"":""MultiPoint"",""coordinates"":[]}"
20160130,2016-01-30,1.6173782564485367E7,"{""type"":""MultiPoint"",""coordinates"":[]}"
20160131,2016-01-31,1.887965636329341E7,"{""type"":""MultiPoint"",""coordinates"":[]}"
20160201,2016-02-01,1.5366035427126598E7,"{""type"":""MultiPoint"",""coordinates"":[]}"
20160202,2016-02-02,1.6822924826962054E7,"{""type"":""MultiPoint"",""coordinates"":[]}"
20160203,2016-02-03,1.402628666289406E7,"{""type"":""MultiPoint"",""coordinates"":[]}"
20160204,2016-02-04,1.5224569495234074E7,"{""type"":""MultiPoint"",""coordinates"":[]}"
20160205,2016-02-05,1.9260866243573524E7,"{""type"":""MultiPoint"",""coordinates"":[]}"
20160206,2016-02-06,1.8091986859871972E7,"{""type"":""MultiPoint"",""coordinates"":[]}"
20160207,2016-02-07,1.7337796214957956E7,"{""type"":""MultiPoint"",""coordinates"":[]}"
20160208,2016-02-08,1.242811088860794E7,"{""type"":""MultiPoint"",""coordinates"":[]}"
20160209,2016-02-09,1.765838754231131E7,"{""type"":""MultiPoint"",""coordinates"":[]}"
20160210,2016-02-10,1.443583369148957E7,"{""type"":""MultiPoint"",""coordinates"":[]}"
20160211,2016-02-11,1.139193565870005E7,"{""type"":""MultiPoint"",""coordinates"":[]}"
20160212,2016-02-12,1.5675508492926372E7,"{""type"":""MultiPoint"",""coordinates"":[]}"
20160213,2016-02-13,1.6946588784058753E7,"{""type"":""MultiPoint"",""coordinates"":[]}"
20160214,2016-02-14,1.532235537527341E7,"{""type"":""MultiPoint"",""coordinates"":[]}"
20160215,2016-02-15,1.8148622124616202E7,"{""type"":""MultiPoint"",""coordinates"":[]}"
20160216,2016-02-16,2.012889292741757E7,"{""type"":""MultiPoint"",""coordinates"":[]}"
20160217,2016-02-17,1.80495147136235E7,"{""type"":""MultiPoint"",""coordinates"":[]}"
20160218,2016-02-18,1.9245470755523443E7,"{""type"":""MultiPoint"",""coordinates"":[]}"
20160219,2016-02-19,1.6128736331587505E7,"{""type"":""MultiPoint"",""coordinates"":[]}"
20160220,2016-02-20,1.4698287698513027E7,"{""type"":""MultiPoint"",""coordinates"":[]}"
20160221,2016-02-21,1.5186157800814714E7,"{""type"":""MultiPoint"",""coordinates"":[]}"
20160222,2016-02-22,9191641.703329118,"{""type"":""MultiPoint"",""coordinates"":[]}"
20160223,2016-02-23,8249773.18343266,"{""type"":""MultiPoint"",""coordinates"":[]}"
20160224,2016-02-24,1.657470735596893E7,"{""type"":""MultiPoint"",""coordinates"":[]}"
20160225,2016-02-25,1.9533512985692203E7,"{""type"":""MultiPoint"",""coordinates"":[]}"
20160226,2016-02-26,1.923561019581402E7,"{""type"":""MultiPoint"",""coordinates"":[]}"
20160227,2016-02-27,1.7275547941966157E7,"{""type"":""MultiPoint"",""coordinates"":[]}"
20160228,2016-02-28,1.7645812171733584E7,"{""type"":""MultiPoint"",""coordinates"":[]}"
20160229,2016-02-29,2.0980030679589815E7,"{""type"":""MultiPoint"",""coordinates"":[]}"
20160301,2016-03-01,1.7072371069813166E7,"{""type"":""MultiPoint"",""coordinates"":[]}"
20160302,2016-03-02,1.9838095945096612E7,"{""type"":""MultiPoint"",""coordinates"":[]}"
20160303,2016-03-03,2.0223733133611068E7,"{""type"":""MultiPoint"",""coordinates"":[]}"
20160304,2016-03-04,1.1544672352177346E7,"{""type"":""MultiPoint"",""coordinates"":[]}"
20160305,2016-03-05,1.316423859985412E7,"{""type"":""MultiPoint"",""coordinates"":[]}"
20160306,2016-03-06,1.2458296102186391E7,"{""type"":""MultiPoint"",""coordinates"":[]}"
20160307,2016-03-07,1.2217153312279329E7,"{""type"":""MultiPoint"",""coordinates"":[]}"
20160308,2016-03-08,1.3648624316385355E7,"{""type"":""MultiPoint"",""coordinates"":[]}"
20160309,2016-03-09,1.3413741367396822E7,"{""type"":""MultiPoint"",""coordinates"":[]}"
20160310,2016-03-10,1.2321247801967677E7,"{""type"":""MultiPoint"",""coordinates"":[]}"
20160311,2016-03-11,1.2932061050311051E7,"{""type"":""MultiPoint"",""coordinates"":[]}"
20160312,2016-03-12,1.05547239395857E7,"{""type"":""MultiPoint"",""coordinates"":[]}"
20160313,2016-03-13,6204794.902481917,"{""type"":""MultiPoint"",""coordinates"":[]}"
20160314,2016-03-14,1.3630346721404128E7,"{""type"":""MultiPoint"",""coordinates"":[]}"
20160315,2016-03-15,1.313219974585801E7,"{""type"":""MultiPoint"",""coordinates"":[]}"
20160316,2016-03-16,1.3447280462306956E7,"{""type"":""MultiPoint"",""coordinates"":[]}"
20160317,2016-03-17,1.3957807433642419E7,"{""type"":""MultiPoint"",""coordinates"":[]}"
20160318,2016-03-18,1.3032092129230244E7,"{""type"":""MultiPoint"",""coordinates"":[]}"
20160319,2016-03-19,1.2921103879913498E7,"{""type"":""MultiPoint"",""coordinates"":[]}"
20160320,2016-03-20,1.468008275895101E7,"{""type"":""MultiPoint"",""coordinates"":[]}"
20160321,2016-03-21,2.088332432002889E7,"{""type"":""MultiPoint"",""coordinates"":[]}"
20160322,2016-03-22,2.227333306082314E7,"{""type"":""MultiPoint"",""coordinates"":[]}"
20160323,2016-03-23,2.017863950498665E7,"{""type"":""MultiPoint"",""coordinates"":[]}"
20160324,2016-03-24,1.964581773282764E7,"{""type"":""MultiPoint"",""coordinates"":[]}"
20160325,2016-03-25,2.069846771577066E7,"{""type"":""MultiPoint"",""coordinates"":[]}"
20160326,2016-03-26,1.4004005638552755E7,"{""type"":""MultiPoint"",""coordinates"":[]}"
20160327,2016-03-27,1.6998132171051312E7,"{""type"":""MultiPoint"",""coordinates"":[]}"
20160328,2016-03-28,1.812215911187365E7,"{""type"":""MultiPoint"",""coordinates"":[]}"
20160329,2016-03-29,1.6121850062207764E7,"{""type"":""MultiPoint"",""coordinates"":[]}"
20160330,2016-03-30,1.5170157467421185E7,"{""type"":""MultiPoint"",""coordinates"":[]}"
20160331,2016-03-31,4832784.435133343,"{""type"":""MultiPoint"",""coordinates"":[]}"
20160401,2016-04-01,1.6089007543595608E7,"{""type"":""MultiPoint"",""coordinates"":[]}"
20160402,2016-04-02,2.0721531092207976E7,"{""type"":""MultiPoint"",""coordinates"":[]}"
20160403,2016-04-03,2.075901095354483E7,"{""type"":""MultiPoint"",""coordinates"":[]}"
20160404,2016-04-04,1.793414610450906E7,"{""type"":""MultiPoint"",""coordinates"":[]}"
20160405,2016-04-05,1.5855249800092297E7,"{""type"":""MultiPoint"",""coordinates"":[]}"
20160406,2016-04-06,1.997562456926133E7,"{""type"":""MultiPoint"",""coordinates"":[]}"
20160407,2016-04-07,2.067770805309734E7,"{""type"":""MultiPoint"",""coordinates"":[]}"
20160408,2016-04-08,2.1530649550297987E7,"{""type"":""MultiPoint"",""coordinates"":[]}"
20160409,2016-04-09,1.995534269399795E7,"{""type"":""MultiPoint"",""coordinates"":[]}"
20160410,2016-04-10,2.2078933291794598E7,"{""type"":""MultiPoint"",""coordinates"":[]}"
20160411,2016-04-11,1.1967125027311206E7,"{""type"":""MultiPoint"",""coordinates"":[]}"
20160412,2016-04-12,1.268001079188489E7,"{""type"":""MultiPoint"",""coordinates"":[]}"
20160413,2016-04-13,9638961.0677262,"{""type"":""MultiPoint"",""coordinates"":[]}"
20160414,2016-04-14,1.2379155184997898E7,"{""type"":""MultiPoint"",""coordinates"":[]}"
20160415,2016-04-15,2.060562485810607E7,"{""type"":""MultiPoint"",""coordinates"":[]}"
20160416,2016-04-16,2.024217868845944E7,"{""type"":""MultiPoint"",""coordinates"":[]}"
20160417,2016-04-17,1.911513901647503E7,"{""type"":""MultiPoint"",""coordinates"":[]}"
20160418,2016-04-18,1.9138039086669475E7,"{""type"":""MultiPoint"",""coordinates"":[]}"
20160419,2016-04-19,1.8962599828587476E7,"{""type"":""MultiPoint"",""coordinates"":[]}"
20160420,2016-04-20,1.3222173746914688E7,"{""type"":""MultiPoint"",""coordinates"":[]}"
20160421,2016-04-21,6635263.433668451,"{""type"":""MultiPoint"",""coordinates"":[]}"
20160422,2016-04-22,1.3951032146007665E7,"{""type"":""MultiPoint"",""coordinates"":[]}"
20160423,2016-04-23,1.3618192333554065E7,"{""type"":""MultiPoint"",""coordinates"":[]}"
20160424,2016-04-24,2.114358195143779E7,"{""type"":""MultiPoint"",""coordinates"":[]}"
20160425,2016-04-25,1.8264093401320398E7,"{""type"":""MultiPoint"",""coordinates"":[]}"
20160426,2016-04-26,1.6441362068870021E7,"{""type"":""MultiPoint"",""coordinates"":[]}"
20160427,2016-04-27,1.5244093265346255E7,"{""type"":""MultiPoint"",""coordinates"":[]}"
20160428,2016-04-28,1.2596035425922574E7,"{""type"":""MultiPoint"",""coordinates"":[]}"
20160429,2016-04-29,8915484.600044144,"{""type"":""MultiPoint"",""coordinates"":[]}"
20160430,2016-04-30,6641635.312182688,"{""type"":""MultiPoint"",""coordinates"":[]}"
20160501,2016-05-01,1.3302427019204138E7,"{""type"":""MultiPoint"",""coordinates"":[]}"
20160502,2016-05-02,1.3169583005719101E7,"{""type"":""MultiPoint"",""coordinates"":[]}"
20160503,2016-05-03,1.4415169042361487E7,"{""type"":""MultiPoint"",""coordinates"":[]}"
20160504,2016-05-04,2.072069294098288E7,"{""type"":""MultiPoint"",""coordinates"":[]}"
20160505,2016-05-05,1.852660464764312E7,"{""type"":""MultiPoint"",""coordinates"":[]}"
20160506,2016-05-06,1.7054790013404764E7,"{""type"":""MultiPoint"",""coordinates"":[]}"
20160507,2016-05-07,1.5818696489234028E7,"{""type"":""MultiPoint"",""coordinates"":[]}"
20160508,2016-05-08,1.644067180438665E7,"{""type"":""MultiPoint"",""coordinates"":[]}"
20160509,2016-05-09,1.368221923504504E7,"{""type"":""MultiPoint"",""coordinates"":[]}"
20160510,2016-05-10,1.4276953246402983E7,"{""type"":""MultiPoint"",""coordinates"":[]}"
20160511,2016-05-11,1.2548888433688518E7,"{""type"":""MultiPoint"",""coordinates"":[]}"
20160512,2016-05-12,1.2873671926634958E7,"{""type"":""MultiPoint"",""coordinates"":[]}"
20160513,2016-05-13,2.0304105290751103E7,"{""type"":""MultiPoint"",""coordinates"":[]}"
20160514,2016-05-14,2.0275967657335497E7,"{""type"":""MultiPoint"",""coordinates"":[]}"
20160515,2016-05-15,1.710872974868058E7,"{""type"":""MultiPoint"",""coordinates"":[]}"
20160516,2016-05-16,1.6587298721650299E7,"{""type"":""MultiPoint"",""coordinates"":[]}"
20160517,2016-05-17,1.840398230586157E7,"{""type"":""MultiPoint"",""coordinates"":[]}"
20160518,2016-05-18,1.917426178580459E7,"{""type"":""MultiPoint"",""coordinates"":[]}"
20160519,2016-05-19,9220246.462223824,"{""type"":""MultiPoint"",""coordinates"":[]}"
20160520,2016-05-20,1.6825008131037664E7,"{""type"":""MultiPoint"",""coordinates"":[]}"
20160521,2016-05-21,1.950430086737703E7,"{""type"":""MultiPoint"",""coordinates"":[]}"
20160522,2016-05-22,2.03966662008709E7,"{""type"":""MultiPoint"",""coordinates"":[]}"
20160523,2016-05-23,1.7677839787048735E7,"{""type"":""MultiPoint"",""coordinates"":[]}"
20160524,2016-05-24,4523241.04179961,"{""type"":""MultiPoint"",""coordinates"":[]}"
20160525,2016-05-25,1.82250802231453E7,"{""type"":""MultiPoint"",""coordinates"":[]}"
20160526,2016-05-26,1.7587253689723663E7,"{""type"":""MultiPoint"",""coordinates"":[]}"
20160527,2016-05-27,1.710232298797984E7,"{""type"":""MultiPoint"",""coordinates"":[]}"
20160528,2016-05-28,1.742075224297152E7,"{""type"":""MultiPoint"",""coordinates"":[]}"
20160529,2016-05-29,1.329552454477956E7,"{""type"":""MultiPoint"",""coordinates"":[]}"
20160530,2016-05-30,1.250094086705596E7,"{""type"":""MultiPoint"",""coordinates"":[]}"
20160531,2016-05-31,1.3324151497280918E7,"{""type"":""MultiPoint"",""coordinates"":[]}"
20160601,2016-06-01,8254907.398149818,"{""type"":""MultiPoint"",""coordinates"":[]}"
20160602,2016-06-02,1.6520417414805451E7,"{""type"":""MultiPoint"",""coordinates"":[]}"
20160603,2016-06-03,1.905151012397406E7,"{""type"":""MultiPoint"",""coordinates"":[]}"
20160604,2016-06-04,1.2861838479080126E7,"{""type"":""MultiPoint"",""coordinates"":[]}"
20160605,2016-06-05,1.8663839364918828E7,"{""type"":""MultiPoint"",""coordinates"":[]}"
20160606,2016-06-06,2.0501551114402097E7,"{""type"":""MultiPoint"",""coordinates"":[]}"
20160607,2016-06-07,1.8346281921778735E7,"{""type"":""MultiPoint"",""coordinates"":[]}"
20160608,2016-06-08,1.0532516350691304E7,"{""type"":""MultiPoint"",""coordinates"":[]}"
20160609,2016-06-09,1.2412455433869122E7,"{""type"":""MultiPoint"",""coordinates"":[]}"
20160610,2016-06-10,1.433859801577267E7,"{""type"":""MultiPoint"",""coordinates"":[]}"
20160611,2016-06-11,1.759044847679248E7,"{""type"":""MultiPoint"",""coordinates"":[]}"
20160612,2016-06-12,1.8442118975618556E7,"{""type"":""MultiPoint"",""coordinates"":[]}"
20160613,2016-06-13,1.44081337364397E7,"{""type"":""MultiPoint"",""coordinates"":[]}"
20160614,2016-06-14,1.8814664965063307E7,"{""type"":""MultiPoint"",""coordinates"":[]}"
20160615,2016-06-15,1.472712547396303E7,"{""type"":""MultiPoint"",""coordinates"":[]}"
20160616,2016-06-16,1.344698181622618E7,"{""type"":""MultiPoint"",""coordinates"":[]}"
20160617,2016-06-17,1.5960254339895241E7,"{""type"":""MultiPoint"",""coordinates"":[]}"
20160618,2016-06-18,1.771597257801055E7,"{""type"":""MultiPoint"",""coordinates"":[]}"
20160619,2016-06-19,1.808994971051312E7,"{""type"":""MultiPoint"",""coordinates"":[]}"
20160620,2016-06-20,1.7211137445467856E7,"{""type"":""MultiPoint"",""coordinates"":[]}"
20160621,2016-06-21,7811880.367065994,"{""type"":""MultiPoint"",""coordinates"":[]}"
20160622,2016-06-22,1.2891349020207489E7,"{""type"":""MultiPoint"",""coordinates"":[]}"
20160623,2016-06-23,1.5390735160797045E7,"{""type"":""MultiPoint"",""coordinates"":[]}"
20160624,2016-06-24,1.7385986517127197E7,"{""type"":""MultiPoint"",""coordinates"":[]}"
20160625,2016-06-25,1.7455538752473257E7,"{""type"":""MultiPoint"",""coordinates"":[]}"
20160626,2016-06-26,1.944023613452932E7,"{""type"":""MultiPoint"",""coordinates"":[]}"
20160627,2016-06-27,2.0649482047077227E7,"{""type"":""MultiPoint"",""coordinates"":[]}"
20160628,2016-06-28,1.8268912654586304E7,"{""type"":""MultiPoint"",""coordinates"":[]}"
20160629,2016-06-29,1.60035027702125E7,"{""type"":""MultiPoint"",""coordinates"":[]}"
20160630,2016-06-30,1.827592557999719E7,"{""type"":""MultiPoint"",""coordinates"":[]}"
20160701,2016-07-01,2.0234093387353774E7,"{""type"":""MultiPoint"",""coordinates"":[]}"
20160702,2016-07-02,1.7791737468585078E7,"{""type"":""MultiPoint"",""coordinates"":[]}"
20160703,2016-07-03,1.220657086741717E7,"{""type"":""MultiPoint"",""coordinates"":[]}"
20160704,2016-07-04,1.4924215694740433E7,"{""type"":""MultiPoint"",""coordinates"":[]}"
20160705,2016-07-05,6956625.503060218,"{""type"":""MultiPoint"",""coordinates"":[]}"
20160706,2016-07-06,1.773897914518492E7,"{""type"":""MultiPoint"",""coordinates"":[]}"
20160707,2016-07-07,2.1712119400236793E7,"{""type"":""MultiPoint"",""coordinates"":[]}"
20160708,2016-07-08,1.9017963553147502E7,"{""type"":""MultiPoint"",""coordinates"":[]}"
20160709,2016-07-09,1.9623146472096797E7,"{""type"":""MultiPoint"",""coordinates"":[]}"
20160710,2016-07-10,2.1612582418557968E7,"{""type"":""MultiPoint"",""coordinates"":[]}"
20160711,2016-07-11,1.7433572122609515E7,"{""type"":""MultiPoint"",""coordinates"":[]}"
20160712,2016-07-12,1.9602743369975712E7,"{""type"":""MultiPoint"",""coordinates"":[]}"
20160713,2016-07-13,2.029452463748922E7,"{""type"":""MultiPoint"",""coordinates"":[]}"
20160714,2016-07-14,1.6038030950133441E7,"{""type"":""MultiPoint"",""coordinates"":[]}"
20160715,2016-07-15,1.5409209097505657E7,"{""type"":""MultiPoint"",""coordinates"":[]}"
20160716,2016-07-16,1.8133973577308197E7,"{""type"":""MultiPoint"",""coordinates"":[]}"
20160717,2016-07-17,1.4389395638913967E7,"{""type"":""MultiPoint"",""coordinates"":[]}"
20160718,2016-07-18,1.807939519735918E7,"{""type"":""MultiPoint"",""coordinates"":[]}"
20160719,2016-07-19,1.840534678405876E7,"{""type"":""MultiPoint"",""coordinates"":[]}"
20160720,2016-07-20,2.0069544919551294E7,"{""type"":""MultiPoint"",""coordinates"":[]}"
20160721,2016-07-21,1.910647280083477E7,"{""type"":""MultiPoint"",""coordinates"":[]}"
20160722,2016-07-22,1.95621935750607E7,"{""type"":""MultiPoint"",""coordinates"":[]}"
20160723,2016-07-23,1.6549874323801491E7,"{""type"":""MultiPoint"",""coordinates"":[]}"
20160724,2016-07-24,1.660212626677101E7,"{""type"":""MultiPoint"",""coordinates"":[]}"
20160725,2016-07-25,1.4758399019926552E7,"{""type"":""MultiPoint"",""coordinates"":[]}"
20160726,2016-07-26,1.803124373651997E7,"{""type"":""MultiPoint"",""coordinates"":[]}"
20160727,2016-07-27,1.9205274490678854E7,"{""type"":""MultiPoint"",""coordinates"":[]}"
20160728,2016-07-28,2.065548589412638E7,"{""type"":""MultiPoint"",""coordinates"":[]}"
20160729,2016-07-29,2.162508280765757E7,"{""type"":""MultiPoint"",""coordinates"":[]}"
20160730,2016-07-30,2.1064376248790953E7,"{""type"":""MultiPoint"",""coordinates"":[]}"
20160731,2016-07-31,1.7052081926434282E7,"{""type"":""MultiPoint"",""coordinates"":[]}"
20160801,2016-08-01,1.7798438837637708E7,"{""type"":""MultiPoint"",""coordinates"":[]}"
20160802,2016-08-02,1.858729150302008E7,"{""type"":""MultiPoint"",""coordinates"":[]}"
20160803,2016-08-03,1.8062682636004247E7,"{""type"":""MultiPoint"",""coordinates"":[]}"
20160804,2016-08-04,1.5647091836253077E7,"{""type"":""MultiPoint"",""coordinates"":[]}"
20160805,2016-08-05,1.913773111303754E7,"{""type"":""MultiPoint"",""coordinates"":[]}"
20160806,2016-08-06,1.948793448983605E7,"{""type"":""MultiPoint"",""coordinates"":[]}"
20160807,2016-08-07,1.865878729929965E7,"{""type"":""MultiPoint"",""coordinates"":[]}"
20160808,2016-08-08,2.2050827787490215E7,"{""type"":""MultiPoint"",""coordinates"":[]}"
20160809,2016-08-09,2.075501083085505E7,"{""type"":""MultiPoint"",""coordinates"":[]}"
20160810,2016-08-10,2.2779747886500914E7,"{""type"":""MultiPoint"",""coordinates"":[]}"
20160811,2016-08-11,2.1912483556277957E7,"{""type"":""MultiPoint"",""coordinates"":[]}"
20160812,2016-08-12,2.1560187149358846E7,"{""type"":""MultiPoint"",""coordinates"":[]}"
20160813,2016-08-13,2.06262498953304E7,"{""type"":""MultiPoint"",""coordinates"":[]}"
20160814,2016-08-14,2.1006296445929397E7,"{""type"":""MultiPoint"",""coordinates"":[]}"
20160815,2016-08-15,2.0137413569522202E7,"{""type"":""MultiPoint"",""coordinates"":[]}"
20160816,2016-08-16,1.6354380833182821E7,"{""type"":""MultiPoint"",""coordinates"":[]}"
20160817,2016-08-17,1.9644582460056577E7,"{""type"":""MultiPoint"",""coordinates"":[]}"
20160818,2016-08-18,2.1437844597515695E7,"{""type"":""MultiPoint"",""coordinates"":[]}"
20160819,2016-08-19,2.3414612818092432E7,"{""type"":""MultiPoint"",""coordinates"":[]}"
20160820,2016-08-20,2.3370236548792955E7,"{""type"":""MultiPoint"",""coordinates"":[]}"
20160821,2016-08-21,2.31685279516786E7,"{""type"":""MultiPoint"",""coordinates"":[]}"
20160822,2016-08-22,2.1611254957879312E7,"{""type"":""MultiPoint"",""coordinates"":[]}"
20160823,2016-08-23,1.925971236851082E7,"{""type"":""MultiPoint"",""coordinates"":[]}"
20160824,2016-08-24,1.9456398982882813E7,"{""type"":""MultiPoint"",""coordinates"":[]}"
20160825,2016-08-25,2.131233005418096E7,"{""type"":""MultiPoint"",""coordinates"":[]}"
20160826,2016-08-26,2.2544445864989053E7,"{""type"":""MultiPoint"",""coordinates"":[]}"
20160827,2016-08-27,2.2658531816667665E7,"{""type"":""MultiPoint"",""coordinates"":[]}"
20160828,2016-08-28,1.5911607369213162E7,"{""type"":""MultiPoint"",""coordinates"":[]}"
20160829,2016-08-29,2.1008959361025825E7,"{""type"":""MultiPoint"",""coordinates"":[]}"
20160830,2016-08-30,2.3107698412176657E7,"{""type"":""MultiPoint"",""coordinates"":[]}"
20160831,2016-08-31,2.4960377025585454E7,"{""type"":""MultiPoint"",""coordinates"":[]}"
20160901,2016-09-01,2.3553813736760773E7,"{""type"":""MultiPoint"",""coordinates"":[]}"
20160902,2016-09-02,2.1258665091605958E7,"{""type"":""MultiPoint"",""coordinates"":[]}"
20160903,2016-09-03,2.1516921606646188E7,"{""type"":""MultiPoint"",""coordinates"":[]}"
20160904,2016-09-04,1.9876852337366793E7,"{""type"":""MultiPoint"",""coordinates"":[]}"
20160905,2016-09-05,2.3058542160977647E7,"{""type"":""MultiPoint"",""coordinates"":[]}"
20160906,2016-09-06,2.382538487696906E7,"{""type"":""MultiPoint"",""coordinates"":[]}"
20160907,2016-09-07,2.1564227634138018E7,"{""type"":""MultiPoint"",""coordinates"":[]}"
20160908,2016-09-08,1.4607422747938108E7,"{""type"":""MultiPoint"",""coordinates"":[]}"
20160909,2016-09-09,2.0054022166074682E7,"{""type"":""MultiPoint"",""coordinates"":[]}"
20160910,2016-09-10,1.87242696875163E7,"{""type"":""MultiPoint"",""coordinates"":[]}"
20160911,2016-09-11,1.7404612807938512E7,"{""type"":""MultiPoint"",""coordinates"":[]}"
20160912,2016-09-12,1.8018560925691795E7,"{""type"":""MultiPoint"",""coordinates"":[]}"
20160913,2016-09-13,2.35763381767102E7,"{""type"":""MultiPoint"",""coordinates"":[]}"
20160914,2016-09-14,1.9856169299058847E7,"{""type"":""MultiPoint"",""coordinates"":[]}"
20160915,2016-09-15,1.801632902161217E7,"{""type"":""MultiPoint"",""coordinates"":[]}"
20160916,2016-09-16,2.0242791099271566E7,"{""type"":""MultiPoint"",""coordinates"":[]}"
20160917,2016-09-17,2.204937571087432E7,"{""type"":""MultiPoint"",""coordinates"":[]}"
20160918,2016-09-18,2.3975390640459128E7,"{""type"":""MultiPoint"",""coordinates"":[]}"
20160919,2016-09-19,2.199177604474946E7,"{""type"":""MultiPoint"",""coordinates"":[]}"
20160920,2016-09-20,2.250566262512792E7,"{""type"":""MultiPoint"",""coordinates"":[]}"
20160921,2016-09-21,2.3917697293038752E7,"{""type"":""MultiPoint"",""coordinates"":[]}"
20160922,2016-09-22,1.5898453245547082E7,"{""type"":""MultiPoint"",""coordinates"":[]}"
20160923,2016-09-23,1.5146439956337884E7,"{""type"":""MultiPoint"",""coordinates"":[]}"
20160924,2016-09-24,1.46788558807414E7,"{""type"":""MultiPoint"",""coordinates"":[]}"
20160925,2016-09-25,1.5807142236903042E7,"{""type"":""MultiPoint"",""coordinates"":[]}"
20160926,2016-09-26,1.6229277818753015E7,"{""type"":""MultiPoint"",""coordinates"":[]}"
20160927,2016-09-27,1.531113642576465E7,"{""type"":""MultiPoint"",""coordinates"":[]}"
20160928,2016-09-28,1.3944755284780249E7,"{""type"":""MultiPoint"",""coordinates"":[]}"
20160929,2016-09-29,1.5701281943191547E7,"{""type"":""MultiPoint"",""coordinates"":[]}"
20160930,2016-09-30,1.4518473997633152E7,"{""type"":""MultiPoint"",""coordinates"":[]}"
20161001,2016-10-01,1.5411359466654897E7,"{""type"":""MultiPoint"",""coordinates"":[]}"
20161002,2016-10-02,1.714560222596864E7,"{""type"":""MultiPoint"",""coordinates"":[]}"
20161003,2016-10-03,1.6087788517305937E7,"{""type"":""MultiPoint"",""coordinates"":[]}"
20161004,2016-10-04,1.3353308780071886E7,"{""type"":""MultiPoint"",""coordinates"":[]}"
20161005,2016-10-05,1.2393833147261934E7,"{""type"":""MultiPoint"",""coordinates"":[]}"
20161006,2016-10-06,1.5306475814495794E7,"{""type"":""MultiPoint"",""coordinates"":[]}"
20161007,2016-10-07,1.4316961886120034E7,"{""type"":""MultiPoint"",""coordinates"":[]}"
20161008,2016-10-08,1.1677546018205615E7,"{""type"":""MultiPoint"",""coordinates"":[]}"
20161009,2016-10-09,1.4189426622798217E7,"{""type"":""MultiPoint"",""coordinates"":[]}"
20161010,2016-10-10,2.5209912586799916E7,"{""type"":""MultiPoint"",""coordinates"":[]}"
20161011,2016-10-11,2.0336721272409845E7,"{""type"":""MultiPoint"",""coordinates"":[]}"
20161012,2016-10-12,2.228069592458812E7,"{""type"":""MultiPoint"",""coordinates"":[]}"
20161013,2016-10-13,2.423855593702967E7,"{""type"":""MultiPoint"",""coordinates"":[]}"
20161014,2016-10-14,2.3747759294363175E7,"{""type"":""MultiPoint"",""coordinates"":[]}"
20161015,2016-10-15,2.4482142705556553E7,"{""type"":""MultiPoint"",""coordinates"":[]}"
20161016,2016-10-16,2.3676769022093784E7,"{""type"":""MultiPoint"",""coordinates"":[]}"
20161017,2016-10-17,2.3154859699115038E7,"{""type"":""MultiPoint"",""coordinates"":[]}"
20161018,2016-10-18,2.412581810751911E7,"{""type"":""MultiPoint"",""coordinates"":[]}"
20161019,2016-10-19,2.2479498573475406E7,"{""type"":""MultiPoint"",""coordinates"":[]}"
20161020,2016-10-20,2.20770868653302E7,"{""type"":""MultiPoint"",""coordinates"":[]}"
20161021,2016-10-21,2.0632111950554848E7,"{""type"":""MultiPoint"",""coordinates"":[]}"
20161022,2016-10-22,1.8914979847410347E7,"{""type"":""MultiPoint"",""coordinates"":[]}"
20161023,2016-10-23,1.6809532926213548E7,"{""type"":""MultiPoint"",""coordinates"":[]}"
20161024,2016-10-24,1.6172252778199172E7,"{""type"":""MultiPoint"",""coordinates"":[]}"
20161025,2016-10-25,2.1922209932374123E7,"{""type"":""MultiPoint"",""coordinates"":[]}"
20161026,2016-10-26,2.3361842942227025E7,"{""type"":""MultiPoint"",""coordinates"":[]}"
20161027,2016-10-27,2.277757143724037E7,"{""type"":""MultiPoint"",""coordinates"":[]}"
20161028,2016-10-28,2.0963171325908534E7,"{""type"":""MultiPoint"",""coordinates"":[]}"
20161029,2016-10-29,2.156409887167137E7,"{""type"":""MultiPoint"",""coordinates"":[]}"
20161030,2016-10-30,2.039176484104911E7,"{""type"":""MultiPoint"",""coordinates"":[]}"
20161031,2016-10-31,2.293880992803963E7,"{""type"":""MultiPoint"",""coordinates"":[]}"
20161101,2016-11-01,2.4520778496096946E7,"{""type"":""MultiPoint"",""coordinates"":[]}"
20161102,2016-11-02,2.2618202962374315E7,"{""type"":""MultiPoint"",""coordinates"":[]}"
20161103,2016-11-03,2.185078596713021E7,"{""type"":""MultiPoint"",""coordinates"":[]}"
20161104,2016-11-04,2.1472166197098296E7,"{""type"":""MultiPoint"",""coordinates"":[]}"
20161105,2016-11-05,1.8333469229707215E7,"{""type"":""MultiPoint"",""coordinates"":[]}"
20161106,2016-11-06,1.6308317045652477E7,"{""type"":""MultiPoint"",""coordinates"":[]}"
20161107,2016-11-07,1.790624631380811E7,"{""type"":""MultiPoint"",""coordinates"":[]}"
20161108,2016-11-08,2.053445796054822E7,"{""type"":""MultiPoint"",""coordinates"":[]}"
20161109,2016-11-09,2.1916885078642666E7,"{""type"":""MultiPoint"",""coordinates"":[]}"
20161110,2016-11-10,1.9888695199245475E7,"{""type"":""MultiPoint"",""coordinates"":[]}"
20161111,2016-11-11,2.1403290440792233E7,"{""type"":""MultiPoint"",""coordinates"":[]}"
20161112,2016-11-12,2.2424051264985047E7,"{""type"":""MultiPoint"",""coordinates"":[]}"
20161113,2016-11-13,2.0626560926053002E7,"{""type"":""MultiPoint"",""coordinates"":[]}"
20161114,2016-11-14,1.5675500125699824E7,"{""type"":""MultiPoint"",""coordinates"":[]}"
20161115,2016-11-15,1.5660058475628594E7,"{""type"":""MultiPoint"",""coordinates"":[]}"
20161116,2016-11-16,1.9520592534746047E7,"{""type"":""MultiPoint"",""coordinates"":[]}"
20161117,2016-11-17,1.9773104246021703E7,"{""type"":""MultiPoint"",""coordinates"":[]}"
20161118,2016-11-18,1.6644679523287771E7,"{""type"":""MultiPoint"",""coordinates"":[]}"
20161119,2016-11-19,1.4125363920534585E7,"{""type"":""MultiPoint"",""coordinates"":[]}"
20161120,2016-11-20,1.6689498117793432E7,"{""type"":""MultiPoint"",""coordinates"":[]}"
20161121,2016-11-21,1.807082780390503E7,"{""type"":""MultiPoint"",""coordinates"":[]}"
20161122,2016-11-22,1.525892230040334E7,"{""type"":""MultiPoint"",""coordinates"":[]}"
20161123,2016-11-23,2.0213417620532576E7,"{""type"":""MultiPoint"",""coordinates"":[]}"
20161124,2016-11-24,2.0885362372805163E7,"{""type"":""MultiPoint"",""coordinates"":[]}"
20161125,2016-11-25,2.2121525199125074E7,"{""type"":""MultiPoint"",""coordinates"":[]}"
20161126,2016-11-26,2.070008044067184E7,"{""type"":""MultiPoint"",""coordinates"":[]}"
20161127,2016-11-27,2.1788176513796076E7,"{""type"":""MultiPoint"",""coordinates"":[]}"
20161128,2016-11-28,2.207881109232837E7,"{""type"":""MultiPoint"",""coordinates"":[]}"
20161129,2016-11-29,2.2101074907230143E7,"{""type"":""MultiPoint"",""coordinates"":[]}"
20161130,2016-11-30,2.0300134015291065E7,"{""type"":""MultiPoint"",""coordinates"":[]}"
20161201,2016-12-01,1.8948475403768573E7,"{""type"":""MultiPoint"",""coordinates"":[]}"
20161202,2016-12-02,1.832719382585836E7,"{""type"":""MultiPoint"",""coordinates"":[]}"
20161203,2016-12-03,1.9192179851905365E7,"{""type"":""MultiPoint"",""coordinates"":[]}"
20161204,2016-12-04,1.89373188565007E7,"{""type"":""MultiPoint"",""coordinates"":[]}"
20161205,2016-12-05,1.955361755206389E7,"{""type"":""MultiPoint"",""coordinates"":[]}"
20161206,2016-12-06,1.936546535010936E7,"{""type"":""MultiPoint"",""coordinates"":[]}"
20161207,2016-12-07,1.6535559130696524E7,"{""type"":""MultiPoint"",""coordinates"":[]}"
20161208,2016-12-08,1.7355612569261327E7,"{""type"":""MultiPoint"",""coordinates"":[]}"
20161209,2016-12-09,1.8383617263660617E7,"{""type"":""MultiPoint"",""coordinates"":[]}"
20161210,2016-12-10,1.8198918627255023E7,"{""type"":""MultiPoint"",""coordinates"":[]}"
20161211,2016-12-11,1.4879076227881115E7,"{""type"":""MultiPoint"",""coordinates"":[]}"
20161212,2016-12-12,1.5607436226275757E7,"{""type"":""MultiPoint"",""coordinates"":[]}"
20161213,2016-12-13,1.5985220157566274E7,"{""type"":""MultiPoint"",""coordinates"":[]}"
20161214,2016-12-14,1.787319884068789E7,"{""type"":""MultiPoint"",""coordinates"":[]}"
20161215,2016-12-15,1.6364764595107652E7,"{""type"":""MultiPoint"",""coordinates"":[]}"
20161216,2016-12-16,1.3666364155238494E7,"{""type"":""MultiPoint"",""coordinates"":[]}"
20161217,2016-12-17,1.6268419352075929E7,"{""type"":""MultiPoint"",""coordinates"":[]}"
20161218,2016-12-18,1.6446682719402798E7,"{""type"":""MultiPoint"",""coordinates"":[]}"
20161219,2016-12-19,1.328100084040695E7,"{""type"":""MultiPoint"",""coordinates"":[]}"
20161220,2016-12-20,1.250385715417494E7,"{""type"":""MultiPoint"",""coordinates"":[]}"
20161221,2016-12-21,1.5431796647201648E7,"{""type"":""MultiPoint"",""coordinates"":[]}"
20161222,2016-12-22,1.5250265670780396E7,"{""type"":""MultiPoint"",""coordinates"":[]}"
20161223,2016-12-23,9171161.834125975,"{""type"":""MultiPoint"",""coordinates"":[]}"
20161224,2016-12-24,1.0642421883410586E7,"{""type"":""MultiPoint"",""coordinates"":[]}"
20161225,2016-12-25,7623524.2916942565,"{""type"":""MultiPoint"",""coordinates"":[]}"
20161226,2016-12-26,1.338326502735134E7,"{""type"":""MultiPoint"",""coordinates"":[]}"
20161227,2016-12-27,1.4797090433166768E7,"{""type"":""MultiPoint"",""coordinates"":[]}"
20161228,2016-12-28,1.2828236945959494E7,"{""type"":""MultiPoint"",""coordinates"":[]}"
20161229,2016-12-29,1.6444102751670577E7,"{""type"":""MultiPoint"",""coordinates"":[]}"
20161230,2016-12-30,1.6071278862119481E7,"{""type"":""MultiPoint"",""coordinates"":[]}"
20161231,2016-12-31,1.7029729271286096E7,"{""type"":""MultiPoint"",""coordinates"":[]}"
20170101,2017-01-01,1.746931565653281E7,"{""type"":""MultiPoint"",""coordinates"":[]}"
20170102,2017-01-02,1.744368834972808E7,"{""type"":""MultiPoint"",""coordinates"":[]}"
20170103,2017-01-03,1.3992550842614328E7,"{""type"":""MultiPoint"",""coordinates"":[]}"
20170104,2017-01-04,1.3693541648706673E7,"{""type"":""MultiPoint"",""coordinates"":[]}"
20170105,2017-01-05,1.3835325599422073E7,"{""type"":""MultiPoint"",""coordinates"":[]}"
20170106,2017-01-06,1.4355318952019744E7,"{""type"":""MultiPoint"",""coordinates"":[]}"
20170107,2017-01-07,1.7568686749904674E7,"{""type"":""MultiPoint"",""coordinates"":[]}"
20170108,2017-01-08,1.76534942396404E7,"{""type"":""MultiPoint"",""coordinates"":[]}"
20170109,2017-01-09,1.654098705693014E7,"{""type"":""MultiPoint"",""coordinates"":[]}"
20170110,2017-01-10,1.947553925687797E7,"{""type"":""MultiPoint"",""coordinates"":[]}"
20170111,2017-01-11,1.8860067022976734E7,"{""type"":""MultiPoint"",""coordinates"":[]}"
20170112,2017-01-12,1.7390583718820848E7,"{""type"":""MultiPoint"",""coordinates"":[]}"
20170113,2017-01-13,1.730822968322195E7,"{""type"":""MultiPoint"",""coordinates"":[]}"
20170114,2017-01-14,1.4871612378865413E7,"{""type"":""MultiPoint"",""coordinates"":[]}"
20170115,2017-01-15,1.4577333660586352E7,"{""type"":""MultiPoint"",""coordinates"":[]}"
20170116,2017-01-16,1.4567767085023973E7,"{""type"":""MultiPoint"",""coordinates"":[]}"
20170117,2017-01-17,1.2831311941885889E7,"{""type"":""MultiPoint"",""coordinates"":[]}"
20170118,2017-01-18,1.3531395269560326E7,"{""type"":""MultiPoint"",""coordinates"":[]}"
20170119,2017-01-19,1.9103927924226917E7,"{""type"":""MultiPoint"",""coordinates"":[]}"
20170120,2017-01-20,1.9481803053157542E7,"{""type"":""MultiPoint"",""coordinates"":[]}"
20170121,2017-01-21,1.5536198872875398E7,"{""type"":""MultiPoint"",""coordinates"":[]}"
20170122,2017-01-22,1.6372880218650283E7,"{""type"":""MultiPoint"",""coordinates"":[]}"
20170123,2017-01-23,1.3602511819958657E7,"{""type"":""MultiPoint"",""coordinates"":[]}"
20170124,2017-01-24,1.5499729732827649E7,"{""type"":""MultiPoint"",""coordinates"":[]}"
20170125,2017-01-25,1.9506094163787037E7,"{""type"":""MultiPoint"",""coordinates"":[]}"
20170126,2017-01-26,1.8176319775971733E7,"{""type"":""MultiPoint"",""coordinates"":[]}"
20170127,2017-01-27,1.5564948997892957E7,"{""type"":""MultiPoint"",""coordinates"":[]}"
20170128,2017-01-28,1.6543340282222623E7,"{""type"":""MultiPoint"",""coordinates"":[]}"
20170129,2017-01-29,1.814056131093853E7,"{""type"":""MultiPoint"",""coordinates"":[]}"
20170130,2017-01-30,1.1617978644071192E7,"{""type"":""MultiPoint"",""coordinates"":[]}"
20170131,2017-01-31,1.715260102887644E7,"{""type"":""MultiPoint"",""coordinates"":[]}"
20170201,2017-02-01,1.0363134063532194E7,"{""type"":""MultiPoint"",""coordinates"":[]}"
20170202,2017-02-02,1.6208295900467549E7,"{""type"":""MultiPoint"",""coordinates"":[]}"
20170203,2017-02-03,1.9260402344871864E7,"{""type"":""MultiPoint"",""coordinates"":[]}"
20170204,2017-02-04,1.8034776326610878E7,"{""type"":""MultiPoint"",""coordinates"":[]}"
20170205,2017-02-05,1.3474054318222856E7,"{""type"":""MultiPoint"",""coordinates"":[]}"
20170206,2017-02-06,1.4916392834627649E7,"{""type"":""MultiPoint"",""coordinates"":[]}"
20170207,2017-02-07,1.760905825416892E7,"{""type"":""MultiPoint"",""coordinates"":[]}"
20170208,2017-02-08,1.9640430713543236E7,"{""type"":""MultiPoint"",""coordinates"":[]}"
20170209,2017-02-09,1.8973923029799525E7,"{""type"":""MultiPoint"",""coordinates"":[]}"
20170210,2017-02-10,1.9042129078080785E7,"{""type"":""MultiPoint"",""coordinates"":[]}"
20170211,2017-02-11,2.0122658795175884E7,"{""type"":""MultiPoint"",""coordinates"":[]}"
20170212,2017-02-12,2.09929495102442E7,"{""type"":""MultiPoint"",""coordinates"":[]}"
20170213,2017-02-13,2.0000524763991725E7,"{""type"":""MultiPoint"",""coordinates"":[]}"
20170214,2017-02-14,1.9760383411434185E7,"{""type"":""MultiPoint"",""coordinates"":[]}"
20170215,2017-02-15,1.7804481769590434E7,"{""type"":""MultiPoint"",""coordinates"":[]}"
20170216,2017-02-16,6072529.609214773,"{""type"":""MultiPoint"",""coordinates"":[]}"
20170217,2017-02-17,6990014.992394596,"{""type"":""MultiPoint"",""coordinates"":[]}"
20170218,2017-02-18,1.8064135697268877E7,"{""type"":""MultiPoint"",""coordinates"":[]}"
20170219,2017-02-19,1.936044837541387E7,"{""type"":""MultiPoint"",""coordinates"":[]}"
20170220,2017-02-20,1.7830538104268253E7,"{""type"":""MultiPoint"",""coordinates"":[]}"
20170221,2017-02-21,2.104503890076856E7,"{""type"":""MultiPoint"",""coordinates"":[]}"
20170222,2017-02-22,1.6032302590973852E7,"{""type"":""MultiPoint"",""coordinates"":[]}"
20170223,2017-02-23,1.3133623380049353E7,"{""type"":""MultiPoint"",""coordinates"":[]}"
20170224,2017-02-24,8787582.982642021,"{""type"":""MultiPoint"",""coordinates"":[]}"
20170225,2017-02-25,2.1681247993257478E7,"{""type"":""MultiPoint"",""coordinates"":[]}"
20170226,2017-02-26,2.1344144642706633E7,"{""type"":""MultiPoint"",""coordinates"":[]}"
20170227,2017-02-27,1.9461439448518045E7,"{""type"":""MultiPoint"",""coordinates"":[]}"
20170228,2017-02-28,1.7016057236088533E7,"{""type"":""MultiPoint"",""coordinates"":[]}"
20170301,2017-03-01,8863172.342343422,"{""type"":""MultiPoint"",""coordinates"":[]}"
20170302,2017-03-02,1.7649970616137892E7,"{""type"":""MultiPoint"",""coordinates"":[]}"
20170303,2017-03-03,1.9508384226650912E7,"{""type"":""MultiPoint"",""coordinates"":[]}"
20170304,2017-03-04,1.2578623255171452E7,"{""type"":""MultiPoint"",""coordinates"":[]}"
20170305,2017-03-05,1.2721582293146553E7,"{""type"":""MultiPoint"",""coordinates"":[]}"
20170306,2017-03-06,1.1431995970603183E7,"{""type"":""MultiPoint"",""coordinates"":[]}"
20170307,2017-03-07,1.0671537907341477E7,"{""type"":""MultiPoint"",""coordinates"":[]}"
20170308,2017-03-08,8994052.074160159,"{""type"":""MultiPoint"",""coordinates"":[]}"
20170309,2017-03-09,8968243.822694771,"{""type"":""MultiPoint"",""coordinates"":[]}"
20170310,2017-03-10,7158253.904187586,"{""type"":""MultiPoint"",""coordinates"":[]}"
20170311,2017-03-11,1.1419136836524004E7,"{""type"":""MultiPoint"",""coordinates"":[]}"
20170312,2017-03-12,1.3721894483546475E7,"{""type"":""MultiPoint"",""coordinates"":[]}"
20170313,2017-03-13,1.4684435032207444E7,"{""type"":""MultiPoint"",""coordinates"":[]}"
20170314,2017-03-14,1.4493147184051065E7,"{""type"":""MultiPoint"",""coordinates"":[]}"
20170315,2017-03-15,1.5378302134610409E7,"{""type"":""MultiPoint"",""coordinates"":[]}"
20170316,2017-03-16,1.397722801847629E7,"{""type"":""MultiPoint"",""coordinates"":[]}"
20170317,2017-03-17,1.3109783487561781E7,"{""type"":""MultiPoint"",""coordinates"":[]}"
20170318,2017-03-18,1.3516202877737077E7,"{""type"":""MultiPoint"",""coordinates"":[]}"
20170319,2017-03-19,1.1254707495254043E7,"{""type"":""MultiPoint"",""coordinates"":[]}"
20170320,2017-03-20,7162958.984255061,"{""type"":""MultiPoint"",""coordinates"":[]}"
20170321,2017-03-21,6230714.252193582,"{""type"":""MultiPoint"",""coordinates"":[]}"
20170322,2017-03-22,2.000973117038909E7,"{""type"":""MultiPoint"",""coordinates"":[]}"
20170323,2017-03-23,2.164817097292957E7,"{""type"":""MultiPoint"",""coordinates"":[]}"
20170324,2017-03-24,2.1466535279072095E7,"{""type"":""MultiPoint"",""coordinates"":[]}"
20170325,2017-03-25,2.263599528396844E7,"{""type"":""MultiPoint"",""coordinates"":[]}"
20170326,2017-03-26,2.0657067567756303E7,"{""type"":""MultiPoint"",""coordinates"":[]}"
20170327,2017-03-27,2.0966296004254203E7,"{""type"":""MultiPoint"",""coordinates"":[]}"
20170328,2017-03-28,1.9945389007244192E7,"{""type"":""MultiPoint"",""coordinates"":[]}"
20170329,2017-03-29,2.1682243745911326E7,"{""type"":""MultiPoint"",""coordinates"":[]}"
20170330,2017-03-30,2.4023453691730384E7,"{""type"":""MultiPoint"",""coordinates"":[]}"
20170331,2017-03-31,2.0922881006722443E7,"{""type"":""MultiPoint"",""coordinates"":[]}"
20170401,2017-04-01,2.1903610694800623E7,"{""type"":""MultiPoint"",""coordinates"":[]}"
20170402,2017-04-02,2.157854505062909E7,"{""type"":""MultiPoint"",""coordinates"":[]}"
20170403,2017-04-03,2.1921772398651484E7,"{""type"":""MultiPoint"",""coordinates"":[]}"
20170404,2017-04-04,2.2605463101278257E7,"{""type"":""MultiPoint"",""coordinates"":[]}"
20170405,2017-04-05,1.9853329355487324E7,"{""type"":""MultiPoint"",""coordinates"":[]}"
20170406,2017-04-06,1.469380087355768E7,"{""type"":""MultiPoint"",""coordinates"":[]}"
20170407,2017-04-07,1.005047171641282E7,"{""type"":""MultiPoint"",""coordinates"":[]}"
20170408,2017-04-08,1.88855598827283E7,"{""type"":""MultiPoint"",""coordinates"":[]}"
20170409,2017-04-09,2.155518185415286E7,"{""type"":""MultiPoint"",""coordinates"":[]}"
20170410,2017-04-10,1.739405342050448E7,"{""type"":""MultiPoint"",""coordinates"":[]}"
20170411,2017-04-11,1.861772912274999E7,"{""type"":""MultiPoint"",""coordinates"":[]}"
20170412,2017-04-12,1.5102219843116004E7,"{""type"":""MultiPoint"",""coordinates"":[]}"
20170413,2017-04-13,2.1225843966086727E7,"{""type"":""MultiPoint"",""coordinates"":[]}"
20170414,2017-04-14,1.8199843681937672E7,"{""type"":""MultiPoint"",""coordinates"":[]}"
20170415,2017-04-15,1.913302811811449E7,"{""type"":""MultiPoint"",""coordinates"":[]}"
20170416,2017-04-16,2.048261495418697E7,"{""type"":""MultiPoint"",""coordinates"":[]}"
20170417,2017-04-17,2.0643268041779537E7,"{""type"":""MultiPoint"",""coordinates"":[]}"
20170418,2017-04-18,2.023642434045711E7,"{""type"":""MultiPoint"",""coordinates"":[]}"
20170419,2017-04-19,2.1520478702385955E7,"{""type"":""MultiPoint"",""coordinates"":[]}"
20170420,2017-04-20,2.285573182798547E7,"{""type"":""MultiPoint"",""coordinates"":[]}"
20170421,2017-04-21,2.1270465841109302E7,"{""type"":""MultiPoint"",""coordinates"":[]}"
20170422,2017-04-22,2.2749275149840456E7,"{""type"":""MultiPoint"",""coordinates"":[]}"
20170423,2017-04-23,1.9808808260991704E7,"{""type"":""MultiPoint"",""coordinates"":[]}"
20170424,2017-04-24,1.9990719237854417E7,"{""type"":""MultiPoint"",""coordinates"":[]}"
20170425,2017-04-25,2.1919061467902794E7,"{""type"":""MultiPoint"",""coordinates"":[]}"
20170426,2017-04-26,1.8312504999698985E7,"{""type"":""MultiPoint"",""coordinates"":[]}"
20170427,2017-04-27,1.834431068741597E7,"{""type"":""MultiPoint"",""coordinates"":[]}"
20170428,2017-04-28,1.4803248341018995E7,"{""type"":""MultiPoint"",""coordinates"":[]}"
20170429,2017-04-29,1.156681760692713E7,"{""type"":""MultiPoint"",""coordinates"":[]}"
20170430,2017-04-30,1.0582593129813572E7,"{""type"":""MultiPoint"",""coordinates"":[]}"
20170501,2017-05-01,1.6550786419360662E7,"{""type"":""MultiPoint"",""coordinates"":[]}"
20170502,2017-05-02,1.393618067621857E7,"{""type"":""MultiPoint"",""coordinates"":[]}"
20170503,2017-05-03,1.6618245417976027E7,"{""type"":""MultiPoint"",""coordinates"":[]}"
20170504,2017-05-04,1.0184103080167755E7,"{""type"":""MultiPoint"",""coordinates"":[]}"
20170505,2017-05-05,1.5214533808119107E7,"{""type"":""MultiPoint"",""coordinates"":[]}"
20170506,2017-05-06,1.709380532438343E7,"{""type"":""MultiPoint"",""coordinates"":[]}"
20170507,2017-05-07,1.4344864156041175E7,"{""type"":""MultiPoint"",""coordinates"":[]}"
20170508,2017-05-08,1.7318180914414138E7,"{""type"":""MultiPoint"",""coordinates"":[]}"
20170509,2017-05-09,1.3174141316517165E7,"{""type"":""MultiPoint"",""coordinates"":[]}"
20170510,2017-05-10,1.69566008729958E7,"{""type"":""MultiPoint"",""coordinates"":[]}"
20170511,2017-05-11,1.3308416171292117E7,"{""type"":""MultiPoint"",""coordinates"":[]}"
20170512,2017-05-12,1.6554537707623458E7,"{""type"":""MultiPoint"",""coordinates"":[]}"
20170513,2017-05-13,1.349215620492444E7,"{""type"":""MultiPoint"",""coordinates"":[]}"
20170514,2017-05-14,1.8062976675456014E7,"{""type"":""MultiPoint"",""coordinates"":[]}"
20170515,2017-05-15,1.6139320285834681E7,"{""type"":""MultiPoint"",""coordinates"":[]}"
20170516,2017-05-16,1.5014773542913334E7,"{""type"":""MultiPoint"",""coordinates"":[]}"
20170517,2017-05-17,1.2374307160957603E7,"{""type"":""MultiPoint"",""coordinates"":[]}"
20170518,2017-05-18,1.903284861750245E7,"{""type"":""MultiPoint"",""coordinates"":[]}"
20170519,2017-05-19,2.0002613761322804E7,"{""type"":""MultiPoint"",""coordinates"":[]}"
20170520,2017-05-20,1.7321729471474722E7,"{""type"":""MultiPoint"",""coordinates"":[]}"
20170521,2017-05-21,1.113649662906106E7,"{""type"":""MultiPoint"",""coordinates"":[]}"
20170522,2017-05-22,1.1465531721630242E7,"{""type"":""MultiPoint"",""coordinates"":[]}"
20170523,2017-05-23,2.0025621361427158E7,"{""type"":""MultiPoint"",""coordinates"":[]}"
20170524,2017-05-24,1.4759594666506125E7,"{""type"":""MultiPoint"",""coordinates"":[]}"
20170525,2017-05-25,1.8030921878995836E7,"{""type"":""MultiPoint"",""coordinates"":[]}"
20170526,2017-05-26,1.5153924218248952E7,"{""type"":""MultiPoint"",""coordinates"":[]}"
20170527,2017-05-27,2.14282107453294E7,"{""type"":""MultiPoint"",""coordinates"":[]}"
20170528,2017-05-28,2.0644605302911714E7,"{""type"":""MultiPoint"",""coordinates"":[]}"
20170529,2017-05-29,1.5644793136756768E7,"{""type"":""MultiPoint"",""coordinates"":[]}"
20170530,2017-05-30,1.5924363533481823E7,"{""type"":""MultiPoint"",""coordinates"":[]}"
20170531,2017-05-31,1.8527836283346374E7,"{""type"":""MultiPoint"",""coordinates"":[]}"
20170601,2017-06-01,1.3857348151144817E7,"{""type"":""MultiPoint"",""coordinates"":[]}"
20170602,2017-06-02,1.2638103467501448E7,"{""type"":""MultiPoint"",""coordinates"":[]}"
20170603,2017-06-03,1.587749819597455E7,"{""type"":""MultiPoint"",""coordinates"":[]}"
20170604,2017-06-04,2.0579786136415627E7,"{""type"":""MultiPoint"",""coordinates"":[]}"
20170605,2017-06-05,1.5826498849196317E7,"{""type"":""MultiPoint"",""coordinates"":[]}"
20170606,2017-06-06,1.1810091612545896E7,"{""type"":""MultiPoint"",""coordinates"":[]}"
20170607,2017-06-07,1.0786278743322693E7,"{""type"":""MultiPoint"",""coordinates"":[]}"
20170608,2017-06-08,1.5791980089498911E7,"{""type"":""MultiPoint"",""coordinates"":[]}"
20170609,2017-06-09,9003578.826721247,"{""type"":""MultiPoint"",""coordinates"":[]}"
20170610,2017-06-10,8419459.55892681,"{""type"":""MultiPoint"",""coordinates"":[]}"
20170611,2017-06-11,1.8163836890574507E7,"{""type"":""MultiPoint"",""coordinates"":[]}"
20170612,2017-06-12,1.8878111257520102E7,"{""type"":""MultiPoint"",""coordinates"":[]}"
20170613,2017-06-13,2.170100431729978E7,"{""type"":""MultiPoint"",""coordinates"":[]}"
20170614,2017-06-14,2.1414598297032084E7,"{""type"":""MultiPoint"",""coordinates"":[]}"
20170615,2017-06-15,1.7852394071960337E7,"{""type"":""MultiPoint"",""coordinates"":[]}"
20170616,2017-06-16,1.9358399217466317E7,"{""type"":""MultiPoint"",""coordinates"":[]}"
20170617,2017-06-17,1.8574625508638844E7,"{""type"":""MultiPoint"",""coordinates"":[]}"
20170618,2017-06-18,1.727505314927859E7,"{""type"":""MultiPoint"",""coordinates"":[]}"
20170619,2017-06-19,1.4057797556879973E7,"{""type"":""MultiPoint"",""coordinates"":[]}"
20170620,2017-06-20,1.8467327055083983E7,"{""type"":""MultiPoint"",""coordinates"":[]}"
20170621,2017-06-21,1.3739092661890715E7,"{""type"":""MultiPoint"",""coordinates"":[]}"
20170622,2017-06-22,1.5396441395781916E7,"{""type"":""MultiPoint"",""coordinates"":[]}"
20170623,2017-06-23,1.0686969510244211E7,"{""type"":""MultiPoint"",""coordinates"":[]}"
20170624,2017-06-24,8583868.235988196,"{""type"":""MultiPoint"",""coordinates"":[]}"
20170625,2017-06-25,1.6932758237071816E7,"{""type"":""MultiPoint"",""coordinates"":[]}"
20170626,2017-06-26,1.7100337767985065E7,"{""type"":""MultiPoint"",""coordinates"":[]}"
20170627,2017-06-27,1.6575833166616498E7,"{""type"":""MultiPoint"",""coordinates"":[]}"
20170628,2017-06-28,1.0910437135552742E7,"{""type"":""MultiPoint"",""coordinates"":[]}"
20170629,2017-06-29,1.8020122975538295E7,"{""type"":""MultiPoint"",""coordinates"":[]}"
20170630,2017-06-30,1.9450195341721345E7,"{""type"":""MultiPoint"",""coordinates"":[]}"
20170701,2017-07-01,1.783851734136013E7,"{""type"":""MultiPoint"",""coordinates"":[]}"
20170702,2017-07-02,1.8534986767643917E7,"{""type"":""MultiPoint"",""coordinates"":[]}"
20170703,2017-07-03,1.9143560986093555E7,"{""type"":""MultiPoint"",""coordinates"":[]}"
20170704,2017-07-04,2.106846237986876E7,"{""type"":""MultiPoint"",""coordinates"":[]}"
20170705,2017-07-05,2.177003994702306E7,"{""type"":""MultiPoint"",""coordinates"":[]}"
20170706,2017-07-06,2.0847152510745883E7,"{""type"":""MultiPoint"",""coordinates"":[]}"
20170707,2017-07-07,1.9779925317119177E7,"{""type"":""MultiPoint"",""coordinates"":[]}"
20170708,2017-07-08,1.2919401132342014E7,"{""type"":""MultiPoint"",""coordinates"":[]}"
20170709,2017-07-09,1.668490873300824E7,"{""type"":""MultiPoint"",""coordinates"":[]}"
20170710,2017-07-10,1.8642705343728043E7,"{""type"":""MultiPoint"",""coordinates"":[]}"
20170711,2017-07-11,1.7430742016976696E7,"{""type"":""MultiPoint"",""coordinates"":[]}"
20170712,2017-07-12,1.5668271371500796E7,"{""type"":""MultiPoint"",""coordinates"":[]}"
20170713,2017-07-13,1.6278249164810464E7,"{""type"":""MultiPoint"",""coordinates"":[]}"
20170714,2017-07-14,1.2700929896574553E7,"{""type"":""MultiPoint"",""coordinates"":[]}"
20170715,2017-07-15,1.840323380482812E7,"{""type"":""MultiPoint"",""coordinates"":[]}"
20170716,2017-07-16,1.7188221653643154E7,"{""type"":""MultiPoint"",""coordinates"":[]}"
20170717,2017-07-17,1.5691227317199435E7,"{""type"":""MultiPoint"",""coordinates"":[]}"
20170718,2017-07-18,1.9114826620231565E7,"{""type"":""MultiPoint"",""coordinates"":[]}"
20170719,2017-07-19,1.7032193658700053E7,"{""type"":""MultiPoint"",""coordinates"":[]}"
20170720,2017-07-20,1.818372544903979E7,"{""type"":""MultiPoint"",""coordinates"":[]}"
20170721,2017-07-21,1.95652772695202E7,"{""type"":""MultiPoint"",""coordinates"":[]}"
20170722,2017-07-22,9753547.673348984,"{""type"":""MultiPoint"",""coordinates"":[]}"
20170723,2017-07-23,1.4514023078361725E7,"{""type"":""MultiPoint"",""coordinates"":[]}"
20170724,2017-07-24,2.0966011121826895E7,"{""type"":""MultiPoint"",""coordinates"":[]}"
20170725,2017-07-25,2.1073267743984904E7,"{""type"":""MultiPoint"",""coordinates"":[]}"
20170726,2017-07-26,1.8673688015050266E7,"{""type"":""MultiPoint"",""coordinates"":[]}"
20170727,2017-07-27,1.9830108347641118E7,"{""type"":""MultiPoint"",""coordinates"":[]}"
20170728,2017-07-28,1.867887809162603E7,"{""type"":""MultiPoint"",""coordinates"":[]}"
20170729,2017-07-29,1.9624631427367404E7,"{""type"":""MultiPoint"",""coordinates"":[]}"
20170730,2017-07-30,1.817568936186863E7,"{""type"":""MultiPoint"",""coordinates"":[]}"
20170731,2017-07-31,1.941193272759014E7,"{""type"":""MultiPoint"",""coordinates"":[]}"
20170801,2017-08-01,1.9800435990247417E7,"{""type"":""MultiPoint"",""coordinates"":[]}"
20170802,2017-08-02,1.908312852884634E7,"{""type"":""MultiPoint"",""coordinates"":[]}"
20170803,2017-08-03,2.0465906432283826E7,"{""type"":""MultiPoint"",""coordinates"":[]}"
20170804,2017-08-04,1.256774896357835E7,"{""type"":""MultiPoint"",""coordinates"":[]}"
20170805,2017-08-05,2.2250093689001255E7,"{""type"":""MultiPoint"",""coordinates"":[]}"
20170806,2017-08-06,2.2411223150041122E7,"{""type"":""MultiPoint"",""coordinates"":[]}"
20170807,2017-08-07,2.2707546219733905E7,"{""type"":""MultiPoint"",""coordinates"":[]}"
20170808,2017-08-08,2.266992549716051E7,"{""type"":""MultiPoint"",""coordinates"":[]}"
20170809,2017-08-09,2.320920384692873E7,"{""type"":""MultiPoint"",""coordinates"":[]}"
20170810,2017-08-10,1.9606300788232684E7,"{""type"":""MultiPoint"",""coordinates"":[]}"
20170811,2017-08-11,2.172037683984508E7,"{""type"":""MultiPoint"",""coordinates"":[]}"
20170812,2017-08-12,2.166014257279312E7,"{""type"":""MultiPoint"",""coordinates"":[]}"
20170813,2017-08-13,2.133666285678164E7,"{""type"":""MultiPoint"",""coordinates"":[]}"
20170814,2017-08-14,2.1794467037184186E7,"{""type"":""MultiPoint"",""coordinates"":[]}"
20170815,2017-08-15,2.1337925233118605E7,"{""type"":""MultiPoint"",""coordinates"":[]}"
20170816,2017-08-16,2.324509179451367E7,"{""type"":""MultiPoint"",""coordinates"":[]}"
20170817,2017-08-17,2.206093719844279E7,"{""type"":""MultiPoint"",""coordinates"":[]}"
20170818,2017-08-18,2.361098235610939E7,"{""type"":""MultiPoint"",""coordinates"":[]}"
20170819,2017-08-19,2.4065101097264864E7,"{""type"":""MultiPoint"",""coordinates"":[]}"
20170820,2017-08-20,2.4163045427608203E7,"{""type"":""MultiPoint"",""coordinates"":[]}"
20170821,2017-08-21,2.420036889699594E7,"{""type"":""MultiPoint"",""coordinates"":[]}"
20170822,2017-08-22,2.383457787751089E7,"{""type"":""MultiPoint"",""coordinates"":[]}"
20170823,2017-08-23,2.2731611019083735E7,"{""type"":""MultiPoint"",""coordinates"":[]}"
20170824,2017-08-24,2.2593430101177935E7,"{""type"":""MultiPoint"",""coordinates"":[]}"
20170825,2017-08-25,2.2244435300543807E7,"{""type"":""MultiPoint"",""coordinates"":[]}"
20170826,2017-08-26,2.046544240366825E7,"{""type"":""MultiPoint"",""coordinates"":[]}"
20170827,2017-08-27,2.295162408512431E7,"{""type"":""MultiPoint"",""coordinates"":[]}"
20170828,2017-08-28,2.3558024486866135E7,"{""type"":""MultiPoint"",""coordinates"":[]}"
20170829,2017-08-29,2.314202397507676E7,"{""type"":""MultiPoint"",""coordinates"":[]}"
20170830,2017-08-30,2.3162327974033266E7,"{""type"":""MultiPoint"",""coordinates"":[]}"
20170831,2017-08-31,2.1683279063231185E7,"{""type"":""MultiPoint"",""coordinates"":[]}"
20170901,2017-09-01,2.272765814801435E7,"{""type"":""MultiPoint"",""coordinates"":[]}"
20170902,2017-09-02,2.3356839219593443E7,"{""type"":""MultiPoint"",""coordinates"":[]}"
20170903,2017-09-03,2.273098399735116E7,"{""type"":""MultiPoint"",""coordinates"":[]}"
20170904,2017-09-04,2.2899507149960853E7,"{""type"":""MultiPoint"",""coordinates"":[]}"
20170905,2017-09-05,2.3414359103686318E7,"{""type"":""MultiPoint"",""coordinates"":[]}"
20170906,2017-09-06,2.0589708628739983E7,"{""type"":""MultiPoint"",""coordinates"":[]}"
20170907,2017-09-07,2.0532850031224284E7,"{""type"":""MultiPoint"",""coordinates"":[]}"
20170908,2017-09-08,2.3527259006401364E7,"{""type"":""MultiPoint"",""coordinates"":[]}"
20170909,2017-09-09,2.444610658744205E7,"{""type"":""MultiPoint"",""coordinates"":[]}"
20170910,2017-09-10,2.2824441370537583E7,"{""type"":""MultiPoint"",""coordinates"":[]}"
20170911,2017-09-11,2.181259560492042E7,"{""type"":""MultiPoint"",""coordinates"":[]}"
20170912,2017-09-12,1.980065092978547E7,"{""type"":""MultiPoint"",""coordinates"":[]}"
20170913,2017-09-13,2.3773018101338465E7,"{""type"":""MultiPoint"",""coordinates"":[]}"
20170914,2017-09-14,2.312102215704452E7,"{""type"":""MultiPoint"",""coordinates"":[]}"
20170915,2017-09-15,2.1211280990387894E7,"{""type"":""MultiPoint"",""coordinates"":[]}"
20170916,2017-09-16,2.0889186993678886E7,"{""type"":""MultiPoint"",""coordinates"":[]}"
20170917,2017-09-17,1.5463586603254868E7,"{""type"":""MultiPoint"",""coordinates"":[]}"
20170918,2017-09-18,2.0720234438785546E7,"{""type"":""MultiPoint"",""coordinates"":[]}"
20170919,2017-09-19,2.268243554632471E7,"{""type"":""MultiPoint"",""coordinates"":[]}"
20170920,2017-09-20,2.3333362342503954E7,"{""type"":""MultiPoint"",""coordinates"":[]}"
20170921,2017-09-21,2.3165095454618406E7,"{""type"":""MultiPoint"",""coordinates"":[]}"
20170922,2017-09-22,2.3773044862631172E7,"{""type"":""MultiPoint"",""coordinates"":[]}"
20170923,2017-09-23,1.432602114022391E7,"{""type"":""MultiPoint"",""coordinates"":[]}"
20170924,2017-09-24,1.2402878264461799E7,"{""type"":""MultiPoint"",""coordinates"":[]}"
20170925,2017-09-25,1.4219145650151026E7,"{""type"":""MultiPoint"",""coordinates"":[]}"
20170926,2017-09-26,1.3560104452564957E7,"{""type"":""MultiPoint"",""coordinates"":[]}"
20170927,2017-09-27,1.3524858973846152E7,"{""type"":""MultiPoint"",""coordinates"":[]}"
20170928,2017-09-28,1.4357114667117802E7,"{""type"":""MultiPoint"",""coordinates"":[]}"
20170929,2017-09-29,1.5617119949798455E7,"{""type"":""MultiPoint"",""coordinates"":[]}"
20170930,2017-09-30,1.504323958891537E7,"{""type"":""MultiPoint"",""coordinates"":[]}"
20171001,2017-10-01,1.4202383072149642E7,"{""type"":""MultiPoint"",""coordinates"":[]}"
20171002,2017-10-02,1.4047298528904803E7,"{""type"":""MultiPoint"",""coordinates"":[]}"
20171003,2017-10-03,1.4732367927986825E7,"{""type"":""MultiPoint"",""coordinates"":[]}"
20171004,2017-10-04,1.620357382366243E7,"{""type"":""MultiPoint"",""coordinates"":[]}"
20171005,2017-10-05,1.3751167585578403E7,"{""type"":""MultiPoint"",""coordinates"":[]}"
20171006,2017-10-06,1.4199484560081651E7,"{""type"":""MultiPoint"",""coordinates"":[]}"
20171007,2017-10-07,1.37305804654612E7,"{""type"":""MultiPoint"",""coordinates"":[]}"
20171008,2017-10-08,1.3466096335290108E7,"{""type"":""MultiPoint"",""coordinates"":[]}"
20171009,2017-10-09,1.3681124931353418E7,"{""type"":""MultiPoint"",""coordinates"":[]}"
20171010,2017-10-10,2.2534559522043604E7,"{""type"":""MultiPoint"",""coordinates"":[]}"
20171011,2017-10-11,2.177671888543735E7,"{""type"":""MultiPoint"",""coordinates"":[]}"
20171012,2017-10-12,2.033097361130174E7,"{""type"":""MultiPoint"",""coordinates"":[]}"
20171013,2017-10-13,2.3262573688278828E7,"{""type"":""MultiPoint"",""coordinates"":[]}"
20171014,2017-10-14,2.245131162049243E7,"{""type"":""MultiPoint"",""coordinates"":[]}"
20171015,2017-10-15,2.3699609956374288E7,"{""type"":""MultiPoint"",""coordinates"":[]}"
20171016,2017-10-16,2.2793758111973982E7,"{""type"":""MultiPoint"",""coordinates"":[]}"
20171017,2017-10-17,2.361017422294463E7,"{""type"":""MultiPoint"",""coordinates"":[]}"
20171018,2017-10-18,2.1428757774045303E7,"{""type"":""MultiPoint"",""coordinates"":[]}"
20171019,2017-10-19,2.2163159615836885E7,"{""type"":""MultiPoint"",""coordinates"":[]}"
20171020,2017-10-20,2.181071704661569E7,"{""type"":""MultiPoint"",""coordinates"":[]}"
20171021,2017-10-21,2.337788091457469E7,"{""type"":""MultiPoint"",""coordinates"":[]}"
20171022,2017-10-22,2.1199056257660575E7,"{""type"":""MultiPoint"",""coordinates"":[]}"
20171023,2017-10-23,1.938846420966027E7,"{""type"":""MultiPoint"",""coordinates"":[]}"
20171024,2017-10-24,1.5782617752172248E7,"{""type"":""MultiPoint"",""coordinates"":[]}"
20171025,2017-10-25,1.8165118828406878E7,"{""type"":""MultiPoint"",""coordinates"":[]}"
20171026,2017-10-26,1.9412658292456806E7,"{""type"":""MultiPoint"",""coordinates"":[]}"
20171027,2017-10-27,2.240850845263179E7,"{""type"":""MultiPoint"",""coordinates"":[]}"
20171028,2017-10-28,2.233444039299258E7,"{""type"":""MultiPoint"",""coordinates"":[]}"
20171029,2017-10-29,2.1925041561374977E7,"{""type"":""MultiPoint"",""coordinates"":[]}"
20171030,2017-10-30,1.8211549271767695E7,"{""type"":""MultiPoint"",""coordinates"":[]}"
20171031,2017-10-31,1.87957843278149E7,"{""type"":""MultiPoint"",""coordinates"":[]}"
20171101,2017-11-01,1.7485135331768103E7,"{""type"":""MultiPoint"",""coordinates"":[]}"
20171102,2017-11-02,2.061345805686994E7,"{""type"":""MultiPoint"",""coordinates"":[]}"
20171103,2017-11-03,1.9973716134047717E7,"{""type"":""MultiPoint"",""coordinates"":[]}"
20171104,2017-11-04,1.9779974142676532E7,"{""type"":""MultiPoint"",""coordinates"":[]}"
20171105,2017-11-05,2.021296206722452E7,"{""type"":""MultiPoint"",""coordinates"":[]}"
20171106,2017-11-06,1.7493567436437692E7,"{""type"":""MultiPoint"",""coordinates"":[]}"
20171107,2017-11-07,1.2694624159011096E7,"{""type"":""MultiPoint"",""coordinates"":[]}"
20171108,2017-11-08,1.4928806718359318E7,"{""type"":""MultiPoint"",""coordinates"":[]}"
20171109,2017-11-09,1.6497044202355854E7,"{""type"":""MultiPoint"",""coordinates"":[]}"
20171110,2017-11-10,1.986584108402062E7,"{""type"":""MultiPoint"",""coordinates"":[]}"
20171111,2017-11-11,1.732816751678606E7,"{""type"":""MultiPoint"",""coordinates"":[]}"
20171112,2017-11-12,1.786659905347862E7,"{""type"":""MultiPoint"",""coordinates"":[]}"
20171113,2017-11-13,2.299270709385347E7,"{""type"":""MultiPoint"",""coordinates"":[]}"
20171114,2017-11-14,1.789765720538598E7,"{""type"":""MultiPoint"",""coordinates"":[]}"
20171115,2017-11-15,1.8581927509882998E7,"{""type"":""MultiPoint"",""coordinates"":[]}"
20171116,2017-11-16,1.9654562001725767E7,"{""type"":""MultiPoint"",""coordinates"":[]}"
20171117,2017-11-17,2.04168034520097E7,"{""type"":""MultiPoint"",""coordinates"":[]}"
20171118,2017-11-18,2.217719841446431E7,"{""type"":""MultiPoint"",""coordinates"":[]}"
20171119,2017-11-19,1.9895542575963702E7,"{""type"":""MultiPoint"",""coordinates"":[]}"
20171120,2017-11-20,2.1192875632452384E7,"{""type"":""MultiPoint"",""coordinates"":[]}"
20171121,2017-11-21,1.8699956407200042E7,"{""type"":""MultiPoint"",""coordinates"":[]}"
20171122,2017-11-22,1.643207016041578E7,"{""type"":""MultiPoint"",""coordinates"":[]}"
20171123,2017-11-23,1.7666355585575815E7,"{""type"":""MultiPoint"",""coordinates"":[]}"
20171124,2017-11-24,1.8875315499367885E7,"{""type"":""MultiPoint"",""coordinates"":[]}"
20171125,2017-11-25,2.0894290535508588E7,"{""type"":""MultiPoint"",""coordinates"":[]}"
20171126,2017-11-26,1.9140873088916987E7,"{""type"":""MultiPoint"",""coordinates"":[]}"
20171127,2017-11-27,1.8716150892781883E7,"{""type"":""MultiPoint"",""coordinates"":[]}"
20171128,2017-11-28,1.7456088046073884E7,"{""type"":""MultiPoint"",""coordinates"":[]}"
20171129,2017-11-29,1.7791837383581154E7,"{""type"":""MultiPoint"",""coordinates"":[]}"
20171130,2017-11-30,1.707821199109023E7,"{""type"":""MultiPoint"",""coordinates"":[]}"
20171201,2017-12-01,1.7835046683201883E7,"{""type"":""MultiPoint"",""coordinates"":[]}"
20171202,2017-12-02,1.7962517517227534E7,"{""type"":""MultiPoint"",""coordinates"":[]}"
20171203,2017-12-03,2.1011060942989588E7,"{""type"":""MultiPoint"",""coordinates"":[]}"
20171204,2017-12-04,2.0742972514598753E7,"{""type"":""MultiPoint"",""coordinates"":[]}"
20171205,2017-12-05,1.388792526141312E7,"{""type"":""MultiPoint"",""coordinates"":[]}"
20171206,2017-12-06,1.6821661365119494E7,"{""type"":""MultiPoint"",""coordinates"":[]}"
20171207,2017-12-07,1.73315032661088E7,"{""type"":""MultiPoint"",""coordinates"":[]}"
20171208,2017-12-08,1.7194217987438034E7,"{""type"":""MultiPoint"",""coordinates"":[]}"
20171209,2017-12-09,1.6959952825236283E7,"{""type"":""MultiPoint"",""coordinates"":[]}"
20171210,2017-12-10,1.854556719828226E7,"{""type"":""MultiPoint"",""coordinates"":[]}"
20171211,2017-12-11,1.8747249963758957E7,"{""type"":""MultiPoint"",""coordinates"":[]}"
20171212,2017-12-12,1.721169264198423E7,"{""type"":""MultiPoint"",""coordinates"":[]}"
20171213,2017-12-13,1.2779752418036235E7,"{""type"":""MultiPoint"",""coordinates"":[]}"
20171214,2017-12-14,1.8512653583448704E7,"{""type"":""MultiPoint"",""coordinates"":[]}"
20171215,2017-12-15,1.7753064146248464E7,"{""type"":""MultiPoint"",""coordinates"":[]}"
20171216,2017-12-16,1.9239309166295424E7,"{""type"":""MultiPoint"",""coordinates"":[]}"
20171217,2017-12-17,1.8192421588425327E7,"{""type"":""MultiPoint"",""coordinates"":[]}"
20171218,2017-12-18,1.7951290932594866E7,"{""type"":""MultiPoint"",""coordinates"":[]}"
20171219,2017-12-19,1.7018429413200088E7,"{""type"":""MultiPoint"",""coordinates"":[]}"
20171220,2017-12-20,1.640539557594365E7,"{""type"":""MultiPoint"",""coordinates"":[]}"
20171221,2017-12-21,1.5002446328416904E7,"{""type"":""MultiPoint"",""coordinates"":[]}"
20171222,2017-12-22,1.7260774245740764E7,"{""type"":""MultiPoint"",""coordinates"":[]}"
20171223,2017-12-23,1.540997559512772E7,"{""type"":""MultiPoint"",""coordinates"":[]}"
20171224,2017-12-24,1.2541506042341424E7,"{""type"":""MultiPoint"",""coordinates"":[]}"
20171225,2017-12-25,1.4366175271807835E7,"{""type"":""MultiPoint"",""coordinates"":[]}"
20171226,2017-12-26,1.3341185879798517E7,"{""type"":""MultiPoint"",""coordinates"":[]}"
20171227,2017-12-27,1.215386669620531E7,"{""type"":""MultiPoint"",""coordinates"":[]}"
20171228,2017-12-28,1.3101939065037217E7,"{""type"":""MultiPoint"",""coordinates"":[]}"
20171229,2017-12-29,1.4298030417915836E7,"{""type"":""MultiPoint"",""coordinates"":[]}"
20171230,2017-12-30,1.3176698256416427E7,"{""type"":""MultiPoint"",""coordinates"":[]}"
20171231,2017-12-31,7917698.824714542,"{""type"":""MultiPoint"",""coordinates"":[]}"
20180101,2018-01-01,1.5184641633696537E7,"{""type"":""MultiPoint"",""coordinates"":[]}"
20180102,2018-01-02,1.628696338410289E7,"{""type"":""MultiPoint"",""coordinates"":[]}"
20180103,2018-01-03,1.8547186228001527E7,"{""type"":""MultiPoint"",""coordinates"":[]}"
20180104,2018-01-04,1.9501974805691E7,"{""type"":""MultiPoint"",""coordinates"":[]}"
20180105,2018-01-05,1.920648992209981E7,"{""type"":""MultiPoint"",""coordinates"":[]}"
20180106,2018-01-06,1.8324835238737375E7,"{""type"":""MultiPoint"",""coordinates"":[]}"
20180107,2018-01-07,1.827859999735114E7,"{""type"":""MultiPoint"",""coordinates"":[]}"
20180108,2018-01-08,1.8500303690405942E7,"{""type"":""MultiPoint"",""coordinates"":[]}"
20180109,2018-01-09,1.6464013379728278E7,"{""type"":""MultiPoint"",""coordinates"":[]}"
20180110,2018-01-10,1.814378573049986E7,"{""type"":""MultiPoint"",""coordinates"":[]}"
20180111,2018-01-11,1.9223856897317026E7,"{""type"":""MultiPoint"",""coordinates"":[]}"
20180112,2018-01-12,1.9688903631970774E7,"{""type"":""MultiPoint"",""coordinates"":[]}"
20180113,2018-01-13,1.9803838803764563E7,"{""type"":""MultiPoint"",""coordinates"":[]}"
20180114,2018-01-14,1.498173624505849E7,"{""type"":""MultiPoint"",""coordinates"":[]}"
20180115,2018-01-15,1.3524900900206681E7,"{""type"":""MultiPoint"",""coordinates"":[]}"
20180116,2018-01-16,1.3186726568017177E7,"{""type"":""MultiPoint"",""coordinates"":[]}"
20180117,2018-01-17,1.777591718234905E7,"{""type"":""MultiPoint"",""coordinates"":[]}"
20180118,2018-01-18,1.9655551661910772E7,"{""type"":""MultiPoint"",""coordinates"":[]}"
20180119,2018-01-19,1.7175490461100068E7,"{""type"":""MultiPoint"",""coordinates"":[]}"
20180120,2018-01-20,1.953201423755343E7,"{""type"":""MultiPoint"",""coordinates"":[]}"
20180121,2018-01-21,2.1279021867116153E7,"{""type"":""MultiPoint"",""coordinates"":[]}"
20180122,2018-01-22,2.0595130677663393E7,"{""type"":""MultiPoint"",""coordinates"":[]}"
20180123,2018-01-23,1.8721171028996833E7,"{""type"":""MultiPoint"",""coordinates"":[]}"
20180124,2018-01-24,1.3983281249774236E7,"{""type"":""MultiPoint"",""coordinates"":[]}"
20180125,2018-01-25,1.576236258776312E7,"{""type"":""MultiPoint"",""coordinates"":[]}"
20180126,2018-01-26,1.684875370971042E7,"{""type"":""MultiPoint"",""coordinates"":[]}"
20180127,2018-01-27,2.03781868975177E7,"{""type"":""MultiPoint"",""coordinates"":[]}"
20180128,2018-01-28,2.133929056737503E7,"{""type"":""MultiPoint"",""coordinates"":[]}"
20180129,2018-01-29,2.0810766565930206E7,"{""type"":""MultiPoint"",""coordinates"":[]}"
20180130,2018-01-30,1.936959282314931E7,"{""type"":""MultiPoint"",""coordinates"":[]}"
20180131,2018-01-31,2.021544805947865E7,"{""type"":""MultiPoint"",""coordinates"":[]}"
20180201,2018-02-01,1.3092276355386995E7,"{""type"":""MultiPoint"",""coordinates"":[]}"
20180202,2018-02-02,1.7764706434009586E7,"{""type"":""MultiPoint"",""coordinates"":[]}"
20180203,2018-02-03,1.9181803947223723E7,"{""type"":""MultiPoint"",""coordinates"":[]}"
20180204,2018-02-04,1.9737737738928013E7,"{""type"":""MultiPoint"",""coordinates"":[]}"
20180205,2018-02-05,2.2170257774687443E7,"{""type"":""MultiPoint"",""coordinates"":[]}"
20180206,2018-02-06,2.1118850707442854E7,"{""type"":""MultiPoint"",""coordinates"":[]}"
20180207,2018-02-07,2.0035323737362783E7,"{""type"":""MultiPoint"",""coordinates"":[]}"
20180208,2018-02-08,1.9031359474404506E7,"{""type"":""MultiPoint"",""coordinates"":[]}"
20180209,2018-02-09,1.1962976261874655E7,"{""type"":""MultiPoint"",""coordinates"":[]}"
20180210,2018-02-10,1.1623801567395093E7,"{""type"":""MultiPoint"",""coordinates"":[]}"
20180211,2018-02-11,1.5107979713282354E7,"{""type"":""MultiPoint"",""coordinates"":[]}"
20180212,2018-02-12,1.5369628075291468E7,"{""type"":""MultiPoint"",""coordinates"":[]}"
20180213,2018-02-13,9139886.440511305,"{""type"":""MultiPoint"",""coordinates"":[]}"
20180214,2018-02-14,1.2239746253366241E7,"{""type"":""MultiPoint"",""coordinates"":[]}"
20180215,2018-02-15,1.2673700072562348E7,"{""type"":""MultiPoint"",""coordinates"":[]}"
20180216,2018-02-16,7785171.909979325,"{""type"":""MultiPoint"",""coordinates"":[]}"
20180217,2018-02-17,6041460.835189533,"{""type"":""MultiPoint"",""coordinates"":[]}"
20180218,2018-02-18,1.4282238393072857E7,"{""type"":""MultiPoint"",""coordinates"":[]}"
20180219,2018-02-19,1.843822685304918E7,"{""type"":""MultiPoint"",""coordinates"":[]}"
20180220,2018-02-20,1.6049095354524111E7,"{""type"":""MultiPoint"",""coordinates"":[]}"
20180221,2018-02-21,1.036187012068308E7,"{""type"":""MultiPoint"",""coordinates"":[]}"
20180222,2018-02-22,1.6013583004675614E7,"{""type"":""MultiPoint"",""coordinates"":[]}"
20180223,2018-02-23,1.874153974498826E7,"{""type"":""MultiPoint"",""coordinates"":[]}"
20180224,2018-02-24,1.827624803254871E7,"{""type"":""MultiPoint"",""coordinates"":[]}"
20180225,2018-02-25,1.5334240772138938E7,"{""type"":""MultiPoint"",""coordinates"":[]}"
20180226,2018-02-26,2.133493390592578E7,"{""type"":""MultiPoint"",""coordinates"":[]}"
20180227,2018-02-27,2.1346199750807688E7,"{""type"":""MultiPoint"",""coordinates"":[]}"
20180228,2018-02-28,2.1232748652659878E7,"{""type"":""MultiPoint"",""coordinates"":[]}"
20180301,2018-03-01,1.945504549960869E7,"{""type"":""MultiPoint"",""coordinates"":[]}"
20180302,2018-03-02,1.782103302522424E7,"{""type"":""MultiPoint"",""coordinates"":[]}"
20180303,2018-03-03,1.869479704637489E7,"{""type"":""MultiPoint"",""coordinates"":[]}"
20180304,2018-03-04,9468734.572234232,"{""type"":""MultiPoint"",""coordinates"":[]}"
20180305,2018-03-05,1.3163140432856353E7,"{""type"":""MultiPoint"",""coordinates"":[]}"
20180306,2018-03-06,1.2657046459547814E7,"{""type"":""MultiPoint"",""coordinates"":[]}"
20180307,2018-03-07,1.4056956711108003E7,"{""type"":""MultiPoint"",""coordinates"":[]}"
20180308,2018-03-08,1.471658123678291E7,"{""type"":""MultiPoint"",""coordinates"":[]}"
20180309,2018-03-09,1.3593559355362343E7,"{""type"":""MultiPoint"",""coordinates"":[]}"
20180310,2018-03-10,1.2663944668084651E7,"{""type"":""MultiPoint"",""coordinates"":[]}"
20180311,2018-03-11,1.3760225793521073E7,"{""type"":""MultiPoint"",""coordinates"":[]}"
20180312,2018-03-12,1.3397160810595727E7,"{""type"":""MultiPoint"",""coordinates"":[]}"
20180313,2018-03-13,1.3912394390990118E7,"{""type"":""MultiPoint"",""coordinates"":[]}"
20180314,2018-03-14,1.3910950947880296E7,"{""type"":""MultiPoint"",""coordinates"":[]}"
20180315,2018-03-15,1.1613561380727502E7,"{""type"":""MultiPoint"",""coordinates"":[]}"
20180316,2018-03-16,1.2119765479590828E7,"{""type"":""MultiPoint"",""coordinates"":[]}"
20180317,2018-03-17,1.3725747590920974E7,"{""type"":""MultiPoint"",""coordinates"":[]}"
20180318,2018-03-18,1.4451049185902214E7,"{""type"":""MultiPoint"",""coordinates"":[]}"
20180319,2018-03-19,1.2523542076048894E7,"{""type"":""MultiPoint"",""coordinates"":[]}"
20180320,2018-03-20,7391034.95656555,"{""type"":""MultiPoint"",""coordinates"":[]}"
20180321,2018-03-21,1.06949829326952E7,"{""type"":""MultiPoint"",""coordinates"":[]}"
20180322,2018-03-22,2.286213025894488E7,"{""type"":""MultiPoint"",""coordinates"":[]}"
20180323,2018-03-23,2.084185341705296E7,"{""type"":""MultiPoint"",""coordinates"":[]}"
20180324,2018-03-24,1.9928744697770562E7,"{""type"":""MultiPoint"",""coordinates"":[]}"
20180325,2018-03-25,1.780973614175344E7,"{""type"":""MultiPoint"",""coordinates"":[]}"
20180326,2018-03-26,1.6056311781189166E7,"{""type"":""MultiPoint"",""coordinates"":[]}"
20180327,2018-03-27,2.1955802085525654E7,"{""type"":""MultiPoint"",""coordinates"":[]}"
20180328,2018-03-28,2.1132538286115617E7,"{""type"":""MultiPoint"",""coordinates"":[]}"
20180329,2018-03-29,2.150973584733007E7,"{""type"":""MultiPoint"",""coordinates"":[]}"
20180330,2018-03-30,1.9331714805209383E7,"{""type"":""MultiPoint"",""coordinates"":[]}"
20180331,2018-03-31,2.0785053974274073E7,"{""type"":""MultiPoint"",""coordinates"":[]}"
20180401,2018-04-01,1.9176615958300725E7,"{""type"":""MultiPoint"",""coordinates"":[]}"
20180402,2018-04-02,1.1745416266088732E7,"{""type"":""MultiPoint"",""coordinates"":[]}"
20180403,2018-04-03,2.003739485581843E7,"{""type"":""MultiPoint"",""coordinates"":[]}"
20180404,2018-04-04,2.2930888716994762E7,"{""type"":""MultiPoint"",""coordinates"":[]}"
20180405,2018-04-05,2.0975739110188022E7,"{""type"":""MultiPoint"",""coordinates"":[]}"
20180406,2018-04-06,1.4897768953263892E7,"{""type"":""MultiPoint"",""coordinates"":[]}"
20180407,2018-04-07,9747481.791383216,"{""type"":""MultiPoint"",""coordinates"":[]}"
20180408,2018-04-08,1.880386182023959E7,"{""type"":""MultiPoint"",""coordinates"":[]}"
20180409,2018-04-09,1.7956194392069504E7,"{""type"":""MultiPoint"",""coordinates"":[]}"
20180410,2018-04-10,1.926008337463126E7,"{""type"":""MultiPoint"",""coordinates"":[]}"
20180411,2018-04-11,2.1202401361507427E7,"{""type"":""MultiPoint"",""coordinates"":[]}"
20180412,2018-04-12,2.0704286470852647E7,"{""type"":""MultiPoint"",""coordinates"":[]}"
20180413,2018-04-13,2.0317708968514826E7,"{""type"":""MultiPoint"",""coordinates"":[]}"
20180414,2018-04-14,1.904257420753315E7,"{""type"":""MultiPoint"",""coordinates"":[]}"
20180415,2018-04-15,1.2052941548090626E7,"{""type"":""MultiPoint"",""coordinates"":[]}"
20180416,2018-04-16,1.719707908502398E7,"{""type"":""MultiPoint"",""coordinates"":[]}"
20180417,2018-04-17,2.083549877290148E7,"{""type"":""MultiPoint"",""coordinates"":[]}"
20180418,2018-04-18,2.0130266195854142E7,"{""type"":""MultiPoint"",""coordinates"":[]}"
20180419,2018-04-19,1.9910158289727684E7,"{""type"":""MultiPoint"",""coordinates"":[]}"
20180420,2018-04-20,1.3857834119318526E7,"{""type"":""MultiPoint"",""coordinates"":[]}"
20180421,2018-04-21,1.2929267991210638E7,"{""type"":""MultiPoint"",""coordinates"":[]}"
20180422,2018-04-22,1.2609399286336357E7,"{""type"":""MultiPoint"",""coordinates"":[]}"
20180423,2018-04-23,2.0491322124656346E7,"{""type"":""MultiPoint"",""coordinates"":[]}"
20180424,2018-04-24,1.6751536356751539E7,"{""type"":""MultiPoint"",""coordinates"":[]}"
20180425,2018-04-25,1.5695346723376077E7,"{""type"":""MultiPoint"",""coordinates"":[]}"
20180426,2018-04-26,1.1544025476692144E7,"{""type"":""MultiPoint"",""coordinates"":[]}"
20180427,2018-04-27,1.715599184664779E7,"{""type"":""MultiPoint"",""coordinates"":[]}"
20180428,2018-04-28,7736802.826239634,"{""type"":""MultiPoint"",""coordinates"":[]}"
20180429,2018-04-29,1.3050260482411249E7,"{""type"":""MultiPoint"",""coordinates"":[]}"
20180430,2018-04-30,1.4091251748760851E7,"{""type"":""MultiPoint"",""coordinates"":[]}"
20180501,2018-05-01,1.3511744425340636E7,"{""type"":""MultiPoint"",""coordinates"":[]}"
20180502,2018-05-02,1.1315361139526011E7,"{""type"":""MultiPoint"",""coordinates"":[]}"
20180503,2018-05-03,1.6645616226596834E7,"{""type"":""MultiPoint"",""coordinates"":[]}"
20180504,2018-05-04,1.773043194409326E7,"{""type"":""MultiPoint"",""coordinates"":[]}"
20180505,2018-05-05,1.8987511000060193E7,"{""type"":""MultiPoint"",""coordinates"":[]}"
20180506,2018-05-06,1.759635818301125E7,"{""type"":""MultiPoint"",""coordinates"":[]}"
20180507,2018-05-07,1.3821751671302142E7,"{""type"":""MultiPoint"",""coordinates"":[]}"
20180508,2018-05-08,1.6881172096642777E7,"{""type"":""MultiPoint"",""coordinates"":[]}"
20180509,2018-05-09,1.315170692962494E7,"{""type"":""MultiPoint"",""coordinates"":[]}"
20180510,2018-05-10,1.0473121195272205E7,"{""type"":""MultiPoint"",""coordinates"":[]}"
20180511,2018-05-11,1.4163664704192E7,"{""type"":""MultiPoint"",""coordinates"":[]}"
20180512,2018-05-12,8958756.055866595,"{""type"":""MultiPoint"",""coordinates"":[]}"
20180513,2018-05-13,1.0755514640097924E7,"{""type"":""MultiPoint"",""coordinates"":[]}"
20180514,2018-05-14,1.6966776408163264E7,"{""type"":""MultiPoint"",""coordinates"":[]}"
20180515,2018-05-15,1.911534633540022E7,"{""type"":""MultiPoint"",""coordinates"":[]}"
20180516,2018-05-16,1.0861698639455779E7,"{""type"":""MultiPoint"",""coordinates"":[]}"
20180517,2018-05-17,1.2287708885116277E7,"{""type"":""MultiPoint"",""coordinates"":[]}"
20180518,2018-05-18,1.392069532498545E7,"{""type"":""MultiPoint"",""coordinates"":[]}"
20180519,2018-05-19,1.8197784415989395E7,"{""type"":""MultiPoint"",""coordinates"":[]}"
20180520,2018-05-20,1.2834753133867115E7,"{""type"":""MultiPoint"",""coordinates"":[]}"
20180521,2018-05-21,1.9620081204422772E7,"{""type"":""MultiPoint"",""coordinates"":[]}"
20180522,2018-05-22,1.9462329655128125E7,"{""type"":""MultiPoint"",""coordinates"":[]}"
20180523,2018-05-23,9297189.005678965,"{""type"":""MultiPoint"",""coordinates"":[]}"
20180524,2018-05-24,1.4427657751369571E7,"{""type"":""MultiPoint"",""coordinates"":[]}"
20180525,2018-05-25,1.262084641390243E7,"{""type"":""MultiPoint"",""coordinates"":[]}"
20180526,2018-05-26,1.3546906696125055E7,"{""type"":""MultiPoint"",""coordinates"":[]}"
20180527,2018-05-27,1.5376685062589042E7,"{""type"":""MultiPoint"",""coordinates"":[]}"
20180528,2018-05-28,1.5738741443220343E7,"{""type"":""MultiPoint"",""coordinates"":[]}"
20180529,2018-05-29,1.7621918923925914E7,"{""type"":""MultiPoint"",""coordinates"":[]}"
20180530,2018-05-30,1.4466750751750851E7,"{""type"":""MultiPoint"",""coordinates"":[]}"
20180531,2018-05-31,1.0421165913270319E7,"{""type"":""MultiPoint"",""coordinates"":[]}"
20180601,2018-06-01,9578794.517769348,"{""type"":""MultiPoint"",""coordinates"":[]}"
20180602,2018-06-02,1.9389966043625705E7,"{""type"":""MultiPoint"",""coordinates"":[]}"
20180603,2018-06-03,1.1253125948989624E7,"{""type"":""MultiPoint"",""coordinates"":[]}"
20180604,2018-06-04,1.1837776617020842E7,"{""type"":""MultiPoint"",""coordinates"":[]}"
20180605,2018-06-05,1.2766686294704307E7,"{""type"":""MultiPoint"",""coordinates"":[]}"
20180606,2018-06-06,1.3398076914494406E7,"{""type"":""MultiPoint"",""coordinates"":[]}"
20180607,2018-06-07,1.7172992534505248E7,"{""type"":""MultiPoint"",""coordinates"":[]}"
20180608,2018-06-08,7743804.889691565,"{""type"":""MultiPoint"",""coordinates"":[]}"
20180609,2018-06-09,1.4220905352196326E7,"{""type"":""MultiPoint"",""coordinates"":[]}"
20180610,2018-06-10,1.5439390104067577E7,"{""type"":""MultiPoint"",""coordinates"":[]}"
20180611,2018-06-11,1.2332571223406171E7,"{""type"":""MultiPoint"",""coordinates"":[]}"
20180612,2018-06-12,1.3706049262055263E7,"{""type"":""MultiPoint"",""coordinates"":[]}"
20180613,2018-06-13,8190908.062288042,"{""type"":""MultiPoint"",""coordinates"":[]}"
20180614,2018-06-14,1.782644666144924E7,"{""type"":""MultiPoint"",""coordinates"":[]}"
20180615,2018-06-15,1.2507600543655807E7,"{""type"":""MultiPoint"",""coordinates"":[]}"
20180616,2018-06-16,1.7010848813276336E7,"{""type"":""MultiPoint"",""coordinates"":[]}"
20180617,2018-06-17,1.780938067080047E7,"{""type"":""MultiPoint"",""coordinates"":[]}"
20180618,2018-06-18,1.7308045944735404E7,"{""type"":""MultiPoint"",""coordinates"":[]}"
20180619,2018-06-19,1.759551207962594E7,"{""type"":""MultiPoint"",""coordinates"":[]}"
20180620,2018-06-20,1.873539119764011E7,"{""type"":""MultiPoint"",""coordinates"":[]}"
20180621,2018-06-21,1.158789891886902E7,"{""type"":""MultiPoint"",""coordinates"":[]}"
20180622,2018-06-22,1.7248210560471974E7,"{""type"":""MultiPoint"",""coordinates"":[]}"
20180623,2018-06-23,1.4604372868982393E7,"{""type"":""MultiPoint"",""coordinates"":[]}"
20180624,2018-06-24,9832715.190094912,"{""type"":""MultiPoint"",""coordinates"":[]}"
20180625,2018-06-25,1.6347796511789372E7,"{""type"":""MultiPoint"",""coordinates"":[]}"
20180626,2018-06-26,1.6211777072381742E7,"{""type"":""MultiPoint"",""coordinates"":[]}"
20180627,2018-06-27,1.7718096013645574E7,"{""type"":""MultiPoint"",""coordinates"":[]}"
20180628,2018-06-28,1.8212930478277437E7,"{""type"":""MultiPoint"",""coordinates"":[]}"
20180629,2018-06-29,1.493558761118134E7,"{""type"":""MultiPoint"",""coordinates"":[]}"
20180630,2018-06-30,1.1919802877129603E7,"{""type"":""MultiPoint"",""coordinates"":[]}"
20180701,2018-07-01,1.0907509042441754E7,"{""type"":""MultiPoint"",""coordinates"":[]}"
20180702,2018-07-02,1.722353988714305E7,"{""type"":""MultiPoint"",""coordinates"":[]}"
20180703,2018-07-03,1.174635140802279E7,"{""type"":""MultiPoint"",""coordinates"":[]}"
20180704,2018-07-04,1.3879903997832756E7,"{""type"":""MultiPoint"",""coordinates"":[]}"
20180705,2018-07-05,1.5809855498645466E7,"{""type"":""MultiPoint"",""coordinates"":[]}"
20180706,2018-07-06,1.4568494365701443E7,"{""type"":""MultiPoint"",""coordinates"":[]}"
20180707,2018-07-07,1.763858196424056E7,"{""type"":""MultiPoint"",""coordinates"":[]}"
20180708,2018-07-08,2.023936915044247E7,"{""type"":""MultiPoint"",""coordinates"":[]}"
20180709,2018-07-09,1.299491895145787E7,"{""type"":""MultiPoint"",""coordinates"":[]}"
20180710,2018-07-10,1.6923199059619125E7,"{""type"":""MultiPoint"",""coordinates"":[]}"
20180711,2018-07-11,1.5348530667790413E7,"{""type"":""MultiPoint"",""coordinates"":[]}"
20180712,2018-07-12,1.83373551087432E7,"{""type"":""MultiPoint"",""coordinates"":[]}"
20180713,2018-07-13,1.5014398624285107E7,"{""type"":""MultiPoint"",""coordinates"":[]}"
20180714,2018-07-14,2.0684951287540376E7,"{""type"":""MultiPoint"",""coordinates"":[]}"
20180715,2018-07-15,1.9508845002147168E7,"{""type"":""MultiPoint"",""coordinates"":[]}"
20180716,2018-07-16,1.660511286484859E7,"{""type"":""MultiPoint"",""coordinates"":[]}"
20180717,2018-07-17,1.6476219800694311E7,"{""type"":""MultiPoint"",""coordinates"":[]}"
20180718,2018-07-18,1.8668940942829046E7,"{""type"":""MultiPoint"",""coordinates"":[]}"
20180719,2018-07-19,1.579525825573414E7,"{""type"":""MultiPoint"",""coordinates"":[]}"
20180720,2018-07-20,1.7655800218329217E7,"{""type"":""MultiPoint"",""coordinates"":[]}"
20180721,2018-07-21,1.8303443461401075E7,"{""type"":""MultiPoint"",""coordinates"":[]}"
20180722,2018-07-22,1.3985981856440505E7,"{""type"":""MultiPoint"",""coordinates"":[]}"
20180723,2018-07-23,1.8360567952922743E7,"{""type"":""MultiPoint"",""coordinates"":[]}"
20180724,2018-07-24,1.4923564779804535E7,"{""type"":""MultiPoint"",""coordinates"":[]}"
20180725,2018-07-25,1.898633066714827E7,"{""type"":""MultiPoint"",""coordinates"":[]}"
20180726,2018-07-26,1.9007566888126332E7,"{""type"":""MultiPoint"",""coordinates"":[]}"
20180727,2018-07-27,1.976504298228081E7,"{""type"":""MultiPoint"",""coordinates"":[]}"
20180728,2018-07-28,1.7377519413079683E7,"{""type"":""MultiPoint"",""coordinates"":[]}"
20180729,2018-07-29,1.4802478294182567E7,"{""type"":""MultiPoint"",""coordinates"":[]}"
20180730,2018-07-30,1.4064858274115538E7,"{""type"":""MultiPoint"",""coordinates"":[]}"
20180731,2018-07-31,1.8458566369795114E7,"{""type"":""MultiPoint"",""coordinates"":[]}"
20180801,2018-08-01,2.0258874436257094E7,"{""type"":""MultiPoint"",""coordinates"":[]}"
20180802,2018-08-02,1.863792640423012E7,"{""type"":""MultiPoint"",""coordinates"":[]}"
20180803,2018-08-03,2.1060986728593495E7,"{""type"":""MultiPoint"",""coordinates"":[]}"
20180804,2018-08-04,2.165847694519695E7,"{""type"":""MultiPoint"",""coordinates"":[]}"
20180805,2018-08-05,1.840885188878855E7,"{""type"":""MultiPoint"",""coordinates"":[]}"
20180806,2018-08-06,1.875755245897296E7,"{""type"":""MultiPoint"",""coordinates"":[]}"
20180807,2018-08-07,1.981662789091565E7,"{""type"":""MultiPoint"",""coordinates"":[]}"
20180808,2018-08-08,1.7853071381494183E7,"{""type"":""MultiPoint"",""coordinates"":[]}"
20180809,2018-08-09,2.1648412493488234E7,"{""type"":""MultiPoint"",""coordinates"":[]}"
20180810,2018-08-10,2.0243234078823265E7,"{""type"":""MultiPoint"",""coordinates"":[]}"
20180811,2018-08-11,2.0288537567595758E7,"{""type"":""MultiPoint"",""coordinates"":[]}"
20180812,2018-08-12,1.95306031282082E7,"{""type"":""MultiPoint"",""coordinates"":[]}"
20180813,2018-08-13,2.038334862183693E7,"{""type"":""MultiPoint"",""coordinates"":[]}"
20180814,2018-08-14,2.1495422752553515E7,"{""type"":""MultiPoint"",""coordinates"":[]}"
20180815,2018-08-15,2.0288710407200042E7,"{""type"":""MultiPoint"",""coordinates"":[]}"
20180816,2018-08-16,2.1665508202476263E7,"{""type"":""MultiPoint"",""coordinates"":[]}"
20180817,2018-08-17,2.296286555511407E7,"{""type"":""MultiPoint"",""coordinates"":[]}"
20180818,2018-08-18,2.2513916463588376E7,"{""type"":""MultiPoint"",""coordinates"":[]}"
20180819,2018-08-19,2.095531230353379E7,"{""type"":""MultiPoint"",""coordinates"":[]}"
20180820,2018-08-20,2.1977803522164017E7,"{""type"":""MultiPoint"",""coordinates"":[]}"
20180821,2018-08-21,2.233194726992154E7,"{""type"":""MultiPoint"",""coordinates"":[]}"
20180822,2018-08-22,2.0832618835911933E7,"{""type"":""MultiPoint"",""coordinates"":[]}"
20180823,2018-08-23,2.205841960556256E7,"{""type"":""MultiPoint"",""coordinates"":[]}"
20180824,2018-08-24,2.2109128569702797E7,"{""type"":""MultiPoint"",""coordinates"":[]}"
20180825,2018-08-25,2.2818563056528788E7,"{""type"":""MultiPoint"",""coordinates"":[]}"
20180826,2018-08-26,2.042663301494992E7,"{""type"":""MultiPoint"",""coordinates"":[]}"
20180827,2018-08-27,1.9702685152489312E7,"{""type"":""MultiPoint"",""coordinates"":[]}"
20180828,2018-08-28,2.1600014208054893E7,"{""type"":""MultiPoint"",""coordinates"":[]}"
20180829,2018-08-29,2.3043608243051786E7,"{""type"":""MultiPoint"",""coordinates"":[]}"
20180830,2018-08-30,2.2244165358055893E7,"{""type"":""MultiPoint"",""coordinates"":[]}"
20180831,2018-08-31,1.9581168291092243E7,"{""type"":""MultiPoint"",""coordinates"":[]}"
20180901,2018-09-01,2.055185903032127E7,"{""type"":""MultiPoint"",""coordinates"":[]}"
20180902,2018-09-02,1.4674950135131333E7,"{""type"":""MultiPoint"",""coordinates"":[]}"
20180903,2018-09-03,1.8484120064254593E7,"{""type"":""MultiPoint"",""coordinates"":[]}"
20180904,2018-09-04,1.9945820091826692E7,"{""type"":""MultiPoint"",""coordinates"":[]}"
20180905,2018-09-05,2.0526591110910434E7,"{""type"":""MultiPoint"",""coordinates"":[]}"
20180906,2018-09-06,2.1987369504264228E7,"{""type"":""MultiPoint"",""coordinates"":[]}"
20180907,2018-09-07,2.342581005285652E7,"{""type"":""MultiPoint"",""coordinates"":[]}"
20180908,2018-09-08,2.2541347490417976E7,"{""type"":""MultiPoint"",""coordinates"":[]}"
20180909,2018-09-09,2.1992758104669593E7,"{""type"":""MultiPoint"",""coordinates"":[]}"
20180910,2018-09-10,2.117491925350671E7,"{""type"":""MultiPoint"",""coordinates"":[]}"
20180911,2018-09-11,2.0235135796199296E7,"{""type"":""MultiPoint"",""coordinates"":[]}"
20180912,2018-09-12,1.7790633320209485E7,"{""type"":""MultiPoint"",""coordinates"":[]}"
20180913,2018-09-13,2.1561338705757223E7,"{""type"":""MultiPoint"",""coordinates"":[]}"
20180914,2018-09-14,2.4410138795657493E7,"{""type"":""MultiPoint"",""coordinates"":[]}"
20180915,2018-09-15,2.2956072194208648E7,"{""type"":""MultiPoint"",""coordinates"":[]}"
20180916,2018-09-16,1.8874948343988903E7,"{""type"":""MultiPoint"",""coordinates"":[]}"
20180917,2018-09-17,1.2434055219232231E7,"{""type"":""MultiPoint"",""coordinates"":[]}"
20180918,2018-09-18,2.081224087672827E7,"{""type"":""MultiPoint"",""coordinates"":[]}"
20180919,2018-09-19,2.0702763945899304E7,"{""type"":""MultiPoint"",""coordinates"":[]}"
20180920,2018-09-20,2.153961350855858E7,"{""type"":""MultiPoint"",""coordinates"":[]}"
20180921,2018-09-21,2.1703323804065574E7,"{""type"":""MultiPoint"",""coordinates"":[]}"
20180922,2018-09-22,2.288250175827262E7,"{""type"":""MultiPoint"",""coordinates"":[]}"
20180923,2018-09-23,1.437244545926585E7,"{""type"":""MultiPoint"",""coordinates"":[]}"
20180924,2018-09-24,1.3928282956387378E7,"{""type"":""MultiPoint"",""coordinates"":[]}"
20180925,2018-09-25,1.3837303343944099E7,"{""type"":""MultiPoint"",""coordinates"":[]}"
20180926,2018-09-26,1.438145136660569E7,"{""type"":""MultiPoint"",""coordinates"":[]}"
20180927,2018-09-27,1.6114887678870313E7,"{""type"":""MultiPoint"",""coordinates"":[]}"
20180928,2018-09-28,1.4035902446225299E7,"{""type"":""MultiPoint"",""coordinates"":[]}"
20180929,2018-09-29,1.5113683459113013E7,"{""type"":""MultiPoint"",""coordinates"":[]}"
20180930,2018-09-30,1.5912429038559355E7,"{""type"":""MultiPoint"",""coordinates"":[]}"
20181001,2018-10-01,1.5479026828436181E7,"{""type"":""MultiPoint"",""coordinates"":[]}"
20181002,2018-10-02,1.4285496298424765E7,"{""type"":""MultiPoint"",""coordinates"":[]}"
20181003,2018-10-03,1.5050666573083796E7,"{""type"":""MultiPoint"",""coordinates"":[]}"
20181004,2018-10-04,1.471931901431142E7,"{""type"":""MultiPoint"",""coordinates"":[]}"
20181005,2018-10-05,1.5536409314715652E7,"{""type"":""MultiPoint"",""coordinates"":[]}"
20181006,2018-10-06,1.5924184886721447E7,"{""type"":""MultiPoint"",""coordinates"":[]}"
20181007,2018-10-07,1.493578361766453E7,"{""type"":""MultiPoint"",""coordinates"":[]}"
20181008,2018-10-08,1.4710224079971958E7,"{""type"":""MultiPoint"",""coordinates"":[]}"
20181009,2018-10-09,1.5798291432725642E7,"{""type"":""MultiPoint"",""coordinates"":[]}"
20181010,2018-10-10,2.277981960399734E7,"{""type"":""MultiPoint"",""coordinates"":[]}"
20181011,2018-10-11,2.3320963029960055E7,"{""type"":""MultiPoint"",""coordinates"":[]}"
20181012,2018-10-12,2.2990532186743706E7,"{""type"":""MultiPoint"",""coordinates"":[]}"
20181013,2018-10-13,2.3707889319848277E7,"{""type"":""MultiPoint"",""coordinates"":[]}"
20181014,2018-10-14,2.174102430566089E7,"{""type"":""MultiPoint"",""coordinates"":[]}"
20181015,2018-10-15,2.2022940166476022E7,"{""type"":""MultiPoint"",""coordinates"":[]}"
20181016,2018-10-16,2.1936960502277598E7,"{""type"":""MultiPoint"",""coordinates"":[]}"
20181017,2018-10-17,2.2627222737101912E7,"{""type"":""MultiPoint"",""coordinates"":[]}"
20181018,2018-10-18,2.1396493539140724E7,"{""type"":""MultiPoint"",""coordinates"":[]}"
20181019,2018-10-19,2.0093614926093142E7,"{""type"":""MultiPoint"",""coordinates"":[]}"
20181020,2018-10-20,1.6243525060261263E7,"{""type"":""MultiPoint"",""coordinates"":[]}"
20181021,2018-10-21,2.1623941862621147E7,"{""type"":""MultiPoint"",""coordinates"":[]}"
20181022,2018-10-22,2.1018416511468295E7,"{""type"":""MultiPoint"",""coordinates"":[]}"
20181023,2018-10-23,2.2199042118355304E7,"{""type"":""MultiPoint"",""coordinates"":[]}"
20181024,2018-10-24,2.3029992971565012E7,"{""type"":""MultiPoint"",""coordinates"":[]}"
20181025,2018-10-25,2.3762274708967928E7,"{""type"":""MultiPoint"",""coordinates"":[]}"
20181026,2018-10-26,1.870026916798106E7,"{""type"":""MultiPoint"",""coordinates"":[]}"
20181027,2018-10-27,2.028405478088816E7,"{""type"":""MultiPoint"",""coordinates"":[]}"
20181028,2018-10-28,1.8147433360785015E7,"{""type"":""MultiPoint"",""coordinates"":[]}"
20181029,2018-10-29,1.968660815379367E7,"{""type"":""MultiPoint"",""coordinates"":[]}"
20181030,2018-10-30,2.0067902944314007E7,"{""type"":""MultiPoint"",""coordinates"":[]}"
20181031,2018-10-31,2.2075313376758363E7,"{""type"":""MultiPoint"",""coordinates"":[]}"
20181101,2018-11-01,1.863802535348062E7,"{""type"":""MultiPoint"",""coordinates"":[]}"
20181102,2018-11-02,1.4304592820339933E7,"{""type"":""MultiPoint"",""coordinates"":[]}"
20181103,2018-11-03,1.5788266335400231E7,"{""type"":""MultiPoint"",""coordinates"":[]}"
20181104,2018-11-04,1.770032100463547E7,"{""type"":""MultiPoint"",""coordinates"":[]}"
20181105,2018-11-05,1.9414136798426732E7,"{""type"":""MultiPoint"",""coordinates"":[]}"
20181106,2018-11-06,2.01833812025766E7,"{""type"":""MultiPoint"",""coordinates"":[]}"
20181107,2018-11-07,2.054894769851303E7,"{""type"":""MultiPoint"",""coordinates"":[]}"
20181108,2018-11-08,2.037434013798085E7,"{""type"":""MultiPoint"",""coordinates"":[]}"
20181109,2018-11-09,2.1456125525575414E7,"{""type"":""MultiPoint"",""coordinates"":[]}"
20181110,2018-11-10,2.2824039848213017E7,"{""type"":""MultiPoint"",""coordinates"":[]}"
20181111,2018-11-11,2.1239826390303608E7,"{""type"":""MultiPoint"",""coordinates"":[]}"
20181112,2018-11-12,2.007592811518471E7,"{""type"":""MultiPoint"",""coordinates"":[]}"
20181113,2018-11-13,1.8450233817992084E7,"{""type"":""MultiPoint"",""coordinates"":[]}"
20181114,2018-11-14,1.6957282548351485E7,"{""type"":""MultiPoint"",""coordinates"":[]}"
20181115,2018-11-15,1.3152302978187134E7,"{""type"":""MultiPoint"",""coordinates"":[]}"
20181116,2018-11-16,1.6817419334095884E7,"{""type"":""MultiPoint"",""coordinates"":[]}"
20181117,2018-11-17,1.7666031467983052E7,"{""type"":""MultiPoint"",""coordinates"":[]}"
20181118,2018-11-18,1.8825123488290887E7,"{""type"":""MultiPoint"",""coordinates"":[]}"
20181119,2018-11-19,1.1161798704151863E7,"{""type"":""MultiPoint"",""coordinates"":[]}"
20181120,2018-11-20,1.751634168611161E7,"{""type"":""MultiPoint"",""coordinates"":[]}"
20181121,2018-11-21,1.7160694396805327E7,"{""type"":""MultiPoint"",""coordinates"":[]}"
20181122,2018-11-22,1.8221501419380724E7,"{""type"":""MultiPoint"",""coordinates"":[]}"
20181123,2018-11-23,2.033065364469327E7,"{""type"":""MultiPoint"",""coordinates"":[]}"
20181124,2018-11-24,1.7775013553829774E7,"{""type"":""MultiPoint"",""coordinates"":[]}"
20181125,2018-11-25,1.6691023998474903E7,"{""type"":""MultiPoint"",""coordinates"":[]}"
20181126,2018-11-26,1.5553849628077773E7,"{""type"":""MultiPoint"",""coordinates"":[]}"
20181127,2018-11-27,1.0189091092729716E7,"{""type"":""MultiPoint"",""coordinates"":[]}"
20181128,2018-11-28,1.234643442867176E7,"{""type"":""MultiPoint"",""coordinates"":[]}"
20181129,2018-11-29,1.793938224903176E7,"{""type"":""MultiPoint"",""coordinates"":[]}"
20181130,2018-11-30,1.9658139449441127E7,"{""type"":""MultiPoint"",""coordinates"":[]}"
20181201,2018-12-01,2.0151403703088302E7,"{""type"":""MultiPoint"",""coordinates"":[]}"
20181202,2018-12-02,1.9778544078743E7,"{""type"":""MultiPoint"",""coordinates"":[]}"
20181203,2018-12-03,1.4964381855557557E7,"{""type"":""MultiPoint"",""coordinates"":[]}"
20181204,2018-12-04,1.5698860855256563E7,"{""type"":""MultiPoint"",""coordinates"":[]}"
20181205,2018-12-05,1.8737219687516294E7,"{""type"":""MultiPoint"",""coordinates"":[]}"
20181206,2018-12-06,1.6261628099452162E7,"{""type"":""MultiPoint"",""coordinates"":[]}"
20181207,2018-12-07,1.1635284480565088E7,"{""type"":""MultiPoint"",""coordinates"":[]}"
20181208,2018-12-08,1.6493335079726279E7,"{""type"":""MultiPoint"",""coordinates"":[]}"
20181209,2018-12-09,1.813829172941625E7,"{""type"":""MultiPoint"",""coordinates"":[]}"
20181210,2018-12-10,1.2628067379928958E7,"{""type"":""MultiPoint"",""coordinates"":[]}"
20181211,2018-12-11,1.1900223242188903E7,"{""type"":""MultiPoint"",""coordinates"":[]}"
20181212,2018-12-12,1.49093741800012E7,"{""type"":""MultiPoint"",""coordinates"":[]}"
20181213,2018-12-13,1.74801722812594E7,"{""type"":""MultiPoint"",""coordinates"":[]}"
20181214,2018-12-14,1.825013259839864E7,"{""type"":""MultiPoint"",""coordinates"":[]}"
20181215,2018-12-15,1.6253107640639728E7,"{""type"":""MultiPoint"",""coordinates"":[]}"
20181216,2018-12-16,1.2394208967712143E7,"{""type"":""MultiPoint"",""coordinates"":[]}"
20181217,2018-12-17,1.4856338557823118E7,"{""type"":""MultiPoint"",""coordinates"":[]}"
20181218,2018-12-18,1.6524222867015827E7,"{""type"":""MultiPoint"",""coordinates"":[]}"
20181219,2018-12-19,1.7241024565247916E7,"{""type"":""MultiPoint"",""coordinates"":[]}"
20181220,2018-12-20,1.6668345810125815E7,"{""type"":""MultiPoint"",""coordinates"":[]}"
20181221,2018-12-21,1.8304506672445968E7,"{""type"":""MultiPoint"",""coordinates"":[]}"
20181222,2018-12-22,1.818011622073726E7,"{""type"":""MultiPoint"",""coordinates"":[]}"
20181223,2018-12-23,1.5452243545923378E7,"{""type"":""MultiPoint"",""coordinates"":[]}"
20181224,2018-12-24,1.742816321096461E7,"{""type"":""MultiPoint"",""coordinates"":[]}"
20181225,2018-12-25,1.9597901113800082E7,"{""type"":""MultiPoint"",""coordinates"":[]}"
20181226,2018-12-26,1.279112939875182E7,"{""type"":""MultiPoint"",""coordinates"":[]}"
20181227,2018-12-27,8557415.108221456,"{""type"":""MultiPoint"",""coordinates"":[]}"
20181228,2018-12-28,1.7721814293741096E7,"{""type"":""MultiPoint"",""coordinates"":[]}"
20181229,2018-12-29,1.8393983679248687E7,"{""type"":""MultiPoint"",""coordinates"":[]}"
20181230,2018-12-30,1.5744212138382193E7,"{""type"":""MultiPoint"",""coordinates"":[]}"
20181231,2018-12-31,1.7590911070736248E7,"{""type"":""MultiPoint"",""coordinates"":[]}"
20190101,2019-01-01,1.8983185255071938E7,"{""type"":""MultiPoint"",""coordinates"":[]}"
20190102,2019-01-02,1.6366140685007917E7,"{""type"":""MultiPoint"",""coordinates"":[]}"
20190103,2019-01-03,1.5606932346838439E7,"{""type"":""MultiPoint"",""coordinates"":[]}"
20190104,2019-01-04,1.68540964214075E7,"{""type"":""MultiPoint"",""coordinates"":[]}"
20190105,2019-01-05,1.6724350304898346E7,"{""type"":""MultiPoint"",""coordinates"":[]}"
20190106,2019-01-06,1.6321119002588637E7,"{""type"":""MultiPoint"",""coordinates"":[]}"
20190107,2019-01-07,1.5961841142937407E7,"{""type"":""MultiPoint"",""coordinates"":[]}"
20190108,2019-01-08,1.9486259546324715E7,"{""type"":""MultiPoint"",""coordinates"":[]}"
20190109,2019-01-09,1.7806345286456756E7,"{""type"":""MultiPoint"",""coordinates"":[]}"
20190110,2019-01-10,1.6232282673971051E7,"{""type"":""MultiPoint"",""coordinates"":[]}"
20190111,2019-01-11,1.7788377914634865E7,"{""type"":""MultiPoint"",""coordinates"":[]}"
20190112,2019-01-12,1.5924100714225505E7,"{""type"":""MultiPoint"",""coordinates"":[]}"
20190113,2019-01-13,1.717583592807979E7,"{""type"":""MultiPoint"",""coordinates"":[]}"
20190114,2019-01-14,1.732301351104689E7,"{""type"":""MultiPoint"",""coordinates"":[]}"
20190115,2019-01-15,1.8292369016434878E7,"{""type"":""MultiPoint"",""coordinates"":[]}"
20190116,2019-01-16,1.8298139442698605E7,"{""type"":""MultiPoint"",""coordinates"":[]}"
20190117,2019-01-17,1.9230643395661503E7,"{""type"":""MultiPoint"",""coordinates"":[]}"
20190118,2019-01-18,1.7204580077458713E7,"{""type"":""MultiPoint"",""coordinates"":[]}"
20190119,2019-01-19,1.886641683591194E7,"{""type"":""MultiPoint"",""coordinates"":[]}"
20190120,2019-01-20,1.9006412821543943E7,"{""type"":""MultiPoint"",""coordinates"":[]}"
20190121,2019-01-21,1.9613572262637198E7,"{""type"":""MultiPoint"",""coordinates"":[]}"
20190122,2019-01-22,1.978862877659381E7,"{""type"":""MultiPoint"",""coordinates"":[]}"
20190123,2019-01-23,2.0379650896474216E7,"{""type"":""MultiPoint"",""coordinates"":[]}"
20190124,2019-01-24,1.9634133256516755E7,"{""type"":""MultiPoint"",""coordinates"":[]}"
20190125,2019-01-25,1.7387051838460453E7,"{""type"":""MultiPoint"",""coordinates"":[]}"
20190126,2019-01-26,1.6138416265245914E7,"{""type"":""MultiPoint"",""coordinates"":[]}"
20190127,2019-01-27,1.794756715148596E7,"{""type"":""MultiPoint"",""coordinates"":[]}"
20190128,2019-01-28,1.678499269736921E7,"{""type"":""MultiPoint"",""coordinates"":[]}"
20190129,2019-01-29,1.5662936494852807E7,"{""type"":""MultiPoint"",""coordinates"":[]}"
20190130,2019-01-30,1.676654457857243E7,"{""type"":""MultiPoint"",""coordinates"":[]}"
20190131,2019-01-31,1.4247898012561956E7,"{""type"":""MultiPoint"",""coordinates"":[]}"
20190201,2019-02-01,1.406196177424598E7,"{""type"":""MultiPoint"",""coordinates"":[]}"
20190202,2019-02-02,1.5607625731342677E7,"{""type"":""MultiPoint"",""coordinates"":[]}"
20190203,2019-02-03,1.668236983284169E7,"{""type"":""MultiPoint"",""coordinates"":[]}"
20190204,2019-02-04,1.859086788746413E7,"{""type"":""MultiPoint"",""coordinates"":[]}"
20190205,2019-02-05,2.1674242223024897E7,"{""type"":""MultiPoint"",""coordinates"":[]}"
20190206,2019-02-06,1.8988439831677787E7,"{""type"":""MultiPoint"",""coordinates"":[]}"
20190207,2019-02-07,1.8119279116649605E7,"{""type"":""MultiPoint"",""coordinates"":[]}"
20190208,2019-02-08,1.8622786680633307E7,"{""type"":""MultiPoint"",""coordinates"":[]}"
20190209,2019-02-09,1.8003907605281636E7,"{""type"":""MultiPoint"",""coordinates"":[]}"
20190210,2019-02-10,2.03997949440732E7,"{""type"":""MultiPoint"",""coordinates"":[]}"
20190211,2019-02-11,1.765757896851483E7,"{""type"":""MultiPoint"",""coordinates"":[]}"
20190212,2019-02-12,7174700.631790178,"{""type"":""MultiPoint"",""coordinates"":[]}"
20190213,2019-02-13,1.4086352315212797E7,"{""type"":""MultiPoint"",""coordinates"":[]}"
20190214,2019-02-14,1.6403765676158354E7,"{""type"":""MultiPoint"",""coordinates"":[]}"
20190215,2019-02-15,2.0283367381454054E7,"{""type"":""MultiPoint"",""coordinates"":[]}"
20190216,2019-02-16,1.88549117512893E7,"{""type"":""MultiPoint"",""coordinates"":[]}"
20190217,2019-02-17,1.9808463256637163E7,"{""type"":""MultiPoint"",""coordinates"":[]}"
20190218,2019-02-18,1.886610845295285E7,"{""type"":""MultiPoint"",""coordinates"":[]}"
20190219,2019-02-19,1.8372022854614407E7,"{""type"":""MultiPoint"",""coordinates"":[]}"
20190220,2019-02-20,1.839085193024702E7,"{""type"":""MultiPoint"",""coordinates"":[]}"
20190221,2019-02-21,1.9379613304998696E7,"{""type"":""MultiPoint"",""coordinates"":[]}"
20190222,2019-02-22,1.7015219255794343E7,"{""type"":""MultiPoint"",""coordinates"":[]}"
20190223,2019-02-23,2.0521730663375676E7,"{""type"":""MultiPoint"",""coordinates"":[]}"
20190224,2019-02-24,2.0090711367808472E7,"{""type"":""MultiPoint"",""coordinates"":[]}"
20190225,2019-02-25,1.9538740257821117E7,"{""type"":""MultiPoint"",""coordinates"":[]}"
20190226,2019-02-26,1.9441341355728127E7,"{""type"":""MultiPoint"",""coordinates"":[]}"
20190227,2019-02-27,2.0201077194228712E7,"{""type"":""MultiPoint"",""coordinates"":[]}"
20190228,2019-02-28,2.1513865062869977E7,"{""type"":""MultiPoint"",""coordinates"":[]}"
20190301,2019-03-01,1.9390602159974314E7,"{""type"":""MultiPoint"",""coordinates"":[]}"
20190302,2019-03-02,1.952528546934762E7,"{""type"":""MultiPoint"",""coordinates"":[]}"
20190303,2019-03-03,2.1805170549033757E7,"{""type"":""MultiPoint"",""coordinates"":[]}"
20190304,2019-03-04,2.1012357864779793E7,"{""type"":""MultiPoint"",""coordinates"":[]}"
20190305,2019-03-05,1.3984910140279029E7,"{""type"":""MultiPoint"",""coordinates"":[]}"
20190306,2019-03-06,1.3545498382802581E7,"{""type"":""MultiPoint"",""coordinates"":[]}"
20190307,2019-03-07,1.4268136234586058E7,"{""type"":""MultiPoint"",""coordinates"":[]}"
20190308,2019-03-08,1.3874932126808643E7,"{""type"":""MultiPoint"",""coordinates"":[]}"
20190309,2019-03-09,1.3925252197553383E7,"{""type"":""MultiPoint"",""coordinates"":[]}"
20190310,2019-03-10,1.1768299712282432E7,"{""type"":""MultiPoint"",""coordinates"":[]}"
20190311,2019-03-11,1.3165602177291324E7,"{""type"":""MultiPoint"",""coordinates"":[]}"
20190312,2019-03-12,1.1898916999020074E7,"{""type"":""MultiPoint"",""coordinates"":[]}"
20190313,2019-03-13,1.2931456445753723E7,"{""type"":""MultiPoint"",""coordinates"":[]}"
20190314,2019-03-14,8882281.376520142,"{""type"":""MultiPoint"",""coordinates"":[]}"
20190315,2019-03-15,1.2251748384943867E7,"{""type"":""MultiPoint"",""coordinates"":[]}"
20190316,2019-03-16,1.0176634647944372E7,"{""type"":""MultiPoint"",""coordinates"":[]}"
20190317,2019-03-17,1.4483586922135098E7,"{""type"":""MultiPoint"",""coordinates"":[]}"
20190318,2019-03-18,1.4137989205883121E7,"{""type"":""MultiPoint"",""coordinates"":[]}"
20190319,2019-03-19,1.2292439241853328E7,"{""type"":""MultiPoint"",""coordinates"":[]}"
20190320,2019-03-20,1.3167727372490127E7,"{""type"":""MultiPoint"",""coordinates"":[]}"
20190321,2019-03-21,1.3579077123320483E7,"{""type"":""MultiPoint"",""coordinates"":[]}"
20190322,2019-03-22,2.238828567411153E7,"{""type"":""MultiPoint"",""coordinates"":[]}"
20190323,2019-03-23,2.1825459463768974E7,"{""type"":""MultiPoint"",""coordinates"":[]}"
20190324,2019-03-24,2.073471216238235E7,"{""type"":""MultiPoint"",""coordinates"":[]}"
20190325,2019-03-25,2.0901310657957576E7,"{""type"":""MultiPoint"",""coordinates"":[]}"
20190326,2019-03-26,1.785078399462203E7,"{""type"":""MultiPoint"",""coordinates"":[]}"
20190327,2019-03-27,2.0088031155700043E7,"{""type"":""MultiPoint"",""coordinates"":[]}"
20190328,2019-03-28,1.9555799819958657E7,"{""type"":""MultiPoint"",""coordinates"":[]}"
20190329,2019-03-29,2.118718730086488E7,"{""type"":""MultiPoint"",""coordinates"":[]}"
20190330,2019-03-30,2.0887894974294137E7,"{""type"":""MultiPoint"",""coordinates"":[]}"
20190331,2019-03-31,2.2302042374129597E7,"{""type"":""MultiPoint"",""coordinates"":[]}"
20190401,2019-04-01,2.2707875869644605E7,"{""type"":""MultiPoint"",""coordinates"":[]}"
20190402,2019-04-02,2.11749544576084E7,"{""type"":""MultiPoint"",""coordinates"":[]}"
20190403,2019-04-03,2.0097897259526823E7,"{""type"":""MultiPoint"",""coordinates"":[]}"
20190404,2019-04-04,1.9241006187747072E7,"{""type"":""MultiPoint"",""coordinates"":[]}"
20190405,2019-04-05,2.0446046856942173E7,"{""type"":""MultiPoint"",""coordinates"":[]}"
20190406,2019-04-06,1.9780754840848427E7,"{""type"":""MultiPoint"",""coordinates"":[]}"
20190407,2019-04-07,1.7552426936969474E7,"{""type"":""MultiPoint"",""coordinates"":[]}"
20190408,2019-04-08,1.8339823875865374E7,"{""type"":""MultiPoint"",""coordinates"":[]}"
20190409,2019-04-09,1.6439048522665702E7,"{""type"":""MultiPoint"",""coordinates"":[]}"
20190410,2019-04-10,1.3336321465294072E7,"{""type"":""MultiPoint"",""coordinates"":[]}"
20190411,2019-04-11,1.4717927808921799E7,"{""type"":""MultiPoint"",""coordinates"":[]}"
20190412,2019-04-12,1.5693195129974104E7,"{""type"":""MultiPoint"",""coordinates"":[]}"
20190413,2019-04-13,1.94444613676078E7,"{""type"":""MultiPoint"",""coordinates"":[]}"
20190414,2019-04-14,1.7531954746894624E7,"{""type"":""MultiPoint"",""coordinates"":[]}"
20190415,2019-04-15,1.662311213236208E7,"{""type"":""MultiPoint"",""coordinates"":[]}"
20190416,2019-04-16,1.0110555213773998E7,"{""type"":""MultiPoint"",""coordinates"":[]}"
20190417,2019-04-17,1.0878459714767316E7,"{""type"":""MultiPoint"",""coordinates"":[]}"
20190418,2019-04-18,1.8042758427949343E7,"{""type"":""MultiPoint"",""coordinates"":[]}"
20190419,2019-04-19,2.0231406896273542E7,"{""type"":""MultiPoint"",""coordinates"":[]}"
20190420,2019-04-20,1.5875249787289545E7,"{""type"":""MultiPoint"",""coordinates"":[]}"
20190421,2019-04-21,1.9756638519053634E7,"{""type"":""MultiPoint"",""coordinates"":[]}"
20190422,2019-04-22,1.9462962459253903E7,"{""type"":""MultiPoint"",""coordinates"":[]}"
20190423,2019-04-23,1.5229398045190932E7,"{""type"":""MultiPoint"",""coordinates"":[]}"
20190424,2019-04-24,1.1417328522826232E7,"{""type"":""MultiPoint"",""coordinates"":[]}"
20190425,2019-04-25,1.8829916349607684E7,"{""type"":""MultiPoint"",""coordinates"":[]}"
20190426,2019-04-26,2.161517724391467E7,"{""type"":""MultiPoint"",""coordinates"":[]}"
20190427,2019-04-27,2.351926520309834E7,"{""type"":""MultiPoint"",""coordinates"":[]}"
20190428,2019-04-28,2.1742721732225638E7,"{""type"":""MultiPoint"",""coordinates"":[]}"
20190429,2019-04-29,2.0739165782192513E7,"{""type"":""MultiPoint"",""coordinates"":[]}"
20190430,2019-04-30,2.1192975005638823E7,"{""type"":""MultiPoint"",""coordinates"":[]}"
20190501,2019-05-01,1.3487353618646275E7,"{""type"":""MultiPoint"",""coordinates"":[]}"
20190502,2019-05-02,1.8021175853952195E7,"{""type"":""MultiPoint"",""coordinates"":[]}"
20190503,2019-05-03,1.722266809435514E7,"{""type"":""MultiPoint"",""coordinates"":[]}"
20190504,2019-05-04,1.6994968392591245E7,"{""type"":""MultiPoint"",""coordinates"":[]}"
20190505,2019-05-05,1.4939729062348237E7,"{""type"":""MultiPoint"",""coordinates"":[]}"
20190506,2019-05-06,1.446889117091084E7,"{""type"":""MultiPoint"",""coordinates"":[]}"
20190507,2019-05-07,1.3482341139967483E7,"{""type"":""MultiPoint"",""coordinates"":[]}"
20190508,2019-05-08,1.7198520837196235E7,"{""type"":""MultiPoint"",""coordinates"":[]}"
20190509,2019-05-09,1.868308560961611E7,"{""type"":""MultiPoint"",""coordinates"":[]}"
20190510,2019-05-10,1.2957338801838132E7,"{""type"":""MultiPoint"",""coordinates"":[]}"
20190511,2019-05-11,1.588176190359802E7,"{""type"":""MultiPoint"",""coordinates"":[]}"
20190512,2019-05-12,1.9076570603776604E7,"{""type"":""MultiPoint"",""coordinates"":[]}"
20190513,2019-05-13,1.9852325287179172E7,"{""type"":""MultiPoint"",""coordinates"":[]}"
20190514,2019-05-14,1.801469655597696E7,"{""type"":""MultiPoint"",""coordinates"":[]}"
20190515,2019-05-15,1.3605833852587625E7,"{""type"":""MultiPoint"",""coordinates"":[]}"
20190516,2019-05-16,1.2301954631388834E7,"{""type"":""MultiPoint"",""coordinates"":[]}"
20190517,2019-05-17,1.7481450540083878E7,"{""type"":""MultiPoint"",""coordinates"":[]}"
20190518,2019-05-18,2.136642622382758E7,"{""type"":""MultiPoint"",""coordinates"":[]}"
20190519,2019-05-19,1.2116450589769829E7,"{""type"":""MultiPoint"",""coordinates"":[]}"
20190520,2019-05-20,1.0306896804045508E7,"{""type"":""MultiPoint"",""coordinates"":[]}"
20190521,2019-05-21,9470044.0133245,"{""type"":""MultiPoint"",""coordinates"":[]}"
20190522,2019-05-22,6364525.272329577,"{""type"":""MultiPoint"",""coordinates"":[]}"
20190523,2019-05-23,1.7163723392209984E7,"{""type"":""MultiPoint"",""coordinates"":[]}"
20190524,2019-05-24,1.4560196761222472E7,"{""type"":""MultiPoint"",""coordinates"":[]}"
20190525,2019-05-25,1.7065266551241137E7,"{""type"":""MultiPoint"",""coordinates"":[]}"
20190526,2019-05-26,1.8809885452210378E7,"{""type"":""MultiPoint"",""coordinates"":[]}"
20190527,2019-05-27,1.9650831172757E7,"{""type"":""MultiPoint"",""coordinates"":[]}"
20190528,2019-05-28,1.920470262829851E7,"{""type"":""MultiPoint"",""coordinates"":[]}"
20190529,2019-05-29,1.5955977370577723E7,"{""type"":""MultiPoint"",""coordinates"":[]}"
20190530,2019-05-30,1.8102874790680867E7,"{""type"":""MultiPoint"",""coordinates"":[]}"
20190531,2019-05-31,1.5289176294343105E7,"{""type"":""MultiPoint"",""coordinates"":[]}"
20190601,2019-06-01,1.9697046482531648E7,"{""type"":""MultiPoint"",""coordinates"":[]}"
20190602,2019-06-02,1.5198749810125815E7,"{""type"":""MultiPoint"",""coordinates"":[]}"
20190603,2019-06-03,1.078543936853089E7,"{""type"":""MultiPoint"",""coordinates"":[]}"
20190604,2019-06-04,1.698546788987218E7,"{""type"":""MultiPoint"",""coordinates"":[]}"
20190605,2019-06-05,1.85889576164389E7,"{""type"":""MultiPoint"",""coordinates"":[]}"
20190606,2019-06-06,1.876861836525996E7,"{""type"":""MultiPoint"",""coordinates"":[]}"
20190607,2019-06-07,1.4703628198904343E7,"{""type"":""MultiPoint"",""coordinates"":[]}"
20190608,2019-06-08,1.3801263166656628E7,"{""type"":""MultiPoint"",""coordinates"":[]}"
20190609,2019-06-09,1.5812558365500776E7,"{""type"":""MultiPoint"",""coordinates"":[]}"
20190610,2019-06-10,1.2128693866554275E7,"{""type"":""MultiPoint"",""coordinates"":[]}"
20190611,2019-06-11,1.4035133795597281E7,"{""type"":""MultiPoint"",""coordinates"":[]}"
20190612,2019-06-12,1.7321905953163553E7,"{""type"":""MultiPoint"",""coordinates"":[]}"
20190613,2019-06-13,1.9515727297894962E7,"{""type"":""MultiPoint"",""coordinates"":[]}"
20190614,2019-06-14,1.3167630353139482E7,"{""type"":""MultiPoint"",""coordinates"":[]}"
20190615,2019-06-15,1.6424463011418125E7,"{""type"":""MultiPoint"",""coordinates"":[]}"
20190616,2019-06-16,1.421742366760981E7,"{""type"":""MultiPoint"",""coordinates"":[]}"
20190617,2019-06-17,1.782243117291754E7,"{""type"":""MultiPoint"",""coordinates"":[]}"
20190618,2019-06-18,1.6335753885176491E7,"{""type"":""MultiPoint"",""coordinates"":[]}"
20190619,2019-06-19,1.9467606244215667E7,"{""type"":""MultiPoint"",""coordinates"":[]}"
20190620,2019-06-20,1.0243616670639928E7,"{""type"":""MultiPoint"",""coordinates"":[]}"
20190621,2019-06-21,1.6427930342544096E7,"{""type"":""MultiPoint"",""coordinates"":[]}"
20190622,2019-06-22,1.726969617939919E7,"{""type"":""MultiPoint"",""coordinates"":[]}"
20190623,2019-06-23,1.5386422757610403E7,"{""type"":""MultiPoint"",""coordinates"":[]}"
20190624,2019-06-24,1.2067505032889841E7,"{""type"":""MultiPoint"",""coordinates"":[]}"
20190625,2019-06-25,1.728058071743622E7,"{""type"":""MultiPoint"",""coordinates"":[]}"
20190626,2019-06-26,1.644878571436598E7,"{""type"":""MultiPoint"",""coordinates"":[]}"
20190627,2019-06-27,1.084086778279453E7,"{""type"":""MultiPoint"",""coordinates"":[]}"
20190628,2019-06-28,1.2995970919350628E7,"{""type"":""MultiPoint"",""coordinates"":[]}"
20190629,2019-06-29,1.5803353221921207E7,"{""type"":""MultiPoint"",""coordinates"":[]}"
20190630,2019-06-30,1.3466272480886156E7,"{""type"":""MultiPoint"",""coordinates"":[]}"
20190701,2019-07-01,1.1798211637830341E7,"{""type"":""MultiPoint"",""coordinates"":[]}"
20190702,2019-07-02,1.5520328476953024E7,"{""type"":""MultiPoint"",""coordinates"":[]}"
20190703,2019-07-03,1.0598144565729532E7,"{""type"":""MultiPoint"",""coordinates"":[]}"
20190704,2019-07-04,1.901089361948908E7,"{""type"":""MultiPoint"",""coordinates"":[]}"
20190705,2019-07-05,1.110597218140589E7,"{""type"":""MultiPoint"",""coordinates"":[]}"
20190706,2019-07-06,1.6603376564686045E7,"{""type"":""MultiPoint"",""coordinates"":[]}"
20190707,2019-07-07,2.1225576155318763E7,"{""type"":""MultiPoint"",""coordinates"":[]}"
20190708,2019-07-08,2.2277151804627452E7,"{""type"":""MultiPoint"",""coordinates"":[]}"
20190709,2019-07-09,1.8523546578251358E7,"{""type"":""MultiPoint"",""coordinates"":[]}"
20190710,2019-07-10,1.766543727465735E7,"{""type"":""MultiPoint"",""coordinates"":[]}"
20190711,2019-07-11,1.833873706351212E7,"{""type"":""MultiPoint"",""coordinates"":[]}"
20190712,2019-07-12,1.894389207753897E7,"{""type"":""MultiPoint"",""coordinates"":[]}"
20190713,2019-07-13,2.1315223351313375E7,"{""type"":""MultiPoint"",""coordinates"":[]}"
20190714,2019-07-14,2.0877391406778637E7,"{""type"":""MultiPoint"",""coordinates"":[]}"
20190715,2019-07-15,1.9627818715670325E7,"{""type"":""MultiPoint"",""coordinates"":[]}"
20190716,2019-07-16,1.787092362579013E7,"{""type"":""MultiPoint"",""coordinates"":[]}"
20190717,2019-07-17,2.055940198896313E7,"{""type"":""MultiPoint"",""coordinates"":[]}"
20190718,2019-07-18,1.9374736749021724E7,"{""type"":""MultiPoint"",""coordinates"":[]}"
20190719,2019-07-19,1.8671671797764525E7,"{""type"":""MultiPoint"",""coordinates"":[]}"
20190720,2019-07-20,1.579830998515039E7,"{""type"":""MultiPoint"",""coordinates"":[]}"
20190721,2019-07-21,1.966647677466738E7,"{""type"":""MultiPoint"",""coordinates"":[]}"
20190722,2019-07-22,1.4075578415588055E7,"{""type"":""MultiPoint"",""coordinates"":[]}"
20190723,2019-07-23,1.4735681075993814E7,"{""type"":""MultiPoint"",""coordinates"":[]}"
20190724,2019-07-24,1.8834970019224204E7,"{""type"":""MultiPoint"",""coordinates"":[]}"
20190725,2019-07-25,2.1117363239218984E7,"{""type"":""MultiPoint"",""coordinates"":[]}"
20190726,2019-07-26,1.5696470334677817E7,"{""type"":""MultiPoint"",""coordinates"":[]}"
20190727,2019-07-27,1.5352644099050824E7,"{""type"":""MultiPoint"",""coordinates"":[]}"
20190728,2019-07-28,1.8703965488973174E7,"{""type"":""MultiPoint"",""coordinates"":[]}"
20190729,2019-07-29,1.4900356698131751E7,"{""type"":""MultiPoint"",""coordinates"":[]}"
20190730,2019-07-30,2.0920426560672633E7,"{""type"":""MultiPoint"",""coordinates"":[]}"
20190731,2019-07-31,1.733441232327975E7,"{""type"":""MultiPoint"",""coordinates"":[]}"
20190801,2019-08-01,1.97909677268878E7,"{""type"":""MultiPoint"",""coordinates"":[]}"
20190802,2019-08-02,1.9704926614211462E7,"{""type"":""MultiPoint"",""coordinates"":[]}"
20190803,2019-08-03,1.5559052009311097E7,"{""type"":""MultiPoint"",""coordinates"":[]}"
20190804,2019-08-04,1.9578561841911975E7,"{""type"":""MultiPoint"",""coordinates"":[]}"
20190805,2019-08-05,1.864531027387474E7,"{""type"":""MultiPoint"",""coordinates"":[]}"
20190806,2019-08-06,1.7205991187727E7,"{""type"":""MultiPoint"",""coordinates"":[]}"
20190807,2019-08-07,1.8795297693375878E7,"{""type"":""MultiPoint"",""coordinates"":[]}"
20190808,2019-08-08,1.77812626088335E7,"{""type"":""MultiPoint"",""coordinates"":[]}"
20190809,2019-08-09,1.5474346609917117E7,"{""type"":""MultiPoint"",""coordinates"":[]}"
20190810,2019-08-10,1.6189796730560066E7,"{""type"":""MultiPoint"",""coordinates"":[]}"
20190811,2019-08-11,1.9307789689603265E7,"{""type"":""MultiPoint"",""coordinates"":[]}"
20190812,2019-08-12,1.7363180648204993E7,"{""type"":""MultiPoint"",""coordinates"":[]}"
20190813,2019-08-13,1.2108364999859523E7,"{""type"":""MultiPoint"",""coordinates"":[]}"
20190814,2019-08-14,1.5209120175305516E7,"{""type"":""MultiPoint"",""coordinates"":[]}"
20190815,2019-08-15,1.5307514937571488E7,"{""type"":""MultiPoint"",""coordinates"":[]}"
20190816,2019-08-16,1.668574366881383E7,"{""type"":""MultiPoint"",""coordinates"":[]}"
20190817,2019-08-17,1.9980221159552902E7,"{""type"":""MultiPoint"",""coordinates"":[]}"
20190818,2019-08-18,1.582297838777515E7,"{""type"":""MultiPoint"",""coordinates"":[]}"
20190819,2019-08-19,2.1439310688941054E7,"{""type"":""MultiPoint"",""coordinates"":[]}"
20190820,2019-08-20,2.1772135052435126E7,"{""type"":""MultiPoint"",""coordinates"":[]}"
20190821,2019-08-21,2.1892080913892392E7,"{""type"":""MultiPoint"",""coordinates"":[]}"
20190822,2019-08-22,2.3161678147171546E7,"{""type"":""MultiPoint"",""coordinates"":[]}"
20190823,2019-08-23,2.3328841233078483E7,"{""type"":""MultiPoint"",""coordinates"":[]}"
20190824,2019-08-24,2.3245318081351705E7,"{""type"":""MultiPoint"",""coordinates"":[]}"
20190825,2019-08-25,2.1917386639816977E7,"{""type"":""MultiPoint"",""coordinates"":[]}"
20190826,2019-08-26,2.2141816360604398E7,"{""type"":""MultiPoint"",""coordinates"":[]}"
20190827,2019-08-27,2.428056301824091E7,"{""type"":""MultiPoint"",""coordinates"":[]}"
20190828,2019-08-28,2.4640166205406044E7,"{""type"":""MultiPoint"",""coordinates"":[]}"
20190829,2019-08-29,2.1864658616579365E7,"{""type"":""MultiPoint"",""coordinates"":[]}"
20190830,2019-08-30,2.2183685397547796E7,"{""type"":""MultiPoint"",""coordinates"":[]}"
20190831,2019-08-31,2.2365200621596124E7,"{""type"":""MultiPoint"",""coordinates"":[]}"
20190901,2019-09-01,2.163402907033491E7,"{""type"":""MultiPoint"",""coordinates"":[]}"
20190902,2019-09-02,2.1949915445668533E7,"{""type"":""MultiPoint"",""coordinates"":[]}"
20190903,2019-09-03,2.2561621051231097E7,"{""type"":""MultiPoint"",""coordinates"":[]}"
20190904,2019-09-04,2.096000313093732E7,"{""type"":""MultiPoint"",""coordinates"":[]}"
20190905,2019-09-05,2.4350732282664105E7,"{""type"":""MultiPoint"",""coordinates"":[]}"
20190906,2019-09-06,2.4329534765878018E7,"{""type"":""MultiPoint"",""coordinates"":[]}"
20190907,2019-09-07,2.0907204040174175E7,"{""type"":""MultiPoint"",""coordinates"":[]}"
20190908,2019-09-08,2.347650343563501E7,"{""type"":""MultiPoint"",""coordinates"":[]}"
20190909,2019-09-09,1.97606992122489E7,"{""type"":""MultiPoint"",""coordinates"":[]}"
20190910,2019-09-10,2.085311301089639E7,"{""type"":""MultiPoint"",""coordinates"":[]}"
20190911,2019-09-11,2.2648680372403815E7,"{""type"":""MultiPoint"",""coordinates"":[]}"
20190912,2019-09-12,2.4807688509020124E7,"{""type"":""MultiPoint"",""coordinates"":[]}"
20190913,2019-09-13,2.510046621202817E7,"{""type"":""MultiPoint"",""coordinates"":[]}"
20190914,2019-09-14,2.3083299847169545E7,"{""type"":""MultiPoint"",""coordinates"":[]}"
20190915,2019-09-15,1.9993422921718534E7,"{""type"":""MultiPoint"",""coordinates"":[]}"
20190916,2019-09-16,2.1442276263359614E7,"{""type"":""MultiPoint"",""coordinates"":[]}"
20190917,2019-09-17,1.9598788003090303E7,"{""type"":""MultiPoint"",""coordinates"":[]}"
20190918,2019-09-18,2.357481229036982E7,"{""type"":""MultiPoint"",""coordinates"":[]}"
20190919,2019-09-19,2.3996712770172372E7,"{""type"":""MultiPoint"",""coordinates"":[]}"
20190920,2019-09-20,2.4548472447454505E7,"{""type"":""MultiPoint"",""coordinates"":[]}"
20190921,2019-09-21,2.1347044118194763E7,"{""type"":""MultiPoint"",""coordinates"":[]}"
20190922,2019-09-22,2.2394958951136794E7,"{""type"":""MultiPoint"",""coordinates"":[]}"
20190923,2019-09-23,1.3933630252447193E7,"{""type"":""MultiPoint"",""coordinates"":[]}"
20190924,2019-09-24,1.5203918456718931E7,"{""type"":""MultiPoint"",""coordinates"":[]}"
20190925,2019-09-25,1.5904877747007923E7,"{""type"":""MultiPoint"",""coordinates"":[]}"
20190926,2019-09-26,1.497462189526941E7,"{""type"":""MultiPoint"",""coordinates"":[]}"
20190927,2019-09-27,1.3902357311605891E7,"{""type"":""MultiPoint"",""coordinates"":[]}"
20190928,2019-09-28,1.306478630418579E7,"{""type"":""MultiPoint"",""coordinates"":[]}"
20190929,2019-09-29,1.41340235825422E7,"{""type"":""MultiPoint"",""coordinates"":[]}"
20190930,2019-09-30,1.5589749024810225E7,"{""type"":""MultiPoint"",""coordinates"":[]}"
20191001,2019-10-01,1.301273547892148E7,"{""type"":""MultiPoint"",""coordinates"":[]}"
20191002,2019-10-02,1.3604008144971913E7,"{""type"":""MultiPoint"",""coordinates"":[]}"
20191003,2019-10-03,1.528441913969555E7,"{""type"":""MultiPoint"",""coordinates"":[]}"
20191004,2019-10-04,1.5569955415067244E7,"{""type"":""MultiPoint"",""coordinates"":[]}"
20191005,2019-10-05,1.3754975911576632E7,"{""type"":""MultiPoint"",""coordinates"":[]}"
20191006,2019-10-06,1.2708203623183182E7,"{""type"":""MultiPoint"",""coordinates"":[]}"
20191007,2019-10-07,1.3862042604133157E7,"{""type"":""MultiPoint"",""coordinates"":[]}"
20191008,2019-10-08,1.249829717255543E7,"{""type"":""MultiPoint"",""coordinates"":[]}"
20191009,2019-10-09,1.4287805614325268E7,"{""type"":""MultiPoint"",""coordinates"":[]}"
20191010,2019-10-10,1.5448282348253628E7,"{""type"":""MultiPoint"",""coordinates"":[]}"
20191011,2019-10-11,2.208759669985752E7,"{""type"":""MultiPoint"",""coordinates"":[]}"
20191012,2019-10-12,2.368907039351432E7,"{""type"":""MultiPoint"",""coordinates"":[]}"
20191013,2019-10-13,1.741234396680914E7,"{""type"":""MultiPoint"",""coordinates"":[]}"
20191014,2019-10-14,2.0376863362871982E7,"{""type"":""MultiPoint"",""coordinates"":[]}"
20191015,2019-10-15,2.1479418547789607E7,"{""type"":""MultiPoint"",""coordinates"":[]}"
20191016,2019-10-16,2.0704366808620792E7,"{""type"":""MultiPoint"",""coordinates"":[]}"
20191017,2019-10-17,1.6306089165171662E7,"{""type"":""MultiPoint"",""coordinates"":[]}"
20191018,2019-10-18,2.0899594338651076E7,"{""type"":""MultiPoint"",""coordinates"":[]}"
20191019,2019-10-19,2.1259563420464344E7,"{""type"":""MultiPoint"",""coordinates"":[]}"
20191020,2019-10-20,2.068863544534745E7,"{""type"":""MultiPoint"",""coordinates"":[]}"
20191021,2019-10-21,1.8870997372423887E7,"{""type"":""MultiPoint"",""coordinates"":[]}"
20191022,2019-10-22,1.8044779959384333E7,"{""type"":""MultiPoint"",""coordinates"":[]}"
20191023,2019-10-23,1.992988488110288E7,"{""type"":""MultiPoint"",""coordinates"":[]}"
20191024,2019-10-24,2.136101574298155E7,"{""type"":""MultiPoint"",""coordinates"":[]}"
20191025,2019-10-25,2.2064600537635695E7,"{""type"":""MultiPoint"",""coordinates"":[]}"
20191026,2019-10-26,2.08572249107218E7,"{""type"":""MultiPoint"",""coordinates"":[]}"
20191027,2019-10-27,2.1589884640539393E7,"{""type"":""MultiPoint"",""coordinates"":[]}"
20191028,2019-10-28,2.292034027531956E7,"{""type"":""MultiPoint"",""coordinates"":[]}"
20191029,2019-10-29,1.9744625995464843E7,"{""type"":""MultiPoint"",""coordinates"":[]}"
20191030,2019-10-30,1.815963486717636E7,"{""type"":""MultiPoint"",""coordinates"":[]}"
20191031,2019-10-31,2.1221996536271133E7,"{""type"":""MultiPoint"",""coordinates"":[]}"
20191101,2019-11-01,2.1085791316918496E7,"{""type"":""MultiPoint"",""coordinates"":[]}"
20191102,2019-11-02,2.2272759005317755E7,"{""type"":""MultiPoint"",""coordinates"":[]}"
20191103,2019-11-03,1.9807366193486243E7,"{""type"":""MultiPoint"",""coordinates"":[]}"
20191104,2019-11-04,1.6654387261212436E7,"{""type"":""MultiPoint"",""coordinates"":[]}"
20191105,2019-11-05,2.22104645720707E7,"{""type"":""MultiPoint"",""coordinates"":[]}"
20191106,2019-11-06,1.9464729389440734E7,"{""type"":""MultiPoint"",""coordinates"":[]}"
20191107,2019-11-07,1.6904681601990636E7,"{""type"":""MultiPoint"",""coordinates"":[]}"
20191108,2019-11-08,1.819241100403346E7,"{""type"":""MultiPoint"",""coordinates"":[]}"
20191109,2019-11-09,2.0901589466177024E7,"{""type"":""MultiPoint"",""coordinates"":[]}"
20191110,2019-11-10,2.00627493950595E7,"{""type"":""MultiPoint"",""coordinates"":[]}"
20191111,2019-11-11,2.0507026939016305E7,"{""type"":""MultiPoint"",""coordinates"":[]}"
20191112,2019-11-12,2.013936325414886E7,"{""type"":""MultiPoint"",""coordinates"":[]}"
20191113,2019-11-13,2.0396676226677094E7,"{""type"":""MultiPoint"",""coordinates"":[]}"
20191114,2019-11-14,2.126725540842414E7,"{""type"":""MultiPoint"",""coordinates"":[]}"
20191115,2019-11-15,2.0107345014347915E7,"{""type"":""MultiPoint"",""coordinates"":[]}"
20191116,2019-11-16,1.7352990062167626E7,"{""type"":""MultiPoint"",""coordinates"":[]}"
20191117,2019-11-17,1.7763959785122294E7,"{""type"":""MultiPoint"",""coordinates"":[]}"
20191118,2019-11-18,1.6204372502478275E7,"{""type"":""MultiPoint"",""coordinates"":[]}"
20191119,2019-11-19,1.8345732286958437E7,"{""type"":""MultiPoint"",""coordinates"":[]}"
20191120,2019-11-20,1.8489109095097616E7,"{""type"":""MultiPoint"",""coordinates"":[]}"
20191121,2019-11-21,1.843854835061103E7,"{""type"":""MultiPoint"",""coordinates"":[]}"
20191122,2019-11-22,1.7274582901771914E7,"{""type"":""MultiPoint"",""coordinates"":[]}"
20191123,2019-11-23,1.5057664426705185E7,"{""type"":""MultiPoint"",""coordinates"":[]}"
20191124,2019-11-24,1.965689054827122E7,"{""type"":""MultiPoint"",""coordinates"":[]}"
20191125,2019-11-25,1.578565346842453E7,"{""type"":""MultiPoint"",""coordinates"":[]}"
20191126,2019-11-26,1.709143882969116E7,"{""type"":""MultiPoint"",""coordinates"":[]}"
20191127,2019-11-27,1.399557530222944E7,"{""type"":""MultiPoint"",""coordinates"":[]}"
20191128,2019-11-28,1.6448823669857327E7,"{""type"":""MultiPoint"",""coordinates"":[]}"
20191129,2019-11-29,1.8215263999919724E7,"{""type"":""MultiPoint"",""coordinates"":[]}"
20191130,2019-11-30,1.980367535753416E7,"{""type"":""MultiPoint"",""coordinates"":[]}"
20191201,2019-12-01,2.023744085878834E7,"{""type"":""MultiPoint"",""coordinates"":[]}"
20191202,2019-12-02,1.802625742604297E7,"{""type"":""MultiPoint"",""coordinates"":[]}"
20191203,2019-12-03,1.6077163312985364E7,"{""type"":""MultiPoint"",""coordinates"":[]}"
20191204,2019-12-04,1.8628078629101194E7,"{""type"":""MultiPoint"",""coordinates"":[]}"
20191205,2019-12-05,1.885405439696586E7,"{""type"":""MultiPoint"",""coordinates"":[]}"
20191206,2019-12-06,1.5871991086067459E7,"{""type"":""MultiPoint"",""coordinates"":[]}"
20191207,2019-12-07,1.59869130397929E7,"{""type"":""MultiPoint"",""coordinates"":[]}"
20191208,2019-12-08,1.641738734123973E7,"{""type"":""MultiPoint"",""coordinates"":[]}"
20191209,2019-12-09,1.1746991179098181E7,"{""type"":""MultiPoint"",""coordinates"":[]}"
20191210,2019-12-10,1.692805280982481E7,"{""type"":""MultiPoint"",""coordinates"":[]}"
20191211,2019-12-11,1.4481490219733905E7,"{""type"":""MultiPoint"",""coordinates"":[]}"
20191212,2019-12-12,1.3867045365520837E7,"{""type"":""MultiPoint"",""coordinates"":[]}"
20191213,2019-12-13,1.2660902773102168E7,"{""type"":""MultiPoint"",""coordinates"":[]}"
20191214,2019-12-14,1.405797416796099E7,"{""type"":""MultiPoint"",""coordinates"":[]}"
20191215,2019-12-15,1.2867080180282136E7,"{""type"":""MultiPoint"",""coordinates"":[]}"
20191216,2019-12-16,1.0913423336102575E7,"{""type"":""MultiPoint"",""coordinates"":[]}"
20191217,2019-12-17,1.0954107254951531E7,"{""type"":""MultiPoint"",""coordinates"":[]}"
20191218,2019-12-18,1.4402700127546E7,"{""type"":""MultiPoint"",""coordinates"":[]}"
20191219,2019-12-19,1.5589522739710635E7,"{""type"":""MultiPoint"",""coordinates"":[]}"
20191220,2019-12-20,1.700738996632753E7,"{""type"":""MultiPoint"",""coordinates"":[]}"
20191221,2019-12-21,1.6196621924427576E7,"{""type"":""MultiPoint"",""coordinates"":[]}"
20191222,2019-12-22,1.5517862008227473E7,"{""type"":""MultiPoint"",""coordinates"":[]}"
20191223,2019-12-23,1.1360553181466091E7,"{""type"":""MultiPoint"",""coordinates"":[]}"
20191224,2019-12-24,1.6375029287660778E7,"{""type"":""MultiPoint"",""coordinates"":[]}"
20191225,2019-12-25,1.563113965894085E7,"{""type"":""MultiPoint"",""coordinates"":[]}"
20191226,2019-12-26,1.7655042320069022E7,"{""type"":""MultiPoint"",""coordinates"":[]}"
20191227,2019-12-27,1.4995139584692875E7,"{""type"":""MultiPoint"",""coordinates"":[]}"
20191228,2019-12-28,1.716377180671442E7,"{""type"":""MultiPoint"",""coordinates"":[]}"
20191229,2019-12-29,1.8099663320450295E7,"{""type"":""MultiPoint"",""coordinates"":[]}"
20191230,2019-12-30,1.348203115678365E7,"{""type"":""MultiPoint"",""coordinates"":[]}"
20191231,2019-12-31,1.885449476098167E7,"{""type"":""MultiPoint"",""coordinates"":[]}"
20200101,2020-01-01,1.9951733468986414E7,"{""type"":""MultiPoint"",""coordinates"":[]}"
20200102,2020-01-02,1.807758947275901E7,"{""type"":""MultiPoint"",""coordinates"":[]}"
20200103,2020-01-03,1.9068202290690895E7,"{""type"":""MultiPoint"",""coordinates"":[]}"
20200104,2020-01-04,1.7594510888607945E7,"{""type"":""MultiPoint"",""coordinates"":[]}"
20200105,2020-01-05,1.9382892910079658E7,"{""type"":""MultiPoint"",""coordinates"":[]}"
20200106,2020-01-06,1.9862184603214737E7,"{""type"":""MultiPoint"",""coordinates"":[]}"
20200107,2020-01-07,1.955052384821303E7,"{""type"":""MultiPoint"",""coordinates"":[]}"
20200108,2020-01-08,1.741350050833785E7,"{""type"":""MultiPoint"",""coordinates"":[]}"
20200109,2020-01-09,1.7947460338811625E7,"{""type"":""MultiPoint"",""coordinates"":[]}"
20200110,2020-01-10,2.0080788632833663E7,"{""type"":""MultiPoint"",""coordinates"":[]}"
20200111,2020-01-11,1.705649590608633E7,"{""type"":""MultiPoint"",""coordinates"":[]}"
20200112,2020-01-12,1.884206518379387E7,"{""type"":""MultiPoint"",""coordinates"":[]}"
20200113,2020-01-13,1.4111563484598553E7,"{""type"":""MultiPoint"",""coordinates"":[]}"
20200114,2020-01-14,1.4221339747717379E7,"{""type"":""MultiPoint"",""coordinates"":[]}"
20200115,2020-01-15,1.6938581576545656E7,"{""type"":""MultiPoint"",""coordinates"":[]}"
20200116,2020-01-16,1.806687627026267E7,"{""type"":""MultiPoint"",""coordinates"":[]}"
20200117,2020-01-17,1.94857897047338E7,"{""type"":""MultiPoint"",""coordinates"":[]}"
20200118,2020-01-18,1.811092288900928E7,"{""type"":""MultiPoint"",""coordinates"":[]}"
20200119,2020-01-19,1.924060567487408E7,"{""type"":""MultiPoint"",""coordinates"":[]}"
20200120,2020-01-20,1.6415324559789693E7,"{""type"":""MultiPoint"",""coordinates"":[]}"
20200121,2020-01-21,1.864052919824212E7,"{""type"":""MultiPoint"",""coordinates"":[]}"
20200122,2020-01-22,1.9873022843176197E7,"{""type"":""MultiPoint"",""coordinates"":[]}"
20200123,2020-01-23,2.147953912202757E7,"{""type"":""MultiPoint"",""coordinates"":[]}"
20200124,2020-01-24,2.032095073537615E7,"{""type"":""MultiPoint"",""coordinates"":[]}"
20200125,2020-01-25,1.8680271807757907E7,"{""type"":""MultiPoint"",""coordinates"":[]}"
20200126,2020-01-26,1.5270545383821959E7,"{""type"":""MultiPoint"",""coordinates"":[]}"
20200127,2020-01-27,1.3625327334256407E7,"{""type"":""MultiPoint"",""coordinates"":[]}"
20200128,2020-01-28,1.8913354296630744E7,"{""type"":""MultiPoint"",""coordinates"":[]}"
20200129,2020-01-29,1.8832679561655913E7,"{""type"":""MultiPoint"",""coordinates"":[]}"
20200130,2020-01-30,1.92420848672165E7,"{""type"":""MultiPoint"",""coordinates"":[]}"
20200131,2020-01-31,1.8083201132502552E7,"{""type"":""MultiPoint"",""coordinates"":[]}"
20200201,2020-02-01,2.093000806477634E7,"{""type"":""MultiPoint"",""coordinates"":[]}"
20200202,2020-02-02,2.012426594987257E7,"{""type"":""MultiPoint"",""coordinates"":[]}"
20200203,2020-02-03,2.0058385261653922E7,"{""type"":""MultiPoint"",""coordinates"":[]}"
20200204,2020-02-04,2.083278526197499E7,"{""type"":""MultiPoint"",""coordinates"":[]}"
20200205,2020-02-05,2.025817748174903E7,"{""type"":""MultiPoint"",""coordinates"":[]}"
20200206,2020-02-06,2.0394946948889274E7,"{""type"":""MultiPoint"",""coordinates"":[]}"
20200207,2020-02-07,2.109677929195513E7,"{""type"":""MultiPoint"",""coordinates"":[]}"
20200208,2020-02-08,2.193268870660004E7,"{""type"":""MultiPoint"",""coordinates"":[]}"
20200209,2020-02-09,1.9500722903939147E7,"{""type"":""MultiPoint"",""coordinates"":[]}"
20200210,2020-02-10,2.072588298452832E7,"{""type"":""MultiPoint"",""coordinates"":[]}"
20200211,2020-02-11,1.0941454502598677E7,"{""type"":""MultiPoint"",""coordinates"":[]}"
20200212,2020-02-12,1.3788476047277903E7,"{""type"":""MultiPoint"",""coordinates"":[]}"
20200213,2020-02-13,1.9347618445688594E7,"{""type"":""MultiPoint"",""coordinates"":[]}"
20200214,2020-02-14,2.043327320743282E7,"{""type"":""MultiPoint"",""coordinates"":[]}"
20200215,2020-02-15,2.051368611787369E7,"{""type"":""MultiPoint"",""coordinates"":[]}"
20200216,2020-02-16,1.5797092520899795E7,"{""type"":""MultiPoint"",""coordinates"":[]}"
20200217,2020-02-17,1.9569635233038347E7,"{""type"":""MultiPoint"",""coordinates"":[]}"
20200218,2020-02-18,1.9608319226657033E7,"{""type"":""MultiPoint"",""coordinates"":[]}"
20200219,2020-02-19,2.0020358281460065E7,"{""type"":""MultiPoint"",""coordinates"":[]}"
20200220,2020-02-20,1.9105165462364294E7,"{""type"":""MultiPoint"",""coordinates"":[]}"
20200221,2020-02-21,1.9629873188409276E7,"{""type"":""MultiPoint"",""coordinates"":[]}"
20200222,2020-02-22,1.748247761507435E7,"{""type"":""MultiPoint"",""coordinates"":[]}"
20200223,2020-02-23,1.5309799548973558E7,"{""type"":""MultiPoint"",""coordinates"":[]}"
20200224,2020-02-24,1.8414347348784942E7,"{""type"":""MultiPoint"",""coordinates"":[]}"
20200225,2020-02-25,1.952018759119458E7,"{""type"":""MultiPoint"",""coordinates"":[]}"
20200226,2020-02-26,2.1105398923444305E7,"{""type"":""MultiPoint"",""coordinates"":[]}"
20200227,2020-02-27,2.1505942540605627E7,"{""type"":""MultiPoint"",""coordinates"":[]}"
20200228,2020-02-28,2.0089117394256808E7,"{""type"":""MultiPoint"",""coordinates"":[]}"
20200229,2020-02-29,1.7647280222262345E7,"{""type"":""MultiPoint"",""coordinates"":[]}"
20200301,2020-03-01,2.0398351717255633E7,"{""type"":""MultiPoint"",""coordinates"":[]}"
20200302,2020-03-02,1.977451379981136E7,"{""type"":""MultiPoint"",""coordinates"":[]}"
20200303,2020-03-03,2.269810920302682E7,"{""type"":""MultiPoint"",""coordinates"":[]}"
20200304,2020-03-04,1.38386523224313E7,"{""type"":""MultiPoint"",""coordinates"":[]}"
20200305,2020-03-05,1.2454929109252706E7,"{""type"":""MultiPoint"",""coordinates"":[]}"
20200306,2020-03-06,1.33737220679055E7,"{""type"":""MultiPoint"",""coordinates"":[]}"
20200307,2020-03-07,1.3249042513953457E7,"{""type"":""MultiPoint"",""coordinates"":[]}"
20200308,2020-03-08,1.3988920158145683E7,"{""type"":""MultiPoint"",""coordinates"":[]}"
20200309,2020-03-09,1.3911874597007275E7,"{""type"":""MultiPoint"",""coordinates"":[]}"
20200310,2020-03-10,1.3491601549670303E7,"{""type"":""MultiPoint"",""coordinates"":[]}"
20200311,2020-03-11,1.30344772930634E7,"{""type"":""MultiPoint"",""coordinates"":[]}"
20200312,2020-03-12,1.3745704850018142E7,"{""type"":""MultiPoint"",""coordinates"":[]}"
20200313,2020-03-13,1.2612830711106364E7,"{""type"":""MultiPoint"",""coordinates"":[]}"
20200314,2020-03-14,1.2678854943175202E7,"{""type"":""MultiPoint"",""coordinates"":[]}"
20200315,2020-03-15,1.077925110922074E7,"{""type"":""MultiPoint"",""coordinates"":[]}"
20200316,2020-03-16,1.4807036923991961E7,"{""type"":""MultiPoint"",""coordinates"":[]}"
20200317,2020-03-17,1.2423452619603487E7,"{""type"":""MultiPoint"",""coordinates"":[]}"
20200318,2020-03-18,1.2591203529154077E7,"{""type"":""MultiPoint"",""coordinates"":[]}"
20200319,2020-03-19,1.2496024859309005E7,"{""type"":""MultiPoint"",""coordinates"":[]}"
20200320,2020-03-20,1.3297698827740248E7,"{""type"":""MultiPoint"",""coordinates"":[]}"
20200321,2020-03-21,2.12237083446712E7,"{""type"":""MultiPoint"",""coordinates"":[]}"
20200322,2020-03-22,1.9089819934140015E7,"{""type"":""MultiPoint"",""coordinates"":[]}"
20200323,2020-03-23,1.908691764975016E7,"{""type"":""MultiPoint"",""coordinates"":[]}"
20200324,2020-03-24,2.0979115552986976E7,"{""type"":""MultiPoint"",""coordinates"":[]}"
20200325,2020-03-25,1.826536398719724E7,"{""type"":""MultiPoint"",""coordinates"":[]}"
20200326,2020-03-26,1.979570360656593E7,"{""type"":""MultiPoint"",""coordinates"":[]}"
20200327,2020-03-27,1.8480087529950034E7,"{""type"":""MultiPoint"",""coordinates"":[]}"
20200328,2020-03-28,1.5304364181887498E7,"{""type"":""MultiPoint"",""coordinates"":[]}"
20200329,2020-03-29,8309496.054742836,"{""type"":""MultiPoint"",""coordinates"":[]}"
20200330,2020-03-30,1.4018041832962094E7,"{""type"":""MultiPoint"",""coordinates"":[]}"
20200331,2020-03-31,1.3449499197840776E7,"{""type"":""MultiPoint"",""coordinates"":[]}"
20200401,2020-04-01,1.6294331312543891E7,"{""type"":""MultiPoint"",""coordinates"":[]}"
20200402,2020-04-02,1.6751958824634269E7,"{""type"":""MultiPoint"",""coordinates"":[]}"
20200403,2020-04-03,1.6129549883490862E7,"{""type"":""MultiPoint"",""coordinates"":[]}"
20200404,2020-04-04,1.948142415981376E7,"{""type"":""MultiPoint"",""coordinates"":[]}"
20200405,2020-04-05,2.2201081199927755E7,"{""type"":""MultiPoint"",""coordinates"":[]}"
20200406,2020-04-06,1.913659126398169E7,"{""type"":""MultiPoint"",""coordinates"":[]}"
20200407,2020-04-07,1.833329823952E7,"{""type"":""MultiPoint"",""coordinates"":[]}"
20200408,2020-04-08,1.7597208665342234E7,"{""type"":""MultiPoint"",""coordinates"":[]}"
20200409,2020-04-09,1.999320985070134E7,"{""type"":""MultiPoint"",""coordinates"":[]}"
20200410,2020-04-10,1.635368825328597E7,"{""type"":""MultiPoint"",""coordinates"":[]}"
20200411,2020-04-11,2.1189856378744993E7,"{""type"":""MultiPoint"",""coordinates"":[]}"
20200412,2020-04-12,1.947978159143539E7,"{""type"":""MultiPoint"",""coordinates"":[]}"
20200413,2020-04-13,2.0449443287500247E7,"{""type"":""MultiPoint"",""coordinates"":[]}"
20200414,2020-04-14,2.1552289683944367E7,"{""type"":""MultiPoint"",""coordinates"":[]}"
20200415,2020-04-15,2.179113260385687E7,"{""type"":""MultiPoint"",""coordinates"":[]}"
20200416,2020-04-16,2.1610183656733483E7,"{""type"":""MultiPoint"",""coordinates"":[]}"
20200417,2020-04-17,2.1708165725442972E7,"{""type"":""MultiPoint"",""coordinates"":[]}"
20200418,2020-04-18,1.8426982005458232E7,"{""type"":""MultiPoint"",""coordinates"":[]}"
20200419,2020-04-19,1.3173482904621439E7,"{""type"":""MultiPoint"",""coordinates"":[]}"
20200420,2020-04-20,7123574.910320469,"{""type"":""MultiPoint"",""coordinates"":[]}"
20200421,2020-04-21,1.850077248100656E7,"{""type"":""MultiPoint"",""coordinates"":[]}"
20200422,2020-04-22,2.010104265458631E7,"{""type"":""MultiPoint"",""coordinates"":[]}"
20200423,2020-04-23,1.5747120511588702E7,"{""type"":""MultiPoint"",""coordinates"":[]}"
20200424,2020-04-24,1.877559844107317E7,"{""type"":""MultiPoint"",""coordinates"":[]}"
20200425,2020-04-25,2.0751860896915693E7,"{""type"":""MultiPoint"",""coordinates"":[]}"
20200426,2020-04-26,1.3765887831637658E7,"{""type"":""MultiPoint"",""coordinates"":[]}"
20200427,2020-04-27,1.6949117011016797E7,"{""type"":""MultiPoint"",""coordinates"":[]}"
20200428,2020-04-28,1.9351836979511563E7,"{""type"":""MultiPoint"",""coordinates"":[]}"
20200429,2020-04-29,1.4367046047759505E7,"{""type"":""MultiPoint"",""coordinates"":[]}"
20200430,2020-04-30,1.4289144270704137E7,"{""type"":""MultiPoint"",""coordinates"":[]}"
20200501,2020-05-01,1.1958342864166312E7,"{""type"":""MultiPoint"",""coordinates"":[]}"
20200502,2020-05-02,1.7929146256175622E7,"{""type"":""MultiPoint"",""coordinates"":[]}"
20200503,2020-05-03,1.6335902197860848E7,"{""type"":""MultiPoint"",""coordinates"":[]}"
20200504,2020-05-04,1.3722693563502096E7,"{""type"":""MultiPoint"",""coordinates"":[]}"
20200505,2020-05-05,1.3189077325828265E7,"{""type"":""MultiPoint"",""coordinates"":[]}"
20200506,2020-05-06,1.2407231722312527E7,"{""type"":""MultiPoint"",""coordinates"":[]}"
20200507,2020-05-07,1.738092644135412E7,"{""type"":""MultiPoint"",""coordinates"":[]}"
20200508,2020-05-08,1.94897452342825E7,"{""type"":""MultiPoint"",""coordinates"":[]}"
20200509,2020-05-09,2.092531710304416E7,"{""type"":""MultiPoint"",""coordinates"":[]}"
20200510,2020-05-10,1.024650019192101E7,"{""type"":""MultiPoint"",""coordinates"":[]}"
20200511,2020-05-11,1.0059037185078155E7,"{""type"":""MultiPoint"",""coordinates"":[]}"
20200512,2020-05-12,1.2232790092990575E7,"{""type"":""MultiPoint"",""coordinates"":[]}"
20200513,2020-05-13,1.0588635592318343E7,"{""type"":""MultiPoint"",""coordinates"":[]}"
20200514,2020-05-14,1.5530256401420735E7,"{""type"":""MultiPoint"",""coordinates"":[]}"
20200515,2020-05-15,1.9511428684124976E7,"{""type"":""MultiPoint"",""coordinates"":[]}"
20200516,2020-05-16,1.4818985539622346E7,"{""type"":""MultiPoint"",""coordinates"":[]}"
20200517,2020-05-17,2.1398916279734306E7,"{""type"":""MultiPoint"",""coordinates"":[]}"
20200518,2020-05-18,1.5777904739750765E7,"{""type"":""MultiPoint"",""coordinates"":[]}"
20200519,2020-05-19,1.6717013125679757E7,"{""type"":""MultiPoint"",""coordinates"":[]}"
20200520,2020-05-20,1.5259329587943738E7,"{""type"":""MultiPoint"",""coordinates"":[]}"
20200521,2020-05-21,1.17409478764674E7,"{""type"":""MultiPoint"",""coordinates"":[]}"
20200522,2020-05-22,1.686331755543515E7,"{""type"":""MultiPoint"",""coordinates"":[]}"
20200523,2020-05-23,2.1424789762847904E7,"{""type"":""MultiPoint"",""coordinates"":[]}"
20200524,2020-05-24,1.7929022125418894E7,"{""type"":""MultiPoint"",""coordinates"":[]}"
20200525,2020-05-25,1.2504971595689597E7,"{""type"":""MultiPoint"",""coordinates"":[]}"
20200526,2020-05-26,1.4479118684566446E7,"{""type"":""MultiPoint"",""coordinates"":[]}"
20200527,2020-05-27,1.3576304130836997E7,"{""type"":""MultiPoint"",""coordinates"":[]}"
20200528,2020-05-28,1.4589682927216893E7,"{""type"":""MultiPoint"",""coordinates"":[]}"
20200529,2020-05-29,6951751.134629662,"{""type"":""MultiPoint"",""coordinates"":[]}"
20200530,2020-05-30,1.86297893444906E7,"{""type"":""MultiPoint"",""coordinates"":[]}"
20200531,2020-05-31,1.754316304336483E7,"{""type"":""MultiPoint"",""coordinates"":[]}"
20200601,2020-06-01,1.6385252698492957E7,"{""type"":""MultiPoint"",""coordinates"":[]}"
20200602,2020-06-02,1.79850744476953E7,"{""type"":""MultiPoint"",""coordinates"":[]}"
20200603,2020-06-03,1.7603524197218698E7,"{""type"":""MultiPoint"",""coordinates"":[]}"
20200604,2020-06-04,1.85833023465575E7,"{""type"":""MultiPoint"",""coordinates"":[]}"
20200605,2020-06-05,2.0925174181365754E7,"{""type"":""MultiPoint"",""coordinates"":[]}"
20200606,2020-06-06,1.9384825609295044E7,"{""type"":""MultiPoint"",""coordinates"":[]}"
20200607,2020-06-07,1.4836025646057818E7,"{""type"":""MultiPoint"",""coordinates"":[]}"
20200608,2020-06-08,1.5016583811851582E7,"{""type"":""MultiPoint"",""coordinates"":[]}"
20200609,2020-06-09,9301501.60439869,"{""type"":""MultiPoint"",""coordinates"":[]}"
20200610,2020-06-10,1.9188763459314104E7,"{""type"":""MultiPoint"",""coordinates"":[]}"
20200611,2020-06-11,1.6564014628378775E7,"{""type"":""MultiPoint"",""coordinates"":[]}"
20200612,2020-06-12,1.1070817367768342E7,"{""type"":""MultiPoint"",""coordinates"":[]}"
20200613,2020-06-13,9765689.226175424,"{""type"":""MultiPoint"",""coordinates"":[]}"
20200614,2020-06-14,1.0356909814540561E7,"{""type"":""MultiPoint"",""coordinates"":[]}"
20200615,2020-06-15,1.5860194893664842E7,"{""type"":""MultiPoint"",""coordinates"":[]}"
20200616,2020-06-16,8213483.306884992,"{""type"":""MultiPoint"",""coordinates"":[]}"
20200617,2020-06-17,1.4379932945718694E7,"{""type"":""MultiPoint"",""coordinates"":[]}"
20200618,2020-06-18,1.7487817539943412E7,"{""type"":""MultiPoint"",""coordinates"":[]}"
20200619,2020-06-19,1.4725566359641196E7,"{""type"":""MultiPoint"",""coordinates"":[]}"
20200620,2020-06-20,1.837671197519716E7,"{""type"":""MultiPoint"",""coordinates"":[]}"
20200621,2020-06-21,1.8126169331647698E7,"{""type"":""MultiPoint"",""coordinates"":[]}"
20200622,2020-06-22,1.623850308719122E7,"{""type"":""MultiPoint"",""coordinates"":[]}"
20200623,2020-06-23,1.0426608635000898E7,"{""type"":""MultiPoint"",""coordinates"":[]}"
20200624,2020-06-24,1.235605128272429E7,"{""type"":""MultiPoint"",""coordinates"":[]}"
20200625,2020-06-25,1.4669987839784877E7,"{""type"":""MultiPoint"",""coordinates"":[]}"
20200626,2020-06-26,1.380035681985832E7,"{""type"":""MultiPoint"",""coordinates"":[]}"
20200627,2020-06-27,2.0833102474665377E7,"{""type"":""MultiPoint"",""coordinates"":[]}"
20200628,2020-06-28,1.6337685874902165E7,"{""type"":""MultiPoint"",""coordinates"":[]}"
20200629,2020-06-29,1.4768105671502816E7,"{""type"":""MultiPoint"",""coordinates"":[]}"
20200630,2020-06-30,1.8327491599943805E7,"{""type"":""MultiPoint"",""coordinates"":[]}"
20200701,2020-07-01,1.3955439005719095E7,"{""type"":""MultiPoint"",""coordinates"":[]}"
20200702,2020-07-02,1.5029619142174859E7,"{""type"":""MultiPoint"",""coordinates"":[]}"
20200703,2020-07-03,1.8575809761964954E7,"{""type"":""MultiPoint"",""coordinates"":[]}"
20200704,2020-07-04,1.4186452235185513E7,"{""type"":""MultiPoint"",""coordinates"":[]}"
20200705,2020-07-05,1.5659140865129523E7,"{""type"":""MultiPoint"",""coordinates"":[]}"
20200706,2020-07-06,1.3087381546806322E7,"{""type"":""MultiPoint"",""coordinates"":[]}"
20200707,2020-07-07,2.013474811963959E7,"{""type"":""MultiPoint"",""coordinates"":[]}"
20200708,2020-07-08,1.2701496384163102E7,"{""type"":""MultiPoint"",""coordinates"":[]}"
20200709,2020-07-09,1.9042813017919846E7,"{""type"":""MultiPoint"",""coordinates"":[]}"
20200710,2020-07-10,1.9083039480023272E7,"{""type"":""MultiPoint"",""coordinates"":[]}"
20200711,2020-07-11,1.7726467184395883E7,"{""type"":""MultiPoint"",""coordinates"":[]}"
20200712,2020-07-12,1.7036730392992582E7,"{""type"":""MultiPoint"",""coordinates"":[]}"
20200713,2020-07-13,2.092189339148756E7,"{""type"":""MultiPoint"",""coordinates"":[]}"
20200714,2020-07-14,2.07723152141352E7,"{""type"":""MultiPoint"",""coordinates"":[]}"
20200715,2020-07-15,1.9530789779423263E7,"{""type"":""MultiPoint"",""coordinates"":[]}"
20200716,2020-07-16,2.0678907117091082E7,"{""type"":""MultiPoint"",""coordinates"":[]}"
20200717,2020-07-17,2.162878793269519E7,"{""type"":""MultiPoint"",""coordinates"":[]}"
20200718,2020-07-18,2.0891605587702926E7,"{""type"":""MultiPoint"",""coordinates"":[]}"
20200719,2020-07-19,1.8869714893424027E7,"{""type"":""MultiPoint"",""coordinates"":[]}"
20200720,2020-07-20,1.90229462529649E7,"{""type"":""MultiPoint"",""coordinates"":[]}"
20200721,2020-07-21,1.7007600793369856E7,"{""type"":""MultiPoint"",""coordinates"":[]}"
20200722,2020-07-22,1.4942055122950647E7,"{""type"":""MultiPoint"",""coordinates"":[]}"
20200723,2020-07-23,1.2357829867437243E7,"{""type"":""MultiPoint"",""coordinates"":[]}"
20200724,2020-07-24,2.008757973102161E7,"{""type"":""MultiPoint"",""coordinates"":[]}"
20200725,2020-07-25,2.0324589397748463E7,"{""type"":""MultiPoint"",""coordinates"":[]}"
20200726,2020-07-26,2.0797605554231126E7,"{""type"":""MultiPoint"",""coordinates"":[]}"
20200727,2020-07-27,2.1210458672847297E7,"{""type"":""MultiPoint"",""coordinates"":[]}"
20200728,2020-07-28,1.9558635249292634E7,"{""type"":""MultiPoint"",""coordinates"":[]}"
20200729,2020-07-29,2.213147087331688E7,"{""type"":""MultiPoint"",""coordinates"":[]}"
20200730,2020-07-30,1.9162544928260382E7,"{""type"":""MultiPoint"",""coordinates"":[]}"
20200731,2020-07-31,1.747997193923705E7,"{""type"":""MultiPoint"",""coordinates"":[]}"
20200801,2020-08-01,1.4981851386069473E7,"{""type"":""MultiPoint"",""coordinates"":[]}"
20200802,2020-08-02,1.3419657169425882E7,"{""type"":""MultiPoint"",""coordinates"":[]}"
20200803,2020-08-03,2.073037981987839E7,"{""type"":""MultiPoint"",""coordinates"":[]}"
20200804,2020-08-04,1.6770638453795666E7,"{""type"":""MultiPoint"",""coordinates"":[]}"
20200805,2020-08-05,1.7860181124636274E7,"{""type"":""MultiPoint"",""coordinates"":[]}"
20200806,2020-08-06,2.0548152940380864E7,"{""type"":""MultiPoint"",""coordinates"":[]}"
20200807,2020-08-07,1.5915536915658303E7,"{""type"":""MultiPoint"",""coordinates"":[]}"
20200808,2020-08-08,1.950696134501234E7,"{""type"":""MultiPoint"",""coordinates"":[]}"
20200809,2020-08-09,1.943916349912708E7,"{""type"":""MultiPoint"",""coordinates"":[]}"
20200810,2020-08-10,1.7984809977685463E7,"{""type"":""MultiPoint"",""coordinates"":[]}"
20200811,2020-08-11,2.1405270203479607E7,"{""type"":""MultiPoint"",""coordinates"":[]}"
20200812,2020-08-12,2.3682505601950493E7,"{""type"":""MultiPoint"",""coordinates"":[]}"
20200813,2020-08-13,1.9336859763088707E7,"{""type"":""MultiPoint"",""coordinates"":[]}"
20200814,2020-08-14,2.231797034727991E7,"{""type"":""MultiPoint"",""coordinates"":[]}"
20200815,2020-08-15,1.8862132716834217E7,"{""type"":""MultiPoint"",""coordinates"":[]}"
20200816,2020-08-16,9123488.666345589,"{""type"":""MultiPoint"",""coordinates"":[]}"
20200817,2020-08-17,1.524484217972026E7,"{""type"":""MultiPoint"",""coordinates"":[]}"
20200818,2020-08-18,2.0732979382337E7,"{""type"":""MultiPoint"",""coordinates"":[]}"
20200819,2020-08-19,2.223383239491902E7,"{""type"":""MultiPoint"",""coordinates"":[]}"
20200820,2020-08-20,2.2247747995705657E7,"{""type"":""MultiPoint"",""coordinates"":[]}"
20200821,2020-08-21,2.353482515152608E7,"{""type"":""MultiPoint"",""coordinates"":[]}"
20200822,2020-08-22,2.3611082392109647E7,"{""type"":""MultiPoint"",""coordinates"":[]}"
20200823,2020-08-23,2.0899941698874235E7,"{""type"":""MultiPoint"",""coordinates"":[]}"
20200824,2020-08-24,1.868928096333754E7,"{""type"":""MultiPoint"",""coordinates"":[]}"
20200825,2020-08-25,2.2735306158609755E7,"{""type"":""MultiPoint"",""coordinates"":[]}"
20200826,2020-08-26,2.2333306859591022E7,"{""type"":""MultiPoint"",""coordinates"":[]}"
20200827,2020-08-27,2.1044958167439237E7,"{""type"":""MultiPoint"",""coordinates"":[]}"
20200828,2020-08-28,1.8979561228342656E7,"{""type"":""MultiPoint"",""coordinates"":[]}"
20200829,2020-08-29,1.9115345396865524E7,"{""type"":""MultiPoint"",""coordinates"":[]}"
20200830,2020-08-30,1.5379085155178295E7,"{""type"":""MultiPoint"",""coordinates"":[]}"
20200831,2020-08-31,1.899209439086549E7,"{""type"":""MultiPoint"",""coordinates"":[]}"
20200901,2020-09-01,2.1661855084943704E7,"{""type"":""MultiPoint"",""coordinates"":[]}"
20200902,2020-09-02,2.359596838500591E7,"{""type"":""MultiPoint"",""coordinates"":[]}"
20200903,2020-09-03,2.3289285423113182E7,"{""type"":""MultiPoint"",""coordinates"":[]}"
20200904,2020-09-04,2.128718071466698E7,"{""type"":""MultiPoint"",""coordinates"":[]}"
20200905,2020-09-05,2.15679693520358E7,"{""type"":""MultiPoint"",""coordinates"":[]}"
20200906,2020-09-06,2.020545888716312E7,"{""type"":""MultiPoint"",""coordinates"":[]}"
20200907,2020-09-07,2.0612665332129303E7,"{""type"":""MultiPoint"",""coordinates"":[]}"
20200908,2020-09-08,1.7784308997852825E7,"{""type"":""MultiPoint"",""coordinates"":[]}"
20200909,2020-09-09,2.3240914028575435E7,"{""type"":""MultiPoint"",""coordinates"":[]}"
20200910,2020-09-10,2.2768221737723995E7,"{""type"":""MultiPoint"",""coordinates"":[]}"
20200911,2020-09-11,2.367898602781288E7,"{""type"":""MultiPoint"",""coordinates"":[]}"
20200912,2020-09-12,2.477410658675976E7,"{""type"":""MultiPoint"",""coordinates"":[]}"
20200913,2020-09-13,2.4680230606545843E7,"{""type"":""MultiPoint"",""coordinates"":[]}"
20200914,2020-09-14,2.2308027748038437E7,"{""type"":""MultiPoint"",""coordinates"":[]}"
20200915,2020-09-15,2.071960020813517E7,"{""type"":""MultiPoint"",""coordinates"":[]}"
20200916,2020-09-16,1.9503384600525755E7,"{""type"":""MultiPoint"",""coordinates"":[]}"
20200917,2020-09-17,1.5030898237031689E7,"{""type"":""MultiPoint"",""coordinates"":[]}"
20200918,2020-09-18,2.4414771754981652E7,"{""type"":""MultiPoint"",""coordinates"":[]}"
20200919,2020-09-19,2.5627054268817827E7,"{""type"":""MultiPoint"",""coordinates"":[]}"
20200920,2020-09-20,2.3678875972708836E7,"{""type"":""MultiPoint"",""coordinates"":[]}"
20200921,2020-09-21,2.346955818834909E7,"{""type"":""MultiPoint"",""coordinates"":[]}"
20200922,2020-09-22,1.54423926344821E7,"{""type"":""MultiPoint"",""coordinates"":[]}"
20200923,2020-09-23,1.6638681249870973E7,"{""type"":""MultiPoint"",""coordinates"":[]}"
20200924,2020-09-24,1.1476680606537601E7,"{""type"":""MultiPoint"",""coordinates"":[]}"
20200925,2020-09-25,1.091513526268993E7,"{""type"":""MultiPoint"",""coordinates"":[]}"
20200926,2020-09-26,1.2063693877562994E7,"{""type"":""MultiPoint"",""coordinates"":[]}"
20200927,2020-09-27,1.4188407002784472E7,"{""type"":""MultiPoint"",""coordinates"":[]}"
20200928,2020-09-28,1.2930360774627155E7,"{""type"":""MultiPoint"",""coordinates"":[]}"
20200929,2020-09-29,1.6285187682312708E7,"{""type"":""MultiPoint"",""coordinates"":[]}"
20200930,2020-09-30,1.4454204702966249E7,"{""type"":""MultiPoint"",""coordinates"":[]}"
20201001,2020-10-01,1.4321846334202098E7,"{""type"":""MultiPoint"",""coordinates"":[]}"
20201002,2020-10-02,1.0249913933917034E7,"{""type"":""MultiPoint"",""coordinates"":[]}"
20201003,2020-10-03,1.4907976417022178E7,"{""type"":""MultiPoint"",""coordinates"":[]}"
20201004,2020-10-04,1.3485106567252489E7,"{""type"":""MultiPoint"",""coordinates"":[]}"
20201005,2020-10-05,1.4314712646641621E7,"{""type"":""MultiPoint"",""coordinates"":[]}"
20201006,2020-10-06,1.3248763137555085E7,"{""type"":""MultiPoint"",""coordinates"":[]}"
20201007,2020-10-07,1.3438204837322125E7,"{""type"":""MultiPoint"",""coordinates"":[]}"
20201008,2020-10-08,1.4843399317128114E7,"{""type"":""MultiPoint"",""coordinates"":[]}"
20201009,2020-10-09,1.4121384687678304E7,"{""type"":""MultiPoint"",""coordinates"":[]}"
20201010,2020-10-10,2.2386430229446348E7,"{""type"":""MultiPoint"",""coordinates"":[]}"
20201011,2020-10-11,2.2203001188609958E7,"{""type"":""MultiPoint"",""coordinates"":[]}"
20201012,2020-10-12,2.322817774370396E7,"{""type"":""MultiPoint"",""coordinates"":[]}"
20201013,2020-10-13,2.282729748945477E7,"{""type"":""MultiPoint"",""coordinates"":[]}"
20201014,2020-10-14,2.2749881630686488E7,"{""type"":""MultiPoint"",""coordinates"":[]}"
20201015,2020-10-15,2.331016806164588E7,"{""type"":""MultiPoint"",""coordinates"":[]}"
20201016,2020-10-16,2.4157929573334936E7,"{""type"":""MultiPoint"",""coordinates"":[]}"
20201017,2020-10-17,2.3652762414865647E7,"{""type"":""MultiPoint"",""coordinates"":[]}"
20201018,2020-10-18,2.142765905323781E7,"{""type"":""MultiPoint"",""coordinates"":[]}"
20201019,2020-10-19,2.091555372114864E7,"{""type"":""MultiPoint"",""coordinates"":[]}"
20201020,2020-10-20,2.174355891902956E7,"{""type"":""MultiPoint"",""coordinates"":[]}"
20201021,2020-10-21,2.2902288025444977E7,"{""type"":""MultiPoint"",""coordinates"":[]}"
20201022,2020-10-22,2.0021772467722192E7,"{""type"":""MultiPoint"",""coordinates"":[]}"
20201023,2020-10-23,2.032158682636002E7,"{""type"":""MultiPoint"",""coordinates"":[]}"
20201024,2020-10-24,2.065527548788954E7,"{""type"":""MultiPoint"",""coordinates"":[]}"
20201025,2020-10-25,2.011400324459695E7,"{""type"":""MultiPoint"",""coordinates"":[]}"
20201026,2020-10-26,1.940653913037545E7,"{""type"":""MultiPoint"",""coordinates"":[]}"
20201027,2020-10-27,2.064682410242209E7,"{""type"":""MultiPoint"",""coordinates"":[]}"
20201028,2020-10-28,1.983166361928842E7,"{""type"":""MultiPoint"",""coordinates"":[]}"
20201029,2020-10-29,2.0933820240804285E7,"{""type"":""MultiPoint"",""coordinates"":[]}"
20201030,2020-10-30,2.0178627922541283E7,"{""type"":""MultiPoint"",""coordinates"":[]}"
20201031,2020-10-31,2.109340633363433E7,"{""type"":""MultiPoint"",""coordinates"":[]}"
20201101,2020-11-01,1.716379450540806E7,"{""type"":""MultiPoint"",""coordinates"":[]}"
20201102,2020-11-02,1.0072824137418976E7,"{""type"":""MultiPoint"",""coordinates"":[]}"
20201103,2020-11-03,1.49786662851524E7,"{""type"":""MultiPoint"",""coordinates"":[]}"
20201104,2020-11-04,1.293705186410611E7,"{""type"":""MultiPoint"",""coordinates"":[]}"
20201105,2020-11-05,1.2159625179218585E7,"{""type"":""MultiPoint"",""coordinates"":[]}"
20201106,2020-11-06,1.7706837727770753E7,"{""type"":""MultiPoint"",""coordinates"":[]}"
20201107,2020-11-07,1.8396804986093547E7,"{""type"":""MultiPoint"",""coordinates"":[]}"
20201108,2020-11-08,1.8406667088716302E7,"{""type"":""MultiPoint"",""coordinates"":[]}"
20201109,2020-11-09,2.245601062115464E7,"{""type"":""MultiPoint"",""coordinates"":[]}"
20201110,2020-11-10,1.5320392317139238E7,"{""type"":""MultiPoint"",""coordinates"":[]}"
20201111,2020-11-11,1.918507252720084E7,"{""type"":""MultiPoint"",""coordinates"":[]}"
20201112,2020-11-12,1.9343533020287756E7,"{""type"":""MultiPoint"",""coordinates"":[]}"
20201113,2020-11-13,1.5551012944354136E7,"{""type"":""MultiPoint"",""coordinates"":[]}"
20201114,2020-11-14,1.4682644456805732E7,"{""type"":""MultiPoint"",""coordinates"":[]}"
20201115,2020-11-15,1.6606853468023198E7,"{""type"":""MultiPoint"",""coordinates"":[]}"
20201116,2020-11-16,1.7054798698613368E7,"{""type"":""MultiPoint"",""coordinates"":[]}"
20201117,2020-11-17,1.4031928291613987E7,"{""type"":""MultiPoint"",""coordinates"":[]}"
20201118,2020-11-18,1.8195442891417332E7,"{""type"":""MultiPoint"",""coordinates"":[]}"
20201119,2020-11-19,1.3906718334115949E7,"{""type"":""MultiPoint"",""coordinates"":[]}"
20201120,2020-11-20,1.5715324370999131E7,"{""type"":""MultiPoint"",""coordinates"":[]}"
20201121,2020-11-21,1.6773134476431273E7,"{""type"":""MultiPoint"",""coordinates"":[]}"
20201122,2020-11-22,1.4693723961872656E7,"{""type"":""MultiPoint"",""coordinates"":[]}"
20201123,2020-11-23,1.63857016204523E7,"{""type"":""MultiPoint"",""coordinates"":[]}"
20201124,2020-11-24,1.738392991455461E7,"{""type"":""MultiPoint"",""coordinates"":[]}"
20201125,2020-11-25,1.5379856597274896E7,"{""type"":""MultiPoint"",""coordinates"":[]}"
20201126,2020-11-26,1.7781305711636867E7,"{""type"":""MultiPoint"",""coordinates"":[]}"
20201127,2020-11-27,1.9909146211466286E7,"{""type"":""MultiPoint"",""coordinates"":[]}"
20201128,2020-11-28,1.7803082410611436E7,"{""type"":""MultiPoint"",""coordinates"":[]}"
20201129,2020-11-29,1.5042626650934119E7,"{""type"":""MultiPoint"",""coordinates"":[]}"
20201130,2020-11-30,1.2119069570605822E7,"{""type"":""MultiPoint"",""coordinates"":[]}"
20201201,2020-12-01,1.3490369330523947E7,"{""type"":""MultiPoint"",""coordinates"":[]}"
20201202,2020-12-02,1.6771355103004027E7,"{""type"":""MultiPoint"",""coordinates"":[]}"
20201203,2020-12-03,1.940461900122409E7,"{""type"":""MultiPoint"",""coordinates"":[]}"
20201204,2020-12-04,2.0134490894226715E7,"{""type"":""MultiPoint"",""coordinates"":[]}"
20201205,2020-12-05,1.683451728653702E7,"{""type"":""MultiPoint"",""coordinates"":[]}"
20201206,2020-12-06,1.7523479148275234E7,"{""type"":""MultiPoint"",""coordinates"":[]}"
20201207,2020-12-07,1.6705143431220267E7,"{""type"":""MultiPoint"",""coordinates"":[]}"
20201208,2020-12-08,1.7469723679248676E7,"{""type"":""MultiPoint"",""coordinates"":[]}"
20201209,2020-12-09,1.707652166660646E7,"{""type"":""MultiPoint"",""coordinates"":[]}"
20201210,2020-12-10,1.6250381026950004E7,"{""type"":""MultiPoint"",""coordinates"":[]}"
20201211,2020-12-11,1.6977377709710427E7,"{""type"":""MultiPoint"",""coordinates"":[]}"
20201212,2020-12-12,1.530203767768346E7,"{""type"":""MultiPoint"",""coordinates"":[]}"
20201213,2020-12-13,1.5129772338731356E7,"{""type"":""MultiPoint"",""coordinates"":[]}"
20201214,2020-12-14,1.930592263383701E7,"{""type"":""MultiPoint"",""coordinates"":[]}"
20201215,2020-12-15,1.6018914581582481E7,"{""type"":""MultiPoint"",""coordinates"":[]}"
20201216,2020-12-16,1.607121530030301E7,"{""type"":""MultiPoint"",""coordinates"":[]}"
20201217,2020-12-17,1.1848659969498122E7,"{""type"":""MultiPoint"",""coordinates"":[]}"
20201218,2020-12-18,1.0903800763750926E7,"{""type"":""MultiPoint"",""coordinates"":[]}"
20201219,2020-12-19,8704594.865490736,"{""type"":""MultiPoint"",""coordinates"":[]}"
20201220,2020-12-20,1.4071006834507253E7,"{""type"":""MultiPoint"",""coordinates"":[]}"
20201221,2020-12-21,1.3308647987397905E7,"{""type"":""MultiPoint"",""coordinates"":[]}"
20201222,2020-12-22,1.3663097684666779E7,"{""type"":""MultiPoint"",""coordinates"":[]}"
20201223,2020-12-23,1.3288861245038431E7,"{""type"":""MultiPoint"",""coordinates"":[]}"
20201224,2020-12-24,1.2734535943732066E7,"{""type"":""MultiPoint"",""coordinates"":[]}"
20201225,2020-12-25,1.5294178981879475E7,"{""type"":""MultiPoint"",""coordinates"":[]}"
20201226,2020-12-26,1.5520472076334951E7,"{""type"":""MultiPoint"",""coordinates"":[]}"
20201227,2020-12-27,1.6560838414544573E7,"{""type"":""MultiPoint"",""coordinates"":[]}"
20201228,2020-12-28,1.6363215853430446E7,"{""type"":""MultiPoint"",""coordinates"":[]}"
20201229,2020-12-29,1.293797302197338E7,"{""type"":""MultiPoint"",""coordinates"":[]}"
20201230,2020-12-30,1.5625349054080617E7,"{""type"":""MultiPoint"",""coordinates"":[]}"
20201231,2020-12-31,1.5994145148395635E7,"{""type"":""MultiPoint"",""coordinates"":[]}"
20210101,2021-01-01,1.250496515144582E7,"{""type"":""MultiPoint"",""coordinates"":[]}"
20210102,2021-01-02,1.2085551777817912E7,"{""type"":""MultiPoint"",""coordinates"":[]}"
20210103,2021-01-03,1.0546398351774924E7,"{""type"":""MultiPoint"",""coordinates"":[]}"
20210104,2021-01-04,1.3011899060301395E7,"{""type"":""MultiPoint"",""coordinates"":[]}"
20210105,2021-01-05,1.3976184206289003E7,"{""type"":""MultiPoint"",""coordinates"":[]}"
20210106,2021-01-06,1.1893537624545982E7,"{""type"":""MultiPoint"",""coordinates"":[]}"
20210107,2021-01-07,1.3151296900447492E7,"{""type"":""MultiPoint"",""coordinates"":[]}"
20210108,2021-01-08,1.115774766945598E7,"{""type"":""MultiPoint"",""coordinates"":[]}"
20210109,2021-01-09,1.1541817286858104E7,"{""type"":""MultiPoint"",""coordinates"":[]}"
20210110,2021-01-10,1.7117526206329115E7,"{""type"":""MultiPoint"",""coordinates"":[]}"
20210111,2021-01-11,1.8302497902996E7,"{""type"":""MultiPoint"",""coordinates"":[]}"
20210112,2021-01-12,1.661318790295587E7,"{""type"":""MultiPoint"",""coordinates"":[]}"
20210113,2021-01-13,1.3889544981036656E7,"{""type"":""MultiPoint"",""coordinates"":[]}"
20210114,2021-01-14,1.906233677547006E7,"{""type"":""MultiPoint"",""coordinates"":[]}"
20210115,2021-01-15,1.3067436740794245E7,"{""type"":""MultiPoint"",""coordinates"":[]}"
20210116,2021-01-16,1.6556405645576213E7,"{""type"":""MultiPoint"",""coordinates"":[]}"
20210117,2021-01-17,1.7430597982541684E7,"{""type"":""MultiPoint"",""coordinates"":[]}"
20210118,2021-01-18,1.9462881364637893E7,"{""type"":""MultiPoint"",""coordinates"":[]}"
20210119,2021-01-19,2.1034462191158455E7,"{""type"":""MultiPoint"",""coordinates"":[]}"
20210120,2021-01-20,1.8539772082997207E7,"{""type"":""MultiPoint"",""coordinates"":[]}"
20210121,2021-01-21,8406311.521200808,"{""type"":""MultiPoint"",""coordinates"":[]}"
20210122,2021-01-22,1.2553647164328849E7,"{""type"":""MultiPoint"",""coordinates"":[]}"
20210123,2021-01-23,1.4235112074408513E7,"{""type"":""MultiPoint"",""coordinates"":[]}"
20210124,2021-01-24,1.4591300247386273E7,"{""type"":""MultiPoint"",""coordinates"":[]}"
20210125,2021-01-25,2.087846279702205E7,"{""type"":""MultiPoint"",""coordinates"":[]}"
20210126,2021-01-26,1.814907000903015E7,"{""type"":""MultiPoint"",""coordinates"":[]}"
20210127,2021-01-27,1.5621333316396758E7,"{""type"":""MultiPoint"",""coordinates"":[]}"
20210128,2021-01-28,1.9141376035719294E7,"{""type"":""MultiPoint"",""coordinates"":[]}"
20210129,2021-01-29,1.2516023281520268E7,"{""type"":""MultiPoint"",""coordinates"":[]}"
20210130,2021-01-30,1.1999277716452952E7,"{""type"":""MultiPoint"",""coordinates"":[]}"
20210131,2021-01-31,1.7835967772600476E7,"{""type"":""MultiPoint"",""coordinates"":[]}"
20210201,2021-02-01,1.6050102105512405E7,"{""type"":""MultiPoint"",""coordinates"":[]}"
20210202,2021-02-02,1.294111624265045E7,"{""type"":""MultiPoint"",""coordinates"":[]}"
20210203,2021-02-03,1.6081574933718612E7,"{""type"":""MultiPoint"",""coordinates"":[]}"
20210204,2021-02-04,1.3981695587983863E7,"{""type"":""MultiPoint"",""coordinates"":[]}"
20210205,2021-02-05,1.5246089291513657E7,"{""type"":""MultiPoint"",""coordinates"":[]}"
20210206,2021-02-06,9659444.398852162,"{""type"":""MultiPoint"",""coordinates"":[]}"
20210207,2021-02-07,9175151.033331323,"{""type"":""MultiPoint"",""coordinates"":[]}"
20210208,2021-02-08,1.727478882282824E7,"{""type"":""MultiPoint"",""coordinates"":[]}"
20210209,2021-02-09,2.1836123513735875E7,"{""type"":""MultiPoint"",""coordinates"":[]}"
20210210,2021-02-10,2.03589140941946E7,"{""type"":""MultiPoint"",""coordinates"":[]}"
20210211,2021-02-11,1.068899697341119E7,"{""type"":""MultiPoint"",""coordinates"":[]}"
20210212,2021-02-12,1.3766826796460178E7,"{""type"":""MultiPoint"",""coordinates"":[]}"
20210213,2021-02-13,1.75095006201513E7,"{""type"":""MultiPoint"",""coordinates"":[]}"
20210214,2021-02-14,2.006089776999176E7,"{""type"":""MultiPoint"",""coordinates"":[]}"
20210215,2021-02-15,1.9844984677221913E7,"{""type"":""MultiPoint"",""coordinates"":[]}"
20210216,2021-02-16,1.871116842421688E7,"{""type"":""MultiPoint"",""coordinates"":[]}"
20210217,2021-02-17,2.2589201168462664E7,"{""type"":""MultiPoint"",""coordinates"":[]}"
20210218,2021-02-18,2.145046917472357E7,"{""type"":""MultiPoint"",""coordinates"":[]}"
20210219,2021-02-19,2.0097978045391593E7,"{""type"":""MultiPoint"",""coordinates"":[]}"
20210220,2021-02-20,2.1481903525374744E7,"{""type"":""MultiPoint"",""coordinates"":[]}"
20210221,2021-02-21,1.9011893200329095E7,"{""type"":""MultiPoint"",""coordinates"":[]}"
20210222,2021-02-22,1.9362346207894363E7,"{""type"":""MultiPoint"",""coordinates"":[]}"
20210223,2021-02-23,1.3185534699175239E7,"{""type"":""MultiPoint"",""coordinates"":[]}"
20210224,2021-02-24,1.1308127762647234E7,"{""type"":""MultiPoint"",""coordinates"":[]}"
20210225,2021-02-25,1.292080703192663E7,"{""type"":""MultiPoint"",""coordinates"":[]}"
20210226,2021-02-26,1.809603119483073E7,"{""type"":""MultiPoint"",""coordinates"":[]}"
20210227,2021-02-27,1.570548087508277E7,"{""type"":""MultiPoint"",""coordinates"":[]}"
20210228,2021-02-28,1.7184986061766297E7,"{""type"":""MultiPoint"",""coordinates"":[]}"
20210301,2021-03-01,1.8031273919450957E7,"{""type"":""MultiPoint"",""coordinates"":[]}"
20210302,2021-03-02,1.7298909694339085E7,"{""type"":""MultiPoint"",""coordinates"":[]}"
20210303,2021-03-03,1.0908203056042317E7,"{""type"":""MultiPoint"",""coordinates"":[]}"
20210304,2021-03-04,1.094309616790367E7,"{""type"":""MultiPoint"",""coordinates"":[]}"
20210305,2021-03-05,1.021750638152712E7,"{""type"":""MultiPoint"",""coordinates"":[]}"
20210306,2021-03-06,1.1707689515271723E7,"{""type"":""MultiPoint"",""coordinates"":[]}"
20210307,2021-03-07,1.2323435901899196E7,"{""type"":""MultiPoint"",""coordinates"":[]}"
20210308,2021-03-08,1.0004335677258639E7,"{""type"":""MultiPoint"",""coordinates"":[]}"
20210309,2021-03-09,1.2853655899935268E7,"{""type"":""MultiPoint"",""coordinates"":[]}"
20210310,2021-03-10,1.3257066464269247E7,"{""type"":""MultiPoint"",""coordinates"":[]}"
20210311,2021-03-11,1.1982907254222888E7,"{""type"":""MultiPoint"",""coordinates"":[]}"
20210312,2021-03-12,7869096.959925395,"{""type"":""MultiPoint"",""coordinates"":[]}"
20210313,2021-03-13,7716985.024696621,"{""type"":""MultiPoint"",""coordinates"":[]}"
20210314,2021-03-14,6715668.273476421,"{""type"":""MultiPoint"",""coordinates"":[]}"
20210315,2021-03-15,1.1027467681684218E7,"{""type"":""MultiPoint"",""coordinates"":[]}"
20210316,2021-03-16,1.4511556216707196E7,"{""type"":""MultiPoint"",""coordinates"":[]}"
20210317,2021-03-17,1.4931656722265534E7,"{""type"":""MultiPoint"",""coordinates"":[]}"
20210318,2021-03-18,1.3959373520678869E7,"{""type"":""MultiPoint"",""coordinates"":[]}"
20210319,2021-03-19,1.3811907811933616E7,"{""type"":""MultiPoint"",""coordinates"":[]}"
20210320,2021-03-20,1.3738711915451316E7,"{""type"":""MultiPoint"",""coordinates"":[]}"
20210321,2021-03-21,1.2146482947759343E7,"{""type"":""MultiPoint"",""coordinates"":[]}"
20210322,2021-03-22,1.2867260455401031E7,"{""type"":""MultiPoint"",""coordinates"":[]}"
20210323,2021-03-23,1.585314426315895E7,"{""type"":""MultiPoint"",""coordinates"":[]}"
20210324,2021-03-24,1.4037350114984041E7,"{""type"":""MultiPoint"",""coordinates"":[]}"
20210325,2021-03-25,1.6334738995685589E7,"{""type"":""MultiPoint"",""coordinates"":[]}"
20210326,2021-03-26,1.876113617646941E7,"{""type"":""MultiPoint"",""coordinates"":[]}"
20210327,2021-03-27,2.3065445109666273E7,"{""type"":""MultiPoint"",""coordinates"":[]}"
20210328,2021-03-28,1.8408591573736276E7,"{""type"":""MultiPoint"",""coordinates"":[]}"
20210329,2021-03-29,1.991198779391166E7,"{""type"":""MultiPoint"",""coordinates"":[]}"
20210330,2021-03-30,2.1598177627034284E7,"{""type"":""MultiPoint"",""coordinates"":[]}"
20210331,2021-03-31,1.9857373586418636E7,"{""type"":""MultiPoint"",""coordinates"":[]}"
20210401,2021-04-01,1.985992418610158E7,"{""type"":""MultiPoint"",""coordinates"":[]}"
20210402,2021-04-02,1.8852063729135297E7,"{""type"":""MultiPoint"",""coordinates"":[]}"
20210403,2021-04-03,1.4266356903216742E7,"{""type"":""MultiPoint"",""coordinates"":[]}"
20210404,2021-04-04,1.1550241492785903E7,"{""type"":""MultiPoint"",""coordinates"":[]}"
20210405,2021-04-05,1.0439655264904778E7,"{""type"":""MultiPoint"",""coordinates"":[]}"
20210406,2021-04-06,1.6330952739349421E7,"{""type"":""MultiPoint"",""coordinates"":[]}"
20210407,2021-04-07,1.5101522224750662E7,"{""type"":""MultiPoint"",""coordinates"":[]}"
20210408,2021-04-08,8069244.005177287,"{""type"":""MultiPoint"",""coordinates"":[]}"
20210409,2021-04-09,1.0827802415748592E7,"{""type"":""MultiPoint"",""coordinates"":[]}"
20210410,2021-04-10,1.8150166308630817E7,"{""type"":""MultiPoint"",""coordinates"":[]}"
20210411,2021-04-11,1.3191056932554726E7,"{""type"":""MultiPoint"",""coordinates"":[]}"
20210412,2021-04-12,1.7509040093472186E7,"{""type"":""MultiPoint"",""coordinates"":[]}"
20210413,2021-04-13,1.8040469392932385E7,"{""type"":""MultiPoint"",""coordinates"":[]}"
20210414,2021-04-14,2.0329503200088285E7,"{""type"":""MultiPoint"",""coordinates"":[]}"
20210415,2021-04-15,1.7014001991331037E7,"{""type"":""MultiPoint"",""coordinates"":[]}"
20210416,2021-04-16,1.9542319236289203E7,"{""type"":""MultiPoint"",""coordinates"":[]}"
20210417,2021-04-17,2.2297159888106275E7,"{""type"":""MultiPoint"",""coordinates"":[]}"
20210418,2021-04-18,2.2051906307306394E7,"{""type"":""MultiPoint"",""coordinates"":[]}"
20210419,2021-04-19,2.2420912750225753E7,"{""type"":""MultiPoint"",""coordinates"":[]}"
20210420,2021-04-20,1.8060592523388106E7,"{""type"":""MultiPoint"",""coordinates"":[]}"
20210421,2021-04-21,1.4771927447073221E7,"{""type"":""MultiPoint"",""coordinates"":[]}"
20210422,2021-04-22,1.5427105619529227E7,"{""type"":""MultiPoint"",""coordinates"":[]}"
20210423,2021-04-23,1.572044210759938E7,"{""type"":""MultiPoint"",""coordinates"":[]}"
20210424,2021-04-24,1.163657286825999E7,"{""type"":""MultiPoint"",""coordinates"":[]}"
20210425,2021-04-25,1.494590636461782E7,"{""type"":""MultiPoint"",""coordinates"":[]}"
20210426,2021-04-26,1.4022431903196676E7,"{""type"":""MultiPoint"",""coordinates"":[]}"
20210427,2021-04-27,7669944.7230549995,"{""type"":""MultiPoint"",""coordinates"":[]}"
20210428,2021-04-28,1.9824060738386218E7,"{""type"":""MultiPoint"",""coordinates"":[]}"
20210429,2021-04-29,1.3423597774245987E7,"{""type"":""MultiPoint"",""coordinates"":[]}"
20210430,2021-04-30,1.6485092046876552E7,"{""type"":""MultiPoint"",""coordinates"":[]}"
20210501,2021-05-01,1.6903004640298586E7,"{""type"":""MultiPoint"",""coordinates"":[]}"
20210502,2021-05-02,1.1050701585937027E7,"{""type"":""MultiPoint"",""coordinates"":[]}"
20210503,2021-05-03,1.4625739765376355E7,"{""type"":""MultiPoint"",""coordinates"":[]}"
20210504,2021-05-04,1.197573582453394E7,"{""type"":""MultiPoint"",""coordinates"":[]}"
20210505,2021-05-05,1.5706790702666912E7,"{""type"":""MultiPoint"",""coordinates"":[]}"
20210506,2021-05-06,1.8644568529528614E7,"{""type"":""MultiPoint"",""coordinates"":[]}"
20210507,2021-05-07,1.606357806329139E7,"{""type"":""MultiPoint"",""coordinates"":[]}"
20210508,2021-05-08,1.2712042543655807E7,"{""type"":""MultiPoint"",""coordinates"":[]}"
20210509,2021-05-09,1.7477097401761882E7,"{""type"":""MultiPoint"",""coordinates"":[]}"
20210510,2021-05-10,1.7714464364979025E7,"{""type"":""MultiPoint"",""coordinates"":[]}"
20210511,2021-05-11,1.5669736274677424E7,"{""type"":""MultiPoint"",""coordinates"":[]}"
20210512,2021-05-12,1.9363863059017107E7,"{""type"":""MultiPoint"",""coordinates"":[]}"
20210513,2021-05-13,1.5585998537274484E7,"{""type"":""MultiPoint"",""coordinates"":[]}"
20210514,2021-05-14,1.6684505210804079E7,"{""type"":""MultiPoint"",""coordinates"":[]}"
20210515,2021-05-15,1.684818250596993E7,"{""type"":""MultiPoint"",""coordinates"":[]}"
20210516,2021-05-16,1.800343659454578E7,"{""type"":""MultiPoint"",""coordinates"":[]}"
20210517,2021-05-17,1.784089420749302E7,"{""type"":""MultiPoint"",""coordinates"":[]}"
20210518,2021-05-18,2.114736311584692E7,"{""type"":""MultiPoint"",""coordinates"":[]}"
20210519,2021-05-19,1.6334438285955083E7,"{""type"":""MultiPoint"",""coordinates"":[]}"
20210520,2021-05-20,1.4315916088094227E7,"{""type"":""MultiPoint"",""coordinates"":[]}"
20210521,2021-05-21,1.2387216020468352E7,"{""type"":""MultiPoint"",""coordinates"":[]}"
20210522,2021-05-22,1.5624676850681264E7,"{""type"":""MultiPoint"",""coordinates"":[]}"
20210523,2021-05-23,1.4221120867136236E7,"{""type"":""MultiPoint"",""coordinates"":[]}"
20210524,2021-05-24,9826004.293861493,"{""type"":""MultiPoint"",""coordinates"":[]}"
20210525,2021-05-25,5020115.118736578,"{""type"":""MultiPoint"",""coordinates"":[]}"
20210526,2021-05-26,6535562.8950294,"{""type"":""MultiPoint"",""coordinates"":[]}"
20210527,2021-05-27,9980372.908474304,"{""type"":""MultiPoint"",""coordinates"":[]}"
20210528,2021-05-28,9806922.591535723,"{""type"":""MultiPoint"",""coordinates"":[]}"
20210529,2021-05-29,9801107.529307885,"{""type"":""MultiPoint"",""coordinates"":[]}"
20210530,2021-05-30,1.0506424160696723E7,"{""type"":""MultiPoint"",""coordinates"":[]}"
20210531,2021-05-31,1.0558952309272971E7,"{""type"":""MultiPoint"",""coordinates"":[]}"
20210601,2021-06-01,9329313.112274997,"{""type"":""MultiPoint"",""coordinates"":[]}"
20210602,2021-06-02,1.3350597433507917E7,"{""type"":""MultiPoint"",""coordinates"":[]}"
20210603,2021-06-03,1.0015588082194524E7,"{""type"":""MultiPoint"",""coordinates"":[]}"
20210604,2021-06-04,1.6008194251439814E7,"{""type"":""MultiPoint"",""coordinates"":[]}"
20210605,2021-06-05,1.5964238154636493E7,"{""type"":""MultiPoint"",""coordinates"":[]}"
20210606,2021-06-06,1.7041454156241838E7,"{""type"":""MultiPoint"",""coordinates"":[]}"
20210607,2021-06-07,1.5278135363634536E7,"{""type"":""MultiPoint"",""coordinates"":[]}"
20210608,2021-06-08,1.711769813200088E7,"{""type"":""MultiPoint"",""coordinates"":[]}"
20210609,2021-06-09,1.0105449691168498E7,"{""type"":""MultiPoint"",""coordinates"":[]}"
20210610,2021-06-10,1.7195068721128564E7,"{""type"":""MultiPoint"",""coordinates"":[]}"
20210611,2021-06-11,1.8021880980073437E7,"{""type"":""MultiPoint"",""coordinates"":[]}"
20210612,2021-06-12,1.775567175445989E7,"{""type"":""MultiPoint"",""coordinates"":[]}"
20210613,2021-06-13,1.929885057813095E7,"{""type"":""MultiPoint"",""coordinates"":[]}"
20210614,2021-06-14,1.828673552577609E7,"{""type"":""MultiPoint"",""coordinates"":[]}"
20210615,2021-06-15,1.8344791098107677E7,"{""type"":""MultiPoint"",""coordinates"":[]}"
20210616,2021-06-16,1.724869862524832E7,"{""type"":""MultiPoint"",""coordinates"":[]}"
20210617,2021-06-17,1.5212834235065106E7,"{""type"":""MultiPoint"",""coordinates"":[]}"
20210618,2021-06-18,1.6949884569742937E7,"{""type"":""MultiPoint"",""coordinates"":[]}"
20210619,2021-06-19,2.1182107512933195E7,"{""type"":""MultiPoint"",""coordinates"":[]}"
20210620,2021-06-20,1.7265796840005603E7,"{""type"":""MultiPoint"",""coordinates"":[]}"
20210621,2021-06-21,9813403.393012656,"{""type"":""MultiPoint"",""coordinates"":[]}"
20210622,2021-06-22,2.0006559844199624E7,"{""type"":""MultiPoint"",""coordinates"":[]}"
20210623,2021-06-23,1.9002848966909476E7,"{""type"":""MultiPoint"",""coordinates"":[]}"
20210624,2021-06-24,1.980888463315473E7,"{""type"":""MultiPoint"",""coordinates"":[]}"
20210625,2021-06-25,2.0030780235426318E7,"{""type"":""MultiPoint"",""coordinates"":[]}"
20210626,2021-06-26,2.049942377380451E7,"{""type"":""MultiPoint"",""coordinates"":[]}"
20210627,2021-06-27,2.0527013434711926E7,"{""type"":""MultiPoint"",""coordinates"":[]}"
20210628,2021-06-28,1.4748829646057824E7,"{""type"":""MultiPoint"",""coordinates"":[]}"
20210629,2021-06-29,1.8246939683181822E7,"{""type"":""MultiPoint"",""coordinates"":[]}"
20210630,2021-06-30,1.5579589871450642E7,"{""type"":""MultiPoint"",""coordinates"":[]}"
20210701,2021-07-01,1.7049756327493828E7,"{""type"":""MultiPoint"",""coordinates"":[]}"
20210702,2021-07-02,1.5787403379688153E7,"{""type"":""MultiPoint"",""coordinates"":[]}"
20210703,2021-07-03,1.6298632408805402E7,"{""type"":""MultiPoint"",""coordinates"":[]}"
20210704,2021-07-04,1.5476352852928776E7,"{""type"":""MultiPoint"",""coordinates"":[]}"
20210705,2021-07-05,1.5980124960568296E7,"{""type"":""MultiPoint"",""coordinates"":[]}"
20210706,2021-07-06,1.6767239512531856E7,"{""type"":""MultiPoint"",""coordinates"":[]}"
20210707,2021-07-07,1.6530761252663895E7,"{""type"":""MultiPoint"",""coordinates"":[]}"
20210708,2021-07-08,1.6112942887403924E7,"{""type"":""MultiPoint"",""coordinates"":[]}"
20210709,2021-07-09,1.8313004173940953E7,"{""type"":""MultiPoint"",""coordinates"":[]}"
20210710,2021-07-10,1.9674703848855164E7,"{""type"":""MultiPoint"",""coordinates"":[]}"
20210711,2021-07-11,1.9857954066181038E7,"{""type"":""MultiPoint"",""coordinates"":[]}"
20210712,2021-07-12,1.6648931126964055E7,"{""type"":""MultiPoint"",""coordinates"":[]}"
20210713,2021-07-13,1.735744630345353E7,"{""type"":""MultiPoint"",""coordinates"":[]}"
20210714,2021-07-14,2.08458877008408E7,"{""type"":""MultiPoint"",""coordinates"":[]}"
20210715,2021-07-15,9718147.545682577,"{""type"":""MultiPoint"",""coordinates"":[]}"
20210716,2021-07-16,1.84089474146449E7,"{""type"":""MultiPoint"",""coordinates"":[]}"
20210717,2021-07-17,1.8155326764995076E7,"{""type"":""MultiPoint"",""coordinates"":[]}"
20210718,2021-07-18,2.0168684899404008E7,"{""type"":""MultiPoint"",""coordinates"":[]}"
20210719,2021-07-19,1.6934712550358187E7,"{""type"":""MultiPoint"",""coordinates"":[]}"
20210720,2021-07-20,1.447863226974093E7,"{""type"":""MultiPoint"",""coordinates"":[]}"
20210721,2021-07-21,1.9718546508939855E7,"{""type"":""MultiPoint"",""coordinates"":[]}"
20210722,2021-07-22,1.858283430770773E7,"{""type"":""MultiPoint"",""coordinates"":[]}"
20210723,2021-07-23,1.7519550122489102E7,"{""type"":""MultiPoint"",""coordinates"":[]}"
20210724,2021-07-24,1.910523089133706E7,"{""type"":""MultiPoint"",""coordinates"":[]}"
20210725,2021-07-25,1.1031637106616097E7,"{""type"":""MultiPoint"",""coordinates"":[]}"
20210726,2021-07-26,2.0128355465655282E7,"{""type"":""MultiPoint"",""coordinates"":[]}"
20210727,2021-07-27,1.8515325385347046E7,"{""type"":""MultiPoint"",""coordinates"":[]}"
20210728,2021-07-28,1.8453624916661646E7,"{""type"":""MultiPoint"",""coordinates"":[]}"
20210729,2021-07-29,2.005998801071579E7,"{""type"":""MultiPoint"",""coordinates"":[]}"
20210730,2021-07-30,2.0616908072482083E7,"{""type"":""MultiPoint"",""coordinates"":[]}"
20210731,2021-07-31,1.9756721806553874E7,"{""type"":""MultiPoint"",""coordinates"":[]}"
20210801,2021-08-01,1.8199978244657144E7,"{""type"":""MultiPoint"",""coordinates"":[]}"
20210802,2021-08-02,1.756619522934601E7,"{""type"":""MultiPoint"",""coordinates"":[]}"
20210803,2021-08-03,1.8913383415608123E7,"{""type"":""MultiPoint"",""coordinates"":[]}"
20210804,2021-08-04,2.16047166201513E7,"{""type"":""MultiPoint"",""coordinates"":[]}"
20210805,2021-08-05,2.1815217018802788E7,"{""type"":""MultiPoint"",""coordinates"":[]}"
20210806,2021-08-06,1.9738271888788544E7,"{""type"":""MultiPoint"",""coordinates"":[]}"
20210807,2021-08-07,1.742670252118073E7,"{""type"":""MultiPoint"",""coordinates"":[]}"
20210808,2021-08-08,1.7964437682820607E7,"{""type"":""MultiPoint"",""coordinates"":[]}"
20210809,2021-08-09,1.9073084172255326E7,"{""type"":""MultiPoint"",""coordinates"":[]}"
20210810,2021-08-10,2.1204415794674203E7,"{""type"":""MultiPoint"",""coordinates"":[]}"
20210811,2021-08-11,2.0865633779222593E7,"{""type"":""MultiPoint"",""coordinates"":[]}"
20210812,2021-08-12,1.8675876899203334E7,"{""type"":""MultiPoint"",""coordinates"":[]}"
20210813,2021-08-13,1.964869185214616E7,"{""type"":""MultiPoint"",""coordinates"":[]}"
20210814,2021-08-14,1.5356527829550685E7,"{""type"":""MultiPoint"",""coordinates"":[]}"
20210815,2021-08-15,1.4694140334597556E7,"{""type"":""MultiPoint"",""coordinates"":[]}"
20210816,2021-08-16,1.983322891766499E7,"{""type"":""MultiPoint"",""coordinates"":[]}"
20210817,2021-08-17,2.1930131751931444E7,"{""type"":""MultiPoint"",""coordinates"":[]}"
20210818,2021-08-18,2.0561257333855063E7,"{""type"":""MultiPoint"",""coordinates"":[]}"
20210819,2021-08-19,1.800920041133385E7,"{""type"":""MultiPoint"",""coordinates"":[]}"
20210820,2021-08-20,2.0304029369574364E7,"{""type"":""MultiPoint"",""coordinates"":[]}"
20210821,2021-08-21,2.1557734589729697E7,"{""type"":""MultiPoint"",""coordinates"":[]}"
20210822,2021-08-22,2.165116070407159E7,"{""type"":""MultiPoint"",""coordinates"":[]}"
20210823,2021-08-23,2.3173993073505506E7,"{""type"":""MultiPoint"",""coordinates"":[]}"
20210824,2021-08-24,2.3321141137117956E7,"{""type"":""MultiPoint"",""coordinates"":[]}"
20210825,2021-08-25,2.2380772897718374E7,"{""type"":""MultiPoint"",""coordinates"":[]}"
20210826,2021-08-26,2.0854821757991686E7,"{""type"":""MultiPoint"",""coordinates"":[]}"
20210827,2021-08-27,1.996051460333513E7,"{""type"":""MultiPoint"",""coordinates"":[]}"
20210828,2021-08-28,1.9146043347420376E7,"{""type"":""MultiPoint"",""coordinates"":[]}"
20210829,2021-08-29,2.0658374420845617E7,"{""type"":""MultiPoint"",""coordinates"":[]}"
20210830,2021-08-30,1.713180288190556E7,"{""type"":""MultiPoint"",""coordinates"":[]}"
20210831,2021-08-31,2.172663916990748E7,"{""type"":""MultiPoint"",""coordinates"":[]}"
20210901,2021-09-01,2.162348918014166E7,"{""type"":""MultiPoint"",""coordinates"":[]}"
20210902,2021-09-02,1.766973146577568E7,"{""type"":""MultiPoint"",""coordinates"":[]}"
20210903,2021-09-03,1.800356337214295E7,"{""type"":""MultiPoint"",""coordinates"":[]}"
20210904,2021-09-04,1.8080727577428605E7,"{""type"":""MultiPoint"",""coordinates"":[]}"
20210905,2021-09-05,2.143897466461983E7,"{""type"":""MultiPoint"",""coordinates"":[]}"
20210906,2021-09-06,2.119108194076214E7,"{""type"":""MultiPoint"",""coordinates"":[]}"
20210907,2021-09-07,1.951688897052153E7,"{""type"":""MultiPoint"",""coordinates"":[]}"
20210908,2021-09-08,1.8824713069773037E7,"{""type"":""MultiPoint"",""coordinates"":[]}"
20210909,2021-09-09,2.1748696210703738E7,"{""type"":""MultiPoint"",""coordinates"":[]}"
20210910,2021-09-10,2.2413693268516842E7,"{""type"":""MultiPoint"",""coordinates"":[]}"
20210911,2021-09-11,2.328093812710451E7,"{""type"":""MultiPoint"",""coordinates"":[]}"
20210912,2021-09-12,2.4616394519294422E7,"{""type"":""MultiPoint"",""coordinates"":[]}"
20210913,2021-09-13,2.3290766798948467E7,"{""type"":""MultiPoint"",""coordinates"":[]}"
20210914,2021-09-14,2.1578718959283996E7,"{""type"":""MultiPoint"",""coordinates"":[]}"
20210915,2021-09-15,2.3260849342082553E7,"{""type"":""MultiPoint"",""coordinates"":[]}"
20210916,2021-09-16,2.3031626050207686E7,"{""type"":""MultiPoint"",""coordinates"":[]}"
20210917,2021-09-17,2.0680645709951233E7,"{""type"":""MultiPoint"",""coordinates"":[]}"
20210918,2021-09-18,2.1089050763911467E7,"{""type"":""MultiPoint"",""coordinates"":[]}"
20210919,2021-09-19,2.216750584315614E7,"{""type"":""MultiPoint"",""coordinates"":[]}"
20210920,2021-09-20,2.175674838881865E7,"{""type"":""MultiPoint"",""coordinates"":[]}"
20210921,2021-09-21,2.1385688580498856E7,"{""type"":""MultiPoint"",""coordinates"":[]}"
20210922,2021-09-22,2.225980311580176E7,"{""type"":""MultiPoint"",""coordinates"":[]}"
20210923,2021-09-23,1.3727147703742927E7,"{""type"":""MultiPoint"",""coordinates"":[]}"
20210924,2021-09-24,1.4184216231066026E7,"{""type"":""MultiPoint"",""coordinates"":[]}"
20210925,2021-09-25,1.530438503495841E7,"{""type"":""MultiPoint"",""coordinates"":[]}"
20210926,2021-09-26,1.4813775595751103E7,"{""type"":""MultiPoint"",""coordinates"":[]}"
20210927,2021-09-27,1.5425606846113164E7,"{""type"":""MultiPoint"",""coordinates"":[]}"
20210928,2021-09-28,1.45011326381615E7,"{""type"":""MultiPoint"",""coordinates"":[]}"
20210929,2021-09-29,1.43733251119856E7,"{""type"":""MultiPoint"",""coordinates"":[]}"
20210930,2021-09-30,1.4945245194158394E7,"{""type"":""MultiPoint"",""coordinates"":[]}"
20211001,2021-10-01,1.4655386904776847E7,"{""type"":""MultiPoint"",""coordinates"":[]}"
20211002,2021-10-02,1.3282236256192543E7,"{""type"":""MultiPoint"",""coordinates"":[]}"
20211003,2021-10-03,1.4013804917777348E7,"{""type"":""MultiPoint"",""coordinates"":[]}"
20211004,2021-10-04,1.4355551336654766E7,"{""type"":""MultiPoint"",""coordinates"":[]}"
20211005,2021-10-05,1.5115643359655527E7,"{""type"":""MultiPoint"",""coordinates"":[]}"
20211006,2021-10-06,1.1693328315191306E7,"{""type"":""MultiPoint"",""coordinates"":[]}"
20211007,2021-10-07,1.343543585791303E7,"{""type"":""MultiPoint"",""coordinates"":[]}"
20211008,2021-10-08,1.460053165627492E7,"{""type"":""MultiPoint"",""coordinates"":[]}"
20211009,2021-10-09,1.4706359346600238E7,"{""type"":""MultiPoint"",""coordinates"":[]}"
20211010,2021-10-10,2.127760237015631E7,"{""type"":""MultiPoint"",""coordinates"":[]}"
20211011,2021-10-11,2.181118031609576E7,"{""type"":""MultiPoint"",""coordinates"":[]}"
20211012,2021-10-12,2.2523339616479017E7,"{""type"":""MultiPoint"",""coordinates"":[]}"
20211013,2021-10-13,1.6756919425721899E7,"{""type"":""MultiPoint"",""coordinates"":[]}"
20211014,2021-10-14,1.2433337852627775E7,"{""type"":""MultiPoint"",""coordinates"":[]}"
20211015,2021-10-15,2.4129539702285632E7,"{""type"":""MultiPoint"",""coordinates"":[]}"
20211016,2021-10-16,2.0165603599983938E7,"{""type"":""MultiPoint"",""coordinates"":[]}"
20211017,2021-10-17,1.999208850914051E7,"{""type"":""MultiPoint"",""coordinates"":[]}"
20211018,2021-10-18,1.9317046257219102E7,"{""type"":""MultiPoint"",""coordinates"":[]}"
20211019,2021-10-19,2.1944903687034693E7,"{""type"":""MultiPoint"",""coordinates"":[]}"
20211020,2021-10-20,2.1046894926173415E7,"{""type"":""MultiPoint"",""coordinates"":[]}"
20211021,2021-10-21,1.714192917151284E7,"{""type"":""MultiPoint"",""coordinates"":[]}"
20211022,2021-10-22,1.6772023567916835E7,"{""type"":""MultiPoint"",""coordinates"":[]}"
20211023,2021-10-23,1.682942136074488E7,"{""type"":""MultiPoint"",""coordinates"":[]}"
20211024,2021-10-24,1.4147664068468682E7,"{""type"":""MultiPoint"",""coordinates"":[]}"
20211025,2021-10-25,1.4735383548010344E7,"{""type"":""MultiPoint"",""coordinates"":[]}"
20211026,2021-10-26,1.745995575919571E7,"{""type"":""MultiPoint"",""coordinates"":[]}"
20211027,2021-10-27,2.0082341431180134E7,"{""type"":""MultiPoint"",""coordinates"":[]}"
20211028,2021-10-28,2.175717666734894E7,"{""type"":""MultiPoint"",""coordinates"":[]}"
20211029,2021-10-29,2.111737257142856E7,"{""type"":""MultiPoint"",""coordinates"":[]}"
20211030,2021-10-30,2.1144563913310453E7,"{""type"":""MultiPoint"",""coordinates"":[]}"
20211031,2021-10-31,1.9495237424678423E7,"{""type"":""MultiPoint"",""coordinates"":[]}"
20211101,2021-11-01,1.9772119181907564E7,"{""type"":""MultiPoint"",""coordinates"":[]}"
20211102,2021-11-02,1.9911225262215793E7,"{""type"":""MultiPoint"",""coordinates"":[]}"
20211103,2021-11-03,2.1328908041177526E7,"{""type"":""MultiPoint"",""coordinates"":[]}"
20211104,2021-11-04,2.150284499355848E7,"{""type"":""MultiPoint"",""coordinates"":[]}"
20211105,2021-11-05,1.7741242186984524E7,"{""type"":""MultiPoint"",""coordinates"":[]}"
20211106,2021-11-06,1.2365570391186556E7,"{""type"":""MultiPoint"",""coordinates"":[]}"
20211107,2021-11-07,1.4651908536271138E7,"{""type"":""MultiPoint"",""coordinates"":[]}"
20211108,2021-11-08,1.9984782060482E7,"{""type"":""MultiPoint"",""coordinates"":[]}"
20211109,2021-11-09,1.9480964104187984E7,"{""type"":""MultiPoint"",""coordinates"":[]}"
20211110,2021-11-10,1.8085018634639688E7,"{""type"":""MultiPoint"",""coordinates"":[]}"
20211111,2021-11-11,1.6527536187747069E7,"{""type"":""MultiPoint"",""coordinates"":[]}"
20211112,2021-11-12,1.847652187048742E7,"{""type"":""MultiPoint"",""coordinates"":[]}"
20211113,2021-11-13,1.6309468447976222E7,"{""type"":""MultiPoint"",""coordinates"":[]}"
20211114,2021-11-14,1.855182138735376E7,"{""type"":""MultiPoint"",""coordinates"":[]}"
20211115,2021-11-15,1.8786163599622734E7,"{""type"":""MultiPoint"",""coordinates"":[]}"
20211116,2021-11-16,1.7575342977544997E7,"{""type"":""MultiPoint"",""coordinates"":[]}"
20211117,2021-11-17,1.560059082005899E7,"{""type"":""MultiPoint"",""coordinates"":[]}"
20211118,2021-11-18,1.732959983103566E7,"{""type"":""MultiPoint"",""coordinates"":[]}"
20211119,2021-11-19,1.795800034065779E7,"{""type"":""MultiPoint"",""coordinates"":[]}"
20211120,2021-11-20,1.798649319904481E7,"{""type"":""MultiPoint"",""coordinates"":[]}"
20211121,2021-11-21,1.3687537583127633E7,"{""type"":""MultiPoint"",""coordinates"":[]}"
20211122,2021-11-22,1.6771435972468032E7,"{""type"":""MultiPoint"",""coordinates"":[]}"
20211123,2021-11-23,1.8494690387333687E7,"{""type"":""MultiPoint"",""coordinates"":[]}"
20211124,2021-11-24,1.8488973150562875E7,"{""type"":""MultiPoint"",""coordinates"":[]}"
20211125,2021-11-25,1.747958959749563E7,"{""type"":""MultiPoint"",""coordinates"":[]}"
20211126,2021-11-26,1.333290939457789E7,"{""type"":""MultiPoint"",""coordinates"":[]}"
20211127,2021-11-27,1.174697620123211E7,"{""type"":""MultiPoint"",""coordinates"":[]}"
20211128,2021-11-28,1.942869805919771E7,"{""type"":""MultiPoint"",""coordinates"":[]}"
20211129,2021-11-29,1.5393574092348438E7,"{""type"":""MultiPoint"",""coordinates"":[]}"
20211130,2021-11-30,1.5149068171292104E7,"{""type"":""MultiPoint"",""coordinates"":[]}"
20211201,2021-12-01,1.5528624888086196E7,"{""type"":""MultiPoint"",""coordinates"":[]}"
20211202,2021-12-02,1.4872050528685799E7,"{""type"":""MultiPoint"",""coordinates"":[]}"
20211203,2021-12-03,1.8532879573214527E7,"{""type"":""MultiPoint"",""coordinates"":[]}"
20211204,2021-12-04,1.7002171024662364E7,"{""type"":""MultiPoint"",""coordinates"":[]}"
20211205,2021-12-05,9779395.7584733,"{""type"":""MultiPoint"",""coordinates"":[]}"
20211206,2021-12-06,6171298.641703291,"{""type"":""MultiPoint"",""coordinates"":[]}"
20211207,2021-12-07,1.1042080340898601E7,"{""type"":""MultiPoint"",""coordinates"":[]}"
20211208,2021-12-08,1.3010337915758632E7,"{""type"":""MultiPoint"",""coordinates"":[]}"
20211209,2021-12-09,1.5208528969317518E7,"{""type"":""MultiPoint"",""coordinates"":[]}"
20211210,2021-12-10,1.1243915288904937E7,"{""type"":""MultiPoint"",""coordinates"":[]}"
20211211,2021-12-11,9989260.507214094,"{""type"":""MultiPoint"",""coordinates"":[]}"
20211212,2021-12-12,4791423.762326168,"{""type"":""MultiPoint"",""coordinates"":[]}"
20211213,2021-12-13,1.0183329129773445E7,"{""type"":""MultiPoint"",""coordinates"":[]}"
20211214,2021-12-14,1.2541583483715612E7,"{""type"":""MultiPoint"",""coordinates"":[]}"
20211215,2021-12-15,1.1139194681757063E7,"{""type"":""MultiPoint"",""coordinates"":[]}"
20211216,2021-12-16,1.4476158844861826E7,"{""type"":""MultiPoint"",""coordinates"":[]}"
20211217,2021-12-17,1.5893848384805255E7,"{""type"":""MultiPoint"",""coordinates"":[]}"
20211218,2021-12-18,1.6693657025906524E7,"{""type"":""MultiPoint"",""coordinates"":[]}"
20211219,2021-12-19,1.5634682566251272E7,"{""type"":""MultiPoint"",""coordinates"":[]}"
20211220,2021-12-20,1.8107494730158728E7,"{""type"":""MultiPoint"",""coordinates"":[]}"
20211221,2021-12-21,1.6148015851985628E7,"{""type"":""MultiPoint"",""coordinates"":[]}"
20211222,2021-12-22,5897142.319988758,"{""type"":""MultiPoint"",""coordinates"":[]}"
20211223,2021-12-23,1.2764921331888499E7,"{""type"":""MultiPoint"",""coordinates"":[]}"
20211224,2021-12-24,1.6522271502257539E7,"{""type"":""MultiPoint"",""coordinates"":[]}"
20211225,2021-12-25,1.679560353516746E7,"{""type"":""MultiPoint"",""coordinates"":[]}"
20211226,2021-12-26,1.4100323522485089E7,"{""type"":""MultiPoint"",""coordinates"":[]}"
20211227,2021-12-27,1.5548517369534241E7,"{""type"":""MultiPoint"",""coordinates"":[]}"
20211228,2021-12-28,1.6161815756948195E7,"{""type"":""MultiPoint"",""coordinates"":[]}"
20211229,2021-12-29,1.452168573868721E7,"{""type"":""MultiPoint"",""coordinates"":[]}"
20211230,2021-12-30,1.632201820833584E7,"{""type"":""MultiPoint"",""coordinates"":[]}"
20211231,2021-12-31,1.6546770161700075E7,"{""type"":""MultiPoint"",""coordinates"":[]}"
20220101,2022-01-01,1.5128363816025518E7,"{""type"":""MultiPoint"",""coordinates"":[]}"
20220102,2022-01-02,1.79954759549696E7,"{""type"":""MultiPoint"",""coordinates"":[]}"
20220103,2022-01-03,1.923370286805931E7,"{""type"":""MultiPoint"",""coordinates"":[]}"
20220104,2022-01-04,1.9226057817349944E7,"{""type"":""MultiPoint"",""coordinates"":[]}"
20220105,2022-01-05,1.7923913115004107E7,"{""type"":""MultiPoint"",""coordinates"":[]}"
20220106,2022-01-06,1.4930371389400585E7,"{""type"":""MultiPoint"",""coordinates"":[]}"
20220107,2022-01-07,1.3221133891357131E7,"{""type"":""MultiPoint"",""coordinates"":[]}"
20220108,2022-01-08,1.621936835374148E7,"{""type"":""MultiPoint"",""coordinates"":[]}"
20220109,2022-01-09,1.838459427391487E7,"{""type"":""MultiPoint"",""coordinates"":[]}"
20220110,2022-01-10,1.790481807918446E7,"{""type"":""MultiPoint"",""coordinates"":[]}"
20220111,2022-01-11,1.6447866840687895E7,"{""type"":""MultiPoint"",""coordinates"":[]}"
20220112,2022-01-12,1.9186798901210032E7,"{""type"":""MultiPoint"",""coordinates"":[]}"
20220113,2022-01-13,1.7321519132944033E7,"{""type"":""MultiPoint"",""coordinates"":[]}"
20220114,2022-01-14,1.4579010395280229E7,"{""type"":""MultiPoint"",""coordinates"":[]}"
20220115,2022-01-15,1.8008063581642684E7,"{""type"":""MultiPoint"",""coordinates"":[]}"
20220116,2022-01-16,1.612250255204382E7,"{""type"":""MultiPoint"",""coordinates"":[]}"
20220117,2022-01-17,1.4271751310095714E7,"{""type"":""MultiPoint"",""coordinates"":[]}"
20220118,2022-01-18,1.851774305323781E7,"{""type"":""MultiPoint"",""coordinates"":[]}"
20220119,2022-01-19,1.0617692258704072E7,"{""type"":""MultiPoint"",""coordinates"":[]}"
20220120,2022-01-20,1.1104672052575598E7,"{""type"":""MultiPoint"",""coordinates"":[]}"
20220121,2022-01-21,1.3890560584191186E7,"{""type"":""MultiPoint"",""coordinates"":[]}"
20220122,2022-01-22,1.1668611024100494E7,"{""type"":""MultiPoint"",""coordinates"":[]}"
20220123,2022-01-23,1.2937962402745161E7,"{""type"":""MultiPoint"",""coordinates"":[]}"
20220124,2022-01-24,1.7563790696365856E7,"{""type"":""MultiPoint"",""coordinates"":[]}"
20220125,2022-01-25,1.6914379700519726E7,"{""type"":""MultiPoint"",""coordinates"":[]}"
20220126,2022-01-26,1.6238886659683328E7,"{""type"":""MultiPoint"",""coordinates"":[]}"
20220127,2022-01-27,1.744328093560492E7,"{""type"":""MultiPoint"",""coordinates"":[]}"
20220128,2022-01-28,1.750092990267493E7,"{""type"":""MultiPoint"",""coordinates"":[]}"
20220129,2022-01-29,2.006697166969679E7,"{""type"":""MultiPoint"",""coordinates"":[]}"
20220130,2022-01-30,1.816506181726968E7,"{""type"":""MultiPoint"",""coordinates"":[]}"
20220131,2022-01-31,1.8445110186583187E7,"{""type"":""MultiPoint"",""coordinates"":[]}"
20220201,2022-02-01,1.8391787671141602E7,"{""type"":""MultiPoint"",""coordinates"":[]}"
20220202,2022-02-02,1.8881344847390275E7,"{""type"":""MultiPoint"",""coordinates"":[]}"
20220203,2022-02-03,1.9075106628057715E7,"{""type"":""MultiPoint"",""coordinates"":[]}"
20220204,2022-02-04,1.1336142532378137E7,"{""type"":""MultiPoint"",""coordinates"":[]}"
20220205,2022-02-05,1.0767990428992834E7,"{""type"":""MultiPoint"",""coordinates"":[]}"
20220206,2022-02-06,1.519264178026608E7,"{""type"":""MultiPoint"",""coordinates"":[]}"
20220207,2022-02-07,1.6821328159733504E7,"{""type"":""MultiPoint"",""coordinates"":[]}"
20220208,2022-02-08,2.128572650035117E7,"{""type"":""MultiPoint"",""coordinates"":[]}"
20220209,2022-02-09,2.1053107549535442E7,"{""type"":""MultiPoint"",""coordinates"":[]}"
20220210,2022-02-10,1.9879307300383277E7,"{""type"":""MultiPoint"",""coordinates"":[]}"
20220211,2022-02-11,1.525630380518933E7,"{""type"":""MultiPoint"",""coordinates"":[]}"
20220212,2022-02-12,1.2551670736820975E7,"{""type"":""MultiPoint"",""coordinates"":[]}"
20220213,2022-02-13,1.6524441409427479E7,"{""type"":""MultiPoint"",""coordinates"":[]}"
20220214,2022-02-14,1.4563132342744768E7,"{""type"":""MultiPoint"",""coordinates"":[]}"
20220215,2022-02-15,7100627.933778816,"{""type"":""MultiPoint"",""coordinates"":[]}"
20220216,2022-02-16,1.734280021985431E7,"{""type"":""MultiPoint"",""coordinates"":[]}"
20220217,2022-02-17,1.6122602132683152E7,"{""type"":""MultiPoint"",""coordinates"":[]}"
20220218,2022-02-18,1.68967702939819E7,"{""type"":""MultiPoint"",""coordinates"":[]}"
20220219,2022-02-19,1.3682572174663361E7,"{""type"":""MultiPoint"",""coordinates"":[]}"
20220220,2022-02-20,1.6514139851504026E7,"{""type"":""MultiPoint"",""coordinates"":[]}"
20220221,2022-02-21,1.4380159227660378E7,"{""type"":""MultiPoint"",""coordinates"":[]}"
20220222,2022-02-22,1.4399486988220653E7,"{""type"":""MultiPoint"",""coordinates"":[]}"
20220223,2022-02-23,7895425.813015467,"{""type"":""MultiPoint"",""coordinates"":[]}"
20220224,2022-02-24,6097169.083539017,"{""type"":""MultiPoint"",""coordinates"":[]}"
20220225,2022-02-25,1.441422940445086E7,"{""type"":""MultiPoint"",""coordinates"":[]}"
20220226,2022-02-26,1.8641166902373917E7,"{""type"":""MultiPoint"",""coordinates"":[]}"
20220227,2022-02-27,1.3565766898079583E7,"{""type"":""MultiPoint"",""coordinates"":[]}"
20220228,2022-02-28,1.991538096060842E7,"{""type"":""MultiPoint"",""coordinates"":[]}"
20220301,2022-03-01,1.653410886320309E7,"{""type"":""MultiPoint"",""coordinates"":[]}"
20220302,2022-03-02,1.5810069553990323E7,"{""type"":""MultiPoint"",""coordinates"":[]}"
20220303,2022-03-03,1.85111744237754E7,"{""type"":""MultiPoint"",""coordinates"":[]}"
20220304,2022-03-04,8664187.335142642,"{""type"":""MultiPoint"",""coordinates"":[]}"
20220305,2022-03-05,8890884.936704475,"{""type"":""MultiPoint"",""coordinates"":[]}"
20220306,2022-03-06,7344709.906507028,"{""type"":""MultiPoint"",""coordinates"":[]}"
20220307,2022-03-07,7255772.852896608,"{""type"":""MultiPoint"",""coordinates"":[]}"
20220308,2022-03-08,6031422.603876533,"{""type"":""MultiPoint"",""coordinates"":[]}"
20220309,2022-03-09,8816010.373124331,"{""type"":""MultiPoint"",""coordinates"":[]}"
20220310,2022-03-10,9506215.630183201,"{""type"":""MultiPoint"",""coordinates"":[]}"
20220311,2022-03-11,1.2379456731178809E7,"{""type"":""MultiPoint"",""coordinates"":[]}"
20220312,2022-03-12,1.3044482070992371E7,"{""type"":""MultiPoint"",""coordinates"":[]}"
20220313,2022-03-13,7123275.743111129,"{""type"":""MultiPoint"",""coordinates"":[]}"
20220314,2022-03-14,7423302.732996445,"{""type"":""MultiPoint"",""coordinates"":[]}"
20220315,2022-03-15,7553353.088959502,"{""type"":""MultiPoint"",""coordinates"":[]}"
20220316,2022-03-16,1.1132922751270872E7,"{""type"":""MultiPoint"",""coordinates"":[]}"
20220317,2022-03-17,1.1967257466714555E7,"{""type"":""MultiPoint"",""coordinates"":[]}"
20220318,2022-03-18,8078148.422078703,"{""type"":""MultiPoint"",""coordinates"":[]}"
20220319,2022-03-19,9023257.554283869,"{""type"":""MultiPoint"",""coordinates"":[]}"
20220320,2022-03-20,1.0374542784043618E7,"{""type"":""MultiPoint"",""coordinates"":[]}"
20220321,2022-03-21,1.3752642654038385E7,"{""type"":""MultiPoint"",""coordinates"":[]}"
20220322,2022-03-22,1.4305815955531474E7,"{""type"":""MultiPoint"",""coordinates"":[]}"
20220323,2022-03-23,1.4429394291052109E7,"{""type"":""MultiPoint"",""coordinates"":[]}"
20220324,2022-03-24,1.3459955008207407E7,"{""type"":""MultiPoint"",""coordinates"":[]}"
20220325,2022-03-25,1.4776503031766096E7,"{""type"":""MultiPoint"",""coordinates"":[]}"
20220326,2022-03-26,2.0928179693335738E7,"{""type"":""MultiPoint"",""coordinates"":[]}"
20220327,2022-03-27,1.9592317210121803E7,"{""type"":""MultiPoint"",""coordinates"":[]}"
20220328,2022-03-28,1.9135020584993877E7,"{""type"":""MultiPoint"",""coordinates"":[]}"
20220329,2022-03-29,2.209303569827223E7,"{""type"":""MultiPoint"",""coordinates"":[]}"
20220330,2022-03-30,2.2963313358417105E7,"{""type"":""MultiPoint"",""coordinates"":[]}"
20220331,2022-03-31,2.0961986495735746E7,"{""type"":""MultiPoint"",""coordinates"":[]}"
20220401,2022-04-01,1.7840958913009454E7,"{""type"":""MultiPoint"",""coordinates"":[]}"
20220402,2022-04-02,1.1302321444504637E7,"{""type"":""MultiPoint"",""coordinates"":[]}"
20220403,2022-04-03,1.3789484289727684E7,"{""type"":""MultiPoint"",""coordinates"":[]}"
20220404,2022-04-04,1.6706752047478573E7,"{""type"":""MultiPoint"",""coordinates"":[]}"
20220405,2022-04-05,2.3701151605682954E7,"{""type"":""MultiPoint"",""coordinates"":[]}"
20220406,2022-04-06,1.9136903799971897E7,"{""type"":""MultiPoint"",""coordinates"":[]}"
20220407,2022-04-07,1.398076908723135E7,"{""type"":""MultiPoint"",""coordinates"":[]}"
20220408,2022-04-08,1.004711386775831E7,"{""type"":""MultiPoint"",""coordinates"":[]}"
20220409,2022-04-09,1.0170110477595165E7,"{""type"":""MultiPoint"",""coordinates"":[]}"
20220410,2022-04-10,1.5117090839925345E7,"{""type"":""MultiPoint"",""coordinates"":[]}"
20220411,2022-04-11,1.7885909220556654E7,"{""type"":""MultiPoint"",""coordinates"":[]}"
20220412,2022-04-12,1.8557350665823847E7,"{""type"":""MultiPoint"",""coordinates"":[]}"
20220413,2022-04-13,1.8472572123010855E7,"{""type"":""MultiPoint"",""coordinates"":[]}"
20220414,2022-04-14,1.7691491462444562E7,"{""type"":""MultiPoint"",""coordinates"":[]}"
20220415,2022-04-15,1.919674715598097E7,"{""type"":""MultiPoint"",""coordinates"":[]}"
20220416,2022-04-16,2.078851987971825E7,"{""type"":""MultiPoint"",""coordinates"":[]}"
20220417,2022-04-17,2.0893867539903272E7,"{""type"":""MultiPoint"",""coordinates"":[]}"
20220418,2022-04-18,1.7748123252102017E7,"{""type"":""MultiPoint"",""coordinates"":[]}"
20220419,2022-04-19,1.5850019273573734E7,"{""type"":""MultiPoint"",""coordinates"":[]}"
20220420,2022-04-20,1.4053420241847765E7,"{""type"":""MultiPoint"",""coordinates"":[]}"
20220421,2022-04-21,9632210.781128963,"{""type"":""MultiPoint"",""coordinates"":[]}"
20220422,2022-04-22,1.029366024068388E7,"{""type"":""MultiPoint"",""coordinates"":[]}"
20220423,2022-04-23,1.5952338172014512E7,"{""type"":""MultiPoint"",""coordinates"":[]}"
20220424,2022-04-24,2.0295108373447306E7,"{""type"":""MultiPoint"",""coordinates"":[]}"
20220425,2022-04-25,1.8229048066381704E7,"{""type"":""MultiPoint"",""coordinates"":[]}"
20220426,2022-04-26,1.2945120181165082E7,"{""type"":""MultiPoint"",""coordinates"":[]}"
20220427,2022-04-27,1.8069151743423034E7,"{""type"":""MultiPoint"",""coordinates"":[]}"
20220428,2022-04-28,1.4828898150382267E7,"{""type"":""MultiPoint"",""coordinates"":[]}"
20220429,2022-04-29,1.9412273818192754E7,"{""type"":""MultiPoint"",""coordinates"":[]}"
20220430,2022-04-30,2.2759721162683357E7,"{""type"":""MultiPoint"",""coordinates"":[]}"
20220501,2022-05-01,2.2281490839122668E7,"{""type"":""MultiPoint"",""coordinates"":[]}"
20220502,2022-05-02,1.839260197945136E7,"{""type"":""MultiPoint"",""coordinates"":[]}"
20220503,2022-05-03,6251376.33560091,"{""type"":""MultiPoint"",""coordinates"":[]}"
20220504,2022-05-04,1.0023953198683599E7,"{""type"":""MultiPoint"",""coordinates"":[]}"
20220505,2022-05-05,1.850742684020628E7,"{""type"":""MultiPoint"",""coordinates"":[]}"
20220506,2022-05-06,1.2789374352256527E7,"{""type"":""MultiPoint"",""coordinates"":[]}"
20220507,2022-05-07,1.173266013328517E7,"{""type"":""MultiPoint"",""coordinates"":[]}"
20220508,2022-05-08,1.8907416954829115E7,"{""type"":""MultiPoint"",""coordinates"":[]}"
20220509,2022-05-09,2.0390210238556772E7,"{""type"":""MultiPoint"",""coordinates"":[]}"
20220510,2022-05-10,1.969160693034735E7,"{""type"":""MultiPoint"",""coordinates"":[]}"
20220511,2022-05-11,2.041140305387995E7,"{""type"":""MultiPoint"",""coordinates"":[]}"
20220512,2022-05-12,1.4219337773523565E7,"{""type"":""MultiPoint"",""coordinates"":[]}"
20220513,2022-05-13,2.0593471590271503E7,"{""type"":""MultiPoint"",""coordinates"":[]}"
20220514,2022-05-14,9762303.699636782,"{""type"":""MultiPoint"",""coordinates"":[]}"
20220515,2022-05-15,1.744434382758412E7,"{""type"":""MultiPoint"",""coordinates"":[]}"
20220516,2022-05-16,1.6071153568679389E7,"{""type"":""MultiPoint"",""coordinates"":[]}"
20220517,2022-05-17,1.5336401077117566E7,"{""type"":""MultiPoint"",""coordinates"":[]}"
20220518,2022-05-18,2.0606891559970297E7,"{""type"":""MultiPoint"",""coordinates"":[]}"
20220519,2022-05-19,1.7587927512612112E7,"{""type"":""MultiPoint"",""coordinates"":[]}"
20220520,2022-05-20,1.5082323588144401E7,"{""type"":""MultiPoint"",""coordinates"":[]}"
20220521,2022-05-21,6137512.198502997,"{""type"":""MultiPoint"",""coordinates"":[]}"
20220522,2022-05-22,7951969.895009327,"{""type"":""MultiPoint"",""coordinates"":[]}"
20220523,2022-05-23,1.5610732076415228E7,"{""type"":""MultiPoint"",""coordinates"":[]}"
20220524,2022-05-24,2.0375860812473655E7,"{""type"":""MultiPoint"",""coordinates"":[]}"
20220525,2022-05-25,1.4753879706941184E7,"{""type"":""MultiPoint"",""coordinates"":[]}"
20220526,2022-05-26,1.553838712451587E7,"{""type"":""MultiPoint"",""coordinates"":[]}"
20220527,2022-05-27,1.8682079910099734E7,"{""type"":""MultiPoint"",""coordinates"":[]}"
20220528,2022-05-28,2.114467646459173E7,"{""type"":""MultiPoint"",""coordinates"":[]}"
20220529,2022-05-29,2.1459092882748373E7,"{""type"":""MultiPoint"",""coordinates"":[]}"
20220530,2022-05-30,1.724297706451547E7,"{""type"":""MultiPoint"",""coordinates"":[]}"
20220531,2022-05-31,1.0087012824554011E7,"{""type"":""MultiPoint"",""coordinates"":[]}"
20220601,2022-06-01,1.6131682339935374E7,"{""type"":""MultiPoint"",""coordinates"":[]}"
20220602,2022-06-02,8510597.557040514,"{""type"":""MultiPoint"",""coordinates"":[]}"
20220603,2022-06-03,1.3267244575120904E7,"{""type"":""MultiPoint"",""coordinates"":[]}"
20220604,2022-06-04,1.5482333578873428E7,"{""type"":""MultiPoint"",""coordinates"":[]}"
20220605,2022-06-05,1.3044416646559507E7,"{""type"":""MultiPoint"",""coordinates"":[]}"
20220606,2022-06-06,7528346.942708643,"{""type"":""MultiPoint"",""coordinates"":[]}"
20220607,2022-06-07,9137106.438785538,"{""type"":""MultiPoint"",""coordinates"":[]}"
20220608,2022-06-08,1.3864875712479666E7,"{""type"":""MultiPoint"",""coordinates"":[]}"
20220609,2022-06-09,1.5388252895230062E7,"{""type"":""MultiPoint"",""coordinates"":[]}"
20220610,2022-06-10,1.57651464461702E7,"{""type"":""MultiPoint"",""coordinates"":[]}"
20220611,2022-06-11,1.292945713097746E7,"{""type"":""MultiPoint"",""coordinates"":[]}"
20220612,2022-06-12,1.7525801664760295E7,"{""type"":""MultiPoint"",""coordinates"":[]}"
20220613,2022-06-13,1.959723064475346E7,"{""type"":""MultiPoint"",""coordinates"":[]}"
20220614,2022-06-14,1.634589877197841E7,"{""type"":""MultiPoint"",""coordinates"":[]}"
20220615,2022-06-15,2.002546130788834E7,"{""type"":""MultiPoint"",""coordinates"":[]}"
20220616,2022-06-16,1.6441556076013884E7,"{""type"":""MultiPoint"",""coordinates"":[]}"
20220617,2022-06-17,1.616020446996969E7,"{""type"":""MultiPoint"",""coordinates"":[]}"
20220618,2022-06-18,1.7390250103345163E7,"{""type"":""MultiPoint"",""coordinates"":[]}"
20220619,2022-06-19,1.3859867181265423E7,"{""type"":""MultiPoint"",""coordinates"":[]}"
20220620,2022-06-20,1.771195619168021E7,"{""type"":""MultiPoint"",""coordinates"":[]}"
20220621,2022-06-21,1.721260656472618E7,"{""type"":""MultiPoint"",""coordinates"":[]}"
20220622,2022-06-22,1.2039724992113652E7,"{""type"":""MultiPoint"",""coordinates"":[]}"
20220623,2022-06-23,1.8271105038428348E7,"{""type"":""MultiPoint"",""coordinates"":[]}"
20220624,2022-06-24,1.6411342770613845E7,"{""type"":""MultiPoint"",""coordinates"":[]}"
20220625,2022-06-25,1.263226247651155E7,"{""type"":""MultiPoint"",""coordinates"":[]}"
20220626,2022-06-26,1.8926254891337052E7,"{""type"":""MultiPoint"",""coordinates"":[]}"
20220627,2022-06-27,8581206.478357714,"{""type"":""MultiPoint"",""coordinates"":[]}"
20220628,2022-06-28,1.8794935723155335E7,"{""type"":""MultiPoint"",""coordinates"":[]}"
20220629,2022-06-29,7647775.9552104,"{""type"":""MultiPoint"",""coordinates"":[]}"
20220630,2022-06-30,1.484807787161118E7,"{""type"":""MultiPoint"",""coordinates"":[]}"
20220701,2022-07-01,1.9701026325366713E7,"{""type"":""MultiPoint"",""coordinates"":[]}"
20220702,2022-07-02,1.9000497607127797E7,"{""type"":""MultiPoint"",""coordinates"":[]}"
20220703,2022-07-03,2.013271818818854E7,"{""type"":""MultiPoint"",""coordinates"":[]}"
20220704,2022-07-04,1.8934276761423152E7,"{""type"":""MultiPoint"",""coordinates"":[]}"
20220705,2022-07-05,1.3632760870908834E7,"{""type"":""MultiPoint"",""coordinates"":[]}"
20220706,2022-07-06,1.2806909808520455E7,"{""type"":""MultiPoint"",""coordinates"":[]}"
20220707,2022-07-07,1.7393561351955533E7,"{""type"":""MultiPoint"",""coordinates"":[]}"
20220708,2022-07-08,2.0816695917685065E7,"{""type"":""MultiPoint"",""coordinates"":[]}"
20220709,2022-07-09,1.740418875969739E7,"{""type"":""MultiPoint"",""coordinates"":[]}"
20220710,2022-07-10,1.1095981749362865E7,"{""type"":""MultiPoint"",""coordinates"":[]}"
20220711,2022-07-11,1.2454432574438624E7,"{""type"":""MultiPoint"",""coordinates"":[]}"
20220712,2022-07-12,1.9468177665683374E7,"{""type"":""MultiPoint"",""coordinates"":[]}"
20220713,2022-07-13,1.5994735868882054E7,"{""type"":""MultiPoint"",""coordinates"":[]}"
20220714,2022-07-14,1.6856758931992844E7,"{""type"":""MultiPoint"",""coordinates"":[]}"
20220715,2022-07-15,1.373208530315252E7,"{""type"":""MultiPoint"",""coordinates"":[]}"
20220716,2022-07-16,1.7571742324323233E7,"{""type"":""MultiPoint"",""coordinates"":[]}"
20220717,2022-07-17,1.811954654795015E7,"{""type"":""MultiPoint"",""coordinates"":[]}"
20220718,2022-07-18,1.700852069351634E7,"{""type"":""MultiPoint"",""coordinates"":[]}"
20220719,2022-07-19,1.9517414366383713E7,"{""type"":""MultiPoint"",""coordinates"":[]}"
20220720,2022-07-20,1.90042148509622E7,"{""type"":""MultiPoint"",""coordinates"":[]}"
20220721,2022-07-21,1.8203693002869572E7,"{""type"":""MultiPoint"",""coordinates"":[]}"
20220722,2022-07-22,1.7317872654184967E7,"{""type"":""MultiPoint"",""coordinates"":[]}"
20220723,2022-07-23,1.6341837471876057E7,"{""type"":""MultiPoint"",""coordinates"":[]}"
20220724,2022-07-24,1.7858153893604636E7,"{""type"":""MultiPoint"",""coordinates"":[]}"
20220725,2022-07-25,1.860723867798446E7,"{""type"":""MultiPoint"",""coordinates"":[]}"
20220726,2022-07-26,1.922614960363613E7,"{""type"":""MultiPoint"",""coordinates"":[]}"
20220727,2022-07-27,1.7680555281961754E7,"{""type"":""MultiPoint"",""coordinates"":[]}"
20220728,2022-07-28,1.980380824822908E7,"{""type"":""MultiPoint"",""coordinates"":[]}"
20220729,2022-07-29,1.5283080564966986E7,"{""type"":""MultiPoint"",""coordinates"":[]}"
20220730,2022-07-30,1.6867373442819014E7,"{""type"":""MultiPoint"",""coordinates"":[]}"
20220731,2022-07-31,1.8303703196436092E7,"{""type"":""MultiPoint"",""coordinates"":[]}"
20220801,2022-08-01,1.824086963040555E7,"{""type"":""MultiPoint"",""coordinates"":[]}"
20220802,2022-08-02,1.7854421793028705E7,"{""type"":""MultiPoint"",""coordinates"":[]}"
20220803,2022-08-03,1.5000363939638386E7,"{""type"":""MultiPoint"",""coordinates"":[]}"
20220804,2022-08-04,1.9215563675476078E7,"{""type"":""MultiPoint"",""coordinates"":[]}"
20220805,2022-08-05,2.1968754264001757E7,"{""type"":""MultiPoint"",""coordinates"":[]}"
20220806,2022-08-06,2.141996461557601E7,"{""type"":""MultiPoint"",""coordinates"":[]}"
20220807,2022-08-07,2.171779066959644E7,"{""type"":""MultiPoint"",""coordinates"":[]}"
20220808,2022-08-08,1.864954185804587E7,"{""type"":""MultiPoint"",""coordinates"":[]}"
20220809,2022-08-09,2.210155550017056E7,"{""type"":""MultiPoint"",""coordinates"":[]}"
20220810,2022-08-10,2.212635612802761E7,"{""type"":""MultiPoint"",""coordinates"":[]}"
20220811,2022-08-11,2.2565038553408388E7,"{""type"":""MultiPoint"",""coordinates"":[]}"
20220812,2022-08-12,2.1262696935524654E7,"{""type"":""MultiPoint"",""coordinates"":[]}"
20220813,2022-08-13,2.2432343614111118E7,"{""type"":""MultiPoint"",""coordinates"":[]}"
20220814,2022-08-14,1.758908380583147E7,"{""type"":""MultiPoint"",""coordinates"":[]}"
20220815,2022-08-15,1.9919976065579027E7,"{""type"":""MultiPoint"",""coordinates"":[]}"
20220816,2022-08-16,1.939613547155499E7,"{""type"":""MultiPoint"",""coordinates"":[]}"
20220817,2022-08-17,2.127463746750145E7,"{""type"":""MultiPoint"",""coordinates"":[]}"
20220818,2022-08-18,1.4166810162021143E7,"{""type"":""MultiPoint"",""coordinates"":[]}"
20220819,2022-08-19,2.338540002396002E7,"{""type"":""MultiPoint"",""coordinates"":[]}"
20220820,2022-08-20,2.227689935484517E7,"{""type"":""MultiPoint"",""coordinates"":[]}"
20220821,2022-08-21,1.9637775364276677E7,"{""type"":""MultiPoint"",""coordinates"":[]}"
20220822,2022-08-22,1.0157291590391906E7,"{""type"":""MultiPoint"",""coordinates"":[]}"
20220823,2022-08-23,1.2574801243754135E7,"{""type"":""MultiPoint"",""coordinates"":[]}"
20220824,2022-08-24,9856337.523849655,"{""type"":""MultiPoint"",""coordinates"":[]}"
20220825,2022-08-25,2.2729043413641542E7,"{""type"":""MultiPoint"",""coordinates"":[]}"
20220826,2022-08-26,2.284573967379045E7,"{""type"":""MultiPoint"",""coordinates"":[]}"
20220827,2022-08-27,2.215834978817249E7,"{""type"":""MultiPoint"",""coordinates"":[]}"
20220828,2022-08-28,1.9302672910521135E7,"{""type"":""MultiPoint"",""coordinates"":[]}"
20220829,2022-08-29,2.000374042064495E7,"{""type"":""MultiPoint"",""coordinates"":[]}"
20220830,2022-08-30,2.1748329501816064E7,"{""type"":""MultiPoint"",""coordinates"":[]}"
20220831,2022-08-31,2.0141046667991083E7,"{""type"":""MultiPoint"",""coordinates"":[]}"
20220901,2022-09-01,1.968188360829169E7,"{""type"":""MultiPoint"",""coordinates"":[]}"
20220902,2022-09-02,2.277971415816827E7,"{""type"":""MultiPoint"",""coordinates"":[]}"
20220903,2022-09-03,2.233819057403728E7,"{""type"":""MultiPoint"",""coordinates"":[]}"
20220904,2022-09-04,2.2853379469106816E7,"{""type"":""MultiPoint"",""coordinates"":[]}"
20220905,2022-09-05,2.2754928570826538E7,"{""type"":""MultiPoint"",""coordinates"":[]}"
20220906,2022-09-06,1.6702096562719485E7,"{""type"":""MultiPoint"",""coordinates"":[]}"
20220907,2022-09-07,2.011066334525314E7,"{""type"":""MultiPoint"",""coordinates"":[]}"
20220908,2022-09-08,2.265666312624164E7,"{""type"":""MultiPoint"",""coordinates"":[]}"
20220909,2022-09-09,2.3554725210442875E7,"{""type"":""MultiPoint"",""coordinates"":[]}"
20220910,2022-09-10,2.3906021665643252E7,"{""type"":""MultiPoint"",""coordinates"":[]}"
20220911,2022-09-11,1.683217563590392E7,"{""type"":""MultiPoint"",""coordinates"":[]}"
20220912,2022-09-12,2.234490944671201E7,"{""type"":""MultiPoint"",""coordinates"":[]}"
20220913,2022-09-13,2.2108115169867348E7,"{""type"":""MultiPoint"",""coordinates"":[]}"
20220914,2022-09-14,2.134837418473701E7,"{""type"":""MultiPoint"",""coordinates"":[]}"
20220915,2022-09-15,2.368528449421066E7,"{""type"":""MultiPoint"",""coordinates"":[]}"
20220916,2022-09-16,2.137673636112616E7,"{""type"":""MultiPoint"",""coordinates"":[]}"
20220917,2022-09-17,2.2973622244255807E7,"{""type"":""MultiPoint"",""coordinates"":[]}"
20220918,2022-09-18,2.4719778291413307E7,"{""type"":""MultiPoint"",""coordinates"":[]}"
20220919,2022-09-19,2.343201962486705E7,"{""type"":""MultiPoint"",""coordinates"":[]}"
20220920,2022-09-20,1.2488685552585632E7,"{""type"":""MultiPoint"",""coordinates"":[]}"
20220921,2022-09-21,1.83819763054201E7,"{""type"":""MultiPoint"",""coordinates"":[]}"
20220922,2022-09-22,2.5025032669997774E7,"{""type"":""MultiPoint"",""coordinates"":[]}"
20220923,2022-09-23,1.5725219807700096E7,"{""type"":""MultiPoint"",""coordinates"":[]}"
20220924,2022-09-24,1.5956195389701251E7,"{""type"":""MultiPoint"",""coordinates"":[]}"
20220925,2022-09-25,1.4358746519329537E7,"{""type"":""MultiPoint"",""coordinates"":[]}"
20220926,2022-09-26,1.5724976296580162E7,"{""type"":""MultiPoint"",""coordinates"":[]}"
20220927,2022-09-27,1.5723482172495512E7,"{""type"":""MultiPoint"",""coordinates"":[]}"
20220928,2022-09-28,1.5809442491202785E7,"{""type"":""MultiPoint"",""coordinates"":[]}"
20220929,2022-09-29,1.5458679493906338E7,"{""type"":""MultiPoint"",""coordinates"":[]}"
20220930,2022-09-30,1.597929409258741E7,"{""type"":""MultiPoint"",""coordinates"":[]}"
20221001,2022-10-01,1.4613171657368451E7,"{""type"":""MultiPoint"",""coordinates"":[]}"
20221002,2022-10-02,1.4936901117079722E7,"{""type"":""MultiPoint"",""coordinates"":[]}"
20221003,2022-10-03,1.2624898225353226E7,"{""type"":""MultiPoint"",""coordinates"":[]}"
20221004,2022-10-04,1.3345116437295675E7,"{""type"":""MultiPoint"",""coordinates"":[]}"
20221005,2022-10-05,1.507392359099044E7,"{""type"":""MultiPoint"",""coordinates"":[]}"
20221006,2022-10-06,1.5395913589400826E7,"{""type"":""MultiPoint"",""coordinates"":[]}"
20221007,2022-10-07,1.6420266706000255E7,"{""type"":""MultiPoint"",""coordinates"":[]}"
20221008,2022-10-08,1.5729845840166876E7,"{""type"":""MultiPoint"",""coordinates"":[]}"
20221009,2022-10-09,1.3157368245946476E7,"{""type"":""MultiPoint"",""coordinates"":[]}"
20221010,2022-10-10,1.83019632818012E7,"{""type"":""MultiPoint"",""coordinates"":[]}"
20221011,2022-10-11,2.161967085770473E7,"{""type"":""MultiPoint"",""coordinates"":[]}"
20221012,2022-10-12,1.922153383805911E7,"{""type"":""MultiPoint"",""coordinates"":[]}"
20221013,2022-10-13,1.2287298825838301E7,"{""type"":""MultiPoint"",""coordinates"":[]}"
20221014,2022-10-14,1.2270534965625193E7,"{""type"":""MultiPoint"",""coordinates"":[]}"
20221015,2022-10-15,2.2142902980595194E7,"{""type"":""MultiPoint"",""coordinates"":[]}"
20221016,2022-10-16,1.9613998763871323E7,"{""type"":""MultiPoint"",""coordinates"":[]}"
20221017,2022-10-17,2.101067441839744E7,"{""type"":""MultiPoint"",""coordinates"":[]}"
20221018,2022-10-18,1.8549841982621953E7,"{""type"":""MultiPoint"",""coordinates"":[]}"
20221019,2022-10-19,2.0634657182108235E7,"{""type"":""MultiPoint"",""coordinates"":[]}"
20221020,2022-10-20,1.893730864366985E7,"{""type"":""MultiPoint"",""coordinates"":[]}"
20221021,2022-10-21,1.8410474865490727E7,"{""type"":""MultiPoint"",""coordinates"":[]}"
20221022,2022-10-22,2.1221020122328565E7,"{""type"":""MultiPoint"",""coordinates"":[]}"
20221023,2022-10-23,1.9933061816948608E7,"{""type"":""MultiPoint"",""coordinates"":[]}"
20221024,2022-10-24,2.0371662288202588E7,"{""type"":""MultiPoint"",""coordinates"":[]}"
20221025,2022-10-25,1.5663866806172613E7,"{""type"":""MultiPoint"",""coordinates"":[]}"
20221026,2022-10-26,1.767447689274175E7,"{""type"":""MultiPoint"",""coordinates"":[]}"
20221027,2022-10-27,1.9831057369935576E7,"{""type"":""MultiPoint"",""coordinates"":[]}"
20221028,2022-10-28,2.3551062838279847E7,"{""type"":""MultiPoint"",""coordinates"":[]}"
20221029,2022-10-29,1.625928048827082E7,"{""type"":""MultiPoint"",""coordinates"":[]}"
20221030,2022-10-30,1.079480798836112E7,"{""type"":""MultiPoint"",""coordinates"":[]}"
20221031,2022-10-31,1.4537966487428002E7,"{""type"":""MultiPoint"",""coordinates"":[]}"
20221101,2022-11-01,2.034824645026387E7,"{""type"":""MultiPoint"",""coordinates"":[]}"
20221102,2022-11-02,1.9499244265767664E7,"{""type"":""MultiPoint"",""coordinates"":[]}"
20221103,2022-11-03,1.8065075875584442E7,"{""type"":""MultiPoint"",""coordinates"":[]}"
20221104,2022-11-04,1.9225678752633795E7,"{""type"":""MultiPoint"",""coordinates"":[]}"
20221105,2022-11-05,1.706606623923906E7,"{""type"":""MultiPoint"",""coordinates"":[]}"
20221106,2022-11-06,1.9817434028374765E7,"{""type"":""MultiPoint"",""coordinates"":[]}"
20221107,2022-11-07,1.265592233604237E7,"{""type"":""MultiPoint"",""coordinates"":[]}"
20221108,2022-11-08,1.5681103767222522E7,"{""type"":""MultiPoint"",""coordinates"":[]}"
20221109,2022-11-09,1.2792745435835684E7,"{""type"":""MultiPoint"",""coordinates"":[]}"
20221110,2022-11-10,1.729669588224669E7,"{""type"":""MultiPoint"",""coordinates"":[]}"
20221111,2022-11-11,1.311597122188109E7,"{""type"":""MultiPoint"",""coordinates"":[]}"
20221112,2022-11-12,1.196972743202296E7,"{""type"":""MultiPoint"",""coordinates"":[]}"
20221113,2022-11-13,1.39805366035358E7,"{""type"":""MultiPoint"",""coordinates"":[]}"
20221114,2022-11-14,1.9407494945999637E7,"{""type"":""MultiPoint"",""coordinates"":[]}"
20221115,2022-11-15,1.9924729764774334E7,"{""type"":""MultiPoint"",""coordinates"":[]}"
20221116,2022-11-16,1.878260470403146E7,"{""type"":""MultiPoint"",""coordinates"":[]}"
20221117,2022-11-17,2.032202256906066E7,"{""type"":""MultiPoint"",""coordinates"":[]}"
20221118,2022-11-18,1.9892025555515416E7,"{""type"":""MultiPoint"",""coordinates"":[]}"
20221119,2022-11-19,1.632813688246744E7,"{""type"":""MultiPoint"",""coordinates"":[]}"
20221120,2022-11-20,1.778387100876928E7,"{""type"":""MultiPoint"",""coordinates"":[]}"
20221121,2022-11-21,1.710083237814299E7,"{""type"":""MultiPoint"",""coordinates"":[]}"
20221122,2022-11-22,1.7248642822386757E7,"{""type"":""MultiPoint"",""coordinates"":[]}"
20221123,2022-11-23,1.4674928314891743E7,"{""type"":""MultiPoint"",""coordinates"":[]}"
20221124,2022-11-24,1.2585492203961218E7,"{""type"":""MultiPoint"",""coordinates"":[]}"
20221125,2022-11-25,1.4864988445086578E7,"{""type"":""MultiPoint"",""coordinates"":[]}"
20221126,2022-11-26,1.8821903659743536E7,"{""type"":""MultiPoint"",""coordinates"":[]}"
20221127,2022-11-27,1.3000023275901508E7,"{""type"":""MultiPoint"",""coordinates"":[]}"
20221128,2022-11-28,1.1163929721269036E7,"{""type"":""MultiPoint"",""coordinates"":[]}"
20221129,2022-11-29,9801681.723436272,"{""type"":""MultiPoint"",""coordinates"":[]}"
20221130,2022-11-30,1.6220485637790212E7,"{""type"":""MultiPoint"",""coordinates"":[]}"
20221201,2022-12-01,1.6318498635442374E7,"{""type"":""MultiPoint"",""coordinates"":[]}"
20221202,2022-12-02,1.3908697054080626E7,"{""type"":""MultiPoint"",""coordinates"":[]}"
20221203,2022-12-03,1.0778672527682455E7,"{""type"":""MultiPoint"",""coordinates"":[]}"
20221204,2022-12-04,8748069.140128026,"{""type"":""MultiPoint"",""coordinates"":[]}"
20221205,2022-12-05,1.6683402155278623E7,"{""type"":""MultiPoint"",""coordinates"":[]}"
20221206,2022-12-06,1.840391743591595E7,"{""type"":""MultiPoint"",""coordinates"":[]}"
20221207,2022-12-07,1.910353380980474E7,"{""type"":""MultiPoint"",""coordinates"":[]}"
20221208,2022-12-08,1.835667456785663E7,"{""type"":""MultiPoint"",""coordinates"":[]}"
20221209,2022-12-09,1.8282889950193644E7,"{""type"":""MultiPoint"",""coordinates"":[]}"
20221210,2022-12-10,1.4086126408203393E7,"{""type"":""MultiPoint"",""coordinates"":[]}"
20221211,2022-12-11,1.211147340573515E7,"{""type"":""MultiPoint"",""coordinates"":[]}"
20221212,2022-12-12,1.4585699205265585E7,"{""type"":""MultiPoint"",""coordinates"":[]}"
20221213,2022-12-13,1.6067487441735394E7,"{""type"":""MultiPoint"",""coordinates"":[]}"
20221214,2022-12-14,1.5843663247004997E7,"{""type"":""MultiPoint"",""coordinates"":[]}"
20221215,2022-12-15,1.8664856085565783E7,"{""type"":""MultiPoint"",""coordinates"":[]}"
20221216,2022-12-16,1.1911761558485333E7,"{""type"":""MultiPoint"",""coordinates"":[]}"
20221217,2022-12-17,9972482.338771494,"{""type"":""MultiPoint"",""coordinates"":[]}"
20221218,2022-12-18,1.5778456614131184E7,"{""type"":""MultiPoint"",""coordinates"":[]}"
20221219,2022-12-19,1.1922594238356104E7,"{""type"":""MultiPoint"",""coordinates"":[]}"
20221220,2022-12-20,1.496157033636345E7,"{""type"":""MultiPoint"",""coordinates"":[]}"
20221221,2022-12-21,1.8656254417755295E7,"{""type"":""MultiPoint"",""coordinates"":[]}"
20221222,2022-12-22,1.8573332613087706E7,"{""type"":""MultiPoint"",""coordinates"":[]}"
20221223,2022-12-23,1.985243422984768E7,"{""type"":""MultiPoint"",""coordinates"":[]}"
20221224,2022-12-24,1.7209103427608207E7,"{""type"":""MultiPoint"",""coordinates"":[]}"
20221225,2022-12-25,7146630.957959581,"{""type"":""MultiPoint"",""coordinates"":[]}"
20221226,2022-12-26,1.3716900735657094E7,"{""type"":""MultiPoint"",""coordinates"":[]}"
20221227,2022-12-27,1.755790012016133E7,"{""type"":""MultiPoint"",""coordinates"":[]}"
20221228,2022-12-28,1.7445290352095988E7,"{""type"":""MultiPoint"",""coordinates"":[]}"
20221229,2022-12-29,1.2374095927678436E7,"{""type"":""MultiPoint"",""coordinates"":[]}"
20221230,2022-12-30,1.4703800948287273E7,"{""type"":""MultiPoint"",""coordinates"":[]}"
20221231,2022-12-31,1.4424450226636963E7,"{""type"":""MultiPoint"",""coordinates"":[]}"
20230101,2023-01-01,1.034201704701703E7,"{""type"":""MultiPoint"",""coordinates"":[]}"
20230102,2023-01-02,1.4704002849758184E7,"{""type"":""MultiPoint"",""coordinates"":[]}"
20230103,2023-01-03,1.4728679940360803E7,"{""type"":""MultiPoint"",""coordinates"":[]}"
20230104,2023-01-04,8115473.824333275,"{""type"":""MultiPoint"",""coordinates"":[]}"
20230105,2023-01-05,7888471.79001866,"{""type"":""MultiPoint"",""coordinates"":[]}"
20230106,2023-01-06,5475696.893062827,"{""type"":""MultiPoint"",""coordinates"":[]}"
20230107,2023-01-07,1.1462639106937172E7,"{""type"":""MultiPoint"",""coordinates"":[]}"
20230108,2023-01-08,1.2592967269881405E7,"{""type"":""MultiPoint"",""coordinates"":[]}"
20230109,2023-01-09,8569396.110047558,"{""type"":""MultiPoint"",""coordinates"":[]}"
20230110,2023-01-10,9473096.00449501,"{""type"":""MultiPoint"",""coordinates"":[]}"
20230111,2023-01-11,9202922.988140386,"{""type"":""MultiPoint"",""coordinates"":[]}"
20230112,2023-01-12,1.2810227520558655E7,"{""type"":""MultiPoint"",""coordinates"":[]}"
20230113,2023-01-13,1.87514871543756E7,"{""type"":""MultiPoint"",""coordinates"":[]}"
20230114,2023-01-14,1.727494795689603E7,"{""type"":""MultiPoint"",""coordinates"":[]}"
20230115,2023-01-15,1.6034320360805083E7,"{""type"":""MultiPoint"",""coordinates"":[]}"
20230116,2023-01-16,9261179.762486702,"{""type"":""MultiPoint"",""coordinates"":[]}"
20230117,2023-01-17,1.7609283713442884E7,"{""type"":""MultiPoint"",""coordinates"":[]}"
20230118,2023-01-18,1.6275593653201692E7,"{""type"":""MultiPoint"",""coordinates"":[]}"
20230119,2023-01-19,1.8386531726927932E7,"{""type"":""MultiPoint"",""coordinates"":[]}"
20230120,2023-01-20,1.2816193373948982E7,"{""type"":""MultiPoint"",""coordinates"":[]}"
20230121,2023-01-21,1.2297642727108529E7,"{""type"":""MultiPoint"",""coordinates"":[]}"
20230122,2023-01-22,1.2476400866413822E7,"{""type"":""MultiPoint"",""coordinates"":[]}"
20230123,2023-01-23,1.807046528549355E7,"{""type"":""MultiPoint"",""coordinates"":[]}"
20230124,2023-01-24,1.934459874476751E7,"{""type"":""MultiPoint"",""coordinates"":[]}"
20230125,2023-01-25,2.197841004434812E7,"{""type"":""MultiPoint"",""coordinates"":[]}"
20230126,2023-01-26,1.7687018629743345E7,"{""type"":""MultiPoint"",""coordinates"":[]}"
20230127,2023-01-27,1.8079015443019688E7,"{""type"":""MultiPoint"",""coordinates"":[]}"
20230128,2023-01-28,1.6527478293580549E7,"{""type"":""MultiPoint"",""coordinates"":[]}"
20230129,2023-01-29,1.1154063011658935E7,"{""type"":""MultiPoint"",""coordinates"":[]}"
20230130,2023-01-30,1.5739158857865267E7,"{""type"":""MultiPoint"",""coordinates"":[]}"
20230131,2023-01-31,1.2764661265747592E7,"{""type"":""MultiPoint"",""coordinates"":[]}"
20230201,2023-02-01,1.4776323227178771E7,"{""type"":""MultiPoint"",""coordinates"":[]}"
20230202,2023-02-02,1.16154580471575E7,"{""type"":""MultiPoint"",""coordinates"":[]}"
20230203,2023-02-03,1.503770853578953E7,"{""type"":""MultiPoint"",""coordinates"":[]}"
20230204,2023-02-04,1.3734074729998194E7,"{""type"":""MultiPoint"",""coordinates"":[]}"
20230205,2023-02-05,1.2274809123673072E7,"{""type"":""MultiPoint"",""coordinates"":[]}"
20230206,2023-02-06,1.1695745839744737E7,"{""type"":""MultiPoint"",""coordinates"":[]}"
20230207,2023-02-07,1.422841462745569E7,"{""type"":""MultiPoint"",""coordinates"":[]}"
20230208,2023-02-08,1.6660376215198759E7,"{""type"":""MultiPoint"",""coordinates"":[]}"
20230209,2023-02-09,1.790759999369894E7,"{""type"":""MultiPoint"",""coordinates"":[]}"
20230210,2023-02-10,2.0570129316637564E7,"{""type"":""MultiPoint"",""coordinates"":[]}"
20230211,2023-02-11,1.5737645046816366E7,"{""type"":""MultiPoint"",""coordinates"":[]}"
20230212,2023-02-12,8082742.748259188,"{""type"":""MultiPoint"",""coordinates"":[]}"
20230213,2023-02-13,5661960.650412372,"{""type"":""MultiPoint"",""coordinates"":[]}"
20230214,2023-02-14,8219343.358497375,"{""type"":""MultiPoint"",""coordinates"":[]}"
20230215,2023-02-15,1.0334352259346213E7,"{""type"":""MultiPoint"",""coordinates"":[]}"
20230216,2023-02-16,1.6344618207854232E7,"{""type"":""MultiPoint"",""coordinates"":[]}"
20230217,2023-02-17,1.757777167098106E7,"{""type"":""MultiPoint"",""coordinates"":[]}"
20230218,2023-02-18,1.7687473957819097E7,"{""type"":""MultiPoint"",""coordinates"":[]}"
20230219,2023-02-19,1.3453551106616087E7,"{""type"":""MultiPoint"",""coordinates"":[]}"
20230220,2023-02-20,2.0376347788052082E7,"{""type"":""MultiPoint"",""coordinates"":[]}"
20230221,2023-02-21,1.3661975432183487E7,"{""type"":""MultiPoint"",""coordinates"":[]}"
20230222,2023-02-22,6497658.162823825,"{""type"":""MultiPoint"",""coordinates"":[]}"
20230223,2023-02-23,7490155.108020788,"{""type"":""MultiPoint"",""coordinates"":[]}"
20230224,2023-02-24,1.1988574035679162E7,"{""type"":""MultiPoint"",""coordinates"":[]}"
20230225,2023-02-25,1.3862388285593873E7,"{""type"":""MultiPoint"",""coordinates"":[]}"
20230226,2023-02-26,1.5293445992655465E7,"{""type"":""MultiPoint"",""coordinates"":[]}"
20230227,2023-02-27,1.017238596781249E7,"{""type"":""MultiPoint"",""coordinates"":[]}"
20230228,2023-02-28,1.6267596080669418E7,"{""type"":""MultiPoint"",""coordinates"":[]}"
20230301,2023-03-01,1.218881138157446E7,"{""type"":""MultiPoint"",""coordinates"":[]}"
20230302,2023-03-02,1.3134886510224143E7,"{""type"":""MultiPoint"",""coordinates"":[]}"
20230303,2023-03-03,1.3512496819416853E7,"{""type"":""MultiPoint"",""coordinates"":[]}"
20230304,2023-03-04,1.97797048286284E7,"{""type"":""MultiPoint"",""coordinates"":[]}"
20230305,2023-03-05,1.2110237219832437E7,"{""type"":""MultiPoint"",""coordinates"":[]}"
20230306,2023-03-06,1.205098179101366E7,"{""type"":""MultiPoint"",""coordinates"":[]}"
20230307,2023-03-07,1.26003282353919E7,"{""type"":""MultiPoint"",""coordinates"":[]}"
20230308,2023-03-08,1.1247187189824345E7,"{""type"":""MultiPoint"",""coordinates"":[]}"
20230309,2023-03-09,1.1874923027518695E7,"{""type"":""MultiPoint"",""coordinates"":[]}"
20230310,2023-03-10,1.3474771233977184E7,"{""type"":""MultiPoint"",""coordinates"":[]}"
20230311,2023-03-11,1.2217799630006664E7,"{""type"":""MultiPoint"",""coordinates"":[]}"
20230312,2023-03-12,1.4729091663685212E7,"{""type"":""MultiPoint"",""coordinates"":[]}"
20230313,2023-03-13,1.462214791408977E7,"{""type"":""MultiPoint"",""coordinates"":[]}"
20230314,2023-03-14,1.2151854236106204E7,"{""type"":""MultiPoint"",""coordinates"":[]}"
20230315,2023-03-15,1.3398215217036566E7,"{""type"":""MultiPoint"",""coordinates"":[]}"
20230316,2023-03-16,1.368442250896394E7,"{""type"":""MultiPoint"",""coordinates"":[]}"
20230317,2023-03-17,1.3804984393602155E7,"{""type"":""MultiPoint"",""coordinates"":[]}"
20230318,2023-03-18,1.4674327237765282E7,"{""type"":""MultiPoint"",""coordinates"":[]}"
20230319,2023-03-19,1.4576902394197948E7,"{""type"":""MultiPoint"",""coordinates"":[]}"
20230320,2023-03-20,1.3115908779460559E7,"{""type"":""MultiPoint"",""coordinates"":[]}"
20230321,2023-03-21,1.4344791420315005E7,"{""type"":""MultiPoint"",""coordinates"":[]}"
20230322,2023-03-22,1.879835260734853E7,"{""type"":""MultiPoint"",""coordinates"":[]}"
20230323,2023-03-23,2.055844245110669E7,"{""type"":""MultiPoint"",""coordinates"":[]}"
20230324,2023-03-24,1.9833975402604695E7,"{""type"":""MultiPoint"",""coordinates"":[]}"
20230325,2023-03-25,2.1138262919591423E7,"{""type"":""MultiPoint"",""coordinates"":[]}"
20230326,2023-03-26,1.9491982346998967E7,"{""type"":""MultiPoint"",""coordinates"":[]}"
20230327,2023-03-27,1.843569406445527E7,"{""type"":""MultiPoint"",""coordinates"":[]}"
20230328,2023-03-28,1.9586881427126594E7,"{""type"":""MultiPoint"",""coordinates"":[]}"
20230329,2023-03-29,1.3942431822125895E7,"{""type"":""MultiPoint"",""coordinates"":[]}"
20230330,2023-03-30,2.0269632194248777E7,"{""type"":""MultiPoint"",""coordinates"":[]}"
20230331,2023-03-31,2.1514832576164383E7,"{""type"":""MultiPoint"",""coordinates"":[]}"
20230401,2023-04-01,2.118210836293219E7,"{""type"":""MultiPoint"",""coordinates"":[]}"
20230402,2023-04-02,2.1416038262235858E7,"{""type"":""MultiPoint"",""coordinates"":[]}"
20230403,2023-04-03,2.085640691722351E7,"{""type"":""MultiPoint"",""coordinates"":[]}"
20230404,2023-04-04,2.064949002600686E7,"{""type"":""MultiPoint"",""coordinates"":[]}"
20230405,2023-04-05,2.1472088205887664E7,"{""type"":""MultiPoint"",""coordinates"":[]}"
20230406,2023-04-06,2.2058826841370173E7,"{""type"":""MultiPoint"",""coordinates"":[]}"
20230407,2023-04-07,2.169530753737482E7,"{""type"":""MultiPoint"",""coordinates"":[]}"
20230408,2023-04-08,1.9768979432584826E7,"{""type"":""MultiPoint"",""coordinates"":[]}"
20230409,2023-04-09,2.1808405507916436E7,"{""type"":""MultiPoint"",""coordinates"":[]}"
20230410,2023-04-10,2.1667738116910476E7,"{""type"":""MultiPoint"",""coordinates"":[]}"
20230411,2023-04-11,2.144285795681576E7,"{""type"":""MultiPoint"",""coordinates"":[]}"
20230412,2023-04-12,2.1810964200228766E7,"{""type"":""MultiPoint"",""coordinates"":[]}"
20230413,2023-04-13,1.9108748239479855E7,"{""type"":""MultiPoint"",""coordinates"":[]}"
20230414,2023-04-14,1.7681898209379323E7,"{""type"":""MultiPoint"",""coordinates"":[]}"
20230415,2023-04-15,1.4958700719041606E7,"{""type"":""MultiPoint"",""coordinates"":[]}"
20230416,2023-04-16,1.3774185797563858E7,"{""type"":""MultiPoint"",""coordinates"":[]}"
20230417,2023-04-17,8177166.8749222355,"{""type"":""MultiPoint"",""coordinates"":[]}"
20230418,2023-04-18,1.5144525892801957E7,"{""type"":""MultiPoint"",""coordinates"":[]}"
20230419,2023-04-19,1.6320821370537592E7,"{""type"":""MultiPoint"",""coordinates"":[]}"
20230420,2023-04-20,1.5724264942869177E7,"{""type"":""MultiPoint"",""coordinates"":[]}"
20230421,2023-04-21,1.5604995579716252E7,"{""type"":""MultiPoint"",""coordinates"":[]}"
20230422,2023-04-22,1.3323177981739013E7,"{""type"":""MultiPoint"",""coordinates"":[]}"
20230423,2023-04-23,1.1827831802339807E7,"{""type"":""MultiPoint"",""coordinates"":[]}"
20230424,2023-04-24,1.123818065057292E7,"{""type"":""MultiPoint"",""coordinates"":[]}"
20230425,2023-04-25,1.2681405563140897E7,"{""type"":""MultiPoint"",""coordinates"":[]}"
20230426,2023-04-26,4731918.891216663,"{""type"":""MultiPoint"",""coordinates"":[]}"
20230427,2023-04-27,1.478081817181385E7,"{""type"":""MultiPoint"",""coordinates"":[]}"
20230428,2023-04-28,2.0027694230369426E7,"{""type"":""MultiPoint"",""coordinates"":[]}"
20230429,2023-04-29,2.1828410998896312E7,"{""type"":""MultiPoint"",""coordinates"":[]}"
20230430,2023-04-30,2.1667856209058255E7,"{""type"":""MultiPoint"",""coordinates"":[]}"
20230501,2023-05-01,2.303852210675656E7,"{""type"":""MultiPoint"",""coordinates"":[]}"
20230502,2023-05-02,2.1051100101779927E7,"{""type"":""MultiPoint"",""coordinates"":[]}"
20230503,2023-05-03,2.096212423899824E7,"{""type"":""MultiPoint"",""coordinates"":[]}"
20230504,2023-05-04,2.209516686541045E7,"{""type"":""MultiPoint"",""coordinates"":[]}"
20230505,2023-05-05,1.7824416709168617E7,"{""type"":""MultiPoint"",""coordinates"":[]}"
20230506,2023-05-06,1.8113194645154823E7,"{""type"":""MultiPoint"",""coordinates"":[]}"
20230507,2023-05-07,1.1277901712279007E7,"{""type"":""MultiPoint"",""coordinates"":[]}"
20230508,2023-05-08,1.0456173797483591E7,"{""type"":""MultiPoint"",""coordinates"":[]}"
20230509,2023-05-09,1.680574885461441E7,"{""type"":""MultiPoint"",""coordinates"":[]}"
20230510,2023-05-10,1.0291702769088756E7,"{""type"":""MultiPoint"",""coordinates"":[]}"
20230511,2023-05-11,9154419.673228577,"{""type"":""MultiPoint"",""coordinates"":[]}"
20230512,2023-05-12,1.0983018464712135E7,"{""type"":""MultiPoint"",""coordinates"":[]}"
20230513,2023-05-13,1.8196080500872917E7,"{""type"":""MultiPoint"",""coordinates"":[]}"
20230514,2023-05-14,1.3711579788814634E7,"{""type"":""MultiPoint"",""coordinates"":[]}"
20230515,2023-05-15,1.504521348985612E7,"{""type"":""MultiPoint"",""coordinates"":[]}"
20230516,2023-05-16,1.5651273412317134E7,"{""type"":""MultiPoint"",""coordinates"":[]}"
20230517,2023-05-17,1.1010565112836864E7,"{""type"":""MultiPoint"",""coordinates"":[]}"
20230518,2023-05-18,1.5299194782333E7,"{""type"":""MultiPoint"",""coordinates"":[]}"
20230519,2023-05-19,1.5582562239078516E7,"{""type"":""MultiPoint"",""coordinates"":[]}"
20230520,2023-05-20,1.7466026732566766E7,"{""type"":""MultiPoint"",""coordinates"":[]}"
20230521,2023-05-21,1.462829494351133E7,"{""type"":""MultiPoint"",""coordinates"":[]}"
20230522,2023-05-22,8520151.567354966,"{""type"":""MultiPoint"",""coordinates"":[]}"
20230523,2023-05-23,7349514.9695181865,"{""type"":""MultiPoint"",""coordinates"":[]}"
20230524,2023-05-24,1.629549631063752E7,"{""type"":""MultiPoint"",""coordinates"":[]}"
20230525,2023-05-25,1.7200585786526993E7,"{""type"":""MultiPoint"",""coordinates"":[]}"
20230526,2023-05-26,8699923.387674829,"{""type"":""MultiPoint"",""coordinates"":[]}"
20230527,2023-05-27,1.6165653098388614E7,"{""type"":""MultiPoint"",""coordinates"":[]}"
20230528,2023-05-28,1.2533703808480317E7,"{""type"":""MultiPoint"",""coordinates"":[]}"
20230529,2023-05-29,1.4016964150181605E7,"{""type"":""MultiPoint"",""coordinates"":[]}"
20230530,2023-05-30,1.4192074359801728E7,"{""type"":""MultiPoint"",""coordinates"":[]}"
20230531,2023-05-31,1.9878427899424076E7,"{""type"":""MultiPoint"",""coordinates"":[]}"
20230601,2023-06-01,1.6676395331527298E7,"{""type"":""MultiPoint"",""coordinates"":[]}"
20230602,2023-06-02,1.7044382843898624E7,"{""type"":""MultiPoint"",""coordinates"":[]}"
20230603,2023-06-03,1.1696471653001023E7,"{""type"":""MultiPoint"",""coordinates"":[]}"
20230604,2023-06-04,1.4267499847410338E7,"{""type"":""MultiPoint"",""coordinates"":[]}"
20230605,2023-06-05,1.860861466369674E7,"{""type"":""MultiPoint"",""coordinates"":[]}"
20230606,2023-06-06,1.626805714189392E7,"{""type"":""MultiPoint"",""coordinates"":[]}"
20230607,2023-06-07,1.5573618117071003E7,"{""type"":""MultiPoint"",""coordinates"":[]}"
20230608,2023-06-08,1.6498172959685342E7,"{""type"":""MultiPoint"",""coordinates"":[]}"
20230609,2023-06-09,1.7077738840848427E7,"{""type"":""MultiPoint"",""coordinates"":[]}"
20230610,2023-06-10,1.844313633271125E7,"{""type"":""MultiPoint"",""coordinates"":[]}"
20230611,2023-06-11,1.7912850861477323E7,"{""type"":""MultiPoint"",""coordinates"":[]}"
20230612,2023-06-12,1.2950235847651144E7,"{""type"":""MultiPoint"",""coordinates"":[]}"
20230613,2023-06-13,1.675291193763169E7,"{""type"":""MultiPoint"",""coordinates"":[]}"
20230614,2023-06-14,1.8437579575622577E7,"{""type"":""MultiPoint"",""coordinates"":[]}"
20230615,2023-06-15,4877776.183974475,"{""type"":""MultiPoint"",""coordinates"":[]}"
20230616,2023-06-16,1.4497671098107673E7,"{""type"":""MultiPoint"",""coordinates"":[]}"
20230617,2023-06-17,1.412787334561435E7,"{""type"":""MultiPoint"",""coordinates"":[]}"
20230618,2023-06-18,1.5266125307165932E7,"{""type"":""MultiPoint"",""coordinates"":[]}"
20230619,2023-06-19,1.9602587795155812E7,"{""type"":""MultiPoint"",""coordinates"":[]}"
20230620,2023-06-20,1.8588701950273905E7,"{""type"":""MultiPoint"",""coordinates"":[]}"
20230621,2023-06-21,2.0491801559930164E7,"{""type"":""MultiPoint"",""coordinates"":[]}"
20230622,2023-06-22,2.0513516827564053E7,"{""type"":""MultiPoint"",""coordinates"":[]}"
20230623,2023-06-23,2.085692063179018E7,"{""type"":""MultiPoint"",""coordinates"":[]}"
20230624,2023-06-24,2.150694859526819E7,"{""type"":""MultiPoint"",""coordinates"":[]}"
20230625,2023-06-25,1.8321439423353996E7,"{""type"":""MultiPoint"",""coordinates"":[]}"
20230626,2023-06-26,1.9059485191178527E7,"{""type"":""MultiPoint"",""coordinates"":[]}"
20230627,2023-06-27,1.78155886707202E7,"{""type"":""MultiPoint"",""coordinates"":[]}"
20230628,2023-06-28,1.7074287759998392E7,"{""type"":""MultiPoint"",""coordinates"":[]}"
20230629,2023-06-29,1.5322472730038323E7,"{""type"":""MultiPoint"",""coordinates"":[]}"
20230630,2023-06-30,1.670149566415828E7,"{""type"":""MultiPoint"",""coordinates"":[]}"
20230701,2023-07-01,1.5672319351514049E7,"{""type"":""MultiPoint"",""coordinates"":[]}"
20230702,2023-07-02,1.8778329674231928E7,"{""type"":""MultiPoint"",""coordinates"":[]}"
20230703,2023-07-03,1.1747774548913365E7,"{""type"":""MultiPoint"",""coordinates"":[]}"
20230704,2023-07-04,1.6992786094836753E7,"{""type"":""MultiPoint"",""coordinates"":[]}"
20230705,2023-07-05,1.6688289181546358E7,"{""type"":""MultiPoint"",""coordinates"":[]}"
20230706,2023-07-06,8927277.351794992,"{""type"":""MultiPoint"",""coordinates"":[]}"
20230707,2023-07-07,2.0318554018341254E7,"{""type"":""MultiPoint"",""coordinates"":[]}"
20230708,2023-07-08,2.0601737743061822E7,"{""type"":""MultiPoint"",""coordinates"":[]}"
20230709,2023-07-09,1.8469993332329985E7,"{""type"":""MultiPoint"",""coordinates"":[]}"
20230710,2023-07-10,2.1090524940942742E7,"{""type"":""MultiPoint"",""coordinates"":[]}"
20230711,2023-07-11,2.2747422295266185E7,"{""type"":""MultiPoint"",""coordinates"":[]}"
20230712,2023-07-12,1.562392818004133E7,"{""type"":""MultiPoint"",""coordinates"":[]}"
20230713,2023-07-13,1.589492860803082E7,"{""type"":""MultiPoint"",""coordinates"":[]}"
20230714,2023-07-14,1.8994488026167393E7,"{""type"":""MultiPoint"",""coordinates"":[]}"
20230715,2023-07-15,1.994433827656372E7,"{""type"":""MultiPoint"",""coordinates"":[]}"
20230716,2023-07-16,2.171181676652017E7,"{""type"":""MultiPoint"",""coordinates"":[]}"
20230717,2023-07-17,1.83630187402725E7,"{""type"":""MultiPoint"",""coordinates"":[]}"
20230718,2023-07-18,2.0224895884132996E7,"{""type"":""MultiPoint"",""coordinates"":[]}"
20230719,2023-07-19,1.971516754552204E7,"{""type"":""MultiPoint"",""coordinates"":[]}"
20230720,2023-07-20,2.16431009350029E7,"{""type"":""MultiPoint"",""coordinates"":[]}"
20230721,2023-07-21,1.9179338211666964E7,"{""type"":""MultiPoint"",""coordinates"":[]}"
20230722,2023-07-22,2.0224522866213147E7,"{""type"":""MultiPoint"",""coordinates"":[]}"
20230723,2023-07-23,1.550867934834346E7,"{""type"":""MultiPoint"",""coordinates"":[]}"
20230724,2023-07-24,1.900412331198202E7,"{""type"":""MultiPoint"",""coordinates"":[]}"
20230725,2023-07-25,1.4813568289286211E7,"{""type"":""MultiPoint"",""coordinates"":[]}"
20230726,2023-07-26,1.9233263289787892E7,"{""type"":""MultiPoint"",""coordinates"":[]}"
20230727,2023-07-27,2.002303725635622E7,"{""type"":""MultiPoint"",""coordinates"":[]}"
20230728,2023-07-28,2.1853656299841464E7,"{""type"":""MultiPoint"",""coordinates"":[]}"
20230729,2023-07-29,1.8224596219573364E7,"{""type"":""MultiPoint"",""coordinates"":[]}"
20230730,2023-07-30,2.1943189385547724E7,"{""type"":""MultiPoint"",""coordinates"":[]}"
20230731,2023-07-31,2.2475413814741228E7,"{""type"":""MultiPoint"",""coordinates"":[]}"
20230801,2023-08-01,2.091593594706318E7,"{""type"":""MultiPoint"",""coordinates"":[]}"
20230802,2023-08-02,1.998840746043786E7,"{""type"":""MultiPoint"",""coordinates"":[]}"
20230803,2023-08-03,1.7604049313346565E7,"{""type"":""MultiPoint"",""coordinates"":[]}"
20230804,2023-08-04,2.1117496547428403E7,"{""type"":""MultiPoint"",""coordinates"":[]}"
20230805,2023-08-05,2.319822165388396E7,"{""type"":""MultiPoint"",""coordinates"":[]}"
20230806,2023-08-06,2.263261852796339E7,"{""type"":""MultiPoint"",""coordinates"":[]}"
20230807,2023-08-07,2.305310451094655E7,"{""type"":""MultiPoint"",""coordinates"":[]}"
20230808,2023-08-08,1.840563085268797E7,"{""type"":""MultiPoint"",""coordinates"":[]}"
20230809,2023-08-09,2.254479518026206E7,"{""type"":""MultiPoint"",""coordinates"":[]}"
20230810,2023-08-10,2.3504529270483386E7,"{""type"":""MultiPoint"",""coordinates"":[]}"
20230811,2023-08-11,2.1848608344952136E7,"{""type"":""MultiPoint"",""coordinates"":[]}"
20230812,2023-08-12,2.238459825729938E7,"{""type"":""MultiPoint"",""coordinates"":[]}"
20230813,2023-08-13,2.2435277177091476E7,"{""type"":""MultiPoint"",""coordinates"":[]}"
20230814,2023-08-14,2.1297344003451526E7,"{""type"":""MultiPoint"",""coordinates"":[]}"
20230815,2023-08-15,1.2605647025786117E7,"{""type"":""MultiPoint"",""coordinates"":[]}"
20230816,2023-08-16,1.7546699483675472E7,"{""type"":""MultiPoint"",""coordinates"":[]}"
20230817,2023-08-17,2.0166758851644482E7,"{""type"":""MultiPoint"",""coordinates"":[]}"
20230818,2023-08-18,1.771799877342323E7,"{""type"":""MultiPoint"",""coordinates"":[]}"
20230819,2023-08-19,1.947853908923806E7,"{""type"":""MultiPoint"",""coordinates"":[]}"
20230820,2023-08-20,2.409721768081391E7,"{""type"":""MultiPoint"",""coordinates"":[]}"
20230821,2023-08-21,2.5361335678606547E7,"{""type"":""MultiPoint"",""coordinates"":[]}"
20230822,2023-08-22,2.244215660437862E7,"{""type"":""MultiPoint"",""coordinates"":[]}"
20230823,2023-08-23,2.3128272053538818E7,"{""type"":""MultiPoint"",""coordinates"":[]}"
20230824,2023-08-24,2.5096195269158997E7,"{""type"":""MultiPoint"",""coordinates"":[]}"
20230825,2023-08-25,2.4809899010535188E7,"{""type"":""MultiPoint"",""coordinates"":[]}"
20230826,2023-08-26,2.4321910145887256E7,"{""type"":""MultiPoint"",""coordinates"":[]}"
20230827,2023-08-27,2.3361595734192185E7,"{""type"":""MultiPoint"",""coordinates"":[]}"
20230828,2023-08-28,2.1238623145385586E7,"{""type"":""MultiPoint"",""coordinates"":[]}"
20230829,2023-08-29,2.277263860193044E7,"{""type"":""MultiPoint"",""coordinates"":[]}"
20230830,2023-08-30,2.2632136443200283E7,"{""type"":""MultiPoint"",""coordinates"":[]}"
20230831,2023-08-31,2.2004549120703142E7,"{""type"":""MultiPoint"",""coordinates"":[]}"
20230901,2023-09-01,2.2208706426785454E7,"{""type"":""MultiPoint"",""coordinates"":[]}"
20230902,2023-09-02,2.4548142396644797E7,"{""type"":""MultiPoint"",""coordinates"":[]}"
20230903,2023-09-03,2.524933211004756E7,"{""type"":""MultiPoint"",""coordinates"":[]}"
20230904,2023-09-04,2.4260398265566975E7,"{""type"":""MultiPoint"",""coordinates"":[]}"
20230905,2023-09-05,2.2954186597917035E7,"{""type"":""MultiPoint"",""coordinates"":[]}"
20230906,2023-09-06,2.3860037547769543E7,"{""type"":""MultiPoint"",""coordinates"":[]}"
20230907,2023-09-07,2.3374063881564416E7,"{""type"":""MultiPoint"",""coordinates"":[]}"
20230908,2023-09-08,2.379737905371941E7,"{""type"":""MultiPoint"",""coordinates"":[]}"
20230909,2023-09-09,2.494987031031646E7,"{""type"":""MultiPoint"",""coordinates"":[]}"
20230910,2023-09-10,2.3131961583809923E7,"{""type"":""MultiPoint"",""coordinates"":[]}"
20230911,2023-09-11,1.801598244693275E7,"{""type"":""MultiPoint"",""coordinates"":[]}"
20230912,2023-09-12,2.1749727950073242E7,"{""type"":""MultiPoint"",""coordinates"":[]}"
20230913,2023-09-13,2.536387889121665E7,"{""type"":""MultiPoint"",""coordinates"":[]}"
20230914,2023-09-14,2.5744656649168205E7,"{""type"":""MultiPoint"",""coordinates"":[]}"
20230915,2023-09-15,2.49137953507515E7,"{""type"":""MultiPoint"",""coordinates"":[]}"
20230916,2023-09-16,1.6862773834366787E7,"{""type"":""MultiPoint"",""coordinates"":[]}"
20230917,2023-09-17,2.463984737089879E7,"{""type"":""MultiPoint"",""coordinates"":[]}"
20230918,2023-09-18,2.198145795866192E7,"{""type"":""MultiPoint"",""coordinates"":[]}"
20230919,2023-09-19,2.2539339400919054E7,"{""type"":""MultiPoint"",""coordinates"":[]}"
20230920,2023-09-20,2.1372707029518593E7,"{""type"":""MultiPoint"",""coordinates"":[]}"
20230921,2023-09-21,2.182739555378965E7,"{""type"":""MultiPoint"",""coordinates"":[]}"
20230922,2023-09-22,2.074115217149278E7,"{""type"":""MultiPoint"",""coordinates"":[]}"
20230923,2023-09-23,1.4962082750136534E7,"{""type"":""MultiPoint"",""coordinates"":[]}"
20230924,2023-09-24,1.5075201735292962E7,"{""type"":""MultiPoint"",""coordinates"":[]}"
20230925,2023-09-25,1.4420844350971088E7,"{""type"":""MultiPoint"",""coordinates"":[]}"
20230926,2023-09-26,1.5064496878456285E7,"{""type"":""MultiPoint"",""coordinates"":[]}"
20230927,2023-09-27,1.5999825933885973E7,"{""type"":""MultiPoint"",""coordinates"":[]}"
20230928,2023-09-28,1.5786155676428277E7,"{""type"":""MultiPoint"",""coordinates"":[]}"
20230929,2023-09-29,1.6892260498780616E7,"{""type"":""MultiPoint"",""coordinates"":[]}"
20230930,2023-09-30,1.6727372614001015E7,"{""type"":""MultiPoint"",""coordinates"":[]}"
20231001,2023-10-01,1.6841892547003508E7,"{""type"":""MultiPoint"",""coordinates"":[]}"
20231002,2023-10-02,1.5476168812175535E7,"{""type"":""MultiPoint"",""coordinates"":[]}"
20231003,2023-10-03,1.5184854773305608E7,"{""type"":""MultiPoint"",""coordinates"":[]}"
20231004,2023-10-04,1.4626240706425797E7,"{""type"":""MultiPoint"",""coordinates"":[]}"
20231005,2023-10-05,1.23222778046451E7,"{""type"":""MultiPoint"",""coordinates"":[]}"
20231006,2023-10-06,1.4285049023075955E7,"{""type"":""MultiPoint"",""coordinates"":[]}"
20231007,2023-10-07,1.4501053233497433E7,"{""type"":""MultiPoint"",""coordinates"":[]}"
20231008,2023-10-08,1.5719346861958422E7,"{""type"":""MultiPoint"",""coordinates"":[]}"
20231009,2023-10-09,1.5920865105400603E7,"{""type"":""MultiPoint"",""coordinates"":[]}"
20231010,2023-10-10,1.599571856670982E7,"{""type"":""MultiPoint"",""coordinates"":[]}"
20231011,2023-10-11,2.269113186896232E7,"{""type"":""MultiPoint"",""coordinates"":[]}"
20231012,2023-10-12,2.3349488368350286E7,"{""type"":""MultiPoint"",""coordinates"":[]}"
20231013,2023-10-13,2.384665392547105E7,"{""type"":""MultiPoint"",""coordinates"":[]}"
20231014,2023-10-14,2.258190303309052E7,"{""type"":""MultiPoint"",""coordinates"":[]}"
20231015,2023-10-15,2.305332284722974E7,"{""type"":""MultiPoint"",""coordinates"":[]}"
20231016,2023-10-16,2.223366389059458E7,"{""type"":""MultiPoint"",""coordinates"":[]}"
20231017,2023-10-17,2.1837079291393235E7,"{""type"":""MultiPoint"",""coordinates"":[]}"
20231018,2023-10-18,2.15787536687737E7,"{""type"":""MultiPoint"",""coordinates"":[]}"
20231019,2023-10-19,2.006116441582886E7,"{""type"":""MultiPoint"",""coordinates"":[]}"
20231020,2023-10-20,2.224202539919329E7,"{""type"":""MultiPoint"",""coordinates"":[]}"
20231021,2023-10-21,2.2659918834948726E7,"{""type"":""MultiPoint"",""coordinates"":[]}"
20231022,2023-10-22,1.9415034448778912E7,"{""type"":""MultiPoint"",""coordinates"":[]}"
20231023,2023-10-23,1.8606069125158027E7,"{""type"":""MultiPoint"",""coordinates"":[]}"
20231024,2023-10-24,1.9372089396263517E7,"{""type"":""MultiPoint"",""coordinates"":[]}"
20231025,2023-10-25,2.0768384706600036E7,"{""type"":""MultiPoint"",""coordinates"":[]}"
20231026,2023-10-26,2.2195407643047765E7,"{""type"":""MultiPoint"",""coordinates"":[]}"
20231027,2023-10-27,2.307940685963115E7,"{""type"":""MultiPoint"",""coordinates"":[]}"
20231028,2023-10-28,2.146253607802058E7,"{""type"":""MultiPoint"",""coordinates"":[]}"
20231029,2023-10-29,1.9928902086328328E7,"{""type"":""MultiPoint"",""coordinates"":[]}"
20231030,2023-10-30,2.0944098745409667E7,"{""type"":""MultiPoint"",""coordinates"":[]}"
20231031,2023-10-31,2.205919857066601E7,"{""type"":""MultiPoint"",""coordinates"":[]}"
20231101,2023-11-01,2.1139956440029677E7,"{""type"":""MultiPoint"",""coordinates"":[]}"
20231102,2023-11-02,1.965567753328115E7,"{""type"":""MultiPoint"",""coordinates"":[]}"
20231103,2023-11-03,2.063399294748459E7,"{""type"":""MultiPoint"",""coordinates"":[]}"
20231104,2023-11-04,2.1830381500933107E7,"{""type"":""MultiPoint"",""coordinates"":[]}"
20231105,2023-11-05,2.1670398783376463E7,"{""type"":""MultiPoint"",""coordinates"":[]}"
20231106,2023-11-06,2.0473234290369827E7,"{""type"":""MultiPoint"",""coordinates"":[]}"
20231107,2023-11-07,1.9532379215860967E7,"{""type"":""MultiPoint"",""coordinates"":[]}"
20231108,2023-11-08,1.6821520928782124E7,"{""type"":""MultiPoint"",""coordinates"":[]}"
20231109,2023-11-09,2.108189493420022E7,"{""type"":""MultiPoint"",""coordinates"":[]}"
20231110,2023-11-10,2.092318262934199E7,"{""type"":""MultiPoint"",""coordinates"":[]}"
20231111,2023-11-11,1.8386852419240262E7,"{""type"":""MultiPoint"",""coordinates"":[]}"
20231112,2023-11-12,2.101583178656714E7,"{""type"":""MultiPoint"",""coordinates"":[]}"
20231113,2023-11-13,2.1847129581201203E7,"{""type"":""MultiPoint"",""coordinates"":[]}"
20231114,2023-11-14,2.1295516426303845E7,"{""type"":""MultiPoint"",""coordinates"":[]}"
20231115,2023-11-15,1.8413000561796397E7,"{""type"":""MultiPoint"",""coordinates"":[]}"
20231116,2023-11-16,1.6415296563642561E7,"{""type"":""MultiPoint"",""coordinates"":[]}"
20231117,2023-11-17,1.6886028394116342E7,"{""type"":""MultiPoint"",""coordinates"":[]}"
20231118,2023-11-18,1.947640573531594E7,"{""type"":""MultiPoint"",""coordinates"":[]}"
20231119,2023-11-19,1.814038187281519E7,"{""type"":""MultiPoint"",""coordinates"":[]}"
20231120,2023-11-20,2.076557700896995E7,"{""type"":""MultiPoint"",""coordinates"":[]}"
20231121,2023-11-21,2.07688152474866E7,"{""type"":""MultiPoint"",""coordinates"":[]}"
20231122,2023-11-22,2.0789718964621834E7,"{""type"":""MultiPoint"",""coordinates"":[]}"
20231123,2023-11-23,2.0762422777757708E7,"{""type"":""MultiPoint"",""coordinates"":[]}"
20231124,2023-11-24,1.8655349874099497E7,"{""type"":""MultiPoint"",""coordinates"":[]}"
20231125,2023-11-25,1.8872536692312315E7,"{""type"":""MultiPoint"",""coordinates"":[]}"
20231126,2023-11-26,1.3659444118957313E7,"{""type"":""MultiPoint"",""coordinates"":[]}"
20231127,2023-11-27,1.8894146585756425E7,"{""type"":""MultiPoint"",""coordinates"":[]}"
20231128,2023-11-28,2.0665868148897313E7,"{""type"":""MultiPoint"",""coordinates"":[]}"
20231129,2023-11-29,2.0231991366283372E7,"{""type"":""MultiPoint"",""coordinates"":[]}"
20231130,2023-11-30,1.8866343813296407E7,"{""type"":""MultiPoint"",""coordinates"":[]}"
20231201,2023-12-01,1.990026891160476E7,"{""type"":""MultiPoint"",""coordinates"":[]}"
20231202,2023-12-02,1.8704190722372707E7,"{""type"":""MultiPoint"",""coordinates"":[]}"
20231203,2023-12-03,1.950956139032367E7,"{""type"":""MultiPoint"",""coordinates"":[]}"
20231204,2023-12-04,2.0207873617803458E7,"{""type"":""MultiPoint"",""coordinates"":[]}"
20231205,2023-12-05,1.813928336291212E7,"{""type"":""MultiPoint"",""coordinates"":[]}"
20231206,2023-12-06,1.1518047163606443E7,"{""type"":""MultiPoint"",""coordinates"":[]}"
20231207,2023-12-07,1.7658329991772518E7,"{""type"":""MultiPoint"",""coordinates"":[]}"
20231208,2023-12-08,1.6468605687315626E7,"{""type"":""MultiPoint"",""coordinates"":[]}"
20231209,2023-12-09,1.8001046976822585E7,"{""type"":""MultiPoint"",""coordinates"":[]}"
20231210,2023-12-10,1.914485497642124E7,"{""type"":""MultiPoint"",""coordinates"":[]}"
20231211,2023-12-11,1.8629368409046218E7,"{""type"":""MultiPoint"",""coordinates"":[]}"
20231212,2023-12-12,1.979033123937951E7,"{""type"":""MultiPoint"",""coordinates"":[]}"
20231213,2023-12-13,1.6683595872694794E7,"{""type"":""MultiPoint"",""coordinates"":[]}"
20231214,2023-12-14,1.9178449186683528E7,"{""type"":""MultiPoint"",""coordinates"":[]}"
20231215,2023-12-15,1.9389771813617475E7,"{""type"":""MultiPoint"",""coordinates"":[]}"
20231216,2023-12-16,1.7091749132582817E7,"{""type"":""MultiPoint"",""coordinates"":[]}"
20231217,2023-12-17,1.5293013893765174E7,"{""type"":""MultiPoint"",""coordinates"":[]}"
20231218,2023-12-18,1.846547808560592E7,"{""type"":""MultiPoint"",""coordinates"":[]}"
20231219,2023-12-19,1.8897957665482707E7,"{""type"":""MultiPoint"",""coordinates"":[]}"
20231220,2023-12-20,1.873916889169826E7,"{""type"":""MultiPoint"",""coordinates"":[]}"
20231221,2023-12-21,1.8883138864126187E7,"{""type"":""MultiPoint"",""coordinates"":[]}"
20231222,2023-12-22,1.69377910265888E7,"{""type"":""MultiPoint"",""coordinates"":[]}"
20231223,2023-12-23,1.4821894809704408E7,"{""type"":""MultiPoint"",""coordinates"":[]}"
20231224,2023-12-24,1.5019826756647194E7,"{""type"":""MultiPoint"",""coordinates"":[]}"
20231225,2023-12-25,1.5064003178134972E7,"{""type"":""MultiPoint"",""coordinates"":[]}"
20231226,2023-12-26,1.8365418033833E7,"{""type"":""MultiPoint"",""coordinates"":[]}"
20231227,2023-12-27,1.9434531030682478E7,"{""type"":""MultiPoint"",""coordinates"":[]}"
20231228,2023-12-28,1.8263243075311545E7,"{""type"":""MultiPoint"",""coordinates"":[]}"
20231229,2023-12-29,1.8390486517528538E7,"{""type"":""MultiPoint"",""coordinates"":[]}"
20231230,2023-12-30,1.5437175331286488E7,"{""type"":""MultiPoint"",""coordinates"":[]}"
20231231,2023-12-31,1.697185009515783E7,"{""type"":""MultiPoint"",""coordinates"":[]}"
