system:index,date,tp_sum_m,.geo
20040101,2004-01-01,0.016146500894947693,"{""type"":""MultiPoint"",""coordinates"":[]}"
20040102,2004-01-02,0.0034971729970802667,"{""type"":""MultiPoint"",""coordinates"":[]}"
20040103,2004-01-03,0.004007074970866399,"{""type"":""MultiPoint"",""coordinates"":[]}"
20040104,2004-01-04,0.014173116642671013,"{""type"":""MultiPoint"",""coordinates"":[]}"
20040105,2004-01-05,0.007501580491132171,"{""type"":""MultiPoint"",""coordinates"":[]}"
20040106,2004-01-06,0.00855709711578107,"{""type"":""MultiPoint"",""coordinates"":[]}"
20040107,2004-01-07,0.0030359435195231165,"{""type"":""MultiPoint"",""coordinates"":[]}"
20040108,2004-01-08,0.008244827536287719,"{""type"":""MultiPoint"",""coordinates"":[]}"
20040109,2004-01-09,0.008230123087571034,"{""type"":""MultiPoint"",""coordinates"":[]}"
20040110,2004-01-10,0.0056328497123267025,"{""type"":""MultiPoint"",""coordinates"":[]}"
20040111,2004-01-11,0.0018010630528659435,"{""type"":""MultiPoint"",""coordinates"":[]}"
20040112,2004-01-12,0.0010512062779420525,"{""type"":""MultiPoint"",""coordinates"":[]}"
20040113,2004-01-13,0.001579100784792278,"{""type"":""MultiPoint"",""coordinates"":[]}"
20040114,2004-01-14,0.0023761096043249945,"{""type"":""MultiPoint"",""coordinates"":[]}"
20040115,2004-01-15,0.001392739515365631,"{""type"":""MultiPoint"",""coordinates"":[]}"
20040116,2004-01-16,0.001815094892668662,"{""type"":""MultiPoint"",""coordinates"":[]}"
20040117,2004-01-17,0.001170604472652018,"{""type"":""MultiPoint"",""coordinates"":[]}"
20040118,2004-01-18,7.101885931497539E-4,"{""type"":""MultiPoint"",""coordinates"":[]}"
20040119,2004-01-19,0.0014306706912426699,"{""type"":""MultiPoint"",""coordinates"":[]}"
20040120,2004-01-20,0.0011726417209020864,"{""type"":""MultiPoint"",""coordinates"":[]}"
20040121,2004-01-21,0.0010843742120496818,"{""type"":""MultiPoint"",""coordinates"":[]}"
20040122,2004-01-22,0.001291063485784615,"{""type"":""MultiPoint"",""coordinates"":[]}"
20040123,2004-01-23,1.9972790177511023E-4,"{""type"":""MultiPoint"",""coordinates"":[]}"
20040124,2004-01-24,2.1215392173676425E-4,"{""type"":""MultiPoint"",""coordinates"":[]}"
20040125,2004-01-25,5.121275657294943E-4,"{""type"":""MultiPoint"",""coordinates"":[]}"
20040126,2004-01-26,0.0013783379334449423,"{""type"":""MultiPoint"",""coordinates"":[]}"
20040127,2004-01-27,0.0011920582816695936,"{""type"":""MultiPoint"",""coordinates"":[]}"
20040128,2004-01-28,0.0013502329283532051,"{""type"":""MultiPoint"",""coordinates"":[]}"
20040129,2004-01-29,0.0032905230769727212,"{""type"":""MultiPoint"",""coordinates"":[]}"
20040130,2004-01-30,0.0016544130718072385,"{""type"":""MultiPoint"",""coordinates"":[]}"
20040131,2004-01-31,0.004375506144761729,"{""type"":""MultiPoint"",""coordinates"":[]}"
20040201,2004-02-01,0.003338271417640354,"{""type"":""MultiPoint"",""coordinates"":[]}"
20040202,2004-02-02,4.5746268661670973E-4,"{""type"":""MultiPoint"",""coordinates"":[]}"
20040203,2004-02-03,0.001141069942999167,"{""type"":""MultiPoint"",""coordinates"":[]}"
20040204,2004-02-04,0.0014186853847234886,"{""type"":""MultiPoint"",""coordinates"":[]}"
20040205,2004-02-05,8.334637728403691E-4,"{""type"":""MultiPoint"",""coordinates"":[]}"
20040206,2004-02-06,7.573526536537875E-4,"{""type"":""MultiPoint"",""coordinates"":[]}"
20040207,2004-02-07,0.0013904614548282607,"{""type"":""MultiPoint"",""coordinates"":[]}"
20040208,2004-02-08,0.001816550840260725,"{""type"":""MultiPoint"",""coordinates"":[]}"
20040209,2004-02-09,0.0011603379545992922,"{""type"":""MultiPoint"",""coordinates"":[]}"
20040210,2004-02-10,7.991991949270434E-4,"{""type"":""MultiPoint"",""coordinates"":[]}"
20040211,2004-02-11,0.001298728891396234,"{""type"":""MultiPoint"",""coordinates"":[]}"
20040212,2004-02-12,0.006050662995293788,"{""type"":""MultiPoint"",""coordinates"":[]}"
20040213,2004-02-13,0.0024270233808990917,"{""type"":""MultiPoint"",""coordinates"":[]}"
20040214,2004-02-14,0.002629294236539877,"{""type"":""MultiPoint"",""coordinates"":[]}"
20040215,2004-02-15,0.0012695364388855097,"{""type"":""MultiPoint"",""coordinates"":[]}"
20040216,2004-02-16,0.002625725822130828,"{""type"":""MultiPoint"",""coordinates"":[]}"
20040217,2004-02-17,0.002487329957642813,"{""type"":""MultiPoint"",""coordinates"":[]}"
20040218,2004-02-18,0.00194160190744191,"{""type"":""MultiPoint"",""coordinates"":[]}"
20040219,2004-02-19,0.001104687343563115,"{""type"":""MultiPoint"",""coordinates"":[]}"
20040220,2004-02-20,0.0015357696803986265,"{""type"":""MultiPoint"",""coordinates"":[]}"
20040221,2004-02-21,0.0019115872365499948,"{""type"":""MultiPoint"",""coordinates"":[]}"
20040222,2004-02-22,0.0012751911793870445,"{""type"":""MultiPoint"",""coordinates"":[]}"
20040223,2004-02-23,6.202869661764664E-4,"{""type"":""MultiPoint"",""coordinates"":[]}"
20040224,2004-02-24,0.0011607204315484544,"{""type"":""MultiPoint"",""coordinates"":[]}"
20040225,2004-02-25,0.0030437612319403305,"{""type"":""MultiPoint"",""coordinates"":[]}"
20040226,2004-02-26,0.016493231433971772,"{""type"":""MultiPoint"",""coordinates"":[]}"
20040227,2004-02-27,0.008095912270669105,"{""type"":""MultiPoint"",""coordinates"":[]}"
20040228,2004-02-28,5.38804644061276E-4,"{""type"":""MultiPoint"",""coordinates"":[]}"
20040229,2004-02-29,0.0011477390598730445,"{""type"":""MultiPoint"",""coordinates"":[]}"
20040301,2004-03-01,0.0010439511032215457,"{""type"":""MultiPoint"",""coordinates"":[]}"
20040302,2004-03-02,0.004248822783296988,"{""type"":""MultiPoint"",""coordinates"":[]}"
20040303,2004-03-03,0.0017499691445216456,"{""type"":""MultiPoint"",""coordinates"":[]}"
20040304,2004-03-04,0.002341135958307837,"{""type"":""MultiPoint"",""coordinates"":[]}"
20040305,2004-03-05,0.001637926004914433,"{""type"":""MultiPoint"",""coordinates"":[]}"
20040306,2004-03-06,0.0015184038067753483,"{""type"":""MultiPoint"",""coordinates"":[]}"
20040307,2004-03-07,0.001499571015454786,"{""type"":""MultiPoint"",""coordinates"":[]}"
20040308,2004-03-08,0.003708865898264551,"{""type"":""MultiPoint"",""coordinates"":[]}"
20040309,2004-03-09,0.005658113910538933,"{""type"":""MultiPoint"",""coordinates"":[]}"
20040310,2004-03-10,3.8042244344808625E-4,"{""type"":""MultiPoint"",""coordinates"":[]}"
20040311,2004-03-11,4.941368355933607E-4,"{""type"":""MultiPoint"",""coordinates"":[]}"
20040312,2004-03-12,0.006884623149623034,"{""type"":""MultiPoint"",""coordinates"":[]}"
20040313,2004-03-13,0.002171106653139449,"{""type"":""MultiPoint"",""coordinates"":[]}"
20040314,2004-03-14,0.0016316177851854212,"{""type"":""MultiPoint"",""coordinates"":[]}"
20040315,2004-03-15,0.0017325522663788533,"{""type"":""MultiPoint"",""coordinates"":[]}"
20040316,2004-03-16,0.0018962381116707527,"{""type"":""MultiPoint"",""coordinates"":[]}"
20040317,2004-03-17,0.0010727679918855662,"{""type"":""MultiPoint"",""coordinates"":[]}"
20040318,2004-03-18,0.0017281551804439472,"{""type"":""MultiPoint"",""coordinates"":[]}"
20040319,2004-03-19,0.002399180092113833,"{""type"":""MultiPoint"",""coordinates"":[]}"
20040320,2004-03-20,0.0015495734531943276,"{""type"":""MultiPoint"",""coordinates"":[]}"
20040321,2004-03-21,0.0010426039938669011,"{""type"":""MultiPoint"",""coordinates"":[]}"
20040322,2004-03-22,0.0014558864320656578,"{""type"":""MultiPoint"",""coordinates"":[]}"
20040323,2004-03-23,0.0014152469383448565,"{""type"":""MultiPoint"",""coordinates"":[]}"
20040324,2004-03-24,7.94293393349247E-4,"{""type"":""MultiPoint"",""coordinates"":[]}"
20040325,2004-03-25,8.337922018129436E-4,"{""type"":""MultiPoint"",""coordinates"":[]}"
20040326,2004-03-26,0.003816797051887199,"{""type"":""MultiPoint"",""coordinates"":[]}"
20040327,2004-03-27,0.005060167714498714,"{""type"":""MultiPoint"",""coordinates"":[]}"
20040328,2004-03-28,0.006740362411365094,"{""type"":""MultiPoint"",""coordinates"":[]}"
20040329,2004-03-29,0.009347912563652349,"{""type"":""MultiPoint"",""coordinates"":[]}"
20040330,2004-03-30,0.008832288021600496,"{""type"":""MultiPoint"",""coordinates"":[]}"
20040331,2004-03-31,0.007077676184880975,"{""type"":""MultiPoint"",""coordinates"":[]}"
20040401,2004-04-01,7.278966336199154E-4,"{""type"":""MultiPoint"",""coordinates"":[]}"
20040402,2004-04-02,9.36269798483741E-4,"{""type"":""MultiPoint"",""coordinates"":[]}"
20040403,2004-04-03,9.426519447738545E-4,"{""type"":""MultiPoint"",""coordinates"":[]}"
20040404,2004-04-04,0.001681631422889797,"{""type"":""MultiPoint"",""coordinates"":[]}"
20040405,2004-04-05,0.006260486752308535,"{""type"":""MultiPoint"",""coordinates"":[]}"
20040406,2004-04-06,0.002834732704683392,"{""type"":""MultiPoint"",""coordinates"":[]}"
20040407,2004-04-07,9.080381390201286E-4,"{""type"":""MultiPoint"",""coordinates"":[]}"
20040408,2004-04-08,0.0011522322108197143,"{""type"":""MultiPoint"",""coordinates"":[]}"
20040409,2004-04-09,0.006573482007311093,"{""type"":""MultiPoint"",""coordinates"":[]}"
20040410,2004-04-10,0.00964617365187583,"{""type"":""MultiPoint"",""coordinates"":[]}"
20040411,2004-04-11,0.0015350552735336226,"{""type"":""MultiPoint"",""coordinates"":[]}"
20040412,2004-04-12,5.204104702948342E-4,"{""type"":""MultiPoint"",""coordinates"":[]}"
20040413,2004-04-13,0.0014070656666387482,"{""type"":""MultiPoint"",""coordinates"":[]}"
20040414,2004-04-14,0.009784490713321561,"{""type"":""MultiPoint"",""coordinates"":[]}"
20040415,2004-04-15,0.013952804809936466,"{""type"":""MultiPoint"",""coordinates"":[]}"
20040416,2004-04-16,0.009144850922167989,"{""type"":""MultiPoint"",""coordinates"":[]}"
20040417,2004-04-17,0.011083216489126689,"{""type"":""MultiPoint"",""coordinates"":[]}"
20040418,2004-04-18,0.016640314408727763,"{""type"":""MultiPoint"",""coordinates"":[]}"
20040419,2004-04-19,0.019164808688642537,"{""type"":""MultiPoint"",""coordinates"":[]}"
20040420,2004-04-20,0.005475742782386173,"{""type"":""MultiPoint"",""coordinates"":[]}"
20040421,2004-04-21,0.007404938665458185,"{""type"":""MultiPoint"",""coordinates"":[]}"
20040422,2004-04-22,0.002597887623298845,"{""type"":""MultiPoint"",""coordinates"":[]}"
20040423,2004-04-23,0.005370165978161614,"{""type"":""MultiPoint"",""coordinates"":[]}"
20040424,2004-04-24,0.029004079647049236,"{""type"":""MultiPoint"",""coordinates"":[]}"
20040425,2004-04-25,0.015004875431374975,"{""type"":""MultiPoint"",""coordinates"":[]}"
20040426,2004-04-26,0.01097912011729422,"{""type"":""MultiPoint"",""coordinates"":[]}"
20040427,2004-04-27,0.004364231250716835,"{""type"":""MultiPoint"",""coordinates"":[]}"
20040428,2004-04-28,0.014455013378415406,"{""type"":""MultiPoint"",""coordinates"":[]}"
20040429,2004-04-29,0.015599721504985349,"{""type"":""MultiPoint"",""coordinates"":[]}"
20040430,2004-04-30,0.06860011904466545,"{""type"":""MultiPoint"",""coordinates"":[]}"
20040501,2004-05-01,0.012858253547458407,"{""type"":""MultiPoint"",""coordinates"":[]}"
20040502,2004-05-02,0.007568091145960138,"{""type"":""MultiPoint"",""coordinates"":[]}"
20040503,2004-05-03,0.017270062470278968,"{""type"":""MultiPoint"",""coordinates"":[]}"
20040504,2004-05-04,0.003289191040394118,"{""type"":""MultiPoint"",""coordinates"":[]}"
20040505,2004-05-05,0.01464689138804929,"{""type"":""MultiPoint"",""coordinates"":[]}"
20040506,2004-05-06,0.02352583525957932,"{""type"":""MultiPoint"",""coordinates"":[]}"
20040507,2004-05-07,0.0037545943150284226,"{""type"":""MultiPoint"",""coordinates"":[]}"
20040508,2004-05-08,0.005667677837113985,"{""type"":""MultiPoint"",""coordinates"":[]}"
20040509,2004-05-09,0.008389496516148086,"{""type"":""MultiPoint"",""coordinates"":[]}"
20040510,2004-05-10,0.011272552640790433,"{""type"":""MultiPoint"",""coordinates"":[]}"
20040511,2004-05-11,0.009741795983066848,"{""type"":""MultiPoint"",""coordinates"":[]}"
20040512,2004-05-12,0.004218810346171386,"{""type"":""MultiPoint"",""coordinates"":[]}"
20040513,2004-05-13,0.014305905381262465,"{""type"":""MultiPoint"",""coordinates"":[]}"
20040514,2004-05-14,0.010975337719949196,"{""type"":""MultiPoint"",""coordinates"":[]}"
20040515,2004-05-15,0.006243023550719202,"{""type"":""MultiPoint"",""coordinates"":[]}"
20040516,2004-05-16,0.008867275401015845,"{""type"":""MultiPoint"",""coordinates"":[]}"
20040517,2004-05-17,0.011833995619380987,"{""type"":""MultiPoint"",""coordinates"":[]}"
20040518,2004-05-18,0.007641363514596527,"{""type"":""MultiPoint"",""coordinates"":[]}"
20040519,2004-05-19,0.005099275251587045,"{""type"":""MultiPoint"",""coordinates"":[]}"
20040520,2004-05-20,0.012827757824028285,"{""type"":""MultiPoint"",""coordinates"":[]}"
20040521,2004-05-21,0.005569711043538775,"{""type"":""MultiPoint"",""coordinates"":[]}"
20040522,2004-05-22,0.013920112066373906,"{""type"":""MultiPoint"",""coordinates"":[]}"
20040523,2004-05-23,0.010778152772274752,"{""type"":""MultiPoint"",""coordinates"":[]}"
20040524,2004-05-24,0.005583597522409524,"{""type"":""MultiPoint"",""coordinates"":[]}"
20040525,2004-05-25,0.008098840745077798,"{""type"":""MultiPoint"",""coordinates"":[]}"
20040526,2004-05-26,0.011815453757854283,"{""type"":""MultiPoint"",""coordinates"":[]}"
20040527,2004-05-27,0.013920251397720877,"{""type"":""MultiPoint"",""coordinates"":[]}"
20040528,2004-05-28,0.012082203744538217,"{""type"":""MultiPoint"",""coordinates"":[]}"
20040529,2004-05-29,0.02182233931321715,"{""type"":""MultiPoint"",""coordinates"":[]}"
20040530,2004-05-30,0.015076749796377523,"{""type"":""MultiPoint"",""coordinates"":[]}"
20040531,2004-05-31,0.01311779592203652,"{""type"":""MultiPoint"",""coordinates"":[]}"
20040601,2004-06-01,0.008903535097004334,"{""type"":""MultiPoint"",""coordinates"":[]}"
20040602,2004-06-02,0.016120670112590954,"{""type"":""MultiPoint"",""coordinates"":[]}"
20040603,2004-06-03,0.015330177801689684,"{""type"":""MultiPoint"",""coordinates"":[]}"
20040604,2004-06-04,0.0043189801463316664,"{""type"":""MultiPoint"",""coordinates"":[]}"
20040605,2004-06-05,0.006888558066202996,"{""type"":""MultiPoint"",""coordinates"":[]}"
20040606,2004-06-06,0.012901720485318343,"{""type"":""MultiPoint"",""coordinates"":[]}"
20040607,2004-06-07,0.014214110765967293,"{""type"":""MultiPoint"",""coordinates"":[]}"
20040608,2004-06-08,0.005342028412099402,"{""type"":""MultiPoint"",""coordinates"":[]}"
20040609,2004-06-09,0.002468164970188518,"{""type"":""MultiPoint"",""coordinates"":[]}"
20040610,2004-06-10,0.007257088591757135,"{""type"":""MultiPoint"",""coordinates"":[]}"
20040611,2004-06-11,0.013511221247220345,"{""type"":""MultiPoint"",""coordinates"":[]}"
20040612,2004-06-12,0.011376958123778536,"{""type"":""MultiPoint"",""coordinates"":[]}"
20040613,2004-06-13,0.014957976333288594,"{""type"":""MultiPoint"",""coordinates"":[]}"
20040614,2004-06-14,0.008682444152456652,"{""type"":""MultiPoint"",""coordinates"":[]}"
20040615,2004-06-15,0.013041341434614382,"{""type"":""MultiPoint"",""coordinates"":[]}"
20040616,2004-06-16,0.013257513752115846,"{""type"":""MultiPoint"",""coordinates"":[]}"
20040617,2004-06-17,0.008543412373518106,"{""type"":""MultiPoint"",""coordinates"":[]}"
20040618,2004-06-18,0.013011490173201275,"{""type"":""MultiPoint"",""coordinates"":[]}"
20040619,2004-06-19,0.00934420077763863,"{""type"":""MultiPoint"",""coordinates"":[]}"
20040620,2004-06-20,0.0039866341607466774,"{""type"":""MultiPoint"",""coordinates"":[]}"
20040621,2004-06-21,0.013985873191458512,"{""type"":""MultiPoint"",""coordinates"":[]}"
20040622,2004-06-22,0.01645824427104517,"{""type"":""MultiPoint"",""coordinates"":[]}"
20040623,2004-06-23,0.004737161810507854,"{""type"":""MultiPoint"",""coordinates"":[]}"
20040624,2004-06-24,0.0045722856906610645,"{""type"":""MultiPoint"",""coordinates"":[]}"
20040625,2004-06-25,0.009699274359766445,"{""type"":""MultiPoint"",""coordinates"":[]}"
20040626,2004-06-26,0.01209609756361759,"{""type"":""MultiPoint"",""coordinates"":[]}"
20040627,2004-06-27,0.01771731801690947,"{""type"":""MultiPoint"",""coordinates"":[]}"
20040628,2004-06-28,0.011637157515133566,"{""type"":""MultiPoint"",""coordinates"":[]}"
20040629,2004-06-29,0.007247839303570837,"{""type"":""MultiPoint"",""coordinates"":[]}"
20040630,2004-06-30,0.007557316750458992,"{""type"":""MultiPoint"",""coordinates"":[]}"
20040701,2004-07-01,0.009343796175539348,"{""type"":""MultiPoint"",""coordinates"":[]}"
20040702,2004-07-02,0.012081117450400327,"{""type"":""MultiPoint"",""coordinates"":[]}"
20040703,2004-07-03,0.010290203636329152,"{""type"":""MultiPoint"",""coordinates"":[]}"
20040704,2004-07-04,0.011751426248335386,"{""type"":""MultiPoint"",""coordinates"":[]}"
20040705,2004-07-05,0.007437793892352753,"{""type"":""MultiPoint"",""coordinates"":[]}"
20040706,2004-07-06,0.004416740451550805,"{""type"":""MultiPoint"",""coordinates"":[]}"
20040707,2004-07-07,0.013676124895317261,"{""type"":""MultiPoint"",""coordinates"":[]}"
20040708,2004-07-08,0.007069066488326349,"{""type"":""MultiPoint"",""coordinates"":[]}"
20040709,2004-07-09,0.013314573937229039,"{""type"":""MultiPoint"",""coordinates"":[]}"
20040710,2004-07-10,0.006837838171848623,"{""type"":""MultiPoint"",""coordinates"":[]}"
20040711,2004-07-11,0.011021806775501899,"{""type"":""MultiPoint"",""coordinates"":[]}"
20040712,2004-07-12,0.007512573540011607,"{""type"":""MultiPoint"",""coordinates"":[]}"
20040713,2004-07-13,0.006102918973145721,"{""type"":""MultiPoint"",""coordinates"":[]}"
20040714,2004-07-14,0.006555241212875849,"{""type"":""MultiPoint"",""coordinates"":[]}"
20040715,2004-07-15,0.005209494748842891,"{""type"":""MultiPoint"",""coordinates"":[]}"
20040716,2004-07-16,0.006254372924114104,"{""type"":""MultiPoint"",""coordinates"":[]}"
20040717,2004-07-17,0.006621834486711297,"{""type"":""MultiPoint"",""coordinates"":[]}"
20040718,2004-07-18,0.011094041791592693,"{""type"":""MultiPoint"",""coordinates"":[]}"
20040719,2004-07-19,0.00669050352640088,"{""type"":""MultiPoint"",""coordinates"":[]}"
20040720,2004-07-20,0.0016357413190206274,"{""type"":""MultiPoint"",""coordinates"":[]}"
20040721,2004-07-21,0.004876565755189867,"{""type"":""MultiPoint"",""coordinates"":[]}"
20040722,2004-07-22,0.004602460156978792,"{""type"":""MultiPoint"",""coordinates"":[]}"
20040723,2004-07-23,0.0070695307618862365,"{""type"":""MultiPoint"",""coordinates"":[]}"
20040724,2004-07-24,0.004066230686936562,"{""type"":""MultiPoint"",""coordinates"":[]}"
20040725,2004-07-25,0.010393074223858371,"{""type"":""MultiPoint"",""coordinates"":[]}"
20040726,2004-07-26,0.012675163357426135,"{""type"":""MultiPoint"",""coordinates"":[]}"
20040727,2004-07-27,0.010104291148359203,"{""type"":""MultiPoint"",""coordinates"":[]}"
20040728,2004-07-28,0.010072881445085021,"{""type"":""MultiPoint"",""coordinates"":[]}"
20040729,2004-07-29,0.0037077792585918615,"{""type"":""MultiPoint"",""coordinates"":[]}"
20040730,2004-07-30,0.0092734825719795,"{""type"":""MultiPoint"",""coordinates"":[]}"
20040731,2004-07-31,0.010846168533754261,"{""type"":""MultiPoint"",""coordinates"":[]}"
20040801,2004-08-01,0.0038082557292402988,"{""type"":""MultiPoint"",""coordinates"":[]}"
20040802,2004-08-02,0.007377794966494257,"{""type"":""MultiPoint"",""coordinates"":[]}"
20040803,2004-08-03,0.001967952136813228,"{""type"":""MultiPoint"",""coordinates"":[]}"
20040804,2004-08-04,5.079689076102517E-4,"{""type"":""MultiPoint"",""coordinates"":[]}"
20040805,2004-08-05,0.005296291257370253,"{""type"":""MultiPoint"",""coordinates"":[]}"
20040806,2004-08-06,0.004495112394398106,"{""type"":""MultiPoint"",""coordinates"":[]}"
20040807,2004-08-07,4.2100875281662E-4,"{""type"":""MultiPoint"",""coordinates"":[]}"
20040808,2004-08-08,0.003610698462915269,"{""type"":""MultiPoint"",""coordinates"":[]}"
20040809,2004-08-09,0.007783159010260096,"{""type"":""MultiPoint"",""coordinates"":[]}"
20040810,2004-08-10,0.001981843278385228,"{""type"":""MultiPoint"",""coordinates"":[]}"
20040811,2004-08-11,0.0011943246211141344,"{""type"":""MultiPoint"",""coordinates"":[]}"
20040812,2004-08-12,8.131081072553544E-4,"{""type"":""MultiPoint"",""coordinates"":[]}"
20040813,2004-08-13,0.0012518931302720926,"{""type"":""MultiPoint"",""coordinates"":[]}"
20040814,2004-08-14,0.003364580690315412,"{""type"":""MultiPoint"",""coordinates"":[]}"
20040815,2004-08-15,0.004120219873058516,"{""type"":""MultiPoint"",""coordinates"":[]}"
20040816,2004-08-16,0.008322798280665898,"{""type"":""MultiPoint"",""coordinates"":[]}"
20040817,2004-08-17,0.018115666139262892,"{""type"":""MultiPoint"",""coordinates"":[]}"
20040818,2004-08-18,0.0017153573579098112,"{""type"":""MultiPoint"",""coordinates"":[]}"
20040819,2004-08-19,0.010267575531333777,"{""type"":""MultiPoint"",""coordinates"":[]}"
20040820,2004-08-20,0.0011312568534290132,"{""type"":""MultiPoint"",""coordinates"":[]}"
20040821,2004-08-21,0.0020516638466350533,"{""type"":""MultiPoint"",""coordinates"":[]}"
20040822,2004-08-22,0.0041376178745263555,"{""type"":""MultiPoint"",""coordinates"":[]}"
20040823,2004-08-23,0.002882736267004908,"{""type"":""MultiPoint"",""coordinates"":[]}"
20040824,2004-08-24,0.0015570047634856485,"{""type"":""MultiPoint"",""coordinates"":[]}"
20040825,2004-08-25,0.0036014285881151567,"{""type"":""MultiPoint"",""coordinates"":[]}"
20040826,2004-08-26,0.007403880447856159,"{""type"":""MultiPoint"",""coordinates"":[]}"
20040827,2004-08-27,0.003032322112203463,"{""type"":""MultiPoint"",""coordinates"":[]}"
20040828,2004-08-28,5.608348929023162E-4,"{""type"":""MultiPoint"",""coordinates"":[]}"
20040829,2004-08-29,8.906305554810524E-4,"{""type"":""MultiPoint"",""coordinates"":[]}"
20040830,2004-08-30,4.79390594087282E-4,"{""type"":""MultiPoint"",""coordinates"":[]}"
20040831,2004-08-31,0.007573988961528844,"{""type"":""MultiPoint"",""coordinates"":[]}"
20040901,2004-09-01,0.007128859995369913,"{""type"":""MultiPoint"",""coordinates"":[]}"
20040902,2004-09-02,0.004107322459909064,"{""type"":""MultiPoint"",""coordinates"":[]}"
20040903,2004-09-03,5.843162390251466E-4,"{""type"":""MultiPoint"",""coordinates"":[]}"
20040904,2004-09-04,8.946243201176846E-4,"{""type"":""MultiPoint"",""coordinates"":[]}"
20040905,2004-09-05,0.002473446944281884,"{""type"":""MultiPoint"",""coordinates"":[]}"
20040906,2004-09-06,0.007864649482914455,"{""type"":""MultiPoint"",""coordinates"":[]}"
20040907,2004-09-07,0.002231789438307274,"{""type"":""MultiPoint"",""coordinates"":[]}"
20040908,2004-09-08,8.804514956274496E-4,"{""type"":""MultiPoint"",""coordinates"":[]}"
20040909,2004-09-09,0.0031487642568648316,"{""type"":""MultiPoint"",""coordinates"":[]}"
20040910,2004-09-10,0.0028708572047368235,"{""type"":""MultiPoint"",""coordinates"":[]}"
20040911,2004-09-11,0.0026737430946100578,"{""type"":""MultiPoint"",""coordinates"":[]}"
20040912,2004-09-12,0.007860098583005442,"{""type"":""MultiPoint"",""coordinates"":[]}"
20040913,2004-09-13,0.006149923310069239,"{""type"":""MultiPoint"",""coordinates"":[]}"
20040914,2004-09-14,0.0015629733586075899,"{""type"":""MultiPoint"",""coordinates"":[]}"
20040915,2004-09-15,6.686567636419984E-4,"{""type"":""MultiPoint"",""coordinates"":[]}"
20040916,2004-09-16,0.003100999420695294,"{""type"":""MultiPoint"",""coordinates"":[]}"
20040917,2004-09-17,9.709110889764488E-4,"{""type"":""MultiPoint"",""coordinates"":[]}"
20040918,2004-09-18,0.005395547679358303,"{""type"":""MultiPoint"",""coordinates"":[]}"
20040919,2004-09-19,9.249836438052055E-4,"{""type"":""MultiPoint"",""coordinates"":[]}"
20040920,2004-09-20,9.614516813549828E-4,"{""type"":""MultiPoint"",""coordinates"":[]}"
20040921,2004-09-21,0.001994896845401039,"{""type"":""MultiPoint"",""coordinates"":[]}"
20040922,2004-09-22,0.003696186493095622,"{""type"":""MultiPoint"",""coordinates"":[]}"
20040923,2004-09-23,0.001576367613687144,"{""type"":""MultiPoint"",""coordinates"":[]}"
20040924,2004-09-24,6.050320148337466E-4,"{""type"":""MultiPoint"",""coordinates"":[]}"
20040925,2004-09-25,9.664165226228044E-4,"{""type"":""MultiPoint"",""coordinates"":[]}"
20040926,2004-09-26,5.132648592630789E-4,"{""type"":""MultiPoint"",""coordinates"":[]}"
20040927,2004-09-27,0.002121861477608544,"{""type"":""MultiPoint"",""coordinates"":[]}"
20040928,2004-09-28,0.0018024127574940401,"{""type"":""MultiPoint"",""coordinates"":[]}"
20040929,2004-09-29,0.0028768492421861218,"{""type"":""MultiPoint"",""coordinates"":[]}"
20040930,2004-09-30,0.005636560876833238,"{""type"":""MultiPoint"",""coordinates"":[]}"
20041001,2004-10-01,0.0013022726727438196,"{""type"":""MultiPoint"",""coordinates"":[]}"
20041002,2004-10-02,9.961813604324671E-4,"{""type"":""MultiPoint"",""coordinates"":[]}"
20041003,2004-10-03,9.823266512059307E-4,"{""type"":""MultiPoint"",""coordinates"":[]}"
20041004,2004-10-04,0.004110585528345528,"{""type"":""MultiPoint"",""coordinates"":[]}"
20041005,2004-10-05,0.0037812640036160206,"{""type"":""MultiPoint"",""coordinates"":[]}"
20041006,2004-10-06,0.008297575826418406,"{""type"":""MultiPoint"",""coordinates"":[]}"
20041007,2004-10-07,0.004094272449086674,"{""type"":""MultiPoint"",""coordinates"":[]}"
20041008,2004-10-08,2.8317435336295865E-4,"{""type"":""MultiPoint"",""coordinates"":[]}"
20041009,2004-10-09,7.546429184795805E-4,"{""type"":""MultiPoint"",""coordinates"":[]}"
20041010,2004-10-10,3.900700312735666E-4,"{""type"":""MultiPoint"",""coordinates"":[]}"
20041011,2004-10-11,0.0022867216458181006,"{""type"":""MultiPoint"",""coordinates"":[]}"
20041012,2004-10-12,6.843456897665496E-4,"{""type"":""MultiPoint"",""coordinates"":[]}"
20041013,2004-10-13,0.002389470440866528,"{""type"":""MultiPoint"",""coordinates"":[]}"
20041014,2004-10-14,8.853653807768576E-4,"{""type"":""MultiPoint"",""coordinates"":[]}"
20041015,2004-10-15,0.0015686657580620683,"{""type"":""MultiPoint"",""coordinates"":[]}"
20041016,2004-10-16,0.0024289087860477517,"{""type"":""MultiPoint"",""coordinates"":[]}"
20041017,2004-10-17,0.003968745049699218,"{""type"":""MultiPoint"",""coordinates"":[]}"
20041018,2004-10-18,8.364018581960007E-4,"{""type"":""MultiPoint"",""coordinates"":[]}"
20041019,2004-10-19,0.0030243487222916857,"{""type"":""MultiPoint"",""coordinates"":[]}"
20041020,2004-10-20,3.162844211266182E-4,"{""type"":""MultiPoint"",""coordinates"":[]}"
20041021,2004-10-21,0.0016182951936603983,"{""type"":""MultiPoint"",""coordinates"":[]}"
20041022,2004-10-22,5.233097421291977E-4,"{""type"":""MultiPoint"",""coordinates"":[]}"
20041023,2004-10-23,8.215674503312537E-4,"{""type"":""MultiPoint"",""coordinates"":[]}"
20041024,2004-10-24,0.0027188415483206207,"{""type"":""MultiPoint"",""coordinates"":[]}"
20041025,2004-10-25,0.008652038518725601,"{""type"":""MultiPoint"",""coordinates"":[]}"
20041026,2004-10-26,0.007029452871356336,"{""type"":""MultiPoint"",""coordinates"":[]}"
20041027,2004-10-27,0.0024179395094537513,"{""type"":""MultiPoint"",""coordinates"":[]}"
20041028,2004-10-28,0.0010135399200259345,"{""type"":""MultiPoint"",""coordinates"":[]}"
20041029,2004-10-29,0.0031101255574347035,"{""type"":""MultiPoint"",""coordinates"":[]}"
20041030,2004-10-30,0.00728525868632805,"{""type"":""MultiPoint"",""coordinates"":[]}"
20041031,2004-10-31,0.0032183968312237666,"{""type"":""MultiPoint"",""coordinates"":[]}"
20041101,2004-11-01,0.0013705968207399777,"{""type"":""MultiPoint"",""coordinates"":[]}"
20041102,2004-11-02,0.0010875088868790505,"{""type"":""MultiPoint"",""coordinates"":[]}"
20041103,2004-11-03,5.440409636161519E-4,"{""type"":""MultiPoint"",""coordinates"":[]}"
20041104,2004-11-04,9.69686248421831E-4,"{""type"":""MultiPoint"",""coordinates"":[]}"
20041105,2004-11-05,1.6607067973863527E-4,"{""type"":""MultiPoint"",""coordinates"":[]}"
20041106,2004-11-06,0.002680782864720655,"{""type"":""MultiPoint"",""coordinates"":[]}"
20041107,2004-11-07,0.0025081032814833083,"{""type"":""MultiPoint"",""coordinates"":[]}"
20041108,2004-11-08,0.0018460533950160028,"{""type"":""MultiPoint"",""coordinates"":[]}"
20041109,2004-11-09,8.368914274785557E-4,"{""type"":""MultiPoint"",""coordinates"":[]}"
20041110,2004-11-10,4.3006884411578717E-4,"{""type"":""MultiPoint"",""coordinates"":[]}"
20041111,2004-11-11,3.43427941631089E-5,"{""type"":""MultiPoint"",""coordinates"":[]}"
20041112,2004-11-12,4.957818972968818E-5,"{""type"":""MultiPoint"",""coordinates"":[]}"
20041113,2004-11-13,6.936738206004799E-4,"{""type"":""MultiPoint"",""coordinates"":[]}"
20041114,2004-11-14,0.001516845665527175,"{""type"":""MultiPoint"",""coordinates"":[]}"
20041115,2004-11-15,0.005059786323023101,"{""type"":""MultiPoint"",""coordinates"":[]}"
20041116,2004-11-16,0.0016631329722167172,"{""type"":""MultiPoint"",""coordinates"":[]}"
20041117,2004-11-17,1.9681842008269793E-4,"{""type"":""MultiPoint"",""coordinates"":[]}"
20041118,2004-11-18,7.958017794111954E-4,"{""type"":""MultiPoint"",""coordinates"":[]}"
20041119,2004-11-19,0.007855540931444251,"{""type"":""MultiPoint"",""coordinates"":[]}"
20041120,2004-11-20,0.004549860239699285,"{""type"":""MultiPoint"",""coordinates"":[]}"
20041121,2004-11-21,0.00506129786597822,"{""type"":""MultiPoint"",""coordinates"":[]}"
20041122,2004-11-22,0.0045293146670026116,"{""type"":""MultiPoint"",""coordinates"":[]}"
20041123,2004-11-23,0.00589526900547463,"{""type"":""MultiPoint"",""coordinates"":[]}"
20041124,2004-11-24,0.0059488930020893905,"{""type"":""MultiPoint"",""coordinates"":[]}"
20041125,2004-11-25,0.0034464020982138644,"{""type"":""MultiPoint"",""coordinates"":[]}"
20041126,2004-11-26,0.0015268419215225461,"{""type"":""MultiPoint"",""coordinates"":[]}"
20041127,2004-11-27,0.0071653746299956455,"{""type"":""MultiPoint"",""coordinates"":[]}"
20041128,2004-11-28,0.003962845006548113,"{""type"":""MultiPoint"",""coordinates"":[]}"
20041129,2004-11-29,0.0014062283702993058,"{""type"":""MultiPoint"",""coordinates"":[]}"
20041130,2004-11-30,2.59209051570019E-4,"{""type"":""MultiPoint"",""coordinates"":[]}"
20041201,2004-12-01,0.0018434605129301657,"{""type"":""MultiPoint"",""coordinates"":[]}"
20041202,2004-12-02,0.0015523320648517683,"{""type"":""MultiPoint"",""coordinates"":[]}"
20041203,2004-12-03,2.781791140859547E-4,"{""type"":""MultiPoint"",""coordinates"":[]}"
20041204,2004-12-04,4.700743141112961E-4,"{""type"":""MultiPoint"",""coordinates"":[]}"
20041205,2004-12-05,0.002080941315516009,"{""type"":""MultiPoint"",""coordinates"":[]}"
20041206,2004-12-06,0.004977940490544567,"{""type"":""MultiPoint"",""coordinates"":[]}"
20041207,2004-12-07,0.005049166739868483,"{""type"":""MultiPoint"",""coordinates"":[]}"
20041208,2004-12-08,0.011233033809223499,"{""type"":""MultiPoint"",""coordinates"":[]}"
20041209,2004-12-09,0.003317542701191665,"{""type"":""MultiPoint"",""coordinates"":[]}"
20041210,2004-12-10,0.003776038587142232,"{""type"":""MultiPoint"",""coordinates"":[]}"
20041211,2004-12-11,0.0020497601251243417,"{""type"":""MultiPoint"",""coordinates"":[]}"
20041212,2004-12-12,4.5062109465879676E-4,"{""type"":""MultiPoint"",""coordinates"":[]}"
20041213,2004-12-13,7.039002215700515E-4,"{""type"":""MultiPoint"",""coordinates"":[]}"
20041214,2004-12-14,0.0010624668345944042,"{""type"":""MultiPoint"",""coordinates"":[]}"
20041215,2004-12-15,0.002590188058686075,"{""type"":""MultiPoint"",""coordinates"":[]}"
20041216,2004-12-16,0.004952832770694339,"{""type"":""MultiPoint"",""coordinates"":[]}"
20041217,2004-12-17,0.0032526684534647738,"{""type"":""MultiPoint"",""coordinates"":[]}"
20041218,2004-12-18,0.00592050216277467,"{""type"":""MultiPoint"",""coordinates"":[]}"
20041219,2004-12-19,9.146674002271127E-4,"{""type"":""MultiPoint"",""coordinates"":[]}"
20041220,2004-12-20,0.0018034644042008142,"{""type"":""MultiPoint"",""coordinates"":[]}"
20041221,2004-12-21,0.0020653416366479866,"{""type"":""MultiPoint"",""coordinates"":[]}"
20041222,2004-12-22,0.0017445479605570212,"{""type"":""MultiPoint"",""coordinates"":[]}"
20041223,2004-12-23,0.0017997937028964616,"{""type"":""MultiPoint"",""coordinates"":[]}"
20041224,2004-12-24,0.002479260917928282,"{""type"":""MultiPoint"",""coordinates"":[]}"
20041225,2004-12-25,0.004030121034253362,"{""type"":""MultiPoint"",""coordinates"":[]}"
20041226,2004-12-26,0.006503974331423151,"{""type"":""MultiPoint"",""coordinates"":[]}"
20041227,2004-12-27,0.0030666149556456855,"{""type"":""MultiPoint"",""coordinates"":[]}"
20041228,2004-12-28,0.009390811108726096,"{""type"":""MultiPoint"",""coordinates"":[]}"
20041229,2004-12-29,0.0038833170343055916,"{""type"":""MultiPoint"",""coordinates"":[]}"
20041230,2004-12-30,0.006285723574309846,"{""type"":""MultiPoint"",""coordinates"":[]}"
20041231,2004-12-31,0.008748351594351531,"{""type"":""MultiPoint"",""coordinates"":[]}"
20050101,2005-01-01,0.006271131868468397,"{""type"":""MultiPoint"",""coordinates"":[]}"
20050102,2005-01-02,0.008255992895589983,"{""type"":""MultiPoint"",""coordinates"":[]}"
20050103,2005-01-03,0.009713110271619144,"{""type"":""MultiPoint"",""coordinates"":[]}"
20050104,2005-01-04,0.0016558353998509714,"{""type"":""MultiPoint"",""coordinates"":[]}"
20050105,2005-01-05,0.005549154194032465,"{""type"":""MultiPoint"",""coordinates"":[]}"
20050106,2005-01-06,0.014807896680272456,"{""type"":""MultiPoint"",""coordinates"":[]}"
20050107,2005-01-07,0.013216684910078628,"{""type"":""MultiPoint"",""coordinates"":[]}"
20050108,2005-01-08,0.003287397836892084,"{""type"":""MultiPoint"",""coordinates"":[]}"
20050109,2005-01-09,0.003954498625927271,"{""type"":""MultiPoint"",""coordinates"":[]}"
20050110,2005-01-10,0.001990253896320725,"{""type"":""MultiPoint"",""coordinates"":[]}"
20050111,2005-01-11,8.823161067034997E-4,"{""type"":""MultiPoint"",""coordinates"":[]}"
20050112,2005-01-12,0.0017027517061028112,"{""type"":""MultiPoint"",""coordinates"":[]}"
20050113,2005-01-13,0.010896050893056128,"{""type"":""MultiPoint"",""coordinates"":[]}"
20050114,2005-01-14,0.01628157943650492,"{""type"":""MultiPoint"",""coordinates"":[]}"
20050115,2005-01-15,0.009054727903072272,"{""type"":""MultiPoint"",""coordinates"":[]}"
20050116,2005-01-16,0.007933172863661271,"{""type"":""MultiPoint"",""coordinates"":[]}"
20050117,2005-01-17,0.008164271343247771,"{""type"":""MultiPoint"",""coordinates"":[]}"
20050118,2005-01-18,0.018568493210977796,"{""type"":""MultiPoint"",""coordinates"":[]}"
20050119,2005-01-19,0.03104591411252761,"{""type"":""MultiPoint"",""coordinates"":[]}"
20050120,2005-01-20,0.010567019819354475,"{""type"":""MultiPoint"",""coordinates"":[]}"
20050121,2005-01-21,0.018030017260822078,"{""type"":""MultiPoint"",""coordinates"":[]}"
20050122,2005-01-22,0.00807751915826991,"{""type"":""MultiPoint"",""coordinates"":[]}"
20050123,2005-01-23,0.0037426299788365556,"{""type"":""MultiPoint"",""coordinates"":[]}"
20050124,2005-01-24,0.003492594653054975,"{""type"":""MultiPoint"",""coordinates"":[]}"
20050125,2005-01-25,0.017108906717632728,"{""type"":""MultiPoint"",""coordinates"":[]}"
20050126,2005-01-26,0.01383221964578435,"{""type"":""MultiPoint"",""coordinates"":[]}"
20050127,2005-01-27,0.00911684450015023,"{""type"":""MultiPoint"",""coordinates"":[]}"
20050128,2005-01-28,0.007132039588537781,"{""type"":""MultiPoint"",""coordinates"":[]}"
20050129,2005-01-29,0.007581873068929976,"{""type"":""MultiPoint"",""coordinates"":[]}"
20050130,2005-01-30,0.008957947216314358,"{""type"":""MultiPoint"",""coordinates"":[]}"
20050131,2005-01-31,0.012902422129524763,"{""type"":""MultiPoint"",""coordinates"":[]}"
20050201,2005-02-01,0.011827772234001065,"{""type"":""MultiPoint"",""coordinates"":[]}"
20050202,2005-02-02,0.011101762348949072,"{""type"":""MultiPoint"",""coordinates"":[]}"
20050203,2005-02-03,0.006529149108153975,"{""type"":""MultiPoint"",""coordinates"":[]}"
20050204,2005-02-04,0.014450018380030953,"{""type"":""MultiPoint"",""coordinates"":[]}"
20050205,2005-02-05,0.008136210392334456,"{""type"":""MultiPoint"",""coordinates"":[]}"
20050206,2005-02-06,0.002172785653114155,"{""type"":""MultiPoint"",""coordinates"":[]}"
20050207,2005-02-07,0.0015971466285055675,"{""type"":""MultiPoint"",""coordinates"":[]}"
20050208,2005-02-08,0.0020862044472569315,"{""type"":""MultiPoint"",""coordinates"":[]}"
20050209,2005-02-09,0.0019988383991437495,"{""type"":""MultiPoint"",""coordinates"":[]}"
20050210,2005-02-10,0.00210595361224007,"{""type"":""MultiPoint"",""coordinates"":[]}"
20050211,2005-02-11,0.0017013586847527543,"{""type"":""MultiPoint"",""coordinates"":[]}"
20050212,2005-02-12,3.6268455821082663E-4,"{""type"":""MultiPoint"",""coordinates"":[]}"
20050213,2005-02-13,0.0015815654471101925,"{""type"":""MultiPoint"",""coordinates"":[]}"
20050214,2005-02-14,0.002611673903103335,"{""type"":""MultiPoint"",""coordinates"":[]}"
20050215,2005-02-15,7.673856271044196E-4,"{""type"":""MultiPoint"",""coordinates"":[]}"
20050216,2005-02-16,0.001106879557457982,"{""type"":""MultiPoint"",""coordinates"":[]}"
20050217,2005-02-17,0.0012600777618736205,"{""type"":""MultiPoint"",""coordinates"":[]}"
20050218,2005-02-18,0.0035893849850710383,"{""type"":""MultiPoint"",""coordinates"":[]}"
20050219,2005-02-19,0.010104804514958368,"{""type"":""MultiPoint"",""coordinates"":[]}"
20050220,2005-02-20,0.01382345368591508,"{""type"":""MultiPoint"",""coordinates"":[]}"
20050221,2005-02-21,0.0016071237590051582,"{""type"":""MultiPoint"",""coordinates"":[]}"
20050222,2005-02-22,0.0018298532003087572,"{""type"":""MultiPoint"",""coordinates"":[]}"
20050223,2005-02-23,0.0020755935183233844,"{""type"":""MultiPoint"",""coordinates"":[]}"
20050224,2005-02-24,0.004580246899163446,"{""type"":""MultiPoint"",""coordinates"":[]}"
20050225,2005-02-25,0.014947451286439069,"{""type"":""MultiPoint"",""coordinates"":[]}"
20050226,2005-02-26,0.0015392965745960369,"{""type"":""MultiPoint"",""coordinates"":[]}"
20050227,2005-02-27,0.0020190842749094853,"{""type"":""MultiPoint"",""coordinates"":[]}"
20050228,2005-02-28,0.0020752686397723205,"{""type"":""MultiPoint"",""coordinates"":[]}"
20050301,2005-03-01,0.0017926418997544252,"{""type"":""MultiPoint"",""coordinates"":[]}"
20050302,2005-03-02,0.0010782405756488834,"{""type"":""MultiPoint"",""coordinates"":[]}"
20050303,2005-03-03,0.0011926390027057537,"{""type"":""MultiPoint"",""coordinates"":[]}"
20050304,2005-03-04,0.0014226859184620453,"{""type"":""MultiPoint"",""coordinates"":[]}"
20050305,2005-03-05,0.0017482312410699319,"{""type"":""MultiPoint"",""coordinates"":[]}"
20050306,2005-03-06,0.0018929009961280037,"{""type"":""MultiPoint"",""coordinates"":[]}"
20050307,2005-03-07,0.0010343088674398884,"{""type"":""MultiPoint"",""coordinates"":[]}"
20050308,2005-03-08,5.197995551754217E-4,"{""type"":""MultiPoint"",""coordinates"":[]}"
20050309,2005-03-09,9.134408836560137E-4,"{""type"":""MultiPoint"",""coordinates"":[]}"
20050310,2005-03-10,0.0013169064046697305,"{""type"":""MultiPoint"",""coordinates"":[]}"
20050311,2005-03-11,7.901319446231611E-4,"{""type"":""MultiPoint"",""coordinates"":[]}"
20050312,2005-03-12,0.002836875196929735,"{""type"":""MultiPoint"",""coordinates"":[]}"
20050313,2005-03-13,0.0024081407383671777,"{""type"":""MultiPoint"",""coordinates"":[]}"
20050314,2005-03-14,0.001469849882007978,"{""type"":""MultiPoint"",""coordinates"":[]}"
20050315,2005-03-15,6.845647061893108E-4,"{""type"":""MultiPoint"",""coordinates"":[]}"
20050316,2005-03-16,4.1031042119092756E-4,"{""type"":""MultiPoint"",""coordinates"":[]}"
20050317,2005-03-17,4.0393088774925675E-4,"{""type"":""MultiPoint"",""coordinates"":[]}"
20050318,2005-03-18,0.0035608997696530286,"{""type"":""MultiPoint"",""coordinates"":[]}"
20050319,2005-03-19,0.0024481923907281227,"{""type"":""MultiPoint"",""coordinates"":[]}"
20050320,2005-03-20,0.0012828740628148818,"{""type"":""MultiPoint"",""coordinates"":[]}"
20050321,2005-03-21,0.0016011593430295496,"{""type"":""MultiPoint"",""coordinates"":[]}"
20050322,2005-03-22,0.0031902632793772176,"{""type"":""MultiPoint"",""coordinates"":[]}"
20050323,2005-03-23,0.001182515458744614,"{""type"":""MultiPoint"",""coordinates"":[]}"
20050324,2005-03-24,0.0012768979102640446,"{""type"":""MultiPoint"",""coordinates"":[]}"
20050325,2005-03-25,6.525952252446023E-4,"{""type"":""MultiPoint"",""coordinates"":[]}"
20050326,2005-03-26,5.894314049810298E-4,"{""type"":""MultiPoint"",""coordinates"":[]}"
20050327,2005-03-27,0.0024632519990957376,"{""type"":""MultiPoint"",""coordinates"":[]}"
20050328,2005-03-28,0.0017485507041938397,"{""type"":""MultiPoint"",""coordinates"":[]}"
20050329,2005-03-29,0.0014295976001154726,"{""type"":""MultiPoint"",""coordinates"":[]}"
20050330,2005-03-30,0.0030343236495278913,"{""type"":""MultiPoint"",""coordinates"":[]}"
20050331,2005-03-31,0.008120313727317746,"{""type"":""MultiPoint"",""coordinates"":[]}"
20050401,2005-04-01,0.005021214838547631,"{""type"":""MultiPoint"",""coordinates"":[]}"
20050402,2005-04-02,0.011412911960960594,"{""type"":""MultiPoint"",""coordinates"":[]}"
20050403,2005-04-03,0.007587478130994207,"{""type"":""MultiPoint"",""coordinates"":[]}"
20050404,2005-04-04,0.0024359372115803917,"{""type"":""MultiPoint"",""coordinates"":[]}"
20050405,2005-04-05,0.0023087980903527643,"{""type"":""MultiPoint"",""coordinates"":[]}"
20050406,2005-04-06,0.004372017103403825,"{""type"":""MultiPoint"",""coordinates"":[]}"
20050407,2005-04-07,0.018272680817701475,"{""type"":""MultiPoint"",""coordinates"":[]}"
20050408,2005-04-08,0.009194137327740813,"{""type"":""MultiPoint"",""coordinates"":[]}"
20050409,2005-04-09,0.004884540038135397,"{""type"":""MultiPoint"",""coordinates"":[]}"
20050410,2005-04-10,0.006064014224912998,"{""type"":""MultiPoint"",""coordinates"":[]}"
20050411,2005-04-11,0.010313744993085246,"{""type"":""MultiPoint"",""coordinates"":[]}"
20050412,2005-04-12,0.011936538848489414,"{""type"":""MultiPoint"",""coordinates"":[]}"
20050413,2005-04-13,0.00919387320423205,"{""type"":""MultiPoint"",""coordinates"":[]}"
20050414,2005-04-14,0.0017151284102531607,"{""type"":""MultiPoint"",""coordinates"":[]}"
20050415,2005-04-15,0.0013561560533609017,"{""type"":""MultiPoint"",""coordinates"":[]}"
20050416,2005-04-16,0.009337885745699631,"{""type"":""MultiPoint"",""coordinates"":[]}"
20050417,2005-04-17,0.012139165669741237,"{""type"":""MultiPoint"",""coordinates"":[]}"
20050418,2005-04-18,0.015307179304410591,"{""type"":""MultiPoint"",""coordinates"":[]}"
20050419,2005-04-19,0.002264759481433817,"{""type"":""MultiPoint"",""coordinates"":[]}"
20050420,2005-04-20,0.005275734375284085,"{""type"":""MultiPoint"",""coordinates"":[]}"
20050421,2005-04-21,0.012295990623291007,"{""type"":""MultiPoint"",""coordinates"":[]}"
20050422,2005-04-22,0.0036264088709640563,"{""type"":""MultiPoint"",""coordinates"":[]}"
20050423,2005-04-23,0.0021758723760425475,"{""type"":""MultiPoint"",""coordinates"":[]}"
20050424,2005-04-24,0.0014286419847338557,"{""type"":""MultiPoint"",""coordinates"":[]}"
20050425,2005-04-25,0.0016729029214659667,"{""type"":""MultiPoint"",""coordinates"":[]}"
20050426,2005-04-26,0.0065296147273362975,"{""type"":""MultiPoint"",""coordinates"":[]}"
20050427,2005-04-27,0.010061883459678124,"{""type"":""MultiPoint"",""coordinates"":[]}"
20050428,2005-04-28,0.011308911247016877,"{""type"":""MultiPoint"",""coordinates"":[]}"
20050429,2005-04-29,0.005639426105280546,"{""type"":""MultiPoint"",""coordinates"":[]}"
20050430,2005-04-30,0.012764566176066776,"{""type"":""MultiPoint"",""coordinates"":[]}"
20050501,2005-05-01,0.009449264381681224,"{""type"":""MultiPoint"",""coordinates"":[]}"
20050502,2005-05-02,0.002065220207332969,"{""type"":""MultiPoint"",""coordinates"":[]}"
20050503,2005-05-03,0.0010103360035249476,"{""type"":""MultiPoint"",""coordinates"":[]}"
20050504,2005-05-04,0.010282916328199047,"{""type"":""MultiPoint"",""coordinates"":[]}"
20050505,2005-05-05,0.012349915300452702,"{""type"":""MultiPoint"",""coordinates"":[]}"
20050506,2005-05-06,0.010535256541082205,"{""type"":""MultiPoint"",""coordinates"":[]}"
20050507,2005-05-07,0.012664402075277319,"{""type"":""MultiPoint"",""coordinates"":[]}"
20050508,2005-05-08,0.01176723471729993,"{""type"":""MultiPoint"",""coordinates"":[]}"
20050509,2005-05-09,0.002648897012586714,"{""type"":""MultiPoint"",""coordinates"":[]}"
20050510,2005-05-10,0.007612609710076723,"{""type"":""MultiPoint"",""coordinates"":[]}"
20050511,2005-05-11,0.0065306541501603844,"{""type"":""MultiPoint"",""coordinates"":[]}"
20050512,2005-05-12,0.010507178648541103,"{""type"":""MultiPoint"",""coordinates"":[]}"
20050513,2005-05-13,0.0025551685454114235,"{""type"":""MultiPoint"",""coordinates"":[]}"
20050514,2005-05-14,0.006123058164454975,"{""type"":""MultiPoint"",""coordinates"":[]}"
20050515,2005-05-15,0.005588255357985736,"{""type"":""MultiPoint"",""coordinates"":[]}"
20050516,2005-05-16,0.01217074799366672,"{""type"":""MultiPoint"",""coordinates"":[]}"
20050517,2005-05-17,0.015349558508038106,"{""type"":""MultiPoint"",""coordinates"":[]}"
20050518,2005-05-18,0.0266786067762813,"{""type"":""MultiPoint"",""coordinates"":[]}"
20050519,2005-05-19,0.01599257792600361,"{""type"":""MultiPoint"",""coordinates"":[]}"
20050520,2005-05-20,0.02050969275466052,"{""type"":""MultiPoint"",""coordinates"":[]}"
20050521,2005-05-21,0.007245815745869711,"{""type"":""MultiPoint"",""coordinates"":[]}"
20050522,2005-05-22,0.008661664841913445,"{""type"":""MultiPoint"",""coordinates"":[]}"
20050523,2005-05-23,0.0013824788525452331,"{""type"":""MultiPoint"",""coordinates"":[]}"
20050524,2005-05-24,0.003750131865054009,"{""type"":""MultiPoint"",""coordinates"":[]}"
20050525,2005-05-25,0.008211349551405966,"{""type"":""MultiPoint"",""coordinates"":[]}"
20050526,2005-05-26,0.0036497943556154373,"{""type"":""MultiPoint"",""coordinates"":[]}"
20050527,2005-05-27,0.00509589680386571,"{""type"":""MultiPoint"",""coordinates"":[]}"
20050528,2005-05-28,0.013916716808299888,"{""type"":""MultiPoint"",""coordinates"":[]}"
20050529,2005-05-29,0.008931300420169567,"{""type"":""MultiPoint"",""coordinates"":[]}"
20050530,2005-05-30,0.006388234913345111,"{""type"":""MultiPoint"",""coordinates"":[]}"
20050531,2005-05-31,0.008218315028306573,"{""type"":""MultiPoint"",""coordinates"":[]}"
20050601,2005-06-01,0.018626764238776572,"{""type"":""MultiPoint"",""coordinates"":[]}"
20050602,2005-06-02,0.01360935148946798,"{""type"":""MultiPoint"",""coordinates"":[]}"
20050603,2005-06-03,0.011483212810011231,"{""type"":""MultiPoint"",""coordinates"":[]}"
20050604,2005-06-04,0.01098406660646554,"{""type"":""MultiPoint"",""coordinates"":[]}"
20050605,2005-06-05,0.002366958936798214,"{""type"":""MultiPoint"",""coordinates"":[]}"
20050606,2005-06-06,0.002388598533989809,"{""type"":""MultiPoint"",""coordinates"":[]}"
20050607,2005-06-07,0.009053565772808475,"{""type"":""MultiPoint"",""coordinates"":[]}"
20050608,2005-06-08,0.015307460115033544,"{""type"":""MultiPoint"",""coordinates"":[]}"
20050609,2005-06-09,0.007352685364163511,"{""type"":""MultiPoint"",""coordinates"":[]}"
20050610,2005-06-10,6.030941850730053E-4,"{""type"":""MultiPoint"",""coordinates"":[]}"
20050611,2005-06-11,0.004337701604939132,"{""type"":""MultiPoint"",""coordinates"":[]}"
20050612,2005-06-12,0.003823566363266558,"{""type"":""MultiPoint"",""coordinates"":[]}"
20050613,2005-06-13,0.006202666956178491,"{""type"":""MultiPoint"",""coordinates"":[]}"
20050614,2005-06-14,7.24292860827627E-4,"{""type"":""MultiPoint"",""coordinates"":[]}"
20050615,2005-06-15,1.296902309606476E-4,"{""type"":""MultiPoint"",""coordinates"":[]}"
20050616,2005-06-16,0.0018535752879688021,"{""type"":""MultiPoint"",""coordinates"":[]}"
20050617,2005-06-17,0.006756370394337071,"{""type"":""MultiPoint"",""coordinates"":[]}"
20050618,2005-06-18,0.0053207162174571335,"{""type"":""MultiPoint"",""coordinates"":[]}"
20050619,2005-06-19,0.005948024097775508,"{""type"":""MultiPoint"",""coordinates"":[]}"
20050620,2005-06-20,6.157447546184553E-4,"{""type"":""MultiPoint"",""coordinates"":[]}"
20050621,2005-06-21,0.009760509726704718,"{""type"":""MultiPoint"",""coordinates"":[]}"
20050622,2005-06-22,0.0028184986752920037,"{""type"":""MultiPoint"",""coordinates"":[]}"
20050623,2005-06-23,0.003137798323863967,"{""type"":""MultiPoint"",""coordinates"":[]}"
20050624,2005-06-24,0.007209286134455933,"{""type"":""MultiPoint"",""coordinates"":[]}"
20050625,2005-06-25,0.007748093235660681,"{""type"":""MultiPoint"",""coordinates"":[]}"
20050626,2005-06-26,0.007056024065559858,"{""type"":""MultiPoint"",""coordinates"":[]}"
20050627,2005-06-27,0.004401203873079954,"{""type"":""MultiPoint"",""coordinates"":[]}"
20050628,2005-06-28,0.0019611807125278257,"{""type"":""MultiPoint"",""coordinates"":[]}"
20050629,2005-06-29,0.009745588059543328,"{""type"":""MultiPoint"",""coordinates"":[]}"
20050630,2005-06-30,0.010438365051882625,"{""type"":""MultiPoint"",""coordinates"":[]}"
20050701,2005-07-01,0.012054406574070467,"{""type"":""MultiPoint"",""coordinates"":[]}"
20050702,2005-07-02,0.011783650828762827,"{""type"":""MultiPoint"",""coordinates"":[]}"
20050703,2005-07-03,0.005600201811298251,"{""type"":""MultiPoint"",""coordinates"":[]}"
20050704,2005-07-04,0.01435159246905997,"{""type"":""MultiPoint"",""coordinates"":[]}"
20050705,2005-07-05,0.004315006776119442,"{""type"":""MultiPoint"",""coordinates"":[]}"
20050706,2005-07-06,0.0063368306218060605,"{""type"":""MultiPoint"",""coordinates"":[]}"
20050707,2005-07-07,0.010890434518017045,"{""type"":""MultiPoint"",""coordinates"":[]}"
20050708,2005-07-08,0.00957069828653851,"{""type"":""MultiPoint"",""coordinates"":[]}"
20050709,2005-07-09,0.014128887324785505,"{""type"":""MultiPoint"",""coordinates"":[]}"
20050710,2005-07-10,0.019976585541444228,"{""type"":""MultiPoint"",""coordinates"":[]}"
20050711,2005-07-11,0.00798566266445029,"{""type"":""MultiPoint"",""coordinates"":[]}"
20050712,2005-07-12,0.003632662110625029,"{""type"":""MultiPoint"",""coordinates"":[]}"
20050713,2005-07-13,0.0065536065152228705,"{""type"":""MultiPoint"",""coordinates"":[]}"
20050714,2005-07-14,0.01137543152920687,"{""type"":""MultiPoint"",""coordinates"":[]}"
20050715,2005-07-15,0.007294856886790195,"{""type"":""MultiPoint"",""coordinates"":[]}"
20050716,2005-07-16,0.007376263527568764,"{""type"":""MultiPoint"",""coordinates"":[]}"
20050717,2005-07-17,0.018705790167999933,"{""type"":""MultiPoint"",""coordinates"":[]}"
20050718,2005-07-18,0.008275802875574938,"{""type"":""MultiPoint"",""coordinates"":[]}"
20050719,2005-07-19,0.006317359784316149,"{""type"":""MultiPoint"",""coordinates"":[]}"
20050720,2005-07-20,0.011176398616512354,"{""type"":""MultiPoint"",""coordinates"":[]}"
20050721,2005-07-21,0.011914579932732962,"{""type"":""MultiPoint"",""coordinates"":[]}"
20050722,2005-07-22,0.008080133054621809,"{""type"":""MultiPoint"",""coordinates"":[]}"
20050723,2005-07-23,6.001503825453734E-4,"{""type"":""MultiPoint"",""coordinates"":[]}"
20050724,2005-07-24,0.006433377512886427,"{""type"":""MultiPoint"",""coordinates"":[]}"
20050725,2005-07-25,0.0030431399734873977,"{""type"":""MultiPoint"",""coordinates"":[]}"
20050726,2005-07-26,0.005569496552938873,"{""type"":""MultiPoint"",""coordinates"":[]}"
20050727,2005-07-27,0.006543541100806604,"{""type"":""MultiPoint"",""coordinates"":[]}"
20050728,2005-07-28,0.008654548324161791,"{""type"":""MultiPoint"",""coordinates"":[]}"
20050729,2005-07-29,0.002030792010593813,"{""type"":""MultiPoint"",""coordinates"":[]}"
20050730,2005-07-30,0.0055543578650836395,"{""type"":""MultiPoint"",""coordinates"":[]}"
20050731,2005-07-31,0.0023877679458513493,"{""type"":""MultiPoint"",""coordinates"":[]}"
20050801,2005-08-01,0.004790085039924781,"{""type"":""MultiPoint"",""coordinates"":[]}"
20050802,2005-08-02,0.004867683834528489,"{""type"":""MultiPoint"",""coordinates"":[]}"
20050803,2005-08-03,0.008798412834994782,"{""type"":""MultiPoint"",""coordinates"":[]}"
20050804,2005-08-04,0.007978644287282642,"{""type"":""MultiPoint"",""coordinates"":[]}"
20050805,2005-08-05,0.0030922150694646703,"{""type"":""MultiPoint"",""coordinates"":[]}"
20050806,2005-08-06,0.00956920745359523,"{""type"":""MultiPoint"",""coordinates"":[]}"
20050807,2005-08-07,0.011413392233388794,"{""type"":""MultiPoint"",""coordinates"":[]}"
20050808,2005-08-08,0.005884343744218756,"{""type"":""MultiPoint"",""coordinates"":[]}"
20050809,2005-08-09,0.00817609511524689,"{""type"":""MultiPoint"",""coordinates"":[]}"
20050810,2005-08-10,0.00841226574714745,"{""type"":""MultiPoint"",""coordinates"":[]}"
20050811,2005-08-11,0.006151485044040523,"{""type"":""MultiPoint"",""coordinates"":[]}"
20050812,2005-08-12,0.01108301196744102,"{""type"":""MultiPoint"",""coordinates"":[]}"
20050813,2005-08-13,0.0063232016045987926,"{""type"":""MultiPoint"",""coordinates"":[]}"
20050814,2005-08-14,0.008338338458061773,"{""type"":""MultiPoint"",""coordinates"":[]}"
20050815,2005-08-15,0.0013746424540322648,"{""type"":""MultiPoint"",""coordinates"":[]}"
20050816,2005-08-16,0.0019114569388665459,"{""type"":""MultiPoint"",""coordinates"":[]}"
20050817,2005-08-17,0.005314911314177701,"{""type"":""MultiPoint"",""coordinates"":[]}"
20050818,2005-08-18,0.0011451087823003436,"{""type"":""MultiPoint"",""coordinates"":[]}"
20050819,2005-08-19,0.0022571234851570224,"{""type"":""MultiPoint"",""coordinates"":[]}"
20050820,2005-08-20,0.00341096560593362,"{""type"":""MultiPoint"",""coordinates"":[]}"
20050821,2005-08-21,0.00230701216229296,"{""type"":""MultiPoint"",""coordinates"":[]}"
20050822,2005-08-22,0.0033983462384268906,"{""type"":""MultiPoint"",""coordinates"":[]}"
20050823,2005-08-23,0.0012295882032684659,"{""type"":""MultiPoint"",""coordinates"":[]}"
20050824,2005-08-24,0.0021164297346254555,"{""type"":""MultiPoint"",""coordinates"":[]}"
20050825,2005-08-25,8.787467567115908E-4,"{""type"":""MultiPoint"",""coordinates"":[]}"
20050826,2005-08-26,0.0019848746858896612,"{""type"":""MultiPoint"",""coordinates"":[]}"
20050827,2005-08-27,4.8714959818449844E-4,"{""type"":""MultiPoint"",""coordinates"":[]}"
20050828,2005-08-28,3.1520328669464595E-4,"{""type"":""MultiPoint"",""coordinates"":[]}"
20050829,2005-08-29,6.440200217045318E-4,"{""type"":""MultiPoint"",""coordinates"":[]}"
20050830,2005-08-30,0.0019088525161370382,"{""type"":""MultiPoint"",""coordinates"":[]}"
20050831,2005-08-31,0.009217839416625481,"{""type"":""MultiPoint"",""coordinates"":[]}"
20050901,2005-09-01,0.0018555203126884533,"{""type"":""MultiPoint"",""coordinates"":[]}"
20050902,2005-09-02,6.34979368064328E-5,"{""type"":""MultiPoint"",""coordinates"":[]}"
20050903,2005-09-03,0.0010962851295153887,"{""type"":""MultiPoint"",""coordinates"":[]}"
20050904,2005-09-04,0.003855080298240458,"{""type"":""MultiPoint"",""coordinates"":[]}"
20050905,2005-09-05,0.0012190730725850777,"{""type"":""MultiPoint"",""coordinates"":[]}"
20050906,2005-09-06,1.8633820529618758E-4,"{""type"":""MultiPoint"",""coordinates"":[]}"
20050907,2005-09-07,7.62968554240898E-4,"{""type"":""MultiPoint"",""coordinates"":[]}"
20050908,2005-09-08,2.478225190254311E-4,"{""type"":""MultiPoint"",""coordinates"":[]}"
20050909,2005-09-09,0.0017246699521773756,"{""type"":""MultiPoint"",""coordinates"":[]}"
20050910,2005-09-10,7.910811296103531E-4,"{""type"":""MultiPoint"",""coordinates"":[]}"
20050911,2005-09-11,2.0047811413312244E-4,"{""type"":""MultiPoint"",""coordinates"":[]}"
20050912,2005-09-12,0.0018675188102488674,"{""type"":""MultiPoint"",""coordinates"":[]}"
20050913,2005-09-13,8.869335299004409E-4,"{""type"":""MultiPoint"",""coordinates"":[]}"
20050914,2005-09-14,1.880703103168431E-4,"{""type"":""MultiPoint"",""coordinates"":[]}"
20050915,2005-09-15,1.8750490853633027E-4,"{""type"":""MultiPoint"",""coordinates"":[]}"
20050916,2005-09-16,0.007870094608491302,"{""type"":""MultiPoint"",""coordinates"":[]}"
20050917,2005-09-17,0.004774435162655109,"{""type"":""MultiPoint"",""coordinates"":[]}"
20050918,2005-09-18,0.0013314028201836096,"{""type"":""MultiPoint"",""coordinates"":[]}"
20050919,2005-09-19,1.5371312280891867E-4,"{""type"":""MultiPoint"",""coordinates"":[]}"
20050920,2005-09-20,5.475206280918191E-4,"{""type"":""MultiPoint"",""coordinates"":[]}"
20050921,2005-09-21,4.425523650523542E-4,"{""type"":""MultiPoint"",""coordinates"":[]}"
20050922,2005-09-22,5.524933494852786E-5,"{""type"":""MultiPoint"",""coordinates"":[]}"
20050923,2005-09-23,0.004888652907161717,"{""type"":""MultiPoint"",""coordinates"":[]}"
20050924,2005-09-24,0.0013238300450852288,"{""type"":""MultiPoint"",""coordinates"":[]}"
20050925,2005-09-25,0.0014028771698916733,"{""type"":""MultiPoint"",""coordinates"":[]}"
20050926,2005-09-26,7.705885773592301E-4,"{""type"":""MultiPoint"",""coordinates"":[]}"
20050927,2005-09-27,1.6016258536863867E-4,"{""type"":""MultiPoint"",""coordinates"":[]}"
20050928,2005-09-28,5.736697752414052E-6,"{""type"":""MultiPoint"",""coordinates"":[]}"
20050929,2005-09-29,3.43021963269954E-6,"{""type"":""MultiPoint"",""coordinates"":[]}"
20050930,2005-09-30,6.136884830125386E-6,"{""type"":""MultiPoint"",""coordinates"":[]}"
20051001,2005-10-01,2.7646955494475627E-4,"{""type"":""MultiPoint"",""coordinates"":[]}"
20051002,2005-10-02,5.721373650283593E-4,"{""type"":""MultiPoint"",""coordinates"":[]}"
20051003,2005-10-03,0.0028628062237724397,"{""type"":""MultiPoint"",""coordinates"":[]}"
20051004,2005-10-04,8.774675982422416E-4,"{""type"":""MultiPoint"",""coordinates"":[]}"
20051005,2005-10-05,3.021618683740575E-4,"{""type"":""MultiPoint"",""coordinates"":[]}"
20051006,2005-10-06,0.002123080614570811,"{""type"":""MultiPoint"",""coordinates"":[]}"
20051007,2005-10-07,3.097214174336365E-4,"{""type"":""MultiPoint"",""coordinates"":[]}"
20051008,2005-10-08,3.283658433342416E-4,"{""type"":""MultiPoint"",""coordinates"":[]}"
20051009,2005-10-09,0.0013211920915284035,"{""type"":""MultiPoint"",""coordinates"":[]}"
20051010,2005-10-10,0.00441303921915137,"{""type"":""MultiPoint"",""coordinates"":[]}"
20051011,2005-10-11,0.003264586783676865,"{""type"":""MultiPoint"",""coordinates"":[]}"
20051012,2005-10-12,0.003020016693855754,"{""type"":""MultiPoint"",""coordinates"":[]}"
20051013,2005-10-13,6.895974113090866E-4,"{""type"":""MultiPoint"",""coordinates"":[]}"
20051014,2005-10-14,3.201308049131352E-4,"{""type"":""MultiPoint"",""coordinates"":[]}"
20051015,2005-10-15,1.1653006510954709E-4,"{""type"":""MultiPoint"",""coordinates"":[]}"
20051016,2005-10-16,0.0011291340556792194,"{""type"":""MultiPoint"",""coordinates"":[]}"
20051017,2005-10-17,8.309860259920664E-5,"{""type"":""MultiPoint"",""coordinates"":[]}"
20051018,2005-10-18,4.05793679034911E-4,"{""type"":""MultiPoint"",""coordinates"":[]}"
20051019,2005-10-19,3.3832910841756215E-4,"{""type"":""MultiPoint"",""coordinates"":[]}"
20051020,2005-10-20,0.0015269419931291293,"{""type"":""MultiPoint"",""coordinates"":[]}"
20051021,2005-10-21,7.517425387447103E-4,"{""type"":""MultiPoint"",""coordinates"":[]}"
20051022,2005-10-22,3.098842292079224E-4,"{""type"":""MultiPoint"",""coordinates"":[]}"
20051023,2005-10-23,5.818514052687517E-4,"{""type"":""MultiPoint"",""coordinates"":[]}"
20051024,2005-10-24,0.004428735040218032,"{""type"":""MultiPoint"",""coordinates"":[]}"
20051025,2005-10-25,0.0024067831328307607,"{""type"":""MultiPoint"",""coordinates"":[]}"
20051026,2005-10-26,0.002820497954810109,"{""type"":""MultiPoint"",""coordinates"":[]}"
20051027,2005-10-27,9.412261017776177E-4,"{""type"":""MultiPoint"",""coordinates"":[]}"
20051028,2005-10-28,0.0018510764819494947,"{""type"":""MultiPoint"",""coordinates"":[]}"
20051029,2005-10-29,4.3286290056435156E-4,"{""type"":""MultiPoint"",""coordinates"":[]}"
20051030,2005-10-30,2.989901027039679E-4,"{""type"":""MultiPoint"",""coordinates"":[]}"
20051031,2005-10-31,0.0015485862616975209,"{""type"":""MultiPoint"",""coordinates"":[]}"
20051101,2005-11-01,0.0026155765838420954,"{""type"":""MultiPoint"",""coordinates"":[]}"
20051102,2005-11-02,0.0010024343549611442,"{""type"":""MultiPoint"",""coordinates"":[]}"
20051103,2005-11-03,0.003050581311449562,"{""type"":""MultiPoint"",""coordinates"":[]}"
20051104,2005-11-04,0.005496752521534496,"{""type"":""MultiPoint"",""coordinates"":[]}"
20051105,2005-11-05,0.0024264984154683533,"{""type"":""MultiPoint"",""coordinates"":[]}"
20051106,2005-11-06,0.009043162262237251,"{""type"":""MultiPoint"",""coordinates"":[]}"
20051107,2005-11-07,0.004530959402281875,"{""type"":""MultiPoint"",""coordinates"":[]}"
20051108,2005-11-08,0.002037514398755505,"{""type"":""MultiPoint"",""coordinates"":[]}"
20051109,2005-11-09,0.0030634021593787144,"{""type"":""MultiPoint"",""coordinates"":[]}"
20051110,2005-11-10,0.0011104915428322142,"{""type"":""MultiPoint"",""coordinates"":[]}"
20051111,2005-11-11,3.3006647586728086E-4,"{""type"":""MultiPoint"",""coordinates"":[]}"
20051112,2005-11-12,3.4763389913849486E-4,"{""type"":""MultiPoint"",""coordinates"":[]}"
20051113,2005-11-13,0.0014010189721553443,"{""type"":""MultiPoint"",""coordinates"":[]}"
20051114,2005-11-14,0.0025066562613543456,"{""type"":""MultiPoint"",""coordinates"":[]}"
20051115,2005-11-15,0.01166230467530181,"{""type"":""MultiPoint"",""coordinates"":[]}"
20051116,2005-11-16,0.0038450883356334923,"{""type"":""MultiPoint"",""coordinates"":[]}"
20051117,2005-11-17,0.003447957819910298,"{""type"":""MultiPoint"",""coordinates"":[]}"
20051118,2005-11-18,0.001957210339125974,"{""type"":""MultiPoint"",""coordinates"":[]}"
20051119,2005-11-19,0.0012035561929320373,"{""type"":""MultiPoint"",""coordinates"":[]}"
20051120,2005-11-20,0.0013131557848512917,"{""type"":""MultiPoint"",""coordinates"":[]}"
20051121,2005-11-21,0.006233451454122856,"{""type"":""MultiPoint"",""coordinates"":[]}"
20051122,2005-11-22,0.009211097683725319,"{""type"":""MultiPoint"",""coordinates"":[]}"
20051123,2005-11-23,0.004150604014080111,"{""type"":""MultiPoint"",""coordinates"":[]}"
20051124,2005-11-24,0.002311478517794837,"{""type"":""MultiPoint"",""coordinates"":[]}"
20051125,2005-11-25,0.001400823925221472,"{""type"":""MultiPoint"",""coordinates"":[]}"
20051126,2005-11-26,0.0011743353486229561,"{""type"":""MultiPoint"",""coordinates"":[]}"
20051127,2005-11-27,0.002193438605637562,"{""type"":""MultiPoint"",""coordinates"":[]}"
20051128,2005-11-28,0.002929841356714109,"{""type"":""MultiPoint"",""coordinates"":[]}"
20051129,2005-11-29,0.0081607985438572,"{""type"":""MultiPoint"",""coordinates"":[]}"
20051130,2005-11-30,0.006708812907702627,"{""type"":""MultiPoint"",""coordinates"":[]}"
20051201,2005-12-01,0.00754019909072376,"{""type"":""MultiPoint"",""coordinates"":[]}"
20051202,2005-12-02,0.013161909299654204,"{""type"":""MultiPoint"",""coordinates"":[]}"
20051203,2005-12-03,0.014316638243248211,"{""type"":""MultiPoint"",""coordinates"":[]}"
20051204,2005-12-04,0.013605867519833817,"{""type"":""MultiPoint"",""coordinates"":[]}"
20051205,2005-12-05,0.005613500720225636,"{""type"":""MultiPoint"",""coordinates"":[]}"
20051206,2005-12-06,0.002367369588159258,"{""type"":""MultiPoint"",""coordinates"":[]}"
20051207,2005-12-07,0.00508042324329058,"{""type"":""MultiPoint"",""coordinates"":[]}"
20051208,2005-12-08,0.005093888640009769,"{""type"":""MultiPoint"",""coordinates"":[]}"
20051209,2005-12-09,0.01483286838633645,"{""type"":""MultiPoint"",""coordinates"":[]}"
20051210,2005-12-10,0.0072859267659147135,"{""type"":""MultiPoint"",""coordinates"":[]}"
20051211,2005-12-11,0.005696360438070503,"{""type"":""MultiPoint"",""coordinates"":[]}"
20051212,2005-12-12,0.0033506798579404423,"{""type"":""MultiPoint"",""coordinates"":[]}"
20051213,2005-12-13,0.008109177334654384,"{""type"":""MultiPoint"",""coordinates"":[]}"
20051214,2005-12-14,0.011209192140728177,"{""type"":""MultiPoint"",""coordinates"":[]}"
20051215,2005-12-15,0.007854194298020815,"{""type"":""MultiPoint"",""coordinates"":[]}"
20051216,2005-12-16,0.00545841567695929,"{""type"":""MultiPoint"",""coordinates"":[]}"
20051217,2005-12-17,0.013322436769117945,"{""type"":""MultiPoint"",""coordinates"":[]}"
20051218,2005-12-18,0.013027938251203288,"{""type"":""MultiPoint"",""coordinates"":[]}"
20051219,2005-12-19,0.011456592549965202,"{""type"":""MultiPoint"",""coordinates"":[]}"
20051220,2005-12-20,0.008064554974085215,"{""type"":""MultiPoint"",""coordinates"":[]}"
20051221,2005-12-21,0.010765667189578419,"{""type"":""MultiPoint"",""coordinates"":[]}"
20051222,2005-12-22,0.00805927164088347,"{""type"":""MultiPoint"",""coordinates"":[]}"
20051223,2005-12-23,0.016816376747430688,"{""type"":""MultiPoint"",""coordinates"":[]}"
20051224,2005-12-24,0.014399395212598726,"{""type"":""MultiPoint"",""coordinates"":[]}"
20051225,2005-12-25,0.0018905285869029234,"{""type"":""MultiPoint"",""coordinates"":[]}"
20051226,2005-12-26,5.55893506217758E-4,"{""type"":""MultiPoint"",""coordinates"":[]}"
20051227,2005-12-27,4.4137828421686844E-4,"{""type"":""MultiPoint"",""coordinates"":[]}"
20051228,2005-12-28,0.0014121359614464929,"{""type"":""MultiPoint"",""coordinates"":[]}"
20051229,2005-12-29,0.001961762129932517,"{""type"":""MultiPoint"",""coordinates"":[]}"
20051230,2005-12-30,0.005415617354193986,"{""type"":""MultiPoint"",""coordinates"":[]}"
20051231,2005-12-31,0.011984299061359747,"{""type"":""MultiPoint"",""coordinates"":[]}"
20060101,2006-01-01,0.012322927386565522,"{""type"":""MultiPoint"",""coordinates"":[]}"
20060102,2006-01-02,0.00988301066246697,"{""type"":""MultiPoint"",""coordinates"":[]}"
20060103,2006-01-03,0.027653766019330804,"{""type"":""MultiPoint"",""coordinates"":[]}"
20060104,2006-01-04,0.013188166707144722,"{""type"":""MultiPoint"",""coordinates"":[]}"
20060105,2006-01-05,0.0025562911065092927,"{""type"":""MultiPoint"",""coordinates"":[]}"
20060106,2006-01-06,0.006378815861834692,"{""type"":""MultiPoint"",""coordinates"":[]}"
20060107,2006-01-07,0.005732467997551434,"{""type"":""MultiPoint"",""coordinates"":[]}"
20060108,2006-01-08,8.629141803310533E-4,"{""type"":""MultiPoint"",""coordinates"":[]}"
20060109,2006-01-09,0.004745355223601921,"{""type"":""MultiPoint"",""coordinates"":[]}"
20060110,2006-01-10,0.0014782678265460331,"{""type"":""MultiPoint"",""coordinates"":[]}"
20060111,2006-01-11,0.0020438710034127493,"{""type"":""MultiPoint"",""coordinates"":[]}"
20060112,2006-01-12,0.0073479550641919284,"{""type"":""MultiPoint"",""coordinates"":[]}"
20060113,2006-01-13,0.009238972634449002,"{""type"":""MultiPoint"",""coordinates"":[]}"
20060114,2006-01-14,0.012074232177392008,"{""type"":""MultiPoint"",""coordinates"":[]}"
20060115,2006-01-15,0.008501692725834075,"{""type"":""MultiPoint"",""coordinates"":[]}"
20060116,2006-01-16,0.020214860911616686,"{""type"":""MultiPoint"",""coordinates"":[]}"
20060117,2006-01-17,0.02290308195896453,"{""type"":""MultiPoint"",""coordinates"":[]}"
20060118,2006-01-18,0.016711525409157855,"{""type"":""MultiPoint"",""coordinates"":[]}"
20060119,2006-01-19,0.02098185027564015,"{""type"":""MultiPoint"",""coordinates"":[]}"
20060120,2006-01-20,0.019128474536844093,"{""type"":""MultiPoint"",""coordinates"":[]}"
20060121,2006-01-21,0.01684138654031072,"{""type"":""MultiPoint"",""coordinates"":[]}"
20060122,2006-01-22,0.01005660021534493,"{""type"":""MultiPoint"",""coordinates"":[]}"
20060123,2006-01-23,0.005869808285149235,"{""type"":""MultiPoint"",""coordinates"":[]}"
20060124,2006-01-24,0.007134841742436241,"{""type"":""MultiPoint"",""coordinates"":[]}"
20060125,2006-01-25,0.02139935991043504,"{""type"":""MultiPoint"",""coordinates"":[]}"
20060126,2006-01-26,0.021037988871090183,"{""type"":""MultiPoint"",""coordinates"":[]}"
20060127,2006-01-27,0.01539053591348086,"{""type"":""MultiPoint"",""coordinates"":[]}"
20060128,2006-01-28,0.007713968772820549,"{""type"":""MultiPoint"",""coordinates"":[]}"
20060129,2006-01-29,0.006639600042044324,"{""type"":""MultiPoint"",""coordinates"":[]}"
20060130,2006-01-30,0.005588554537911887,"{""type"":""MultiPoint"",""coordinates"":[]}"
20060131,2006-01-31,0.01345694117879079,"{""type"":""MultiPoint"",""coordinates"":[]}"
20060201,2006-02-01,0.019514372946453303,"{""type"":""MultiPoint"",""coordinates"":[]}"
20060202,2006-02-02,0.0020106424992911154,"{""type"":""MultiPoint"",""coordinates"":[]}"
20060203,2006-02-03,0.0032094941553670975,"{""type"":""MultiPoint"",""coordinates"":[]}"
20060204,2006-02-04,0.0015687618802167212,"{""type"":""MultiPoint"",""coordinates"":[]}"
20060205,2006-02-05,0.004486170644144898,"{""type"":""MultiPoint"",""coordinates"":[]}"
20060206,2006-02-06,0.0034911164016059085,"{""type"":""MultiPoint"",""coordinates"":[]}"
20060207,2006-02-07,0.0016480932101593934,"{""type"":""MultiPoint"",""coordinates"":[]}"
20060208,2006-02-08,0.0032941001754435146,"{""type"":""MultiPoint"",""coordinates"":[]}"
20060209,2006-02-09,0.0018325547841286538,"{""type"":""MultiPoint"",""coordinates"":[]}"
20060210,2006-02-10,0.0017551971832262985,"{""type"":""MultiPoint"",""coordinates"":[]}"
20060211,2006-02-11,0.0013472344369085873,"{""type"":""MultiPoint"",""coordinates"":[]}"
20060212,2006-02-12,9.841341459928578E-4,"{""type"":""MultiPoint"",""coordinates"":[]}"
20060213,2006-02-13,3.210118315203159E-4,"{""type"":""MultiPoint"",""coordinates"":[]}"
20060214,2006-02-14,0.0012137244258703817,"{""type"":""MultiPoint"",""coordinates"":[]}"
20060215,2006-02-15,0.0022032512468757558,"{""type"":""MultiPoint"",""coordinates"":[]}"
20060216,2006-02-16,0.009680308640901017,"{""type"":""MultiPoint"",""coordinates"":[]}"
20060217,2006-02-17,0.0015010906682665017,"{""type"":""MultiPoint"",""coordinates"":[]}"
20060218,2006-02-18,0.0012943051076911665,"{""type"":""MultiPoint"",""coordinates"":[]}"
20060219,2006-02-19,0.004821215880375256,"{""type"":""MultiPoint"",""coordinates"":[]}"
20060220,2006-02-20,0.015146054352832389,"{""type"":""MultiPoint"",""coordinates"":[]}"
20060221,2006-02-21,0.017789127765683563,"{""type"":""MultiPoint"",""coordinates"":[]}"
20060222,2006-02-22,0.009064112644567988,"{""type"":""MultiPoint"",""coordinates"":[]}"
20060223,2006-02-23,0.0027675940440343282,"{""type"":""MultiPoint"",""coordinates"":[]}"
20060224,2006-02-24,0.0034577254971961653,"{""type"":""MultiPoint"",""coordinates"":[]}"
20060225,2006-02-25,0.004258999211741716,"{""type"":""MultiPoint"",""coordinates"":[]}"
20060226,2006-02-26,0.0029681102716012475,"{""type"":""MultiPoint"",""coordinates"":[]}"
20060227,2006-02-27,0.0030137440676315354,"{""type"":""MultiPoint"",""coordinates"":[]}"
20060228,2006-02-28,0.003699620145286599,"{""type"":""MultiPoint"",""coordinates"":[]}"
20060301,2006-03-01,0.0016184302824613743,"{""type"":""MultiPoint"",""coordinates"":[]}"
20060302,2006-03-02,0.0023766139955241038,"{""type"":""MultiPoint"",""coordinates"":[]}"
20060303,2006-03-03,0.0016886762054556849,"{""type"":""MultiPoint"",""coordinates"":[]}"
20060304,2006-03-04,0.0015032071801657477,"{""type"":""MultiPoint"",""coordinates"":[]}"
20060305,2006-03-05,0.0014115351914466509,"{""type"":""MultiPoint"",""coordinates"":[]}"
20060306,2006-03-06,0.0020159342954429696,"{""type"":""MultiPoint"",""coordinates"":[]}"
20060307,2006-03-07,0.0018257355467769317,"{""type"":""MultiPoint"",""coordinates"":[]}"
20060308,2006-03-08,0.002332812744921559,"{""type"":""MultiPoint"",""coordinates"":[]}"
20060309,2006-03-09,0.0019274400191871329,"{""type"":""MultiPoint"",""coordinates"":[]}"
20060310,2006-03-10,7.036316857213462E-4,"{""type"":""MultiPoint"",""coordinates"":[]}"
20060311,2006-03-11,0.001957904560736044,"{""type"":""MultiPoint"",""coordinates"":[]}"
20060312,2006-03-12,0.007195438374851167,"{""type"":""MultiPoint"",""coordinates"":[]}"
20060313,2006-03-13,0.005340757342529973,"{""type"":""MultiPoint"",""coordinates"":[]}"
20060314,2006-03-14,0.0030464085636890182,"{""type"":""MultiPoint"",""coordinates"":[]}"
20060315,2006-03-15,0.0019148160441203204,"{""type"":""MultiPoint"",""coordinates"":[]}"
20060316,2006-03-16,0.0022341626688308427,"{""type"":""MultiPoint"",""coordinates"":[]}"
20060317,2006-03-17,0.009059421143028929,"{""type"":""MultiPoint"",""coordinates"":[]}"
20060318,2006-03-18,0.012892095286524052,"{""type"":""MultiPoint"",""coordinates"":[]}"
20060319,2006-03-19,0.009557272207228568,"{""type"":""MultiPoint"",""coordinates"":[]}"
20060320,2006-03-20,0.007885208794943522,"{""type"":""MultiPoint"",""coordinates"":[]}"
20060321,2006-03-21,0.0027132460573848294,"{""type"":""MultiPoint"",""coordinates"":[]}"
20060322,2006-03-22,0.0019649265431030158,"{""type"":""MultiPoint"",""coordinates"":[]}"
20060323,2006-03-23,0.0013245182181043536,"{""type"":""MultiPoint"",""coordinates"":[]}"
20060324,2006-03-24,0.004947489634840858,"{""type"":""MultiPoint"",""coordinates"":[]}"
20060325,2006-03-25,0.0025052113853619522,"{""type"":""MultiPoint"",""coordinates"":[]}"
20060326,2006-03-26,2.1582808755898583E-4,"{""type"":""MultiPoint"",""coordinates"":[]}"
20060327,2006-03-27,9.233518141609187E-4,"{""type"":""MultiPoint"",""coordinates"":[]}"
20060328,2006-03-28,0.0012566654896623425,"{""type"":""MultiPoint"",""coordinates"":[]}"
20060329,2006-03-29,0.0018071907201405717,"{""type"":""MultiPoint"",""coordinates"":[]}"
20060330,2006-03-30,0.0012131558291741953,"{""type"":""MultiPoint"",""coordinates"":[]}"
20060331,2006-03-31,0.0015726505939722179,"{""type"":""MultiPoint"",""coordinates"":[]}"
20060401,2006-04-01,7.493106750633527E-4,"{""type"":""MultiPoint"",""coordinates"":[]}"
20060402,2006-04-02,8.286457814128842E-4,"{""type"":""MultiPoint"",""coordinates"":[]}"
20060403,2006-04-03,6.545810852926411E-4,"{""type"":""MultiPoint"",""coordinates"":[]}"
20060404,2006-04-04,0.0013140004290219446,"{""type"":""MultiPoint"",""coordinates"":[]}"
20060405,2006-04-05,0.007345237956654572,"{""type"":""MultiPoint"",""coordinates"":[]}"
20060406,2006-04-06,8.226262635299105E-4,"{""type"":""MultiPoint"",""coordinates"":[]}"
20060407,2006-04-07,1.3385012066879034E-4,"{""type"":""MultiPoint"",""coordinates"":[]}"
20060408,2006-04-08,0.0013727561956516773,"{""type"":""MultiPoint"",""coordinates"":[]}"
20060409,2006-04-09,0.0019383454571505285,"{""type"":""MultiPoint"",""coordinates"":[]}"
20060410,2006-04-10,0.0036984974746229436,"{""type"":""MultiPoint"",""coordinates"":[]}"
20060411,2006-04-11,9.9472165116617E-4,"{""type"":""MultiPoint"",""coordinates"":[]}"
20060412,2006-04-12,0.0015442165179416422,"{""type"":""MultiPoint"",""coordinates"":[]}"
20060413,2006-04-13,0.005194320447961672,"{""type"":""MultiPoint"",""coordinates"":[]}"
20060414,2006-04-14,0.005687265137134597,"{""type"":""MultiPoint"",""coordinates"":[]}"
20060415,2006-04-15,0.0014907300496294973,"{""type"":""MultiPoint"",""coordinates"":[]}"
20060416,2006-04-16,0.002657944944018929,"{""type"":""MultiPoint"",""coordinates"":[]}"
20060417,2006-04-17,0.00714166119837254,"{""type"":""MultiPoint"",""coordinates"":[]}"
20060418,2006-04-18,0.004530412825616494,"{""type"":""MultiPoint"",""coordinates"":[]}"
20060419,2006-04-19,0.0013644770423210046,"{""type"":""MultiPoint"",""coordinates"":[]}"
20060420,2006-04-20,0.0013785037885564696,"{""type"":""MultiPoint"",""coordinates"":[]}"
20060421,2006-04-21,0.0010099620497894136,"{""type"":""MultiPoint"",""coordinates"":[]}"
20060422,2006-04-22,9.456535365462304E-4,"{""type"":""MultiPoint"",""coordinates"":[]}"
20060423,2006-04-23,0.0014259435684787687,"{""type"":""MultiPoint"",""coordinates"":[]}"
20060424,2006-04-24,0.0034507895062537036,"{""type"":""MultiPoint"",""coordinates"":[]}"
20060425,2006-04-25,0.002238052402605186,"{""type"":""MultiPoint"",""coordinates"":[]}"
20060426,2006-04-26,0.009227744267099445,"{""type"":""MultiPoint"",""coordinates"":[]}"
20060427,2006-04-27,0.013637762762684602,"{""type"":""MultiPoint"",""coordinates"":[]}"
20060428,2006-04-28,0.012266360288471466,"{""type"":""MultiPoint"",""coordinates"":[]}"
20060429,2006-04-29,0.024358180826906807,"{""type"":""MultiPoint"",""coordinates"":[]}"
20060430,2006-04-30,0.004263586840691289,"{""type"":""MultiPoint"",""coordinates"":[]}"
20060501,2006-05-01,0.009502281000320686,"{""type"":""MultiPoint"",""coordinates"":[]}"
20060502,2006-05-02,0.010540323600436434,"{""type"":""MultiPoint"",""coordinates"":[]}"
20060503,2006-05-03,0.013361216298617586,"{""type"":""MultiPoint"",""coordinates"":[]}"
20060504,2006-05-04,0.012908249123686572,"{""type"":""MultiPoint"",""coordinates"":[]}"
20060505,2006-05-05,0.013004420053793698,"{""type"":""MultiPoint"",""coordinates"":[]}"
20060506,2006-05-06,0.004811578744132908,"{""type"":""MultiPoint"",""coordinates"":[]}"
20060507,2006-05-07,0.001745190528974817,"{""type"":""MultiPoint"",""coordinates"":[]}"
20060508,2006-05-08,0.005189601398855395,"{""type"":""MultiPoint"",""coordinates"":[]}"
20060509,2006-05-09,0.01772909595299817,"{""type"":""MultiPoint"",""coordinates"":[]}"
20060510,2006-05-10,0.03047612259710109,"{""type"":""MultiPoint"",""coordinates"":[]}"
20060511,2006-05-11,0.020819362233289965,"{""type"":""MultiPoint"",""coordinates"":[]}"
20060512,2006-05-12,0.004188129308667635,"{""type"":""MultiPoint"",""coordinates"":[]}"
20060513,2006-05-13,0.005064402525895862,"{""type"":""MultiPoint"",""coordinates"":[]}"
20060514,2006-05-14,0.018297956132674452,"{""type"":""MultiPoint"",""coordinates"":[]}"
20060515,2006-05-15,0.014216485812533753,"{""type"":""MultiPoint"",""coordinates"":[]}"
20060516,2006-05-16,0.007801235404585269,"{""type"":""MultiPoint"",""coordinates"":[]}"
20060517,2006-05-17,0.012415435622745207,"{""type"":""MultiPoint"",""coordinates"":[]}"
20060518,2006-05-18,0.006647583210922569,"{""type"":""MultiPoint"",""coordinates"":[]}"
20060519,2006-05-19,0.0012637326862950304,"{""type"":""MultiPoint"",""coordinates"":[]}"
20060520,2006-05-20,0.001370226667313578,"{""type"":""MultiPoint"",""coordinates"":[]}"
20060521,2006-05-21,0.004649984726874375,"{""type"":""MultiPoint"",""coordinates"":[]}"
20060522,2006-05-22,0.0019477345667835554,"{""type"":""MultiPoint"",""coordinates"":[]}"
20060523,2006-05-23,0.008404429855146537,"{""type"":""MultiPoint"",""coordinates"":[]}"
20060524,2006-05-24,0.01902362599058779,"{""type"":""MultiPoint"",""coordinates"":[]}"
20060525,2006-05-25,0.014125520783089986,"{""type"":""MultiPoint"",""coordinates"":[]}"
20060526,2006-05-26,0.006132144670303365,"{""type"":""MultiPoint"",""coordinates"":[]}"
20060527,2006-05-27,0.004786780331120875,"{""type"":""MultiPoint"",""coordinates"":[]}"
20060528,2006-05-28,0.024560929689129266,"{""type"":""MultiPoint"",""coordinates"":[]}"
20060529,2006-05-29,0.02231468985380104,"{""type"":""MultiPoint"",""coordinates"":[]}"
20060530,2006-05-30,0.011271250645549246,"{""type"":""MultiPoint"",""coordinates"":[]}"
20060531,2006-05-31,0.01109050086950561,"{""type"":""MultiPoint"",""coordinates"":[]}"
20060601,2006-06-01,0.004590103438805664,"{""type"":""MultiPoint"",""coordinates"":[]}"
20060602,2006-06-02,0.011159460179851147,"{""type"":""MultiPoint"",""coordinates"":[]}"
20060603,2006-06-03,0.014387106082913166,"{""type"":""MultiPoint"",""coordinates"":[]}"
20060604,2006-06-04,0.025458340367176594,"{""type"":""MultiPoint"",""coordinates"":[]}"
20060605,2006-06-05,0.017464126987208752,"{""type"":""MultiPoint"",""coordinates"":[]}"
20060606,2006-06-06,0.006866939330207769,"{""type"":""MultiPoint"",""coordinates"":[]}"
20060607,2006-06-07,0.008266462673238191,"{""type"":""MultiPoint"",""coordinates"":[]}"
20060608,2006-06-08,0.010906621486778022,"{""type"":""MultiPoint"",""coordinates"":[]}"
20060609,2006-06-09,0.020104406102829448,"{""type"":""MultiPoint"",""coordinates"":[]}"
20060610,2006-06-10,0.02850097691645827,"{""type"":""MultiPoint"",""coordinates"":[]}"
20060611,2006-06-11,0.00826045077822962,"{""type"":""MultiPoint"",""coordinates"":[]}"
20060612,2006-06-12,0.00985163824467068,"{""type"":""MultiPoint"",""coordinates"":[]}"
20060613,2006-06-13,0.005416757649946015,"{""type"":""MultiPoint"",""coordinates"":[]}"
20060614,2006-06-14,0.003775822413997635,"{""type"":""MultiPoint"",""coordinates"":[]}"
20060615,2006-06-15,0.012794064065694943,"{""type"":""MultiPoint"",""coordinates"":[]}"
20060616,2006-06-16,0.0052414195713703015,"{""type"":""MultiPoint"",""coordinates"":[]}"
20060617,2006-06-17,0.010714432357119837,"{""type"":""MultiPoint"",""coordinates"":[]}"
20060618,2006-06-18,0.012253889906962074,"{""type"":""MultiPoint"",""coordinates"":[]}"
20060619,2006-06-19,0.01615862849063932,"{""type"":""MultiPoint"",""coordinates"":[]}"
20060620,2006-06-20,0.00807624216107987,"{""type"":""MultiPoint"",""coordinates"":[]}"
20060621,2006-06-21,0.005185837247518541,"{""type"":""MultiPoint"",""coordinates"":[]}"
20060622,2006-06-22,0.013516139316108339,"{""type"":""MultiPoint"",""coordinates"":[]}"
20060623,2006-06-23,0.01406544315988249,"{""type"":""MultiPoint"",""coordinates"":[]}"
20060624,2006-06-24,0.00261362973777507,"{""type"":""MultiPoint"",""coordinates"":[]}"
20060625,2006-06-25,0.014050133587167382,"{""type"":""MultiPoint"",""coordinates"":[]}"
20060626,2006-06-26,0.011314162116075995,"{""type"":""MultiPoint"",""coordinates"":[]}"
20060627,2006-06-27,0.016419487528792538,"{""type"":""MultiPoint"",""coordinates"":[]}"
20060628,2006-06-28,0.00940896276803746,"{""type"":""MultiPoint"",""coordinates"":[]}"
20060629,2006-06-29,0.010171640337567242,"{""type"":""MultiPoint"",""coordinates"":[]}"
20060630,2006-06-30,0.0059244539091192015,"{""type"":""MultiPoint"",""coordinates"":[]}"
20060701,2006-07-01,0.0064214337404736475,"{""type"":""MultiPoint"",""coordinates"":[]}"
20060702,2006-07-02,0.010420257738567452,"{""type"":""MultiPoint"",""coordinates"":[]}"
20060703,2006-07-03,0.010313342333797592,"{""type"":""MultiPoint"",""coordinates"":[]}"
20060704,2006-07-04,0.011569658060919108,"{""type"":""MultiPoint"",""coordinates"":[]}"
20060705,2006-07-05,0.013226870470048134,"{""type"":""MultiPoint"",""coordinates"":[]}"
20060706,2006-07-06,0.009627740991131593,"{""type"":""MultiPoint"",""coordinates"":[]}"
20060707,2006-07-07,0.01002653262370149,"{""type"":""MultiPoint"",""coordinates"":[]}"
20060708,2006-07-08,0.003805716769894553,"{""type"":""MultiPoint"",""coordinates"":[]}"
20060709,2006-07-09,0.009286110715766328,"{""type"":""MultiPoint"",""coordinates"":[]}"
20060710,2006-07-10,0.02098981198242845,"{""type"":""MultiPoint"",""coordinates"":[]}"
20060711,2006-07-11,0.00912678028759808,"{""type"":""MultiPoint"",""coordinates"":[]}"
20060712,2006-07-12,0.01810632035630506,"{""type"":""MultiPoint"",""coordinates"":[]}"
20060713,2006-07-13,0.00780486152116581,"{""type"":""MultiPoint"",""coordinates"":[]}"
20060714,2006-07-14,0.017389646962418476,"{""type"":""MultiPoint"",""coordinates"":[]}"
20060715,2006-07-15,0.01471308702249807,"{""type"":""MultiPoint"",""coordinates"":[]}"
20060716,2006-07-16,0.014781485261993282,"{""type"":""MultiPoint"",""coordinates"":[]}"
20060717,2006-07-17,0.013742155163750575,"{""type"":""MultiPoint"",""coordinates"":[]}"
20060718,2006-07-18,0.017623831277177707,"{""type"":""MultiPoint"",""coordinates"":[]}"
20060719,2006-07-19,0.004744960163238283,"{""type"":""MultiPoint"",""coordinates"":[]}"
20060720,2006-07-20,0.009428557480513362,"{""type"":""MultiPoint"",""coordinates"":[]}"
20060721,2006-07-21,0.008257807820087263,"{""type"":""MultiPoint"",""coordinates"":[]}"
20060722,2006-07-22,0.0059611718221295375,"{""type"":""MultiPoint"",""coordinates"":[]}"
20060723,2006-07-23,0.011178911127657452,"{""type"":""MultiPoint"",""coordinates"":[]}"
20060724,2006-07-24,0.01447624164217305,"{""type"":""MultiPoint"",""coordinates"":[]}"
20060725,2006-07-25,0.007393152485946004,"{""type"":""MultiPoint"",""coordinates"":[]}"
20060726,2006-07-26,0.008558370871884427,"{""type"":""MultiPoint"",""coordinates"":[]}"
20060727,2006-07-27,0.005202437973138103,"{""type"":""MultiPoint"",""coordinates"":[]}"
20060728,2006-07-28,0.0025645791745699214,"{""type"":""MultiPoint"",""coordinates"":[]}"
20060729,2006-07-29,0.008073081843764431,"{""type"":""MultiPoint"",""coordinates"":[]}"
20060730,2006-07-30,0.010646857687414952,"{""type"":""MultiPoint"",""coordinates"":[]}"
20060731,2006-07-31,0.003685133596637824,"{""type"":""MultiPoint"",""coordinates"":[]}"
20060801,2006-08-01,2.5818920545498E-4,"{""type"":""MultiPoint"",""coordinates"":[]}"
20060802,2006-08-02,0.0038907241026376127,"{""type"":""MultiPoint"",""coordinates"":[]}"
20060803,2006-08-03,0.006882802508458507,"{""type"":""MultiPoint"",""coordinates"":[]}"
20060804,2006-08-04,0.004693397654017254,"{""type"":""MultiPoint"",""coordinates"":[]}"
20060805,2006-08-05,0.0029121700999506796,"{""type"":""MultiPoint"",""coordinates"":[]}"
20060806,2006-08-06,0.004074023106830037,"{""type"":""MultiPoint"",""coordinates"":[]}"
20060807,2006-08-07,0.006692709800300064,"{""type"":""MultiPoint"",""coordinates"":[]}"
20060808,2006-08-08,0.002150317241353038,"{""type"":""MultiPoint"",""coordinates"":[]}"
20060809,2006-08-09,0.0016090879164466086,"{""type"":""MultiPoint"",""coordinates"":[]}"
20060810,2006-08-10,7.317767299371547E-4,"{""type"":""MultiPoint"",""coordinates"":[]}"
20060811,2006-08-11,0.004088960737963573,"{""type"":""MultiPoint"",""coordinates"":[]}"
20060812,2006-08-12,6.409689529582298E-4,"{""type"":""MultiPoint"",""coordinates"":[]}"
20060813,2006-08-13,0.009316822290625875,"{""type"":""MultiPoint"",""coordinates"":[]}"
20060814,2006-08-14,0.006792089776020671,"{""type"":""MultiPoint"",""coordinates"":[]}"
20060815,2006-08-15,0.002412723661319247,"{""type"":""MultiPoint"",""coordinates"":[]}"
20060816,2006-08-16,0.00866792025103313,"{""type"":""MultiPoint"",""coordinates"":[]}"
20060817,2006-08-17,0.005886878230471134,"{""type"":""MultiPoint"",""coordinates"":[]}"
20060818,2006-08-18,0.0015152988854220365,"{""type"":""MultiPoint"",""coordinates"":[]}"
20060819,2006-08-19,0.0013785879368923473,"{""type"":""MultiPoint"",""coordinates"":[]}"
20060820,2006-08-20,0.005421986026081009,"{""type"":""MultiPoint"",""coordinates"":[]}"
20060821,2006-08-21,0.004554717649178288,"{""type"":""MultiPoint"",""coordinates"":[]}"
20060822,2006-08-22,0.009288919763107868,"{""type"":""MultiPoint"",""coordinates"":[]}"
20060823,2006-08-23,0.015910704642067168,"{""type"":""MultiPoint"",""coordinates"":[]}"
20060824,2006-08-24,0.004653586607490706,"{""type"":""MultiPoint"",""coordinates"":[]}"
20060825,2006-08-25,5.345610696920706E-4,"{""type"":""MultiPoint"",""coordinates"":[]}"
20060826,2006-08-26,0.0017448594922060562,"{""type"":""MultiPoint"",""coordinates"":[]}"
20060827,2006-08-27,0.006740889788095517,"{""type"":""MultiPoint"",""coordinates"":[]}"
20060828,2006-08-28,0.0042889082818631675,"{""type"":""MultiPoint"",""coordinates"":[]}"
20060829,2006-08-29,7.233991867620452E-4,"{""type"":""MultiPoint"",""coordinates"":[]}"
20060830,2006-08-30,8.326575638933608E-4,"{""type"":""MultiPoint"",""coordinates"":[]}"
20060831,2006-08-31,6.384228175246279E-4,"{""type"":""MultiPoint"",""coordinates"":[]}"
20060901,2006-09-01,0.0010883803204215366,"{""type"":""MultiPoint"",""coordinates"":[]}"
20060902,2006-09-02,8.467859983906288E-4,"{""type"":""MultiPoint"",""coordinates"":[]}"
20060903,2006-09-03,3.1754442980440816E-4,"{""type"":""MultiPoint"",""coordinates"":[]}"
20060904,2006-09-04,0.0013606993997915384,"{""type"":""MultiPoint"",""coordinates"":[]}"
20060905,2006-09-05,0.005835847184236724,"{""type"":""MultiPoint"",""coordinates"":[]}"
20060906,2006-09-06,0.0015379426679043864,"{""type"":""MultiPoint"",""coordinates"":[]}"
20060907,2006-09-07,1.7004611462286557E-4,"{""type"":""MultiPoint"",""coordinates"":[]}"
20060908,2006-09-08,1.4922163142269375E-4,"{""type"":""MultiPoint"",""coordinates"":[]}"
20060909,2006-09-09,0.0016750823370206825,"{""type"":""MultiPoint"",""coordinates"":[]}"
20060910,2006-09-10,0.002986183585304466,"{""type"":""MultiPoint"",""coordinates"":[]}"
20060911,2006-09-11,7.77870045632081E-4,"{""type"":""MultiPoint"",""coordinates"":[]}"
20060912,2006-09-12,0.0022138619934771865,"{""type"":""MultiPoint"",""coordinates"":[]}"
20060913,2006-09-13,0.004391991492900972,"{""type"":""MultiPoint"",""coordinates"":[]}"
20060914,2006-09-14,0.003429086510001966,"{""type"":""MultiPoint"",""coordinates"":[]}"
20060915,2006-09-15,0.004718600504044635,"{""type"":""MultiPoint"",""coordinates"":[]}"
20060916,2006-09-16,0.0037628588104507343,"{""type"":""MultiPoint"",""coordinates"":[]}"
20060917,2006-09-17,0.001580013028941373,"{""type"":""MultiPoint"",""coordinates"":[]}"
20060918,2006-09-18,1.5568450587487558E-4,"{""type"":""MultiPoint"",""coordinates"":[]}"
20060919,2006-09-19,2.3249436445785257E-4,"{""type"":""MultiPoint"",""coordinates"":[]}"
20060920,2006-09-20,0.004283136028275743,"{""type"":""MultiPoint"",""coordinates"":[]}"
20060921,2006-09-21,0.0017240718698083776,"{""type"":""MultiPoint"",""coordinates"":[]}"
20060922,2006-09-22,5.025447692655903E-4,"{""type"":""MultiPoint"",""coordinates"":[]}"
20060923,2006-09-23,6.482940662693043E-4,"{""type"":""MultiPoint"",""coordinates"":[]}"
20060924,2006-09-24,7.689092364661098E-5,"{""type"":""MultiPoint"",""coordinates"":[]}"
20060925,2006-09-25,2.8258479535759793E-4,"{""type"":""MultiPoint"",""coordinates"":[]}"
20060926,2006-09-26,4.7284138677329394E-4,"{""type"":""MultiPoint"",""coordinates"":[]}"
20060927,2006-09-27,5.547462107562817E-4,"{""type"":""MultiPoint"",""coordinates"":[]}"
20060928,2006-09-28,0.0022001836961905038,"{""type"":""MultiPoint"",""coordinates"":[]}"
20060929,2006-09-29,6.329270816358549E-4,"{""type"":""MultiPoint"",""coordinates"":[]}"
20060930,2006-09-30,0.0017230023739461496,"{""type"":""MultiPoint"",""coordinates"":[]}"
20061001,2006-10-01,1.9136307908908327E-4,"{""type"":""MultiPoint"",""coordinates"":[]}"
20061002,2006-10-02,2.1493758530992334E-4,"{""type"":""MultiPoint"",""coordinates"":[]}"
20061003,2006-10-03,7.720788343827353E-4,"{""type"":""MultiPoint"",""coordinates"":[]}"
20061004,2006-10-04,0.0014362546015433669,"{""type"":""MultiPoint"",""coordinates"":[]}"
20061005,2006-10-05,3.2871373219551294E-4,"{""type"":""MultiPoint"",""coordinates"":[]}"
20061006,2006-10-06,0.0028774106182885575,"{""type"":""MultiPoint"",""coordinates"":[]}"
20061007,2006-10-07,0.007799123148921116,"{""type"":""MultiPoint"",""coordinates"":[]}"
20061008,2006-10-08,0.009192468828334273,"{""type"":""MultiPoint"",""coordinates"":[]}"
20061009,2006-10-09,2.289705719764858E-4,"{""type"":""MultiPoint"",""coordinates"":[]}"
20061010,2006-10-10,0.002524187858659236,"{""type"":""MultiPoint"",""coordinates"":[]}"
20061011,2006-10-11,2.538239264319616E-4,"{""type"":""MultiPoint"",""coordinates"":[]}"
20061012,2006-10-12,1.719513212017618E-4,"{""type"":""MultiPoint"",""coordinates"":[]}"
20061013,2006-10-13,1.011818718126731E-4,"{""type"":""MultiPoint"",""coordinates"":[]}"
20061014,2006-10-14,0.0010458598809930182,"{""type"":""MultiPoint"",""coordinates"":[]}"
20061015,2006-10-15,7.173470392425607E-4,"{""type"":""MultiPoint"",""coordinates"":[]}"
20061016,2006-10-16,0.007096787966490213,"{""type"":""MultiPoint"",""coordinates"":[]}"
20061017,2006-10-17,0.0067058963007847186,"{""type"":""MultiPoint"",""coordinates"":[]}"
20061018,2006-10-18,0.004693802439922231,"{""type"":""MultiPoint"",""coordinates"":[]}"
20061019,2006-10-19,0.01156583448829497,"{""type"":""MultiPoint"",""coordinates"":[]}"
20061020,2006-10-20,0.0058766009560740256,"{""type"":""MultiPoint"",""coordinates"":[]}"
20061021,2006-10-21,0.005414766473710724,"{""type"":""MultiPoint"",""coordinates"":[]}"
20061022,2006-10-22,0.005047411737617571,"{""type"":""MultiPoint"",""coordinates"":[]}"
20061023,2006-10-23,0.0038293852544985085,"{""type"":""MultiPoint"",""coordinates"":[]}"
20061024,2006-10-24,0.002442088358034354,"{""type"":""MultiPoint"",""coordinates"":[]}"
20061025,2006-10-25,9.52705743098898E-4,"{""type"":""MultiPoint"",""coordinates"":[]}"
20061026,2006-10-26,1.3464613618169224E-4,"{""type"":""MultiPoint"",""coordinates"":[]}"
20061027,2006-10-27,3.093318874021727E-4,"{""type"":""MultiPoint"",""coordinates"":[]}"
20061028,2006-10-28,0.005317322563249977,"{""type"":""MultiPoint"",""coordinates"":[]}"
20061029,2006-10-29,0.01119163515768649,"{""type"":""MultiPoint"",""coordinates"":[]}"
20061030,2006-10-30,0.006003505671382719,"{""type"":""MultiPoint"",""coordinates"":[]}"
20061031,2006-10-31,0.008108342817076874,"{""type"":""MultiPoint"",""coordinates"":[]}"
20061101,2006-11-01,0.010552681378148503,"{""type"":""MultiPoint"",""coordinates"":[]}"
20061102,2006-11-02,0.0011141397649681649,"{""type"":""MultiPoint"",""coordinates"":[]}"
20061103,2006-11-03,1.5816911851694498E-4,"{""type"":""MultiPoint"",""coordinates"":[]}"
20061104,2006-11-04,7.57956090736171E-5,"{""type"":""MultiPoint"",""coordinates"":[]}"
20061105,2006-11-05,0.0018222702653399488,"{""type"":""MultiPoint"",""coordinates"":[]}"
20061106,2006-11-06,0.0024659138976411642,"{""type"":""MultiPoint"",""coordinates"":[]}"
20061107,2006-11-07,0.0027831380092693606,"{""type"":""MultiPoint"",""coordinates"":[]}"
20061108,2006-11-08,0.002920090793513581,"{""type"":""MultiPoint"",""coordinates"":[]}"
20061109,2006-11-09,0.00925694958547372,"{""type"":""MultiPoint"",""coordinates"":[]}"
20061110,2006-11-10,0.011139809470368097,"{""type"":""MultiPoint"",""coordinates"":[]}"
20061111,2006-11-11,0.002975056600580653,"{""type"":""MultiPoint"",""coordinates"":[]}"
20061112,2006-11-12,7.834260428435461E-4,"{""type"":""MultiPoint"",""coordinates"":[]}"
20061113,2006-11-13,0.0015256644922490745,"{""type"":""MultiPoint"",""coordinates"":[]}"
20061114,2006-11-14,0.0017138389563752822,"{""type"":""MultiPoint"",""coordinates"":[]}"
20061115,2006-11-15,0.001058400133870711,"{""type"":""MultiPoint"",""coordinates"":[]}"
20061116,2006-11-16,0.0043613102907350074,"{""type"":""MultiPoint"",""coordinates"":[]}"
20061117,2006-11-17,1.9319542599255962E-4,"{""type"":""MultiPoint"",""coordinates"":[]}"
20061118,2006-11-18,2.590985731547201E-4,"{""type"":""MultiPoint"",""coordinates"":[]}"
20061119,2006-11-19,0.002225610762556458,"{""type"":""MultiPoint"",""coordinates"":[]}"
20061120,2006-11-20,0.005814024334759657,"{""type"":""MultiPoint"",""coordinates"":[]}"
20061121,2006-11-21,0.009193865078183774,"{""type"":""MultiPoint"",""coordinates"":[]}"
20061122,2006-11-22,0.013364773671068426,"{""type"":""MultiPoint"",""coordinates"":[]}"
20061123,2006-11-23,0.0058445739667671815,"{""type"":""MultiPoint"",""coordinates"":[]}"
20061124,2006-11-24,0.0029667594522938203,"{""type"":""MultiPoint"",""coordinates"":[]}"
20061125,2006-11-25,0.0022845962766232424,"{""type"":""MultiPoint"",""coordinates"":[]}"
20061126,2006-11-26,0.0011586581102362085,"{""type"":""MultiPoint"",""coordinates"":[]}"
20061127,2006-11-27,0.005848616758229394,"{""type"":""MultiPoint"",""coordinates"":[]}"
20061128,2006-11-28,0.006355627775664063,"{""type"":""MultiPoint"",""coordinates"":[]}"
20061129,2006-11-29,0.012858696559850846,"{""type"":""MultiPoint"",""coordinates"":[]}"
20061130,2006-11-30,0.004812540408372854,"{""type"":""MultiPoint"",""coordinates"":[]}"
20061201,2006-12-01,0.007161583440366884,"{""type"":""MultiPoint"",""coordinates"":[]}"
20061202,2006-12-02,0.0070854726096307346,"{""type"":""MultiPoint"",""coordinates"":[]}"
20061203,2006-12-03,0.0010581405047538487,"{""type"":""MultiPoint"",""coordinates"":[]}"
20061204,2006-12-04,0.0025565098888374127,"{""type"":""MultiPoint"",""coordinates"":[]}"
20061205,2006-12-05,0.0074525304652141595,"{""type"":""MultiPoint"",""coordinates"":[]}"
20061206,2006-12-06,0.01058492723318801,"{""type"":""MultiPoint"",""coordinates"":[]}"
20061207,2006-12-07,0.010844487243914807,"{""type"":""MultiPoint"",""coordinates"":[]}"
20061208,2006-12-08,0.009687189531960207,"{""type"":""MultiPoint"",""coordinates"":[]}"
20061209,2006-12-09,0.01516804560226491,"{""type"":""MultiPoint"",""coordinates"":[]}"
20061210,2006-12-10,0.017626062611254958,"{""type"":""MultiPoint"",""coordinates"":[]}"
20061211,2006-12-11,0.006762971092556954,"{""type"":""MultiPoint"",""coordinates"":[]}"
20061212,2006-12-12,0.006933292311148332,"{""type"":""MultiPoint"",""coordinates"":[]}"
20061213,2006-12-13,0.002333549501955937,"{""type"":""MultiPoint"",""coordinates"":[]}"
20061214,2006-12-14,0.001615233945203306,"{""type"":""MultiPoint"",""coordinates"":[]}"
20061215,2006-12-15,8.802468896024366E-4,"{""type"":""MultiPoint"",""coordinates"":[]}"
20061216,2006-12-16,0.0059488857478167114,"{""type"":""MultiPoint"",""coordinates"":[]}"
20061217,2006-12-17,0.0012837913176222513,"{""type"":""MultiPoint"",""coordinates"":[]}"
20061218,2006-12-18,0.0020779237805363926,"{""type"":""MultiPoint"",""coordinates"":[]}"
20061219,2006-12-19,0.0014288908345856943,"{""type"":""MultiPoint"",""coordinates"":[]}"
20061220,2006-12-20,0.009548600882925676,"{""type"":""MultiPoint"",""coordinates"":[]}"
20061221,2006-12-21,0.014035229716920504,"{""type"":""MultiPoint"",""coordinates"":[]}"
20061222,2006-12-22,0.014918376350212408,"{""type"":""MultiPoint"",""coordinates"":[]}"
20061223,2006-12-23,0.028465874585777623,"{""type"":""MultiPoint"",""coordinates"":[]}"
20061224,2006-12-24,0.005045704231919456,"{""type"":""MultiPoint"",""coordinates"":[]}"
20061225,2006-12-25,0.0011529764733327814,"{""type"":""MultiPoint"",""coordinates"":[]}"
20061226,2006-12-26,0.00154567793078848,"{""type"":""MultiPoint"",""coordinates"":[]}"
20061227,2006-12-27,0.0015063333168209051,"{""type"":""MultiPoint"",""coordinates"":[]}"
20061228,2006-12-28,6.223765235797713E-4,"{""type"":""MultiPoint"",""coordinates"":[]}"
20061229,2006-12-29,0.00200126128861987,"{""type"":""MultiPoint"",""coordinates"":[]}"
20061230,2006-12-30,0.004946516328952265,"{""type"":""MultiPoint"",""coordinates"":[]}"
20061231,2006-12-31,0.0035402179484213033,"{""type"":""MultiPoint"",""coordinates"":[]}"
20070101,2007-01-01,0.0016270590373096729,"{""type"":""MultiPoint"",""coordinates"":[]}"
20070102,2007-01-02,0.0016289320888652219,"{""type"":""MultiPoint"",""coordinates"":[]}"
20070103,2007-01-03,0.012732481598492846,"{""type"":""MultiPoint"",""coordinates"":[]}"
20070104,2007-01-04,0.007919889391030695,"{""type"":""MultiPoint"",""coordinates"":[]}"
20070105,2007-01-05,0.0011010566926358642,"{""type"":""MultiPoint"",""coordinates"":[]}"
20070106,2007-01-06,0.0032910513263683474,"{""type"":""MultiPoint"",""coordinates"":[]}"
20070107,2007-01-07,0.0028054030874221287,"{""type"":""MultiPoint"",""coordinates"":[]}"
20070108,2007-01-08,0.002724575328914058,"{""type"":""MultiPoint"",""coordinates"":[]}"
20070109,2007-01-09,0.009318737329413015,"{""type"":""MultiPoint"",""coordinates"":[]}"
20070110,2007-01-10,0.009725673546094658,"{""type"":""MultiPoint"",""coordinates"":[]}"
20070111,2007-01-11,0.0011518533124739601,"{""type"":""MultiPoint"",""coordinates"":[]}"
20070112,2007-01-12,0.0015712137906506046,"{""type"":""MultiPoint"",""coordinates"":[]}"
20070113,2007-01-13,0.001768468293547449,"{""type"":""MultiPoint"",""coordinates"":[]}"
20070114,2007-01-14,0.00666552566680173,"{""type"":""MultiPoint"",""coordinates"":[]}"
20070115,2007-01-15,0.012555686770863089,"{""type"":""MultiPoint"",""coordinates"":[]}"
20070116,2007-01-16,0.005474180429655911,"{""type"":""MultiPoint"",""coordinates"":[]}"
20070117,2007-01-17,0.011348195392399483,"{""type"":""MultiPoint"",""coordinates"":[]}"
20070118,2007-01-18,0.01792447318472332,"{""type"":""MultiPoint"",""coordinates"":[]}"
20070119,2007-01-19,0.00598722717385369,"{""type"":""MultiPoint"",""coordinates"":[]}"
20070120,2007-01-20,0.003774556559882717,"{""type"":""MultiPoint"",""coordinates"":[]}"
20070121,2007-01-21,0.0023562276440879273,"{""type"":""MultiPoint"",""coordinates"":[]}"
20070122,2007-01-22,0.002961938297301465,"{""type"":""MultiPoint"",""coordinates"":[]}"
20070123,2007-01-23,0.003156670074128174,"{""type"":""MultiPoint"",""coordinates"":[]}"
20070124,2007-01-24,0.002050564004447142,"{""type"":""MultiPoint"",""coordinates"":[]}"
20070125,2007-01-25,0.0021048510997316388,"{""type"":""MultiPoint"",""coordinates"":[]}"
20070126,2007-01-26,0.001297193869819509,"{""type"":""MultiPoint"",""coordinates"":[]}"
20070127,2007-01-27,0.0021054026156515646,"{""type"":""MultiPoint"",""coordinates"":[]}"
20070128,2007-01-28,0.001300227430170903,"{""type"":""MultiPoint"",""coordinates"":[]}"
20070129,2007-01-29,0.0018081608673423564,"{""type"":""MultiPoint"",""coordinates"":[]}"
20070130,2007-01-30,0.0014819463650429267,"{""type"":""MultiPoint"",""coordinates"":[]}"
20070131,2007-01-31,0.0016806768379284054,"{""type"":""MultiPoint"",""coordinates"":[]}"
20070201,2007-02-01,4.6158005480449277E-4,"{""type"":""MultiPoint"",""coordinates"":[]}"
20070202,2007-02-02,0.001116727767115437,"{""type"":""MultiPoint"",""coordinates"":[]}"
20070203,2007-02-03,2.1648436025163416E-4,"{""type"":""MultiPoint"",""coordinates"":[]}"
20070204,2007-02-04,0.001855783880976578,"{""type"":""MultiPoint"",""coordinates"":[]}"
20070205,2007-02-05,9.736100364145721E-4,"{""type"":""MultiPoint"",""coordinates"":[]}"
20070206,2007-02-06,9.014572757125363E-4,"{""type"":""MultiPoint"",""coordinates"":[]}"
20070207,2007-02-07,0.0015433790114025765,"{""type"":""MultiPoint"",""coordinates"":[]}"
20070208,2007-02-08,8.03084138849532E-4,"{""type"":""MultiPoint"",""coordinates"":[]}"
20070209,2007-02-09,0.001004916222177828,"{""type"":""MultiPoint"",""coordinates"":[]}"
20070210,2007-02-10,0.0023743076240598667,"{""type"":""MultiPoint"",""coordinates"":[]}"
20070211,2007-02-11,0.005036904414489857,"{""type"":""MultiPoint"",""coordinates"":[]}"
20070212,2007-02-12,0.0053993172701043415,"{""type"":""MultiPoint"",""coordinates"":[]}"
20070213,2007-02-13,0.0024442574438967475,"{""type"":""MultiPoint"",""coordinates"":[]}"
20070214,2007-02-14,0.0014471238267422994,"{""type"":""MultiPoint"",""coordinates"":[]}"
20070215,2007-02-15,0.0021185243871836407,"{""type"":""MultiPoint"",""coordinates"":[]}"
20070216,2007-02-16,0.002217355510882451,"{""type"":""MultiPoint"",""coordinates"":[]}"
20070217,2007-02-17,0.0014123962179495488,"{""type"":""MultiPoint"",""coordinates"":[]}"
20070218,2007-02-18,2.3635079429042849E-4,"{""type"":""MultiPoint"",""coordinates"":[]}"
20070219,2007-02-19,1.0335206183917124E-4,"{""type"":""MultiPoint"",""coordinates"":[]}"
20070220,2007-02-20,0.0018083193202611425,"{""type"":""MultiPoint"",""coordinates"":[]}"
20070221,2007-02-21,0.0017258911577300764,"{""type"":""MultiPoint"",""coordinates"":[]}"
20070222,2007-02-22,0.006079530743660472,"{""type"":""MultiPoint"",""coordinates"":[]}"
20070223,2007-02-23,0.004887483179306542,"{""type"":""MultiPoint"",""coordinates"":[]}"
20070224,2007-02-24,0.0023582957432120954,"{""type"":""MultiPoint"",""coordinates"":[]}"
20070225,2007-02-25,0.001647381095682806,"{""type"":""MultiPoint"",""coordinates"":[]}"
20070226,2007-02-26,0.0015842822274965047,"{""type"":""MultiPoint"",""coordinates"":[]}"
20070227,2007-02-27,0.0010215436506637548,"{""type"":""MultiPoint"",""coordinates"":[]}"
20070228,2007-02-28,0.0015999806874199697,"{""type"":""MultiPoint"",""coordinates"":[]}"
20070301,2007-03-01,0.0021751299195307263,"{""type"":""MultiPoint"",""coordinates"":[]}"
20070302,2007-03-02,0.0016351871539643176,"{""type"":""MultiPoint"",""coordinates"":[]}"
20070303,2007-03-03,8.294567089299305E-4,"{""type"":""MultiPoint"",""coordinates"":[]}"
20070304,2007-03-04,0.00353535556924745,"{""type"":""MultiPoint"",""coordinates"":[]}"
20070305,2007-03-05,0.0023537748277840226,"{""type"":""MultiPoint"",""coordinates"":[]}"
20070306,2007-03-06,0.00203543451827944,"{""type"":""MultiPoint"",""coordinates"":[]}"
20070307,2007-03-07,0.016907246398166924,"{""type"":""MultiPoint"",""coordinates"":[]}"
20070308,2007-03-08,0.002069058357266814,"{""type"":""MultiPoint"",""coordinates"":[]}"
20070309,2007-03-09,8.242237895324143E-4,"{""type"":""MultiPoint"",""coordinates"":[]}"
20070310,2007-03-10,5.76219284955238E-4,"{""type"":""MultiPoint"",""coordinates"":[]}"
20070311,2007-03-11,0.003043439159035319,"{""type"":""MultiPoint"",""coordinates"":[]}"
20070312,2007-03-12,0.0059271075495763,"{""type"":""MultiPoint"",""coordinates"":[]}"
20070313,2007-03-13,9.567492587541649E-4,"{""type"":""MultiPoint"",""coordinates"":[]}"
20070314,2007-03-14,0.002504796644485687,"{""type"":""MultiPoint"",""coordinates"":[]}"
20070315,2007-03-15,0.00147694583602546,"{""type"":""MultiPoint"",""coordinates"":[]}"
20070316,2007-03-16,0.003561097598744032,"{""type"":""MultiPoint"",""coordinates"":[]}"
20070317,2007-03-17,0.0023231984328274413,"{""type"":""MultiPoint"",""coordinates"":[]}"
20070318,2007-03-18,9.508723928317931E-4,"{""type"":""MultiPoint"",""coordinates"":[]}"
20070319,2007-03-19,0.0014147271984132981,"{""type"":""MultiPoint"",""coordinates"":[]}"
20070320,2007-03-20,0.0017155344514821972,"{""type"":""MultiPoint"",""coordinates"":[]}"
20070321,2007-03-21,0.001016005221652543,"{""type"":""MultiPoint"",""coordinates"":[]}"
20070322,2007-03-22,0.0023841158559980667,"{""type"":""MultiPoint"",""coordinates"":[]}"
20070323,2007-03-23,0.011359487527952768,"{""type"":""MultiPoint"",""coordinates"":[]}"
20070324,2007-03-24,0.00732891880702539,"{""type"":""MultiPoint"",""coordinates"":[]}"
20070325,2007-03-25,0.015444744608335378,"{""type"":""MultiPoint"",""coordinates"":[]}"
20070326,2007-03-26,0.011753084635021423,"{""type"":""MultiPoint"",""coordinates"":[]}"
20070327,2007-03-27,0.006628765607900993,"{""type"":""MultiPoint"",""coordinates"":[]}"
20070328,2007-03-28,0.0017852290574192089,"{""type"":""MultiPoint"",""coordinates"":[]}"
20070329,2007-03-29,0.0020700280602791213,"{""type"":""MultiPoint"",""coordinates"":[]}"
20070330,2007-03-30,0.008105629783817191,"{""type"":""MultiPoint"",""coordinates"":[]}"
20070331,2007-03-31,0.01331153454946405,"{""type"":""MultiPoint"",""coordinates"":[]}"
20070401,2007-04-01,0.015072041178942555,"{""type"":""MultiPoint"",""coordinates"":[]}"
20070402,2007-04-02,0.020120241321628686,"{""type"":""MultiPoint"",""coordinates"":[]}"
20070403,2007-04-03,0.0114039769394853,"{""type"":""MultiPoint"",""coordinates"":[]}"
20070404,2007-04-04,0.014860175339699123,"{""type"":""MultiPoint"",""coordinates"":[]}"
20070405,2007-04-05,0.009950684523550376,"{""type"":""MultiPoint"",""coordinates"":[]}"
20070406,2007-04-06,0.0014227120239306648,"{""type"":""MultiPoint"",""coordinates"":[]}"
20070407,2007-04-07,0.0019874788243511277,"{""type"":""MultiPoint"",""coordinates"":[]}"
20070408,2007-04-08,0.0014297019889797588,"{""type"":""MultiPoint"",""coordinates"":[]}"
20070409,2007-04-09,0.0016345913807143918,"{""type"":""MultiPoint"",""coordinates"":[]}"
20070410,2007-04-10,0.0018887245555545297,"{""type"":""MultiPoint"",""coordinates"":[]}"
20070411,2007-04-11,6.952636109697293E-4,"{""type"":""MultiPoint"",""coordinates"":[]}"
20070412,2007-04-12,0.001936465793911179,"{""type"":""MultiPoint"",""coordinates"":[]}"
20070413,2007-04-13,0.004929434681726677,"{""type"":""MultiPoint"",""coordinates"":[]}"
20070414,2007-04-14,0.019041699543852757,"{""type"":""MultiPoint"",""coordinates"":[]}"
20070415,2007-04-15,0.010653188246661468,"{""type"":""MultiPoint"",""coordinates"":[]}"
20070416,2007-04-16,0.009201032210235537,"{""type"":""MultiPoint"",""coordinates"":[]}"
20070417,2007-04-17,8.811429130578373E-4,"{""type"":""MultiPoint"",""coordinates"":[]}"
20070418,2007-04-18,0.001066606127521683,"{""type"":""MultiPoint"",""coordinates"":[]}"
20070419,2007-04-19,0.0013791682793360977,"{""type"":""MultiPoint"",""coordinates"":[]}"
20070420,2007-04-20,0.0010912125750426565,"{""type"":""MultiPoint"",""coordinates"":[]}"
20070421,2007-04-21,0.0013163808790137188,"{""type"":""MultiPoint"",""coordinates"":[]}"
20070422,2007-04-22,0.0011742003016097435,"{""type"":""MultiPoint"",""coordinates"":[]}"
20070423,2007-04-23,0.009834557028690266,"{""type"":""MultiPoint"",""coordinates"":[]}"
20070424,2007-04-24,0.005974667787780032,"{""type"":""MultiPoint"",""coordinates"":[]}"
20070425,2007-04-25,0.008072715058901447,"{""type"":""MultiPoint"",""coordinates"":[]}"
20070426,2007-04-26,6.686176148760277E-4,"{""type"":""MultiPoint"",""coordinates"":[]}"
20070427,2007-04-27,0.00622424467474516,"{""type"":""MultiPoint"",""coordinates"":[]}"
20070428,2007-04-28,0.013985153601176008,"{""type"":""MultiPoint"",""coordinates"":[]}"
20070429,2007-04-29,0.010713776311699891,"{""type"":""MultiPoint"",""coordinates"":[]}"
20070430,2007-04-30,0.00521123006404245,"{""type"":""MultiPoint"",""coordinates"":[]}"
20070501,2007-05-01,0.0023869031546551564,"{""type"":""MultiPoint"",""coordinates"":[]}"
20070502,2007-05-02,0.004334421691656076,"{""type"":""MultiPoint"",""coordinates"":[]}"
20070503,2007-05-03,0.004059473446245914,"{""type"":""MultiPoint"",""coordinates"":[]}"
20070504,2007-05-04,0.016095277933189458,"{""type"":""MultiPoint"",""coordinates"":[]}"
20070505,2007-05-05,0.018506839954833675,"{""type"":""MultiPoint"",""coordinates"":[]}"
20070506,2007-05-06,0.009216113264013004,"{""type"":""MultiPoint"",""coordinates"":[]}"
20070507,2007-05-07,0.01161903846481331,"{""type"":""MultiPoint"",""coordinates"":[]}"
20070508,2007-05-08,0.0026420678657007313,"{""type"":""MultiPoint"",""coordinates"":[]}"
20070509,2007-05-09,0.0011567441071687597,"{""type"":""MultiPoint"",""coordinates"":[]}"
20070510,2007-05-10,0.001300176491181426,"{""type"":""MultiPoint"",""coordinates"":[]}"
20070511,2007-05-11,0.012660016711052557,"{""type"":""MultiPoint"",""coordinates"":[]}"
20070512,2007-05-12,0.006525722399719491,"{""type"":""MultiPoint"",""coordinates"":[]}"
20070513,2007-05-13,0.006461409367963452,"{""type"":""MultiPoint"",""coordinates"":[]}"
20070514,2007-05-14,0.0062501132512172465,"{""type"":""MultiPoint"",""coordinates"":[]}"
20070515,2007-05-15,0.010423569165757594,"{""type"":""MultiPoint"",""coordinates"":[]}"
20070516,2007-05-16,0.01421847436810305,"{""type"":""MultiPoint"",""coordinates"":[]}"
20070517,2007-05-17,0.02227106628771896,"{""type"":""MultiPoint"",""coordinates"":[]}"
20070518,2007-05-18,0.009086643760199794,"{""type"":""MultiPoint"",""coordinates"":[]}"
20070519,2007-05-19,0.012633242638907286,"{""type"":""MultiPoint"",""coordinates"":[]}"
20070520,2007-05-20,0.00755128344684678,"{""type"":""MultiPoint"",""coordinates"":[]}"
20070521,2007-05-21,0.01919364093829285,"{""type"":""MultiPoint"",""coordinates"":[]}"
20070522,2007-05-22,0.03525070167482858,"{""type"":""MultiPoint"",""coordinates"":[]}"
20070523,2007-05-23,0.010056414089019429,"{""type"":""MultiPoint"",""coordinates"":[]}"
20070524,2007-05-24,0.00739275495838349,"{""type"":""MultiPoint"",""coordinates"":[]}"
20070525,2007-05-25,0.02881121925303815,"{""type"":""MultiPoint"",""coordinates"":[]}"
20070526,2007-05-26,0.021815132457985453,"{""type"":""MultiPoint"",""coordinates"":[]}"
20070527,2007-05-27,0.016131407642324232,"{""type"":""MultiPoint"",""coordinates"":[]}"
20070528,2007-05-28,0.018807482543713595,"{""type"":""MultiPoint"",""coordinates"":[]}"
20070529,2007-05-29,0.01568702316042554,"{""type"":""MultiPoint"",""coordinates"":[]}"
20070530,2007-05-30,0.01233334301321526,"{""type"":""MultiPoint"",""coordinates"":[]}"
20070531,2007-05-31,0.008887758216435789,"{""type"":""MultiPoint"",""coordinates"":[]}"
20070601,2007-06-01,0.02233123752267859,"{""type"":""MultiPoint"",""coordinates"":[]}"
20070602,2007-06-02,0.020134482490620845,"{""type"":""MultiPoint"",""coordinates"":[]}"
20070603,2007-06-03,0.021489429163013715,"{""type"":""MultiPoint"",""coordinates"":[]}"
20070604,2007-06-04,0.028566750121370683,"{""type"":""MultiPoint"",""coordinates"":[]}"
20070605,2007-06-05,0.01407447423417841,"{""type"":""MultiPoint"",""coordinates"":[]}"
20070606,2007-06-06,0.001799865144831395,"{""type"":""MultiPoint"",""coordinates"":[]}"
20070607,2007-06-07,0.0060122549671992155,"{""type"":""MultiPoint"",""coordinates"":[]}"
20070608,2007-06-08,0.006027305590631089,"{""type"":""MultiPoint"",""coordinates"":[]}"
20070609,2007-06-09,0.0019269228090070313,"{""type"":""MultiPoint"",""coordinates"":[]}"
20070610,2007-06-10,0.005439914682088345,"{""type"":""MultiPoint"",""coordinates"":[]}"
20070611,2007-06-11,0.0020982988993289214,"{""type"":""MultiPoint"",""coordinates"":[]}"
20070612,2007-06-12,0.012922710101962971,"{""type"":""MultiPoint"",""coordinates"":[]}"
20070613,2007-06-13,0.005204319466980615,"{""type"":""MultiPoint"",""coordinates"":[]}"
20070614,2007-06-14,0.010594036825801276,"{""type"":""MultiPoint"",""coordinates"":[]}"
20070615,2007-06-15,0.00631698522181537,"{""type"":""MultiPoint"",""coordinates"":[]}"
20070616,2007-06-16,0.01934160351617579,"{""type"":""MultiPoint"",""coordinates"":[]}"
20070617,2007-06-17,0.029733039000083384,"{""type"":""MultiPoint"",""coordinates"":[]}"
20070618,2007-06-18,0.012300712660324125,"{""type"":""MultiPoint"",""coordinates"":[]}"
20070619,2007-06-19,0.0031701658433811266,"{""type"":""MultiPoint"",""coordinates"":[]}"
20070620,2007-06-20,0.003964649483202339,"{""type"":""MultiPoint"",""coordinates"":[]}"
20070621,2007-06-21,0.007968081616808134,"{""type"":""MultiPoint"",""coordinates"":[]}"
20070622,2007-06-22,0.0060324665199703925,"{""type"":""MultiPoint"",""coordinates"":[]}"
20070623,2007-06-23,0.011035698493541619,"{""type"":""MultiPoint"",""coordinates"":[]}"
20070624,2007-06-24,0.019901710144001387,"{""type"":""MultiPoint"",""coordinates"":[]}"
20070625,2007-06-25,0.010177451984141713,"{""type"":""MultiPoint"",""coordinates"":[]}"
20070626,2007-06-26,0.004576962301273678,"{""type"":""MultiPoint"",""coordinates"":[]}"
20070627,2007-06-27,0.01960432997388923,"{""type"":""MultiPoint"",""coordinates"":[]}"
20070628,2007-06-28,0.01352359023562279,"{""type"":""MultiPoint"",""coordinates"":[]}"
20070629,2007-06-29,0.006207510538502261,"{""type"":""MultiPoint"",""coordinates"":[]}"
20070630,2007-06-30,0.0036168000074473326,"{""type"":""MultiPoint"",""coordinates"":[]}"
20070701,2007-07-01,0.010394717563572096,"{""type"":""MultiPoint"",""coordinates"":[]}"
20070702,2007-07-02,0.00402252986413276,"{""type"":""MultiPoint"",""coordinates"":[]}"
20070703,2007-07-03,0.006682433718875062,"{""type"":""MultiPoint"",""coordinates"":[]}"
20070704,2007-07-04,0.0017476889740875414,"{""type"":""MultiPoint"",""coordinates"":[]}"
20070705,2007-07-05,0.004927627478341329,"{""type"":""MultiPoint"",""coordinates"":[]}"
20070706,2007-07-06,0.0077396199823925715,"{""type"":""MultiPoint"",""coordinates"":[]}"
20070707,2007-07-07,0.011377000400388715,"{""type"":""MultiPoint"",""coordinates"":[]}"
20070708,2007-07-08,0.014263540418688252,"{""type"":""MultiPoint"",""coordinates"":[]}"
20070709,2007-07-09,0.009963983023503712,"{""type"":""MultiPoint"",""coordinates"":[]}"
20070710,2007-07-10,0.016124672016613183,"{""type"":""MultiPoint"",""coordinates"":[]}"
20070711,2007-07-11,0.012047419333600037,"{""type"":""MultiPoint"",""coordinates"":[]}"
20070712,2007-07-12,0.01620325175561025,"{""type"":""MultiPoint"",""coordinates"":[]}"
20070713,2007-07-13,0.01649725398767823,"{""type"":""MultiPoint"",""coordinates"":[]}"
20070714,2007-07-14,0.0017045135511321548,"{""type"":""MultiPoint"",""coordinates"":[]}"
20070715,2007-07-15,0.003591693888525435,"{""type"":""MultiPoint"",""coordinates"":[]}"
20070716,2007-07-16,0.004135301134833884,"{""type"":""MultiPoint"",""coordinates"":[]}"
20070717,2007-07-17,0.0060270428454196785,"{""type"":""MultiPoint"",""coordinates"":[]}"
20070718,2007-07-18,0.004761138906822944,"{""type"":""MultiPoint"",""coordinates"":[]}"
20070719,2007-07-19,0.004523206151007861,"{""type"":""MultiPoint"",""coordinates"":[]}"
20070720,2007-07-20,0.003853936473526126,"{""type"":""MultiPoint"",""coordinates"":[]}"
20070721,2007-07-21,0.0024143737839950256,"{""type"":""MultiPoint"",""coordinates"":[]}"
20070722,2007-07-22,0.0016923370165556467,"{""type"":""MultiPoint"",""coordinates"":[]}"
20070723,2007-07-23,0.003804750389893191,"{""type"":""MultiPoint"",""coordinates"":[]}"
20070724,2007-07-24,0.004746212394654531,"{""type"":""MultiPoint"",""coordinates"":[]}"
20070725,2007-07-25,0.004737849676759506,"{""type"":""MultiPoint"",""coordinates"":[]}"
20070726,2007-07-26,0.0018314782419356467,"{""type"":""MultiPoint"",""coordinates"":[]}"
20070727,2007-07-27,0.0036816201710080454,"{""type"":""MultiPoint"",""coordinates"":[]}"
20070728,2007-07-28,0.009414540005675608,"{""type"":""MultiPoint"",""coordinates"":[]}"
20070729,2007-07-29,0.00948995378105314,"{""type"":""MultiPoint"",""coordinates"":[]}"
20070730,2007-07-30,0.012598629210809035,"{""type"":""MultiPoint"",""coordinates"":[]}"
20070731,2007-07-31,0.013005807896763082,"{""type"":""MultiPoint"",""coordinates"":[]}"
20070801,2007-08-01,0.007265331179415902,"{""type"":""MultiPoint"",""coordinates"":[]}"
20070802,2007-08-02,0.00415546001002548,"{""type"":""MultiPoint"",""coordinates"":[]}"
20070803,2007-08-03,0.008188227224649059,"{""type"":""MultiPoint"",""coordinates"":[]}"
20070804,2007-08-04,0.0031517953448749244,"{""type"":""MultiPoint"",""coordinates"":[]}"
20070805,2007-08-05,0.009030644722355687,"{""type"":""MultiPoint"",""coordinates"":[]}"
20070806,2007-08-06,0.007958610253587276,"{""type"":""MultiPoint"",""coordinates"":[]}"
20070807,2007-08-07,0.008502568972643188,"{""type"":""MultiPoint"",""coordinates"":[]}"
20070808,2007-08-08,0.007481754636933652,"{""type"":""MultiPoint"",""coordinates"":[]}"
20070809,2007-08-09,0.0060817484561844866,"{""type"":""MultiPoint"",""coordinates"":[]}"
20070810,2007-08-10,0.005934870594579984,"{""type"":""MultiPoint"",""coordinates"":[]}"
20070811,2007-08-11,0.003158497357719161,"{""type"":""MultiPoint"",""coordinates"":[]}"
20070812,2007-08-12,0.005987984254123833,"{""type"":""MultiPoint"",""coordinates"":[]}"
20070813,2007-08-13,0.004708997142650257,"{""type"":""MultiPoint"",""coordinates"":[]}"
20070814,2007-08-14,0.0046655869122058935,"{""type"":""MultiPoint"",""coordinates"":[]}"
20070815,2007-08-15,0.005710726359252469,"{""type"":""MultiPoint"",""coordinates"":[]}"
20070816,2007-08-16,0.004494338517297727,"{""type"":""MultiPoint"",""coordinates"":[]}"
20070817,2007-08-17,0.004613081874808001,"{""type"":""MultiPoint"",""coordinates"":[]}"
20070818,2007-08-18,0.011067856017525572,"{""type"":""MultiPoint"",""coordinates"":[]}"
20070819,2007-08-19,0.00898557913612444,"{""type"":""MultiPoint"",""coordinates"":[]}"
20070820,2007-08-20,0.005389877072896388,"{""type"":""MultiPoint"",""coordinates"":[]}"
20070821,2007-08-21,0.0035083761194134836,"{""type"":""MultiPoint"",""coordinates"":[]}"
20070822,2007-08-22,0.01427474429382364,"{""type"":""MultiPoint"",""coordinates"":[]}"
20070823,2007-08-23,0.005888972097338996,"{""type"":""MultiPoint"",""coordinates"":[]}"
20070824,2007-08-24,0.0042627697813277556,"{""type"":""MultiPoint"",""coordinates"":[]}"
20070825,2007-08-25,0.0046727533618711944,"{""type"":""MultiPoint"",""coordinates"":[]}"
20070826,2007-08-26,5.760067822790012E-4,"{""type"":""MultiPoint"",""coordinates"":[]}"
20070827,2007-08-27,0.0016738207165192902,"{""type"":""MultiPoint"",""coordinates"":[]}"
20070828,2007-08-28,0.008444869144340459,"{""type"":""MultiPoint"",""coordinates"":[]}"
20070829,2007-08-29,0.005248486966052775,"{""type"":""MultiPoint"",""coordinates"":[]}"
20070830,2007-08-30,0.009055331930970094,"{""type"":""MultiPoint"",""coordinates"":[]}"
20070831,2007-08-31,0.008314750148881507,"{""type"":""MultiPoint"",""coordinates"":[]}"
20070901,2007-09-01,0.006806222855772829,"{""type"":""MultiPoint"",""coordinates"":[]}"
20070902,2007-09-02,4.178610356395084E-4,"{""type"":""MultiPoint"",""coordinates"":[]}"
20070903,2007-09-03,6.989823577707013E-4,"{""type"":""MultiPoint"",""coordinates"":[]}"
20070904,2007-09-04,5.640680720143821E-4,"{""type"":""MultiPoint"",""coordinates"":[]}"
20070905,2007-09-05,0.0010195806890302742,"{""type"":""MultiPoint"",""coordinates"":[]}"
20070906,2007-09-06,7.449969539573818E-4,"{""type"":""MultiPoint"",""coordinates"":[]}"
20070907,2007-09-07,0.003915737318422797,"{""type"":""MultiPoint"",""coordinates"":[]}"
20070908,2007-09-08,0.00427462320338234,"{""type"":""MultiPoint"",""coordinates"":[]}"
20070909,2007-09-09,0.002145310747655069,"{""type"":""MultiPoint"",""coordinates"":[]}"
20070910,2007-09-10,0.002860770262750116,"{""type"":""MultiPoint"",""coordinates"":[]}"
20070911,2007-09-11,0.003183652785419943,"{""type"":""MultiPoint"",""coordinates"":[]}"
20070912,2007-09-12,0.006688120555536077,"{""type"":""MultiPoint"",""coordinates"":[]}"
20070913,2007-09-13,0.003017133413002984,"{""type"":""MultiPoint"",""coordinates"":[]}"
20070914,2007-09-14,4.924302033582822E-4,"{""type"":""MultiPoint"",""coordinates"":[]}"
20070915,2007-09-15,1.7214443293992623E-4,"{""type"":""MultiPoint"",""coordinates"":[]}"
20070916,2007-09-16,0.006445883758999871,"{""type"":""MultiPoint"",""coordinates"":[]}"
20070917,2007-09-17,0.004139318909540991,"{""type"":""MultiPoint"",""coordinates"":[]}"
20070918,2007-09-18,0.005557889137186327,"{""type"":""MultiPoint"",""coordinates"":[]}"
20070919,2007-09-19,3.7364906472947166E-4,"{""type"":""MultiPoint"",""coordinates"":[]}"
20070920,2007-09-20,0.0036818379661075367,"{""type"":""MultiPoint"",""coordinates"":[]}"
20070921,2007-09-21,0.006080472021389964,"{""type"":""MultiPoint"",""coordinates"":[]}"
20070922,2007-09-22,0.009331835639007191,"{""type"":""MultiPoint"",""coordinates"":[]}"
20070923,2007-09-23,0.01887889922776357,"{""type"":""MultiPoint"",""coordinates"":[]}"
20070924,2007-09-24,0.003209224589448806,"{""type"":""MultiPoint"",""coordinates"":[]}"
20070925,2007-09-25,2.0677449429628398E-4,"{""type"":""MultiPoint"",""coordinates"":[]}"
20070926,2007-09-26,0.007330093214045605,"{""type"":""MultiPoint"",""coordinates"":[]}"
20070927,2007-09-27,0.005522316933633884,"{""type"":""MultiPoint"",""coordinates"":[]}"
20070928,2007-09-28,0.0074844173179539316,"{""type"":""MultiPoint"",""coordinates"":[]}"
20070929,2007-09-29,0.003647604300693153,"{""type"":""MultiPoint"",""coordinates"":[]}"
20070930,2007-09-30,1.803190524925787E-4,"{""type"":""MultiPoint"",""coordinates"":[]}"
20071001,2007-10-01,5.564936024031321E-4,"{""type"":""MultiPoint"",""coordinates"":[]}"
20071002,2007-10-02,5.316411565386273E-4,"{""type"":""MultiPoint"",""coordinates"":[]}"
20071003,2007-10-03,0.0021796218647170745,"{""type"":""MultiPoint"",""coordinates"":[]}"
20071004,2007-10-04,0.0075085340690644355,"{""type"":""MultiPoint"",""coordinates"":[]}"
20071005,2007-10-05,0.003253218107044413,"{""type"":""MultiPoint"",""coordinates"":[]}"
20071006,2007-10-06,0.002553143529480514,"{""type"":""MultiPoint"",""coordinates"":[]}"
20071007,2007-10-07,0.0014884496605256034,"{""type"":""MultiPoint"",""coordinates"":[]}"
20071008,2007-10-08,0.006947128221829505,"{""type"":""MultiPoint"",""coordinates"":[]}"
20071009,2007-10-09,0.0014270502311649013,"{""type"":""MultiPoint"",""coordinates"":[]}"
20071010,2007-10-10,0.0023846068074299927,"{""type"":""MultiPoint"",""coordinates"":[]}"
20071011,2007-10-11,0.0015702225198962543,"{""type"":""MultiPoint"",""coordinates"":[]}"
20071012,2007-10-12,0.004947132017975254,"{""type"":""MultiPoint"",""coordinates"":[]}"
20071013,2007-10-13,0.00995155588330481,"{""type"":""MultiPoint"",""coordinates"":[]}"
20071014,2007-10-14,0.0015613259183484324,"{""type"":""MultiPoint"",""coordinates"":[]}"
20071015,2007-10-15,6.401354027166366E-4,"{""type"":""MultiPoint"",""coordinates"":[]}"
20071016,2007-10-16,0.0044014368940839075,"{""type"":""MultiPoint"",""coordinates"":[]}"
20071017,2007-10-17,0.002574135730140042,"{""type"":""MultiPoint"",""coordinates"":[]}"
20071018,2007-10-18,6.97253519043979E-4,"{""type"":""MultiPoint"",""coordinates"":[]}"
20071019,2007-10-19,0.0011566519495633909,"{""type"":""MultiPoint"",""coordinates"":[]}"
20071020,2007-10-20,0.0042943990493938804,"{""type"":""MultiPoint"",""coordinates"":[]}"
20071021,2007-10-21,0.006649529926693111,"{""type"":""MultiPoint"",""coordinates"":[]}"
20071022,2007-10-22,0.0013269080467825335,"{""type"":""MultiPoint"",""coordinates"":[]}"
20071023,2007-10-23,6.273186539093074E-4,"{""type"":""MultiPoint"",""coordinates"":[]}"
20071024,2007-10-24,4.396661991388172E-4,"{""type"":""MultiPoint"",""coordinates"":[]}"
20071025,2007-10-25,0.0010604374315552132,"{""type"":""MultiPoint"",""coordinates"":[]}"
20071026,2007-10-26,0.00116084985270572,"{""type"":""MultiPoint"",""coordinates"":[]}"
20071027,2007-10-27,0.003193647532636749,"{""type"":""MultiPoint"",""coordinates"":[]}"
20071028,2007-10-28,0.001749182230221799,"{""type"":""MultiPoint"",""coordinates"":[]}"
20071029,2007-10-29,0.005787771066668573,"{""type"":""MultiPoint"",""coordinates"":[]}"
20071030,2007-10-30,0.011652332630459438,"{""type"":""MultiPoint"",""coordinates"":[]}"
20071031,2007-10-31,0.003728813562947596,"{""type"":""MultiPoint"",""coordinates"":[]}"
20071101,2007-11-01,0.0019701336939576377,"{""type"":""MultiPoint"",""coordinates"":[]}"
20071102,2007-11-02,3.539484997227499E-4,"{""type"":""MultiPoint"",""coordinates"":[]}"
20071103,2007-11-03,3.664753363799271E-4,"{""type"":""MultiPoint"",""coordinates"":[]}"
20071104,2007-11-04,0.0010157721420233903,"{""type"":""MultiPoint"",""coordinates"":[]}"
20071105,2007-11-05,8.717217619314138E-4,"{""type"":""MultiPoint"",""coordinates"":[]}"
20071106,2007-11-06,6.10639597778251E-5,"{""type"":""MultiPoint"",""coordinates"":[]}"
20071107,2007-11-07,8.62908392526828E-4,"{""type"":""MultiPoint"",""coordinates"":[]}"
20071108,2007-11-08,0.0016224002192857226,"{""type"":""MultiPoint"",""coordinates"":[]}"
20071109,2007-11-09,0.009040231948252087,"{""type"":""MultiPoint"",""coordinates"":[]}"
20071110,2007-11-10,0.01056640184274462,"{""type"":""MultiPoint"",""coordinates"":[]}"
20071111,2007-11-11,0.010330458398211012,"{""type"":""MultiPoint"",""coordinates"":[]}"
20071112,2007-11-12,0.0108888704477245,"{""type"":""MultiPoint"",""coordinates"":[]}"
20071113,2007-11-13,0.002724730575321272,"{""type"":""MultiPoint"",""coordinates"":[]}"
20071114,2007-11-14,0.0017052564010565663,"{""type"":""MultiPoint"",""coordinates"":[]}"
20071115,2007-11-15,3.219686049828285E-4,"{""type"":""MultiPoint"",""coordinates"":[]}"
20071116,2007-11-16,0.003210056825374019,"{""type"":""MultiPoint"",""coordinates"":[]}"
20071117,2007-11-17,0.0010014795340863138,"{""type"":""MultiPoint"",""coordinates"":[]}"
20071118,2007-11-18,0.002145570490271076,"{""type"":""MultiPoint"",""coordinates"":[]}"
20071119,2007-11-19,0.0019773970845566734,"{""type"":""MultiPoint"",""coordinates"":[]}"
20071120,2007-11-20,8.45640189826496E-4,"{""type"":""MultiPoint"",""coordinates"":[]}"
20071121,2007-11-21,0.0011941258229739814,"{""type"":""MultiPoint"",""coordinates"":[]}"
20071122,2007-11-22,0.0027891679174283732,"{""type"":""MultiPoint"",""coordinates"":[]}"
20071123,2007-11-23,0.004117013253988427,"{""type"":""MultiPoint"",""coordinates"":[]}"
20071124,2007-11-24,0.001857962787205706,"{""type"":""MultiPoint"",""coordinates"":[]}"
20071125,2007-11-25,0.0026628043736429386,"{""type"":""MultiPoint"",""coordinates"":[]}"
20071126,2007-11-26,0.005188712690374134,"{""type"":""MultiPoint"",""coordinates"":[]}"
20071127,2007-11-27,0.002565405086970755,"{""type"":""MultiPoint"",""coordinates"":[]}"
20071128,2007-11-28,0.0040681820491304775,"{""type"":""MultiPoint"",""coordinates"":[]}"
20071129,2007-11-29,0.0024034711798517727,"{""type"":""MultiPoint"",""coordinates"":[]}"
20071130,2007-11-30,0.010247942909763517,"{""type"":""MultiPoint"",""coordinates"":[]}"
20071201,2007-12-01,0.012259851358753272,"{""type"":""MultiPoint"",""coordinates"":[]}"
20071202,2007-12-02,0.023323491810460548,"{""type"":""MultiPoint"",""coordinates"":[]}"
20071203,2007-12-03,0.0063561220582842,"{""type"":""MultiPoint"",""coordinates"":[]}"
20071204,2007-12-04,0.005718636578387463,"{""type"":""MultiPoint"",""coordinates"":[]}"
20071205,2007-12-05,0.005280325415704579,"{""type"":""MultiPoint"",""coordinates"":[]}"
20071206,2007-12-06,0.013665948188102968,"{""type"":""MultiPoint"",""coordinates"":[]}"
20071207,2007-12-07,0.008501329758990237,"{""type"":""MultiPoint"",""coordinates"":[]}"
20071208,2007-12-08,0.008199448798390557,"{""type"":""MultiPoint"",""coordinates"":[]}"
20071209,2007-12-09,0.007804483164213896,"{""type"":""MultiPoint"",""coordinates"":[]}"
20071210,2007-12-10,0.008664140102394177,"{""type"":""MultiPoint"",""coordinates"":[]}"
20071211,2007-12-11,0.007053010717274347,"{""type"":""MultiPoint"",""coordinates"":[]}"
20071212,2007-12-12,0.01076003315635666,"{""type"":""MultiPoint"",""coordinates"":[]}"
20071213,2007-12-13,0.019255942157097958,"{""type"":""MultiPoint"",""coordinates"":[]}"
20071214,2007-12-14,0.02138180561562631,"{""type"":""MultiPoint"",""coordinates"":[]}"
20071215,2007-12-15,0.01587097914728481,"{""type"":""MultiPoint"",""coordinates"":[]}"
20071216,2007-12-16,0.012879351066468462,"{""type"":""MultiPoint"",""coordinates"":[]}"
20071217,2007-12-17,0.016118814571556474,"{""type"":""MultiPoint"",""coordinates"":[]}"
20071218,2007-12-18,0.009555658747278246,"{""type"":""MultiPoint"",""coordinates"":[]}"
20071219,2007-12-19,0.01921959815647014,"{""type"":""MultiPoint"",""coordinates"":[]}"
20071220,2007-12-20,0.017386902466103277,"{""type"":""MultiPoint"",""coordinates"":[]}"
20071221,2007-12-21,0.011095987328098763,"{""type"":""MultiPoint"",""coordinates"":[]}"
20071222,2007-12-22,0.016273695709845035,"{""type"":""MultiPoint"",""coordinates"":[]}"
20071223,2007-12-23,0.013109190461013255,"{""type"":""MultiPoint"",""coordinates"":[]}"
20071224,2007-12-24,0.013302616790734514,"{""type"":""MultiPoint"",""coordinates"":[]}"
20071225,2007-12-25,0.009539631928304124,"{""type"":""MultiPoint"",""coordinates"":[]}"
20071226,2007-12-26,0.0031993594190697218,"{""type"":""MultiPoint"",""coordinates"":[]}"
20071227,2007-12-27,0.004499235931408865,"{""type"":""MultiPoint"",""coordinates"":[]}"
20071228,2007-12-28,0.0025912806082401176,"{""type"":""MultiPoint"",""coordinates"":[]}"
20071229,2007-12-29,0.0018849739588205027,"{""type"":""MultiPoint"",""coordinates"":[]}"
20071230,2007-12-30,0.007030166982958541,"{""type"":""MultiPoint"",""coordinates"":[]}"
20071231,2007-12-31,0.008180084999387596,"{""type"":""MultiPoint"",""coordinates"":[]}"
20080101,2008-01-01,0.006696225688262624,"{""type"":""MultiPoint"",""coordinates"":[]}"
20080102,2008-01-02,0.0037934236164797732,"{""type"":""MultiPoint"",""coordinates"":[]}"
20080103,2008-01-03,0.0031899781680608404,"{""type"":""MultiPoint"",""coordinates"":[]}"
20080104,2008-01-04,0.0010122046639556954,"{""type"":""MultiPoint"",""coordinates"":[]}"
20080105,2008-01-05,0.0023303296643492314,"{""type"":""MultiPoint"",""coordinates"":[]}"
20080106,2008-01-06,0.005601730942797307,"{""type"":""MultiPoint"",""coordinates"":[]}"
20080107,2008-01-07,0.03298184941562427,"{""type"":""MultiPoint"",""coordinates"":[]}"
20080108,2008-01-08,0.0028966945068112913,"{""type"":""MultiPoint"",""coordinates"":[]}"
20080109,2008-01-09,0.0014791997774463146,"{""type"":""MultiPoint"",""coordinates"":[]}"
20080110,2008-01-10,0.0012490958998784005,"{""type"":""MultiPoint"",""coordinates"":[]}"
20080111,2008-01-11,0.001169692515264139,"{""type"":""MultiPoint"",""coordinates"":[]}"
20080112,2008-01-12,0.006912523017214747,"{""type"":""MultiPoint"",""coordinates"":[]}"
20080113,2008-01-13,0.0037013473220906174,"{""type"":""MultiPoint"",""coordinates"":[]}"
20080114,2008-01-14,0.0012112665579138058,"{""type"":""MultiPoint"",""coordinates"":[]}"
20080115,2008-01-15,8.610318117583026E-4,"{""type"":""MultiPoint"",""coordinates"":[]}"
20080116,2008-01-16,0.001184796262148107,"{""type"":""MultiPoint"",""coordinates"":[]}"
20080117,2008-01-17,0.008742372635558817,"{""type"":""MultiPoint"",""coordinates"":[]}"
20080118,2008-01-18,0.012659664862438118,"{""type"":""MultiPoint"",""coordinates"":[]}"
20080119,2008-01-19,0.0027275738838494967,"{""type"":""MultiPoint"",""coordinates"":[]}"
20080120,2008-01-20,0.002657416714572424,"{""type"":""MultiPoint"",""coordinates"":[]}"
20080121,2008-01-21,0.0017200315075441056,"{""type"":""MultiPoint"",""coordinates"":[]}"
20080122,2008-01-22,0.0015084585866477114,"{""type"":""MultiPoint"",""coordinates"":[]}"
20080123,2008-01-23,0.002433586601329158,"{""type"":""MultiPoint"",""coordinates"":[]}"
20080124,2008-01-24,6.561330420659025E-4,"{""type"":""MultiPoint"",""coordinates"":[]}"
20080125,2008-01-25,0.0012377275718622694,"{""type"":""MultiPoint"",""coordinates"":[]}"
20080126,2008-01-26,0.0011563624270657911,"{""type"":""MultiPoint"",""coordinates"":[]}"
20080127,2008-01-27,5.69699947953773E-4,"{""type"":""MultiPoint"",""coordinates"":[]}"
20080128,2008-01-28,8.395150116728192E-4,"{""type"":""MultiPoint"",""coordinates"":[]}"
20080129,2008-01-29,0.0014099601673708117,"{""type"":""MultiPoint"",""coordinates"":[]}"
20080130,2008-01-30,0.001436735750909645,"{""type"":""MultiPoint"",""coordinates"":[]}"
20080131,2008-01-31,0.0016284347707991042,"{""type"":""MultiPoint"",""coordinates"":[]}"
20080201,2008-02-01,0.0013511941661309961,"{""type"":""MultiPoint"",""coordinates"":[]}"
20080202,2008-02-02,0.001312307978902142,"{""type"":""MultiPoint"",""coordinates"":[]}"
20080203,2008-02-03,0.0013235425231316186,"{""type"":""MultiPoint"",""coordinates"":[]}"
20080204,2008-02-04,0.008971332895529404,"{""type"":""MultiPoint"",""coordinates"":[]}"
20080205,2008-02-05,0.019348236999980076,"{""type"":""MultiPoint"",""coordinates"":[]}"
20080206,2008-02-06,0.013870774203685723,"{""type"":""MultiPoint"",""coordinates"":[]}"
20080207,2008-02-07,0.013008789366189641,"{""type"":""MultiPoint"",""coordinates"":[]}"
20080208,2008-02-08,0.005312866221628796,"{""type"":""MultiPoint"",""coordinates"":[]}"
20080209,2008-02-09,0.0017645023143938769,"{""type"":""MultiPoint"",""coordinates"":[]}"
20080210,2008-02-10,0.004541167305864303,"{""type"":""MultiPoint"",""coordinates"":[]}"
20080211,2008-02-11,0.006169513939400316,"{""type"":""MultiPoint"",""coordinates"":[]}"
20080212,2008-02-12,0.0070938989486184,"{""type"":""MultiPoint"",""coordinates"":[]}"
20080213,2008-02-13,0.001026798256277235,"{""type"":""MultiPoint"",""coordinates"":[]}"
20080214,2008-02-14,0.0016338070785232317,"{""type"":""MultiPoint"",""coordinates"":[]}"
20080215,2008-02-15,0.0018266493271560105,"{""type"":""MultiPoint"",""coordinates"":[]}"
20080216,2008-02-16,0.002515980198510146,"{""type"":""MultiPoint"",""coordinates"":[]}"
20080217,2008-02-17,0.0074579429990954274,"{""type"":""MultiPoint"",""coordinates"":[]}"
20080218,2008-02-18,0.011997210730088729,"{""type"":""MultiPoint"",""coordinates"":[]}"
20080219,2008-02-19,0.012423256604010766,"{""type"":""MultiPoint"",""coordinates"":[]}"
20080220,2008-02-20,0.01740024695587581,"{""type"":""MultiPoint"",""coordinates"":[]}"
20080221,2008-02-21,0.020217650992412413,"{""type"":""MultiPoint"",""coordinates"":[]}"
20080222,2008-02-22,0.0060040717292209585,"{""type"":""MultiPoint"",""coordinates"":[]}"
20080223,2008-02-23,0.002123823594348643,"{""type"":""MultiPoint"",""coordinates"":[]}"
20080224,2008-02-24,0.0011176686849900645,"{""type"":""MultiPoint"",""coordinates"":[]}"
20080225,2008-02-25,0.009509943541188266,"{""type"":""MultiPoint"",""coordinates"":[]}"
20080226,2008-02-26,0.0016113047787905902,"{""type"":""MultiPoint"",""coordinates"":[]}"
20080227,2008-02-27,0.002861371076893423,"{""type"":""MultiPoint"",""coordinates"":[]}"
20080228,2008-02-28,0.004726068808233175,"{""type"":""MultiPoint"",""coordinates"":[]}"
20080229,2008-02-29,9.299016477057645E-4,"{""type"":""MultiPoint"",""coordinates"":[]}"
20080301,2008-03-01,0.0013527945327027095,"{""type"":""MultiPoint"",""coordinates"":[]}"
20080302,2008-03-02,4.4265174263128905E-4,"{""type"":""MultiPoint"",""coordinates"":[]}"
20080303,2008-03-03,0.007558598008253266,"{""type"":""MultiPoint"",""coordinates"":[]}"
20080304,2008-03-04,0.008683385678173752,"{""type"":""MultiPoint"",""coordinates"":[]}"
20080305,2008-03-05,0.0017424896141258884,"{""type"":""MultiPoint"",""coordinates"":[]}"
20080306,2008-03-06,5.134242000778525E-4,"{""type"":""MultiPoint"",""coordinates"":[]}"
20080307,2008-03-07,0.0011314051570988307,"{""type"":""MultiPoint"",""coordinates"":[]}"
20080308,2008-03-08,0.007616078547635479,"{""type"":""MultiPoint"",""coordinates"":[]}"
20080309,2008-03-09,0.016166164369480075,"{""type"":""MultiPoint"",""coordinates"":[]}"
20080310,2008-03-10,0.014177163961211959,"{""type"":""MultiPoint"",""coordinates"":[]}"
20080311,2008-03-11,0.011230247173559308,"{""type"":""MultiPoint"",""coordinates"":[]}"
20080312,2008-03-12,0.012871456603402293,"{""type"":""MultiPoint"",""coordinates"":[]}"
20080313,2008-03-13,0.002329374106696828,"{""type"":""MultiPoint"",""coordinates"":[]}"
20080314,2008-03-14,4.464091781203188E-4,"{""type"":""MultiPoint"",""coordinates"":[]}"
20080315,2008-03-15,7.996912394582145E-4,"{""type"":""MultiPoint"",""coordinates"":[]}"
20080316,2008-03-16,6.861742521981496E-4,"{""type"":""MultiPoint"",""coordinates"":[]}"
20080317,2008-03-17,0.0011731551484801277,"{""type"":""MultiPoint"",""coordinates"":[]}"
20080318,2008-03-18,0.0010803913386157407,"{""type"":""MultiPoint"",""coordinates"":[]}"
20080319,2008-03-19,8.121241269798807E-4,"{""type"":""MultiPoint"",""coordinates"":[]}"
20080320,2008-03-20,0.0014298438109043455,"{""type"":""MultiPoint"",""coordinates"":[]}"
20080321,2008-03-21,0.0030860535689246032,"{""type"":""MultiPoint"",""coordinates"":[]}"
20080322,2008-03-22,0.0013209444338514093,"{""type"":""MultiPoint"",""coordinates"":[]}"
20080323,2008-03-23,0.001425908765377948,"{""type"":""MultiPoint"",""coordinates"":[]}"
20080324,2008-03-24,0.004078666265957702,"{""type"":""MultiPoint"",""coordinates"":[]}"
20080325,2008-03-25,8.284951798855832E-4,"{""type"":""MultiPoint"",""coordinates"":[]}"
20080326,2008-03-26,3.950813015735305E-4,"{""type"":""MultiPoint"",""coordinates"":[]}"
20080327,2008-03-27,0.0012154307504139742,"{""type"":""MultiPoint"",""coordinates"":[]}"
20080328,2008-03-28,2.785173372237157E-4,"{""type"":""MultiPoint"",""coordinates"":[]}"
20080329,2008-03-29,8.486907500446886E-4,"{""type"":""MultiPoint"",""coordinates"":[]}"
20080330,2008-03-30,9.631950473206202E-4,"{""type"":""MultiPoint"",""coordinates"":[]}"
20080331,2008-03-31,5.354430204624344E-4,"{""type"":""MultiPoint"",""coordinates"":[]}"
20080401,2008-04-01,7.645417925610437E-4,"{""type"":""MultiPoint"",""coordinates"":[]}"
20080402,2008-04-02,0.0018372967784094868,"{""type"":""MultiPoint"",""coordinates"":[]}"
20080403,2008-04-03,0.0027702951383789714,"{""type"":""MultiPoint"",""coordinates"":[]}"
20080404,2008-04-04,0.0016729827962088297,"{""type"":""MultiPoint"",""coordinates"":[]}"
20080405,2008-04-05,0.001166409808967899,"{""type"":""MultiPoint"",""coordinates"":[]}"
20080406,2008-04-06,7.428034305467253E-4,"{""type"":""MultiPoint"",""coordinates"":[]}"
20080407,2008-04-07,0.0013886129936472515,"{""type"":""MultiPoint"",""coordinates"":[]}"
20080408,2008-04-08,0.00160049252279178,"{""type"":""MultiPoint"",""coordinates"":[]}"
20080409,2008-04-09,0.005975562148786664,"{""type"":""MultiPoint"",""coordinates"":[]}"
20080410,2008-04-10,0.015037167528774651,"{""type"":""MultiPoint"",""coordinates"":[]}"
20080411,2008-04-11,0.01916226626043178,"{""type"":""MultiPoint"",""coordinates"":[]}"
20080412,2008-04-12,0.014387734582621199,"{""type"":""MultiPoint"",""coordinates"":[]}"
20080413,2008-04-13,0.014720387088360905,"{""type"":""MultiPoint"",""coordinates"":[]}"
20080414,2008-04-14,0.002086875991899754,"{""type"":""MultiPoint"",""coordinates"":[]}"
20080415,2008-04-15,0.0024704642159110515,"{""type"":""MultiPoint"",""coordinates"":[]}"
20080416,2008-04-16,0.005263278467640464,"{""type"":""MultiPoint"",""coordinates"":[]}"
20080417,2008-04-17,0.007570100669042496,"{""type"":""MultiPoint"",""coordinates"":[]}"
20080418,2008-04-18,0.003943466498790682,"{""type"":""MultiPoint"",""coordinates"":[]}"
20080419,2008-04-19,0.0021239193801921687,"{""type"":""MultiPoint"",""coordinates"":[]}"
20080420,2008-04-20,0.005419558335646665,"{""type"":""MultiPoint"",""coordinates"":[]}"
20080421,2008-04-21,0.009521399728761414,"{""type"":""MultiPoint"",""coordinates"":[]}"
20080422,2008-04-22,0.01638066087255126,"{""type"":""MultiPoint"",""coordinates"":[]}"
20080423,2008-04-23,0.007361470452977939,"{""type"":""MultiPoint"",""coordinates"":[]}"
20080424,2008-04-24,0.0068811758867239545,"{""type"":""MultiPoint"",""coordinates"":[]}"
20080425,2008-04-25,0.0021654136384433365,"{""type"":""MultiPoint"",""coordinates"":[]}"
20080426,2008-04-26,0.0015935726491306903,"{""type"":""MultiPoint"",""coordinates"":[]}"
20080427,2008-04-27,0.0016391483934765066,"{""type"":""MultiPoint"",""coordinates"":[]}"
20080428,2008-04-28,0.0022472134919832966,"{""type"":""MultiPoint"",""coordinates"":[]}"
20080429,2008-04-29,0.002423742643435101,"{""type"":""MultiPoint"",""coordinates"":[]}"
20080430,2008-04-30,0.0019372039644913503,"{""type"":""MultiPoint"",""coordinates"":[]}"
20080501,2008-05-01,0.001470961850856883,"{""type"":""MultiPoint"",""coordinates"":[]}"
20080502,2008-05-02,0.002040178756159552,"{""type"":""MultiPoint"",""coordinates"":[]}"
20080503,2008-05-03,0.004989321396223944,"{""type"":""MultiPoint"",""coordinates"":[]}"
20080504,2008-05-04,0.0074875525174047134,"{""type"":""MultiPoint"",""coordinates"":[]}"
20080505,2008-05-05,0.008399656308474033,"{""type"":""MultiPoint"",""coordinates"":[]}"
20080506,2008-05-06,0.002345460243162606,"{""type"":""MultiPoint"",""coordinates"":[]}"
20080507,2008-05-07,0.0020973645354131695,"{""type"":""MultiPoint"",""coordinates"":[]}"
20080508,2008-05-08,0.0011245768168969958,"{""type"":""MultiPoint"",""coordinates"":[]}"
20080509,2008-05-09,0.0018191455344625572,"{""type"":""MultiPoint"",""coordinates"":[]}"
20080510,2008-05-10,0.004140785356170089,"{""type"":""MultiPoint"",""coordinates"":[]}"
20080511,2008-05-11,0.001798587638715162,"{""type"":""MultiPoint"",""coordinates"":[]}"
20080512,2008-05-12,0.018969296379824033,"{""type"":""MultiPoint"",""coordinates"":[]}"
20080513,2008-05-13,0.037614900267608185,"{""type"":""MultiPoint"",""coordinates"":[]}"
20080514,2008-05-14,0.01940580737576855,"{""type"":""MultiPoint"",""coordinates"":[]}"
20080515,2008-05-15,0.020857660092858797,"{""type"":""MultiPoint"",""coordinates"":[]}"
20080516,2008-05-16,0.009542850249770451,"{""type"":""MultiPoint"",""coordinates"":[]}"
20080517,2008-05-17,0.014309711928842754,"{""type"":""MultiPoint"",""coordinates"":[]}"
20080518,2008-05-18,0.007362516280682626,"{""type"":""MultiPoint"",""coordinates"":[]}"
20080519,2008-05-19,0.019196397497951937,"{""type"":""MultiPoint"",""coordinates"":[]}"
20080520,2008-05-20,0.1088938767157265,"{""type"":""MultiPoint"",""coordinates"":[]}"
20080521,2008-05-21,0.032160127834647854,"{""type"":""MultiPoint"",""coordinates"":[]}"
20080522,2008-05-22,0.010152174795369185,"{""type"":""MultiPoint"",""coordinates"":[]}"
20080523,2008-05-23,0.014866746107926106,"{""type"":""MultiPoint"",""coordinates"":[]}"
20080524,2008-05-24,0.005306180475721377,"{""type"":""MultiPoint"",""coordinates"":[]}"
20080525,2008-05-25,0.012427435615874062,"{""type"":""MultiPoint"",""coordinates"":[]}"
20080526,2008-05-26,0.0023299566633670273,"{""type"":""MultiPoint"",""coordinates"":[]}"
20080527,2008-05-27,0.005009575769417511,"{""type"":""MultiPoint"",""coordinates"":[]}"
20080528,2008-05-28,0.003223172044617577,"{""type"":""MultiPoint"",""coordinates"":[]}"
20080529,2008-05-29,0.0019212218196205501,"{""type"":""MultiPoint"",""coordinates"":[]}"
20080530,2008-05-30,0.0109230638940208,"{""type"":""MultiPoint"",""coordinates"":[]}"
20080531,2008-05-31,0.02052191779272513,"{""type"":""MultiPoint"",""coordinates"":[]}"
20080601,2008-06-01,0.010383287580559432,"{""type"":""MultiPoint"",""coordinates"":[]}"
20080602,2008-06-02,0.01295655913025108,"{""type"":""MultiPoint"",""coordinates"":[]}"
20080603,2008-06-03,0.0037182009554619293,"{""type"":""MultiPoint"",""coordinates"":[]}"
20080604,2008-06-04,0.001769822437881502,"{""type"":""MultiPoint"",""coordinates"":[]}"
20080605,2008-06-05,0.0015631523349988275,"{""type"":""MultiPoint"",""coordinates"":[]}"
20080606,2008-06-06,0.0019587170017647468,"{""type"":""MultiPoint"",""coordinates"":[]}"
20080607,2008-06-07,0.005334434312838862,"{""type"":""MultiPoint"",""coordinates"":[]}"
20080608,2008-06-08,0.012850900932435102,"{""type"":""MultiPoint"",""coordinates"":[]}"
20080609,2008-06-09,0.006943879919396309,"{""type"":""MultiPoint"",""coordinates"":[]}"
20080610,2008-06-10,0.012310247154685917,"{""type"":""MultiPoint"",""coordinates"":[]}"
20080611,2008-06-11,0.016283942140799427,"{""type"":""MultiPoint"",""coordinates"":[]}"
20080612,2008-06-12,0.008137149158566444,"{""type"":""MultiPoint"",""coordinates"":[]}"
20080613,2008-06-13,0.00411666650673514,"{""type"":""MultiPoint"",""coordinates"":[]}"
20080614,2008-06-14,0.0019024364655535974,"{""type"":""MultiPoint"",""coordinates"":[]}"
20080615,2008-06-15,0.001404794748429442,"{""type"":""MultiPoint"",""coordinates"":[]}"
20080616,2008-06-16,0.026298815366755067,"{""type"":""MultiPoint"",""coordinates"":[]}"
20080617,2008-06-17,0.04448737952162227,"{""type"":""MultiPoint"",""coordinates"":[]}"
20080618,2008-06-18,0.0119915301687539,"{""type"":""MultiPoint"",""coordinates"":[]}"
20080619,2008-06-19,0.012103769570749717,"{""type"":""MultiPoint"",""coordinates"":[]}"
20080620,2008-06-20,0.010192597756582815,"{""type"":""MultiPoint"",""coordinates"":[]}"
20080621,2008-06-21,0.005055536249061468,"{""type"":""MultiPoint"",""coordinates"":[]}"
20080622,2008-06-22,0.0149940323893548,"{""type"":""MultiPoint"",""coordinates"":[]}"
20080623,2008-06-23,0.018152496374243966,"{""type"":""MultiPoint"",""coordinates"":[]}"
20080624,2008-06-24,0.017159626265071407,"{""type"":""MultiPoint"",""coordinates"":[]}"
20080625,2008-06-25,0.01655618336950572,"{""type"":""MultiPoint"",""coordinates"":[]}"
20080626,2008-06-26,0.015438592448299782,"{""type"":""MultiPoint"",""coordinates"":[]}"
20080627,2008-06-27,0.009443395623966566,"{""type"":""MultiPoint"",""coordinates"":[]}"
20080628,2008-06-28,0.011122034252074395,"{""type"":""MultiPoint"",""coordinates"":[]}"
20080629,2008-06-29,0.00854711797651319,"{""type"":""MultiPoint"",""coordinates"":[]}"
20080630,2008-06-30,0.008526373925976362,"{""type"":""MultiPoint"",""coordinates"":[]}"
20080701,2008-07-01,0.004359190497940825,"{""type"":""MultiPoint"",""coordinates"":[]}"
20080702,2008-07-02,0.006382648169024323,"{""type"":""MultiPoint"",""coordinates"":[]}"
20080703,2008-07-03,0.013469874686619544,"{""type"":""MultiPoint"",""coordinates"":[]}"
20080704,2008-07-04,0.00275916200062895,"{""type"":""MultiPoint"",""coordinates"":[]}"
20080705,2008-07-05,2.9338964985345617E-4,"{""type"":""MultiPoint"",""coordinates"":[]}"
20080706,2008-07-06,0.0021266865478628758,"{""type"":""MultiPoint"",""coordinates"":[]}"
20080707,2008-07-07,0.008325980584003693,"{""type"":""MultiPoint"",""coordinates"":[]}"
20080708,2008-07-08,0.004465558267558562,"{""type"":""MultiPoint"",""coordinates"":[]}"
20080709,2008-07-09,0.0151837028108908,"{""type"":""MultiPoint"",""coordinates"":[]}"
20080710,2008-07-10,0.005911427920239236,"{""type"":""MultiPoint"",""coordinates"":[]}"
20080711,2008-07-11,0.010648433262839107,"{""type"":""MultiPoint"",""coordinates"":[]}"
20080712,2008-07-12,0.016440979272339406,"{""type"":""MultiPoint"",""coordinates"":[]}"
20080713,2008-07-13,0.006780677380950603,"{""type"":""MultiPoint"",""coordinates"":[]}"
20080714,2008-07-14,0.017228862555951262,"{""type"":""MultiPoint"",""coordinates"":[]}"
20080715,2008-07-15,0.009036219126275172,"{""type"":""MultiPoint"",""coordinates"":[]}"
20080716,2008-07-16,0.023709058496897806,"{""type"":""MultiPoint"",""coordinates"":[]}"
20080717,2008-07-17,0.015017482131687852,"{""type"":""MultiPoint"",""coordinates"":[]}"
20080718,2008-07-18,0.013577364049364726,"{""type"":""MultiPoint"",""coordinates"":[]}"
20080719,2008-07-19,0.008715419040596886,"{""type"":""MultiPoint"",""coordinates"":[]}"
20080720,2008-07-20,0.005414568633333073,"{""type"":""MultiPoint"",""coordinates"":[]}"
20080721,2008-07-21,0.008752662752389485,"{""type"":""MultiPoint"",""coordinates"":[]}"
20080722,2008-07-22,0.006744120395132769,"{""type"":""MultiPoint"",""coordinates"":[]}"
20080723,2008-07-23,0.004431248263444048,"{""type"":""MultiPoint"",""coordinates"":[]}"
20080724,2008-07-24,0.009200185237666855,"{""type"":""MultiPoint"",""coordinates"":[]}"
20080725,2008-07-25,0.012899071278300166,"{""type"":""MultiPoint"",""coordinates"":[]}"
20080726,2008-07-26,0.004140098316443689,"{""type"":""MultiPoint"",""coordinates"":[]}"
20080727,2008-07-27,0.004219795775722581,"{""type"":""MultiPoint"",""coordinates"":[]}"
20080728,2008-07-28,0.005114087542921941,"{""type"":""MultiPoint"",""coordinates"":[]}"
20080729,2008-07-29,0.014197613301194017,"{""type"":""MultiPoint"",""coordinates"":[]}"
20080730,2008-07-30,0.0033849827962386995,"{""type"":""MultiPoint"",""coordinates"":[]}"
20080731,2008-07-31,0.008432869868500495,"{""type"":""MultiPoint"",""coordinates"":[]}"
20080801,2008-08-01,0.00519604966622435,"{""type"":""MultiPoint"",""coordinates"":[]}"
20080802,2008-08-02,0.0017171000470959821,"{""type"":""MultiPoint"",""coordinates"":[]}"
20080803,2008-08-03,6.427778255150294E-4,"{""type"":""MultiPoint"",""coordinates"":[]}"
20080804,2008-08-04,0.0031914979014905642,"{""type"":""MultiPoint"",""coordinates"":[]}"
20080805,2008-08-05,0.0028498919014032986,"{""type"":""MultiPoint"",""coordinates"":[]}"
20080806,2008-08-06,5.722994005911162E-4,"{""type"":""MultiPoint"",""coordinates"":[]}"
20080807,2008-08-07,0.0027685273919729435,"{""type"":""MultiPoint"",""coordinates"":[]}"
20080808,2008-08-08,0.004729369199654171,"{""type"":""MultiPoint"",""coordinates"":[]}"
20080809,2008-08-09,0.003217271282762682,"{""type"":""MultiPoint"",""coordinates"":[]}"
20080810,2008-08-10,0.0024290988740380765,"{""type"":""MultiPoint"",""coordinates"":[]}"
20080811,2008-08-11,0.004914274841116825,"{""type"":""MultiPoint"",""coordinates"":[]}"
20080812,2008-08-12,0.00778691879894369,"{""type"":""MultiPoint"",""coordinates"":[]}"
20080813,2008-08-13,0.00427893876918756,"{""type"":""MultiPoint"",""coordinates"":[]}"
20080814,2008-08-14,0.0055646564875533565,"{""type"":""MultiPoint"",""coordinates"":[]}"
20080815,2008-08-15,0.005452251829243222,"{""type"":""MultiPoint"",""coordinates"":[]}"
20080816,2008-08-16,0.007796384169829969,"{""type"":""MultiPoint"",""coordinates"":[]}"
20080817,2008-08-17,0.0014634037474033847,"{""type"":""MultiPoint"",""coordinates"":[]}"
20080818,2008-08-18,0.003480465356247892,"{""type"":""MultiPoint"",""coordinates"":[]}"
20080819,2008-08-19,0.008215892983578813,"{""type"":""MultiPoint"",""coordinates"":[]}"
20080820,2008-08-20,0.014084440682634078,"{""type"":""MultiPoint"",""coordinates"":[]}"
20080821,2008-08-21,0.00827905211476138,"{""type"":""MultiPoint"",""coordinates"":[]}"
20080822,2008-08-22,0.008719311796290631,"{""type"":""MultiPoint"",""coordinates"":[]}"
20080823,2008-08-23,0.009280465095860843,"{""type"":""MultiPoint"",""coordinates"":[]}"
20080824,2008-08-24,0.003920306072241572,"{""type"":""MultiPoint"",""coordinates"":[]}"
20080825,2008-08-25,0.011680582558146076,"{""type"":""MultiPoint"",""coordinates"":[]}"
20080826,2008-08-26,0.008427978776216143,"{""type"":""MultiPoint"",""coordinates"":[]}"
20080827,2008-08-27,0.00616025578295582,"{""type"":""MultiPoint"",""coordinates"":[]}"
20080828,2008-08-28,0.0020482456714116864,"{""type"":""MultiPoint"",""coordinates"":[]}"
20080829,2008-08-29,2.1148413414341123E-4,"{""type"":""MultiPoint"",""coordinates"":[]}"
20080830,2008-08-30,5.129204760510726E-4,"{""type"":""MultiPoint"",""coordinates"":[]}"
20080831,2008-08-31,5.012077522558648E-4,"{""type"":""MultiPoint"",""coordinates"":[]}"
20080901,2008-09-01,2.0980527313997246E-6,"{""type"":""MultiPoint"",""coordinates"":[]}"
20080902,2008-09-02,1.6078469271670677E-4,"{""type"":""MultiPoint"",""coordinates"":[]}"
20080903,2008-09-03,4.5926263740725566E-4,"{""type"":""MultiPoint"",""coordinates"":[]}"
20080904,2008-09-04,6.688441583715216E-4,"{""type"":""MultiPoint"",""coordinates"":[]}"
20080905,2008-09-05,4.182421892745176E-4,"{""type"":""MultiPoint"",""coordinates"":[]}"
20080906,2008-09-06,3.437926084925583E-4,"{""type"":""MultiPoint"",""coordinates"":[]}"
20080907,2008-09-07,3.268762223509367E-4,"{""type"":""MultiPoint"",""coordinates"":[]}"
20080908,2008-09-08,6.485666697108957E-4,"{""type"":""MultiPoint"",""coordinates"":[]}"
20080909,2008-09-09,0.002609355691047955,"{""type"":""MultiPoint"",""coordinates"":[]}"
20080910,2008-09-10,0.007679525998588742,"{""type"":""MultiPoint"",""coordinates"":[]}"
20080911,2008-09-11,0.013224997975968864,"{""type"":""MultiPoint"",""coordinates"":[]}"
20080912,2008-09-12,0.004429636778828706,"{""type"":""MultiPoint"",""coordinates"":[]}"
20080913,2008-09-13,0.0051181805906174915,"{""type"":""MultiPoint"",""coordinates"":[]}"
20080914,2008-09-14,6.133039884473562E-4,"{""type"":""MultiPoint"",""coordinates"":[]}"
20080915,2008-09-15,0.001481518597170108,"{""type"":""MultiPoint"",""coordinates"":[]}"
20080916,2008-09-16,0.0034441734670949357,"{""type"":""MultiPoint"",""coordinates"":[]}"
20080917,2008-09-17,0.0062900759146100925,"{""type"":""MultiPoint"",""coordinates"":[]}"
20080918,2008-09-18,0.004204190838919504,"{""type"":""MultiPoint"",""coordinates"":[]}"
20080919,2008-09-19,0.00838631742547144,"{""type"":""MultiPoint"",""coordinates"":[]}"
20080920,2008-09-20,3.364569655962354E-4,"{""type"":""MultiPoint"",""coordinates"":[]}"
20080921,2008-09-21,0.0014204220751119249,"{""type"":""MultiPoint"",""coordinates"":[]}"
20080922,2008-09-22,0.004005558558016179,"{""type"":""MultiPoint"",""coordinates"":[]}"
20080923,2008-09-23,0.00652189612030026,"{""type"":""MultiPoint"",""coordinates"":[]}"
20080924,2008-09-24,0.01198943337788979,"{""type"":""MultiPoint"",""coordinates"":[]}"
20080925,2008-09-25,0.004552916593894636,"{""type"":""MultiPoint"",""coordinates"":[]}"
20080926,2008-09-26,0.0017834591795582802,"{""type"":""MultiPoint"",""coordinates"":[]}"
20080927,2008-09-27,0.001282359816301734,"{""type"":""MultiPoint"",""coordinates"":[]}"
20080928,2008-09-28,0.0016209873050368145,"{""type"":""MultiPoint"",""coordinates"":[]}"
20080929,2008-09-29,8.029052626538608E-4,"{""type"":""MultiPoint"",""coordinates"":[]}"
20080930,2008-09-30,5.871102840276216E-4,"{""type"":""MultiPoint"",""coordinates"":[]}"
20081001,2008-10-01,0.002672491589742797,"{""type"":""MultiPoint"",""coordinates"":[]}"
20081002,2008-10-02,0.011568642058819042,"{""type"":""MultiPoint"",""coordinates"":[]}"
20081003,2008-10-03,0.004308609397631844,"{""type"":""MultiPoint"",""coordinates"":[]}"
20081004,2008-10-04,0.002738692196795434,"{""type"":""MultiPoint"",""coordinates"":[]}"
20081005,2008-10-05,0.001896529698147979,"{""type"":""MultiPoint"",""coordinates"":[]}"
20081006,2008-10-06,4.323118369181946E-4,"{""type"":""MultiPoint"",""coordinates"":[]}"
20081007,2008-10-07,0.006949451123745525,"{""type"":""MultiPoint"",""coordinates"":[]}"
20081008,2008-10-08,0.009527666501837844,"{""type"":""MultiPoint"",""coordinates"":[]}"
20081009,2008-10-09,0.01592741123488551,"{""type"":""MultiPoint"",""coordinates"":[]}"
20081010,2008-10-10,0.002456693092322918,"{""type"":""MultiPoint"",""coordinates"":[]}"
20081011,2008-10-11,5.493690421268365E-4,"{""type"":""MultiPoint"",""coordinates"":[]}"
20081012,2008-10-12,5.576915551727389E-4,"{""type"":""MultiPoint"",""coordinates"":[]}"
20081013,2008-10-13,4.412684275562379E-4,"{""type"":""MultiPoint"",""coordinates"":[]}"
20081014,2008-10-14,2.5233935896683355E-4,"{""type"":""MultiPoint"",""coordinates"":[]}"
20081015,2008-10-15,5.282982809611409E-4,"{""type"":""MultiPoint"",""coordinates"":[]}"
20081016,2008-10-16,9.043573067729993E-4,"{""type"":""MultiPoint"",""coordinates"":[]}"
20081017,2008-10-17,0.0036190013332379183,"{""type"":""MultiPoint"",""coordinates"":[]}"
20081018,2008-10-18,0.008264993638929916,"{""type"":""MultiPoint"",""coordinates"":[]}"
20081019,2008-10-19,8.755949170073052E-4,"{""type"":""MultiPoint"",""coordinates"":[]}"
20081020,2008-10-20,3.031536851681986E-4,"{""type"":""MultiPoint"",""coordinates"":[]}"
20081021,2008-10-21,2.0279661184272675E-4,"{""type"":""MultiPoint"",""coordinates"":[]}"
20081022,2008-10-22,9.089963989030266E-4,"{""type"":""MultiPoint"",""coordinates"":[]}"
20081023,2008-10-23,0.00212427380182984,"{""type"":""MultiPoint"",""coordinates"":[]}"
20081024,2008-10-24,7.857437249426297E-4,"{""type"":""MultiPoint"",""coordinates"":[]}"
20081025,2008-10-25,1.5121367918029157E-4,"{""type"":""MultiPoint"",""coordinates"":[]}"
20081026,2008-10-26,0.002937531902083275,"{""type"":""MultiPoint"",""coordinates"":[]}"
20081027,2008-10-27,0.0012493300775941664,"{""type"":""MultiPoint"",""coordinates"":[]}"
20081028,2008-10-28,0.002788069529222073,"{""type"":""MultiPoint"",""coordinates"":[]}"
20081029,2008-10-29,0.0026603039971890277,"{""type"":""MultiPoint"",""coordinates"":[]}"
20081030,2008-10-30,0.002335336616943213,"{""type"":""MultiPoint"",""coordinates"":[]}"
20081031,2008-10-31,0.002232253296040427,"{""type"":""MultiPoint"",""coordinates"":[]}"
20081101,2008-11-01,6.34144128641803E-4,"{""type"":""MultiPoint"",""coordinates"":[]}"
20081102,2008-11-02,8.596774200916564E-4,"{""type"":""MultiPoint"",""coordinates"":[]}"
20081103,2008-11-03,1.4433013637500815E-4,"{""type"":""MultiPoint"",""coordinates"":[]}"
20081104,2008-11-04,1.7772530639419658E-4,"{""type"":""MultiPoint"",""coordinates"":[]}"
20081105,2008-11-05,1.1247786812379154E-4,"{""type"":""MultiPoint"",""coordinates"":[]}"
20081106,2008-11-06,0.001091337590740413,"{""type"":""MultiPoint"",""coordinates"":[]}"
20081107,2008-11-07,0.0025426924418248125,"{""type"":""MultiPoint"",""coordinates"":[]}"
20081108,2008-11-08,0.001489958814197418,"{""type"":""MultiPoint"",""coordinates"":[]}"
20081109,2008-11-09,0.004905916391151904,"{""type"":""MultiPoint"",""coordinates"":[]}"
20081110,2008-11-10,0.0019328724907270941,"{""type"":""MultiPoint"",""coordinates"":[]}"
20081111,2008-11-11,0.0026197781220959654,"{""type"":""MultiPoint"",""coordinates"":[]}"
20081112,2008-11-12,0.002275870026453036,"{""type"":""MultiPoint"",""coordinates"":[]}"
20081113,2008-11-13,0.0035748291814083474,"{""type"":""MultiPoint"",""coordinates"":[]}"
20081114,2008-11-14,0.00334353970274525,"{""type"":""MultiPoint"",""coordinates"":[]}"
20081115,2008-11-15,0.004269680722381878,"{""type"":""MultiPoint"",""coordinates"":[]}"
20081116,2008-11-16,0.0028057933934396303,"{""type"":""MultiPoint"",""coordinates"":[]}"
20081117,2008-11-17,0.00280867326577294,"{""type"":""MultiPoint"",""coordinates"":[]}"
20081118,2008-11-18,0.001503115472267026,"{""type"":""MultiPoint"",""coordinates"":[]}"
20081119,2008-11-19,0.0033588197199745386,"{""type"":""MultiPoint"",""coordinates"":[]}"
20081120,2008-11-20,0.0063326500690312326,"{""type"":""MultiPoint"",""coordinates"":[]}"
20081121,2008-11-21,1.9550432443700302E-4,"{""type"":""MultiPoint"",""coordinates"":[]}"
20081122,2008-11-22,0.0047725473702267904,"{""type"":""MultiPoint"",""coordinates"":[]}"
20081123,2008-11-23,0.01125830491325014,"{""type"":""MultiPoint"",""coordinates"":[]}"
20081124,2008-11-24,0.00399408954108691,"{""type"":""MultiPoint"",""coordinates"":[]}"
20081125,2008-11-25,5.01752969619801E-4,"{""type"":""MultiPoint"",""coordinates"":[]}"
20081126,2008-11-26,7.174992629451018E-4,"{""type"":""MultiPoint"",""coordinates"":[]}"
20081127,2008-11-27,0.0016254261630027024,"{""type"":""MultiPoint"",""coordinates"":[]}"
20081128,2008-11-28,6.84448072374672E-4,"{""type"":""MultiPoint"",""coordinates"":[]}"
20081129,2008-11-29,6.220760182581195E-4,"{""type"":""MultiPoint"",""coordinates"":[]}"
20081130,2008-11-30,5.515941111443982E-4,"{""type"":""MultiPoint"",""coordinates"":[]}"
20081201,2008-12-01,0.00946657050335595,"{""type"":""MultiPoint"",""coordinates"":[]}"
20081202,2008-12-02,0.009918006215644525,"{""type"":""MultiPoint"",""coordinates"":[]}"
20081203,2008-12-03,0.0051003844730040625,"{""type"":""MultiPoint"",""coordinates"":[]}"
20081204,2008-12-04,0.0034942299771622276,"{""type"":""MultiPoint"",""coordinates"":[]}"
20081205,2008-12-05,0.009919564640070044,"{""type"":""MultiPoint"",""coordinates"":[]}"
20081206,2008-12-06,0.0019867002726769237,"{""type"":""MultiPoint"",""coordinates"":[]}"
20081207,2008-12-07,0.00783254315959242,"{""type"":""MultiPoint"",""coordinates"":[]}"
20081208,2008-12-08,0.008601909331290958,"{""type"":""MultiPoint"",""coordinates"":[]}"
20081209,2008-12-09,0.007732490031187729,"{""type"":""MultiPoint"",""coordinates"":[]}"
20081210,2008-12-10,0.008271920008618986,"{""type"":""MultiPoint"",""coordinates"":[]}"
20081211,2008-12-11,0.011054499315797313,"{""type"":""MultiPoint"",""coordinates"":[]}"
20081212,2008-12-12,0.015616512404078933,"{""type"":""MultiPoint"",""coordinates"":[]}"
20081213,2008-12-13,0.006117513554489444,"{""type"":""MultiPoint"",""coordinates"":[]}"
20081214,2008-12-14,0.009210054083420467,"{""type"":""MultiPoint"",""coordinates"":[]}"
20081215,2008-12-15,0.004377567830729411,"{""type"":""MultiPoint"",""coordinates"":[]}"
20081216,2008-12-16,0.005566005159154825,"{""type"":""MultiPoint"",""coordinates"":[]}"
20081217,2008-12-17,0.002675920232977653,"{""type"":""MultiPoint"",""coordinates"":[]}"
20081218,2008-12-18,0.015776636412810206,"{""type"":""MultiPoint"",""coordinates"":[]}"
20081219,2008-12-19,0.020191406046511554,"{""type"":""MultiPoint"",""coordinates"":[]}"
20081220,2008-12-20,0.013610353840831372,"{""type"":""MultiPoint"",""coordinates"":[]}"
20081221,2008-12-21,0.0101859427112616,"{""type"":""MultiPoint"",""coordinates"":[]}"
20081222,2008-12-22,0.011873555647749225,"{""type"":""MultiPoint"",""coordinates"":[]}"
20081223,2008-12-23,0.012487492746604142,"{""type"":""MultiPoint"",""coordinates"":[]}"
20081224,2008-12-24,0.015918658966715078,"{""type"":""MultiPoint"",""coordinates"":[]}"
20081225,2008-12-25,0.026641163663720834,"{""type"":""MultiPoint"",""coordinates"":[]}"
20081226,2008-12-26,0.017397358022675755,"{""type"":""MultiPoint"",""coordinates"":[]}"
20081227,2008-12-27,0.010566332176596473,"{""type"":""MultiPoint"",""coordinates"":[]}"
20081228,2008-12-28,0.014277370718921888,"{""type"":""MultiPoint"",""coordinates"":[]}"
20081229,2008-12-29,0.01902765795563674,"{""type"":""MultiPoint"",""coordinates"":[]}"
20081230,2008-12-30,0.01842069036990551,"{""type"":""MultiPoint"",""coordinates"":[]}"
20081231,2008-12-31,0.012304013277770212,"{""type"":""MultiPoint"",""coordinates"":[]}"
20090101,2009-01-01,0.0039323446821281334,"{""type"":""MultiPoint"",""coordinates"":[]}"
20090102,2009-01-02,0.007645221821233667,"{""type"":""MultiPoint"",""coordinates"":[]}"
20090103,2009-01-03,0.013851329013180766,"{""type"":""MultiPoint"",""coordinates"":[]}"
20090104,2009-01-04,0.010654282795176783,"{""type"":""MultiPoint"",""coordinates"":[]}"
20090105,2009-01-05,0.010294988610871109,"{""type"":""MultiPoint"",""coordinates"":[]}"
20090106,2009-01-06,0.020834354959582625,"{""type"":""MultiPoint"",""coordinates"":[]}"
20090107,2009-01-07,0.008983167810878658,"{""type"":""MultiPoint"",""coordinates"":[]}"
20090108,2009-01-08,0.006187507236366631,"{""type"":""MultiPoint"",""coordinates"":[]}"
20090109,2009-01-09,0.014170641402270702,"{""type"":""MultiPoint"",""coordinates"":[]}"
20090110,2009-01-10,0.0032781755721302025,"{""type"":""MultiPoint"",""coordinates"":[]}"
20090111,2009-01-11,0.0024463657037892173,"{""type"":""MultiPoint"",""coordinates"":[]}"
20090112,2009-01-12,0.005006248926383975,"{""type"":""MultiPoint"",""coordinates"":[]}"
20090113,2009-01-13,0.0055778843807171834,"{""type"":""MultiPoint"",""coordinates"":[]}"
20090114,2009-01-14,0.002979790055343041,"{""type"":""MultiPoint"",""coordinates"":[]}"
20090115,2009-01-15,0.007142591376387679,"{""type"":""MultiPoint"",""coordinates"":[]}"
20090116,2009-01-16,0.0019077046079420902,"{""type"":""MultiPoint"",""coordinates"":[]}"
20090117,2009-01-17,0.0016870517318540333,"{""type"":""MultiPoint"",""coordinates"":[]}"
20090118,2009-01-18,0.0019033464705771588,"{""type"":""MultiPoint"",""coordinates"":[]}"
20090119,2009-01-19,0.0038920088436015343,"{""type"":""MultiPoint"",""coordinates"":[]}"
20090120,2009-01-20,0.011131160596794766,"{""type"":""MultiPoint"",""coordinates"":[]}"
20090121,2009-01-21,0.00219313618602274,"{""type"":""MultiPoint"",""coordinates"":[]}"
20090122,2009-01-22,0.0018317187277306329,"{""type"":""MultiPoint"",""coordinates"":[]}"
20090123,2009-01-23,0.003193515027878831,"{""type"":""MultiPoint"",""coordinates"":[]}"
20090124,2009-01-24,0.008937125112773524,"{""type"":""MultiPoint"",""coordinates"":[]}"
20090125,2009-01-25,0.011533081464138522,"{""type"":""MultiPoint"",""coordinates"":[]}"
20090126,2009-01-26,0.043840861033614655,"{""type"":""MultiPoint"",""coordinates"":[]}"
20090127,2009-01-27,0.004639832246631086,"{""type"":""MultiPoint"",""coordinates"":[]}"
20090128,2009-01-28,0.009377085832284774,"{""type"":""MultiPoint"",""coordinates"":[]}"
20090129,2009-01-29,0.005375779584599743,"{""type"":""MultiPoint"",""coordinates"":[]}"
20090130,2009-01-30,0.0013562265311362186,"{""type"":""MultiPoint"",""coordinates"":[]}"
20090131,2009-01-31,0.0014534551067417166,"{""type"":""MultiPoint"",""coordinates"":[]}"
20090201,2009-02-01,0.0029170600522394024,"{""type"":""MultiPoint"",""coordinates"":[]}"
20090202,2009-02-02,0.0016481092974023708,"{""type"":""MultiPoint"",""coordinates"":[]}"
20090203,2009-02-03,0.0010813477019612104,"{""type"":""MultiPoint"",""coordinates"":[]}"
20090204,2009-02-04,0.004273149568322234,"{""type"":""MultiPoint"",""coordinates"":[]}"
20090205,2009-02-05,0.003375808023986341,"{""type"":""MultiPoint"",""coordinates"":[]}"
20090206,2009-02-06,0.0013369388455467758,"{""type"":""MultiPoint"",""coordinates"":[]}"
20090207,2009-02-07,0.010491302950402827,"{""type"":""MultiPoint"",""coordinates"":[]}"
20090208,2009-02-08,0.04498648953615382,"{""type"":""MultiPoint"",""coordinates"":[]}"
20090209,2009-02-09,0.014490039501352584,"{""type"":""MultiPoint"",""coordinates"":[]}"
20090210,2009-02-10,0.004915634161615094,"{""type"":""MultiPoint"",""coordinates"":[]}"
20090211,2009-02-11,9.745007468374068E-4,"{""type"":""MultiPoint"",""coordinates"":[]}"
20090212,2009-02-12,9.25271880612769E-4,"{""type"":""MultiPoint"",""coordinates"":[]}"
20090213,2009-02-13,0.0010767288531497977,"{""type"":""MultiPoint"",""coordinates"":[]}"
20090214,2009-02-14,0.006604992664172189,"{""type"":""MultiPoint"",""coordinates"":[]}"
20090215,2009-02-15,0.016682905642519976,"{""type"":""MultiPoint"",""coordinates"":[]}"
20090216,2009-02-16,0.0037566390209749344,"{""type"":""MultiPoint"",""coordinates"":[]}"
20090217,2009-02-17,0.0019520827864780569,"{""type"":""MultiPoint"",""coordinates"":[]}"
20090218,2009-02-18,3.749637710575862E-4,"{""type"":""MultiPoint"",""coordinates"":[]}"
20090219,2009-02-19,0.0016994388238451648,"{""type"":""MultiPoint"",""coordinates"":[]}"
20090220,2009-02-20,0.003429029947170879,"{""type"":""MultiPoint"",""coordinates"":[]}"
20090221,2009-02-21,8.428221472624032E-4,"{""type"":""MultiPoint"",""coordinates"":[]}"
20090222,2009-02-22,0.0019285965206951611,"{""type"":""MultiPoint"",""coordinates"":[]}"
20090223,2009-02-23,9.309170393200676E-4,"{""type"":""MultiPoint"",""coordinates"":[]}"
20090224,2009-02-24,0.005617401803500013,"{""type"":""MultiPoint"",""coordinates"":[]}"
20090225,2009-02-25,0.004129352419712048,"{""type"":""MultiPoint"",""coordinates"":[]}"
20090226,2009-02-26,0.0012891751729710993,"{""type"":""MultiPoint"",""coordinates"":[]}"
20090227,2009-02-27,0.0022386508172555146,"{""type"":""MultiPoint"",""coordinates"":[]}"
20090228,2009-02-28,0.0076304340524552365,"{""type"":""MultiPoint"",""coordinates"":[]}"
20090301,2009-03-01,0.006250964946971674,"{""type"":""MultiPoint"",""coordinates"":[]}"
20090302,2009-03-02,0.0020020643401046437,"{""type"":""MultiPoint"",""coordinates"":[]}"
20090303,2009-03-03,0.0014243717141741142,"{""type"":""MultiPoint"",""coordinates"":[]}"
20090304,2009-03-04,0.0026729846233799494,"{""type"":""MultiPoint"",""coordinates"":[]}"
20090305,2009-03-05,0.0030161007542770547,"{""type"":""MultiPoint"",""coordinates"":[]}"
20090306,2009-03-06,0.004747366773061985,"{""type"":""MultiPoint"",""coordinates"":[]}"
20090307,2009-03-07,0.007133263803078212,"{""type"":""MultiPoint"",""coordinates"":[]}"
20090308,2009-03-08,0.01597291426938465,"{""type"":""MultiPoint"",""coordinates"":[]}"
20090309,2009-03-09,0.010730761190273391,"{""type"":""MultiPoint"",""coordinates"":[]}"
20090310,2009-03-10,0.009699595866380703,"{""type"":""MultiPoint"",""coordinates"":[]}"
20090311,2009-03-11,0.01488326013553504,"{""type"":""MultiPoint"",""coordinates"":[]}"
20090312,2009-03-12,0.011554580039654481,"{""type"":""MultiPoint"",""coordinates"":[]}"
20090313,2009-03-13,0.00702623592809323,"{""type"":""MultiPoint"",""coordinates"":[]}"
20090314,2009-03-14,0.004367863525285207,"{""type"":""MultiPoint"",""coordinates"":[]}"
20090315,2009-03-15,0.0015838156206791772,"{""type"":""MultiPoint"",""coordinates"":[]}"
20090316,2009-03-16,0.002207347557034428,"{""type"":""MultiPoint"",""coordinates"":[]}"
20090317,2009-03-17,0.0028233005388583463,"{""type"":""MultiPoint"",""coordinates"":[]}"
20090318,2009-03-18,0.0022229437660617117,"{""type"":""MultiPoint"",""coordinates"":[]}"
20090319,2009-03-19,0.0025185788657037522,"{""type"":""MultiPoint"",""coordinates"":[]}"
20090320,2009-03-20,0.010794925763901897,"{""type"":""MultiPoint"",""coordinates"":[]}"
20090321,2009-03-21,0.006463952139992628,"{""type"":""MultiPoint"",""coordinates"":[]}"
20090322,2009-03-22,0.0028893920947840475,"{""type"":""MultiPoint"",""coordinates"":[]}"
20090323,2009-03-23,0.002592435907553882,"{""type"":""MultiPoint"",""coordinates"":[]}"
20090324,2009-03-24,0.0010432163866055189,"{""type"":""MultiPoint"",""coordinates"":[]}"
20090325,2009-03-25,0.0013795023065977545,"{""type"":""MultiPoint"",""coordinates"":[]}"
20090326,2009-03-26,6.986633186856276E-4,"{""type"":""MultiPoint"",""coordinates"":[]}"
20090327,2009-03-27,4.075393997213662E-4,"{""type"":""MultiPoint"",""coordinates"":[]}"
20090328,2009-03-28,0.0016829732327344866,"{""type"":""MultiPoint"",""coordinates"":[]}"
20090329,2009-03-29,0.00331086051215773,"{""type"":""MultiPoint"",""coordinates"":[]}"
20090330,2009-03-30,0.003776686626946766,"{""type"":""MultiPoint"",""coordinates"":[]}"
20090331,2009-03-31,0.01605041071861524,"{""type"":""MultiPoint"",""coordinates"":[]}"
20090401,2009-04-01,0.02846021815524297,"{""type"":""MultiPoint"",""coordinates"":[]}"
20090402,2009-04-02,0.015532830411366659,"{""type"":""MultiPoint"",""coordinates"":[]}"
20090403,2009-04-03,0.016011005941626404,"{""type"":""MultiPoint"",""coordinates"":[]}"
20090404,2009-04-04,0.00576764539174513,"{""type"":""MultiPoint"",""coordinates"":[]}"
20090405,2009-04-05,0.011844946814846723,"{""type"":""MultiPoint"",""coordinates"":[]}"
20090406,2009-04-06,0.009522011352237084,"{""type"":""MultiPoint"",""coordinates"":[]}"
20090407,2009-04-07,0.002007762289897851,"{""type"":""MultiPoint"",""coordinates"":[]}"
20090408,2009-04-08,0.0016292310456386507,"{""type"":""MultiPoint"",""coordinates"":[]}"
20090409,2009-04-09,0.0017137762350557914,"{""type"":""MultiPoint"",""coordinates"":[]}"
20090410,2009-04-10,0.0025623707538205776,"{""type"":""MultiPoint"",""coordinates"":[]}"
20090411,2009-04-11,0.0018743777194096093,"{""type"":""MultiPoint"",""coordinates"":[]}"
20090412,2009-04-12,0.001406986270486139,"{""type"":""MultiPoint"",""coordinates"":[]}"
20090413,2009-04-13,0.003784426217946757,"{""type"":""MultiPoint"",""coordinates"":[]}"
20090414,2009-04-14,0.01010292763492436,"{""type"":""MultiPoint"",""coordinates"":[]}"
20090415,2009-04-15,0.021140796336302347,"{""type"":""MultiPoint"",""coordinates"":[]}"
20090416,2009-04-16,0.012112992263849353,"{""type"":""MultiPoint"",""coordinates"":[]}"
20090417,2009-04-17,0.0057901711718676445,"{""type"":""MultiPoint"",""coordinates"":[]}"
20090418,2009-04-18,0.0011468719162315948,"{""type"":""MultiPoint"",""coordinates"":[]}"
20090419,2009-04-19,0.0017104104876396909,"{""type"":""MultiPoint"",""coordinates"":[]}"
20090420,2009-04-20,0.0018022009352009966,"{""type"":""MultiPoint"",""coordinates"":[]}"
20090421,2009-04-21,0.002229508540000133,"{""type"":""MultiPoint"",""coordinates"":[]}"
20090422,2009-04-22,0.002700958668945064,"{""type"":""MultiPoint"",""coordinates"":[]}"
20090423,2009-04-23,0.002528083009143621,"{""type"":""MultiPoint"",""coordinates"":[]}"
20090424,2009-04-24,0.001104707980838482,"{""type"":""MultiPoint"",""coordinates"":[]}"
20090425,2009-04-25,0.0026487286458450245,"{""type"":""MultiPoint"",""coordinates"":[]}"
20090426,2009-04-26,0.002272643032710504,"{""type"":""MultiPoint"",""coordinates"":[]}"
20090427,2009-04-27,0.0025027966751290836,"{""type"":""MultiPoint"",""coordinates"":[]}"
20090428,2009-04-28,0.0021687730977031396,"{""type"":""MultiPoint"",""coordinates"":[]}"
20090429,2009-04-29,0.001983958076568173,"{""type"":""MultiPoint"",""coordinates"":[]}"
20090430,2009-04-30,0.0016133065163409124,"{""type"":""MultiPoint"",""coordinates"":[]}"
20090501,2009-05-01,4.337664840189493E-4,"{""type"":""MultiPoint"",""coordinates"":[]}"
20090502,2009-05-02,4.4675904899560084E-4,"{""type"":""MultiPoint"",""coordinates"":[]}"
20090503,2009-05-03,6.602624534995899E-4,"{""type"":""MultiPoint"",""coordinates"":[]}"
20090504,2009-05-04,0.0011569744017203383,"{""type"":""MultiPoint"",""coordinates"":[]}"
20090505,2009-05-05,0.0013577104080683333,"{""type"":""MultiPoint"",""coordinates"":[]}"
20090506,2009-05-06,0.002434531658055984,"{""type"":""MultiPoint"",""coordinates"":[]}"
20090507,2009-05-07,0.009585763089725294,"{""type"":""MultiPoint"",""coordinates"":[]}"
20090508,2009-05-08,0.001228779828271178,"{""type"":""MultiPoint"",""coordinates"":[]}"
20090509,2009-05-09,0.0016779307662272123,"{""type"":""MultiPoint"",""coordinates"":[]}"
20090510,2009-05-10,0.0016331984069611818,"{""type"":""MultiPoint"",""coordinates"":[]}"
20090511,2009-05-11,0.0011904475026225537,"{""type"":""MultiPoint"",""coordinates"":[]}"
20090512,2009-05-12,0.0013279357049208109,"{""type"":""MultiPoint"",""coordinates"":[]}"
20090513,2009-05-13,0.0011024077213830483,"{""type"":""MultiPoint"",""coordinates"":[]}"
20090514,2009-05-14,0.001984436001160995,"{""type"":""MultiPoint"",""coordinates"":[]}"
20090515,2009-05-15,0.0015325397183613648,"{""type"":""MultiPoint"",""coordinates"":[]}"
20090516,2009-05-16,0.0010463269980049727,"{""type"":""MultiPoint"",""coordinates"":[]}"
20090517,2009-05-17,3.8427071151985554E-4,"{""type"":""MultiPoint"",""coordinates"":[]}"
20090518,2009-05-18,0.0014078102759616635,"{""type"":""MultiPoint"",""coordinates"":[]}"
20090519,2009-05-19,0.003628586636149814,"{""type"":""MultiPoint"",""coordinates"":[]}"
20090520,2009-05-20,9.546648906302197E-4,"{""type"":""MultiPoint"",""coordinates"":[]}"
20090521,2009-05-21,8.550359302744824E-4,"{""type"":""MultiPoint"",""coordinates"":[]}"
20090522,2009-05-22,0.0017337363271503325,"{""type"":""MultiPoint"",""coordinates"":[]}"
20090523,2009-05-23,4.7798243360690863E-4,"{""type"":""MultiPoint"",""coordinates"":[]}"
20090524,2009-05-24,0.0022626779513192224,"{""type"":""MultiPoint"",""coordinates"":[]}"
20090525,2009-05-25,0.003452017069355701,"{""type"":""MultiPoint"",""coordinates"":[]}"
20090526,2009-05-26,8.715194713592608E-4,"{""type"":""MultiPoint"",""coordinates"":[]}"
20090527,2009-05-27,0.0017443827739503505,"{""type"":""MultiPoint"",""coordinates"":[]}"
20090528,2009-05-28,0.0012194397967016685,"{""type"":""MultiPoint"",""coordinates"":[]}"
20090529,2009-05-29,5.602233244360998E-4,"{""type"":""MultiPoint"",""coordinates"":[]}"
20090530,2009-05-30,0.0021362292032242984,"{""type"":""MultiPoint"",""coordinates"":[]}"
20090531,2009-05-31,0.018146137464939417,"{""type"":""MultiPoint"",""coordinates"":[]}"
20090601,2009-06-01,0.0033120607439668065,"{""type"":""MultiPoint"",""coordinates"":[]}"
20090602,2009-06-02,0.0020934284622061167,"{""type"":""MultiPoint"",""coordinates"":[]}"
20090603,2009-06-03,3.297257988330924E-4,"{""type"":""MultiPoint"",""coordinates"":[]}"
20090604,2009-06-04,7.173358266858096E-4,"{""type"":""MultiPoint"",""coordinates"":[]}"
20090605,2009-06-05,0.0071010320068536905,"{""type"":""MultiPoint"",""coordinates"":[]}"
20090606,2009-06-06,0.015702861852859965,"{""type"":""MultiPoint"",""coordinates"":[]}"
20090607,2009-06-07,0.006273484123828903,"{""type"":""MultiPoint"",""coordinates"":[]}"
20090608,2009-06-08,0.0029984407117876494,"{""type"":""MultiPoint"",""coordinates"":[]}"
20090609,2009-06-09,0.0021772511108688938,"{""type"":""MultiPoint"",""coordinates"":[]}"
20090610,2009-06-10,0.0019591113003629584,"{""type"":""MultiPoint"",""coordinates"":[]}"
20090611,2009-06-11,0.011654418117636265,"{""type"":""MultiPoint"",""coordinates"":[]}"
20090612,2009-06-12,0.006171038274969628,"{""type"":""MultiPoint"",""coordinates"":[]}"
20090613,2009-06-13,0.00794140149454876,"{""type"":""MultiPoint"",""coordinates"":[]}"
20090614,2009-06-14,0.007900274993500942,"{""type"":""MultiPoint"",""coordinates"":[]}"
20090615,2009-06-15,0.00462762689259377,"{""type"":""MultiPoint"",""coordinates"":[]}"
20090616,2009-06-16,0.004506107971715979,"{""type"":""MultiPoint"",""coordinates"":[]}"
20090617,2009-06-17,0.005910210985562371,"{""type"":""MultiPoint"",""coordinates"":[]}"
20090618,2009-06-18,0.009222874738840153,"{""type"":""MultiPoint"",""coordinates"":[]}"
20090619,2009-06-19,0.00980153224578533,"{""type"":""MultiPoint"",""coordinates"":[]}"
20090620,2009-06-20,0.013681692671178062,"{""type"":""MultiPoint"",""coordinates"":[]}"
20090621,2009-06-21,0.01999125760659569,"{""type"":""MultiPoint"",""coordinates"":[]}"
20090622,2009-06-22,0.002382117016575297,"{""type"":""MultiPoint"",""coordinates"":[]}"
20090623,2009-06-23,0.009069293784435037,"{""type"":""MultiPoint"",""coordinates"":[]}"
20090624,2009-06-24,0.018787990094429483,"{""type"":""MultiPoint"",""coordinates"":[]}"
20090625,2009-06-25,0.004701042325412886,"{""type"":""MultiPoint"",""coordinates"":[]}"
20090626,2009-06-26,0.005373429551945184,"{""type"":""MultiPoint"",""coordinates"":[]}"
20090627,2009-06-27,0.009055021510829611,"{""type"":""MultiPoint"",""coordinates"":[]}"
20090628,2009-06-28,0.007605088670038958,"{""type"":""MultiPoint"",""coordinates"":[]}"
20090629,2009-06-29,0.006196612562802483,"{""type"":""MultiPoint"",""coordinates"":[]}"
20090630,2009-06-30,0.00863009919211637,"{""type"":""MultiPoint"",""coordinates"":[]}"
20090701,2009-07-01,0.01143410124094442,"{""type"":""MultiPoint"",""coordinates"":[]}"
20090702,2009-07-02,0.0078649794403711,"{""type"":""MultiPoint"",""coordinates"":[]}"
20090703,2009-07-03,0.00523193964267713,"{""type"":""MultiPoint"",""coordinates"":[]}"
20090704,2009-07-04,0.011625405994786833,"{""type"":""MultiPoint"",""coordinates"":[]}"
20090705,2009-07-05,0.009357094349181104,"{""type"":""MultiPoint"",""coordinates"":[]}"
20090706,2009-07-06,0.012754170420699283,"{""type"":""MultiPoint"",""coordinates"":[]}"
20090707,2009-07-07,0.00627883023453838,"{""type"":""MultiPoint"",""coordinates"":[]}"
20090708,2009-07-08,0.0010743818725921297,"{""type"":""MultiPoint"",""coordinates"":[]}"
20090709,2009-07-09,0.0025632316287913246,"{""type"":""MultiPoint"",""coordinates"":[]}"
20090710,2009-07-10,0.01045661189029461,"{""type"":""MultiPoint"",""coordinates"":[]}"
20090711,2009-07-11,0.010426498651552353,"{""type"":""MultiPoint"",""coordinates"":[]}"
20090712,2009-07-12,0.011946502088248696,"{""type"":""MultiPoint"",""coordinates"":[]}"
20090713,2009-07-13,0.009484528610433286,"{""type"":""MultiPoint"",""coordinates"":[]}"
20090714,2009-07-14,0.00846816231900966,"{""type"":""MultiPoint"",""coordinates"":[]}"
20090715,2009-07-15,0.007055157978600782,"{""type"":""MultiPoint"",""coordinates"":[]}"
20090716,2009-07-16,0.006656034839585553,"{""type"":""MultiPoint"",""coordinates"":[]}"
20090717,2009-07-17,0.0030820950658098176,"{""type"":""MultiPoint"",""coordinates"":[]}"
20090718,2009-07-18,0.00514810129384428,"{""type"":""MultiPoint"",""coordinates"":[]}"
20090719,2009-07-19,0.018246885064127458,"{""type"":""MultiPoint"",""coordinates"":[]}"
20090720,2009-07-20,0.0018162467113509659,"{""type"":""MultiPoint"",""coordinates"":[]}"
20090721,2009-07-21,0.008222402186838298,"{""type"":""MultiPoint"",""coordinates"":[]}"
20090722,2009-07-22,0.014090766307967125,"{""type"":""MultiPoint"",""coordinates"":[]}"
20090723,2009-07-23,0.001169467635645314,"{""type"":""MultiPoint"",""coordinates"":[]}"
20090724,2009-07-24,0.0022238460625825783,"{""type"":""MultiPoint"",""coordinates"":[]}"
20090725,2009-07-25,0.0012171085136533958,"{""type"":""MultiPoint"",""coordinates"":[]}"
20090726,2009-07-26,2.270038383381636E-4,"{""type"":""MultiPoint"",""coordinates"":[]}"
20090727,2009-07-27,2.0300843474613158E-4,"{""type"":""MultiPoint"",""coordinates"":[]}"
20090728,2009-07-28,5.297108836093922E-4,"{""type"":""MultiPoint"",""coordinates"":[]}"
20090729,2009-07-29,0.001282080395261468,"{""type"":""MultiPoint"",""coordinates"":[]}"
20090730,2009-07-30,0.0014487364365829817,"{""type"":""MultiPoint"",""coordinates"":[]}"
20090731,2009-07-31,0.0049638239975093425,"{""type"":""MultiPoint"",""coordinates"":[]}"
20090801,2009-08-01,0.004339740631778089,"{""type"":""MultiPoint"",""coordinates"":[]}"
20090802,2009-08-02,0.003998171442502277,"{""type"":""MultiPoint"",""coordinates"":[]}"
20090803,2009-08-03,0.0012112697691106038,"{""type"":""MultiPoint"",""coordinates"":[]}"
20090804,2009-08-04,4.4941596986544495E-4,"{""type"":""MultiPoint"",""coordinates"":[]}"
20090805,2009-08-05,5.58837694509159E-4,"{""type"":""MultiPoint"",""coordinates"":[]}"
20090806,2009-08-06,0.005463296134112199,"{""type"":""MultiPoint"",""coordinates"":[]}"
20090807,2009-08-07,0.01642717705215405,"{""type"":""MultiPoint"",""coordinates"":[]}"
20090808,2009-08-08,0.0032606420819960747,"{""type"":""MultiPoint"",""coordinates"":[]}"
20090809,2009-08-09,0.004287630614807101,"{""type"":""MultiPoint"",""coordinates"":[]}"
20090810,2009-08-10,0.004582242444514932,"{""type"":""MultiPoint"",""coordinates"":[]}"
20090811,2009-08-11,0.004622221205347581,"{""type"":""MultiPoint"",""coordinates"":[]}"
20090812,2009-08-12,0.004287116716568499,"{""type"":""MultiPoint"",""coordinates"":[]}"
20090813,2009-08-13,0.0021030945892890865,"{""type"":""MultiPoint"",""coordinates"":[]}"
20090814,2009-08-14,0.0011245284006966086,"{""type"":""MultiPoint"",""coordinates"":[]}"
20090815,2009-08-15,6.926017506485809E-4,"{""type"":""MultiPoint"",""coordinates"":[]}"
20090816,2009-08-16,0.0014955353744694545,"{""type"":""MultiPoint"",""coordinates"":[]}"
20090817,2009-08-17,7.68182651218657E-4,"{""type"":""MultiPoint"",""coordinates"":[]}"
20090818,2009-08-18,0.0049297703814707985,"{""type"":""MultiPoint"",""coordinates"":[]}"
20090819,2009-08-19,0.00462352852934452,"{""type"":""MultiPoint"",""coordinates"":[]}"
20090820,2009-08-20,2.2000125161907155E-4,"{""type"":""MultiPoint"",""coordinates"":[]}"
20090821,2009-08-21,0.016902936738380704,"{""type"":""MultiPoint"",""coordinates"":[]}"
20090822,2009-08-22,0.0014980242509775284,"{""type"":""MultiPoint"",""coordinates"":[]}"
20090823,2009-08-23,9.910875022596847E-4,"{""type"":""MultiPoint"",""coordinates"":[]}"
20090824,2009-08-24,9.410046678419149E-4,"{""type"":""MultiPoint"",""coordinates"":[]}"
20090825,2009-08-25,7.263144675444227E-4,"{""type"":""MultiPoint"",""coordinates"":[]}"
20090826,2009-08-26,0.004792437173701698,"{""type"":""MultiPoint"",""coordinates"":[]}"
20090827,2009-08-27,0.0017878363583052794,"{""type"":""MultiPoint"",""coordinates"":[]}"
20090828,2009-08-28,0.0018808131808536008,"{""type"":""MultiPoint"",""coordinates"":[]}"
20090829,2009-08-29,1.9526128640706976E-4,"{""type"":""MultiPoint"",""coordinates"":[]}"
20090830,2009-08-30,0.0017136306212716323,"{""type"":""MultiPoint"",""coordinates"":[]}"
20090831,2009-08-31,6.34258973101582E-4,"{""type"":""MultiPoint"",""coordinates"":[]}"
20090901,2009-09-01,7.025250131617895E-5,"{""type"":""MultiPoint"",""coordinates"":[]}"
20090902,2009-09-02,1.7942122509118957E-5,"{""type"":""MultiPoint"",""coordinates"":[]}"
20090903,2009-09-03,1.2322532710545643E-5,"{""type"":""MultiPoint"",""coordinates"":[]}"
20090904,2009-09-04,1.0354140418821553E-4,"{""type"":""MultiPoint"",""coordinates"":[]}"
20090905,2009-09-05,3.065326355429546E-4,"{""type"":""MultiPoint"",""coordinates"":[]}"
20090906,2009-09-06,0.0022442857020881783,"{""type"":""MultiPoint"",""coordinates"":[]}"
20090907,2009-09-07,3.662511891446823E-4,"{""type"":""MultiPoint"",""coordinates"":[]}"
20090908,2009-09-08,1.7992893415162106E-5,"{""type"":""MultiPoint"",""coordinates"":[]}"
20090909,2009-09-09,0.004181942733653775,"{""type"":""MultiPoint"",""coordinates"":[]}"
20090910,2009-09-10,0.008576656036981985,"{""type"":""MultiPoint"",""coordinates"":[]}"
20090911,2009-09-11,0.0032813488176599605,"{""type"":""MultiPoint"",""coordinates"":[]}"
20090912,2009-09-12,0.005836445728964047,"{""type"":""MultiPoint"",""coordinates"":[]}"
20090913,2009-09-13,0.006039790169688115,"{""type"":""MultiPoint"",""coordinates"":[]}"
20090914,2009-09-14,5.433200971133837E-4,"{""type"":""MultiPoint"",""coordinates"":[]}"
20090915,2009-09-15,3.094931965759744E-4,"{""type"":""MultiPoint"",""coordinates"":[]}"
20090916,2009-09-16,0.001353764342298133,"{""type"":""MultiPoint"",""coordinates"":[]}"
20090917,2009-09-17,6.247354846353918E-5,"{""type"":""MultiPoint"",""coordinates"":[]}"
20090918,2009-09-18,3.042868594872333E-4,"{""type"":""MultiPoint"",""coordinates"":[]}"
20090919,2009-09-19,6.353010923926281E-4,"{""type"":""MultiPoint"",""coordinates"":[]}"
20090920,2009-09-20,1.1328025827841252E-4,"{""type"":""MultiPoint"",""coordinates"":[]}"
20090921,2009-09-21,4.656043405141481E-5,"{""type"":""MultiPoint"",""coordinates"":[]}"
20090922,2009-09-22,4.2911320632528803E-4,"{""type"":""MultiPoint"",""coordinates"":[]}"
20090923,2009-09-23,0.0012808707868557944,"{""type"":""MultiPoint"",""coordinates"":[]}"
20090924,2009-09-24,0.0019474029104443542,"{""type"":""MultiPoint"",""coordinates"":[]}"
20090925,2009-09-25,3.4921187562365105E-4,"{""type"":""MultiPoint"",""coordinates"":[]}"
20090926,2009-09-26,0.0018595881175632258,"{""type"":""MultiPoint"",""coordinates"":[]}"
20090927,2009-09-27,3.58651393899911E-5,"{""type"":""MultiPoint"",""coordinates"":[]}"
20090928,2009-09-28,7.522102821608373E-5,"{""type"":""MultiPoint"",""coordinates"":[]}"
20090929,2009-09-29,0.0061454837627668065,"{""type"":""MultiPoint"",""coordinates"":[]}"
20090930,2009-09-30,0.00481068789827384,"{""type"":""MultiPoint"",""coordinates"":[]}"
20091001,2009-10-01,0.0015502964122270546,"{""type"":""MultiPoint"",""coordinates"":[]}"
20091002,2009-10-02,1.1970518218222976E-4,"{""type"":""MultiPoint"",""coordinates"":[]}"
20091003,2009-10-03,3.6613428903662347E-4,"{""type"":""MultiPoint"",""coordinates"":[]}"
20091004,2009-10-04,0.0013436184500054474,"{""type"":""MultiPoint"",""coordinates"":[]}"
20091005,2009-10-05,8.687526178999172E-4,"{""type"":""MultiPoint"",""coordinates"":[]}"
20091006,2009-10-06,9.979353561676172E-5,"{""type"":""MultiPoint"",""coordinates"":[]}"
20091007,2009-10-07,4.975025575100532E-4,"{""type"":""MultiPoint"",""coordinates"":[]}"
20091008,2009-10-08,0.0028897650495643165,"{""type"":""MultiPoint"",""coordinates"":[]}"
20091009,2009-10-09,0.0016834580492571917,"{""type"":""MultiPoint"",""coordinates"":[]}"
20091010,2009-10-10,0.005987993135151542,"{""type"":""MultiPoint"",""coordinates"":[]}"
20091011,2009-10-11,0.006909092645826046,"{""type"":""MultiPoint"",""coordinates"":[]}"
20091012,2009-10-12,0.006065781415287511,"{""type"":""MultiPoint"",""coordinates"":[]}"
20091013,2009-10-13,4.4535147053016683E-4,"{""type"":""MultiPoint"",""coordinates"":[]}"
20091014,2009-10-14,0.0062467093989426545,"{""type"":""MultiPoint"",""coordinates"":[]}"
20091015,2009-10-15,0.0017104067342389893,"{""type"":""MultiPoint"",""coordinates"":[]}"
20091016,2009-10-16,9.840711506112764E-5,"{""type"":""MultiPoint"",""coordinates"":[]}"
20091017,2009-10-17,0.007095142327317975,"{""type"":""MultiPoint"",""coordinates"":[]}"
20091018,2009-10-18,0.0017347804849310886,"{""type"":""MultiPoint"",""coordinates"":[]}"
20091019,2009-10-19,0.005623183831647528,"{""type"":""MultiPoint"",""coordinates"":[]}"
20091020,2009-10-20,0.004378340080507933,"{""type"":""MultiPoint"",""coordinates"":[]}"
20091021,2009-10-21,3.691844758103189E-4,"{""type"":""MultiPoint"",""coordinates"":[]}"
20091022,2009-10-22,1.4436188356259009E-4,"{""type"":""MultiPoint"",""coordinates"":[]}"
20091023,2009-10-23,5.846446411299865E-5,"{""type"":""MultiPoint"",""coordinates"":[]}"
20091024,2009-10-24,0.0010725356161843552,"{""type"":""MultiPoint"",""coordinates"":[]}"
20091025,2009-10-25,0.0033720250106543444,"{""type"":""MultiPoint"",""coordinates"":[]}"
20091026,2009-10-26,0.0037470342401611737,"{""type"":""MultiPoint"",""coordinates"":[]}"
20091027,2009-10-27,0.008059139127123052,"{""type"":""MultiPoint"",""coordinates"":[]}"
20091028,2009-10-28,0.008179360044574091,"{""type"":""MultiPoint"",""coordinates"":[]}"
20091029,2009-10-29,0.012093452658805078,"{""type"":""MultiPoint"",""coordinates"":[]}"
20091030,2009-10-30,0.009103072490400717,"{""type"":""MultiPoint"",""coordinates"":[]}"
20091031,2009-10-31,0.01958923481771531,"{""type"":""MultiPoint"",""coordinates"":[]}"
20091101,2009-11-01,0.009438020157057617,"{""type"":""MultiPoint"",""coordinates"":[]}"
20091102,2009-11-02,3.2556092412990115E-4,"{""type"":""MultiPoint"",""coordinates"":[]}"
20091103,2009-11-03,5.07816026013002E-4,"{""type"":""MultiPoint"",""coordinates"":[]}"
20091104,2009-11-04,8.538186562338131E-5,"{""type"":""MultiPoint"",""coordinates"":[]}"
20091105,2009-11-05,4.7978361172551975E-4,"{""type"":""MultiPoint"",""coordinates"":[]}"
20091106,2009-11-06,4.059061200341086E-5,"{""type"":""MultiPoint"",""coordinates"":[]}"
20091107,2009-11-07,5.024470833857378E-4,"{""type"":""MultiPoint"",""coordinates"":[]}"
20091108,2009-11-08,0.0010799698856287635,"{""type"":""MultiPoint"",""coordinates"":[]}"
20091109,2009-11-09,0.001155929953948265,"{""type"":""MultiPoint"",""coordinates"":[]}"
20091110,2009-11-10,8.926994280317259E-4,"{""type"":""MultiPoint"",""coordinates"":[]}"
20091111,2009-11-11,0.002663287097412168,"{""type"":""MultiPoint"",""coordinates"":[]}"
20091112,2009-11-12,0.0032858967292101276,"{""type"":""MultiPoint"",""coordinates"":[]}"
20091113,2009-11-13,0.006283262024613195,"{""type"":""MultiPoint"",""coordinates"":[]}"
20091114,2009-11-14,0.0012936981898874498,"{""type"":""MultiPoint"",""coordinates"":[]}"
20091115,2009-11-15,0.0024482393960056355,"{""type"":""MultiPoint"",""coordinates"":[]}"
20091116,2009-11-16,4.391845956274592E-4,"{""type"":""MultiPoint"",""coordinates"":[]}"
20091117,2009-11-17,4.859144971160282E-4,"{""type"":""MultiPoint"",""coordinates"":[]}"
20091118,2009-11-18,0.001688491473538297,"{""type"":""MultiPoint"",""coordinates"":[]}"
20091119,2009-11-19,0.0010102194702599865,"{""type"":""MultiPoint"",""coordinates"":[]}"
20091120,2009-11-20,0.0016354574452938386,"{""type"":""MultiPoint"",""coordinates"":[]}"
20091121,2009-11-21,0.005299672675529762,"{""type"":""MultiPoint"",""coordinates"":[]}"
20091122,2009-11-22,0.001816102345651111,"{""type"":""MultiPoint"",""coordinates"":[]}"
20091123,2009-11-23,0.010460186241660766,"{""type"":""MultiPoint"",""coordinates"":[]}"
20091124,2009-11-24,0.0020700737840256204,"{""type"":""MultiPoint"",""coordinates"":[]}"
20091125,2009-11-25,0.00938293911914216,"{""type"":""MultiPoint"",""coordinates"":[]}"
20091126,2009-11-26,0.0029740675602488477,"{""type"":""MultiPoint"",""coordinates"":[]}"
20091127,2009-11-27,3.10875501349141E-4,"{""type"":""MultiPoint"",""coordinates"":[]}"
20091128,2009-11-28,0.002191524463225881,"{""type"":""MultiPoint"",""coordinates"":[]}"
20091129,2009-11-29,0.007010895539934131,"{""type"":""MultiPoint"",""coordinates"":[]}"
20091130,2009-11-30,0.008512794227875547,"{""type"":""MultiPoint"",""coordinates"":[]}"
20091201,2009-12-01,0.00631640380064772,"{""type"":""MultiPoint"",""coordinates"":[]}"
20091202,2009-12-02,0.0026561616739666596,"{""type"":""MultiPoint"",""coordinates"":[]}"
20091203,2009-12-03,0.0014604700778327881,"{""type"":""MultiPoint"",""coordinates"":[]}"
20091204,2009-12-04,0.001577883436715663,"{""type"":""MultiPoint"",""coordinates"":[]}"
20091205,2009-12-05,0.0036249766721406355,"{""type"":""MultiPoint"",""coordinates"":[]}"
20091206,2009-12-06,0.0060089622232256685,"{""type"":""MultiPoint"",""coordinates"":[]}"
20091207,2009-12-07,0.0050352311580861625,"{""type"":""MultiPoint"",""coordinates"":[]}"
20091208,2009-12-08,0.003337751596018959,"{""type"":""MultiPoint"",""coordinates"":[]}"
20091209,2009-12-09,0.0017725854772386862,"{""type"":""MultiPoint"",""coordinates"":[]}"
20091210,2009-12-10,0.011110116977523503,"{""type"":""MultiPoint"",""coordinates"":[]}"
20091211,2009-12-11,0.024700350095348742,"{""type"":""MultiPoint"",""coordinates"":[]}"
20091212,2009-12-12,0.013562362886744993,"{""type"":""MultiPoint"",""coordinates"":[]}"
20091213,2009-12-13,0.0025495873865263694,"{""type"":""MultiPoint"",""coordinates"":[]}"
20091214,2009-12-14,0.001361344740307962,"{""type"":""MultiPoint"",""coordinates"":[]}"
20091215,2009-12-15,0.002856821236505537,"{""type"":""MultiPoint"",""coordinates"":[]}"
20091216,2009-12-16,0.0014595552628500538,"{""type"":""MultiPoint"",""coordinates"":[]}"
20091217,2009-12-17,0.005463385642808567,"{""type"":""MultiPoint"",""coordinates"":[]}"
20091218,2009-12-18,0.0036617557071562195,"{""type"":""MultiPoint"",""coordinates"":[]}"
20091219,2009-12-19,0.008158519706275832,"{""type"":""MultiPoint"",""coordinates"":[]}"
20091220,2009-12-20,0.022347957787511707,"{""type"":""MultiPoint"",""coordinates"":[]}"
20091221,2009-12-21,0.00225064674075669,"{""type"":""MultiPoint"",""coordinates"":[]}"
20091222,2009-12-22,0.018547005232184343,"{""type"":""MultiPoint"",""coordinates"":[]}"
20091223,2009-12-23,0.010240199347459731,"{""type"":""MultiPoint"",""coordinates"":[]}"
20091224,2009-12-24,0.0027031450997225077,"{""type"":""MultiPoint"",""coordinates"":[]}"
20091225,2009-12-25,0.005065585995196842,"{""type"":""MultiPoint"",""coordinates"":[]}"
20091226,2009-12-26,0.0016110630036116067,"{""type"":""MultiPoint"",""coordinates"":[]}"
20091227,2009-12-27,0.0021909720985036807,"{""type"":""MultiPoint"",""coordinates"":[]}"
20091228,2009-12-28,0.0030006828148815934,"{""type"":""MultiPoint"",""coordinates"":[]}"
20091229,2009-12-29,0.0011069439256323798,"{""type"":""MultiPoint"",""coordinates"":[]}"
20091230,2009-12-30,0.0017763810759480261,"{""type"":""MultiPoint"",""coordinates"":[]}"
20091231,2009-12-31,0.0013703218938406246,"{""type"":""MultiPoint"",""coordinates"":[]}"
20100101,2010-01-01,0.0016747964123902774,"{""type"":""MultiPoint"",""coordinates"":[]}"
20100102,2010-01-02,0.0014439657963117335,"{""type"":""MultiPoint"",""coordinates"":[]}"
20100103,2010-01-03,0.003209019873298899,"{""type"":""MultiPoint"",""coordinates"":[]}"
20100104,2010-01-04,0.005363423949528733,"{""type"":""MultiPoint"",""coordinates"":[]}"
20100105,2010-01-05,0.002559755126073617,"{""type"":""MultiPoint"",""coordinates"":[]}"
20100106,2010-01-06,0.002629230529535776,"{""type"":""MultiPoint"",""coordinates"":[]}"
20100107,2010-01-07,7.048779417371466E-4,"{""type"":""MultiPoint"",""coordinates"":[]}"
20100108,2010-01-08,8.593840961163684E-4,"{""type"":""MultiPoint"",""coordinates"":[]}"
20100109,2010-01-09,0.001142320813328536,"{""type"":""MultiPoint"",""coordinates"":[]}"
20100110,2010-01-10,0.0011516693576928538,"{""type"":""MultiPoint"",""coordinates"":[]}"
20100111,2010-01-11,0.002273962670883146,"{""type"":""MultiPoint"",""coordinates"":[]}"
20100112,2010-01-12,0.0022427068266263448,"{""type"":""MultiPoint"",""coordinates"":[]}"
20100113,2010-01-13,0.0019257682899888814,"{""type"":""MultiPoint"",""coordinates"":[]}"
20100114,2010-01-14,0.003525308906145795,"{""type"":""MultiPoint"",""coordinates"":[]}"
20100115,2010-01-15,0.0037291197199222433,"{""type"":""MultiPoint"",""coordinates"":[]}"
20100116,2010-01-16,0.0032351321803508813,"{""type"":""MultiPoint"",""coordinates"":[]}"
20100117,2010-01-17,0.002630603949649072,"{""type"":""MultiPoint"",""coordinates"":[]}"
20100118,2010-01-18,0.0030982419975526397,"{""type"":""MultiPoint"",""coordinates"":[]}"
20100119,2010-01-19,0.0023337940932560003,"{""type"":""MultiPoint"",""coordinates"":[]}"
20100120,2010-01-20,7.348981731592325E-4,"{""type"":""MultiPoint"",""coordinates"":[]}"
20100121,2010-01-21,0.0015130874116461935,"{""type"":""MultiPoint"",""coordinates"":[]}"
20100122,2010-01-22,0.0017312977365594353,"{""type"":""MultiPoint"",""coordinates"":[]}"
20100123,2010-01-23,5.801706036747364E-4,"{""type"":""MultiPoint"",""coordinates"":[]}"
20100124,2010-01-24,0.0013074526356648625,"{""type"":""MultiPoint"",""coordinates"":[]}"
20100125,2010-01-25,0.0017028832961019675,"{""type"":""MultiPoint"",""coordinates"":[]}"
20100126,2010-01-26,0.004147840300969613,"{""type"":""MultiPoint"",""coordinates"":[]}"
20100127,2010-01-27,0.0015603243032503893,"{""type"":""MultiPoint"",""coordinates"":[]}"
20100128,2010-01-28,1.4173162881761154E-4,"{""type"":""MultiPoint"",""coordinates"":[]}"
20100129,2010-01-29,0.0011581257602846617,"{""type"":""MultiPoint"",""coordinates"":[]}"
20100130,2010-01-30,9.752312199759866E-4,"{""type"":""MultiPoint"",""coordinates"":[]}"
20100131,2010-01-31,0.004825485053762683,"{""type"":""MultiPoint"",""coordinates"":[]}"
20100201,2010-02-01,0.0012532371407550423,"{""type"":""MultiPoint"",""coordinates"":[]}"
20100202,2010-02-02,0.0014824332218232442,"{""type"":""MultiPoint"",""coordinates"":[]}"
20100203,2010-02-03,0.002049263154501071,"{""type"":""MultiPoint"",""coordinates"":[]}"
20100204,2010-02-04,0.002191575740609734,"{""type"":""MultiPoint"",""coordinates"":[]}"
20100205,2010-02-05,0.001292054579326916,"{""type"":""MultiPoint"",""coordinates"":[]}"
20100206,2010-02-06,0.0011236699445399585,"{""type"":""MultiPoint"",""coordinates"":[]}"
20100207,2010-02-07,0.002567306628781285,"{""type"":""MultiPoint"",""coordinates"":[]}"
20100208,2010-02-08,0.0020091483172939005,"{""type"":""MultiPoint"",""coordinates"":[]}"
20100209,2010-02-09,0.002049300228607538,"{""type"":""MultiPoint"",""coordinates"":[]}"
20100210,2010-02-10,1.8345345715605773E-4,"{""type"":""MultiPoint"",""coordinates"":[]}"
20100211,2010-02-11,4.235844677617007E-5,"{""type"":""MultiPoint"",""coordinates"":[]}"
20100212,2010-02-12,5.911211363688578E-4,"{""type"":""MultiPoint"",""coordinates"":[]}"
20100213,2010-02-13,1.3324774292883097E-4,"{""type"":""MultiPoint"",""coordinates"":[]}"
20100214,2010-02-14,1.991975875270596E-4,"{""type"":""MultiPoint"",""coordinates"":[]}"
20100215,2010-02-15,2.2372103925191717E-5,"{""type"":""MultiPoint"",""coordinates"":[]}"
20100216,2010-02-16,0.0010136992104628159,"{""type"":""MultiPoint"",""coordinates"":[]}"
20100217,2010-02-17,0.0019010656589566405,"{""type"":""MultiPoint"",""coordinates"":[]}"
20100218,2010-02-18,0.004989298410733312,"{""type"":""MultiPoint"",""coordinates"":[]}"
20100219,2010-02-19,0.007418426028476456,"{""type"":""MultiPoint"",""coordinates"":[]}"
20100220,2010-02-20,0.0012037319389899383,"{""type"":""MultiPoint"",""coordinates"":[]}"
20100221,2010-02-21,9.581374918256947E-4,"{""type"":""MultiPoint"",""coordinates"":[]}"
20100222,2010-02-22,0.006242074852658785,"{""type"":""MultiPoint"",""coordinates"":[]}"
20100223,2010-02-23,0.004451903932690174,"{""type"":""MultiPoint"",""coordinates"":[]}"
20100224,2010-02-24,0.002889683766781552,"{""type"":""MultiPoint"",""coordinates"":[]}"
20100225,2010-02-25,0.0020363418062188977,"{""type"":""MultiPoint"",""coordinates"":[]}"
20100226,2010-02-26,6.374215639596554E-4,"{""type"":""MultiPoint"",""coordinates"":[]}"
20100227,2010-02-27,0.0014970201715700491,"{""type"":""MultiPoint"",""coordinates"":[]}"
20100228,2010-02-28,0.001262283399968092,"{""type"":""MultiPoint"",""coordinates"":[]}"
20100301,2010-03-01,0.0019908803078330607,"{""type"":""MultiPoint"",""coordinates"":[]}"
20100302,2010-03-02,0.0018354497110310431,"{""type"":""MultiPoint"",""coordinates"":[]}"
20100303,2010-03-03,9.780761814931853E-4,"{""type"":""MultiPoint"",""coordinates"":[]}"
20100304,2010-03-04,0.0059034125266972555,"{""type"":""MultiPoint"",""coordinates"":[]}"
20100305,2010-03-05,0.0014409447290364425,"{""type"":""MultiPoint"",""coordinates"":[]}"
20100306,2010-03-06,7.895870937728838E-4,"{""type"":""MultiPoint"",""coordinates"":[]}"
20100307,2010-03-07,0.004203614948758507,"{""type"":""MultiPoint"",""coordinates"":[]}"
20100308,2010-03-08,0.0029561858358196163,"{""type"":""MultiPoint"",""coordinates"":[]}"
20100309,2010-03-09,4.2169770036788496E-4,"{""type"":""MultiPoint"",""coordinates"":[]}"
20100310,2010-03-10,0.003926567387767937,"{""type"":""MultiPoint"",""coordinates"":[]}"
20100311,2010-03-11,2.865485519839687E-4,"{""type"":""MultiPoint"",""coordinates"":[]}"
20100312,2010-03-12,2.8599329916254756E-4,"{""type"":""MultiPoint"",""coordinates"":[]}"
20100313,2010-03-13,8.399347581035039E-4,"{""type"":""MultiPoint"",""coordinates"":[]}"
20100314,2010-03-14,0.0015038006272927226,"{""type"":""MultiPoint"",""coordinates"":[]}"
20100315,2010-03-15,0.003117555287648631,"{""type"":""MultiPoint"",""coordinates"":[]}"
20100316,2010-03-16,0.005471692965426286,"{""type"":""MultiPoint"",""coordinates"":[]}"
20100317,2010-03-17,0.007770512413845088,"{""type"":""MultiPoint"",""coordinates"":[]}"
20100318,2010-03-18,0.004917796793964416,"{""type"":""MultiPoint"",""coordinates"":[]}"
20100319,2010-03-19,6.131694282081775E-4,"{""type"":""MultiPoint"",""coordinates"":[]}"
20100320,2010-03-20,0.0015894950708998101,"{""type"":""MultiPoint"",""coordinates"":[]}"
20100321,2010-03-21,0.0010792488630365336,"{""type"":""MultiPoint"",""coordinates"":[]}"
20100322,2010-03-22,6.031864893410068E-4,"{""type"":""MultiPoint"",""coordinates"":[]}"
20100323,2010-03-23,0.0013185608543943815,"{""type"":""MultiPoint"",""coordinates"":[]}"
20100324,2010-03-24,0.003734927689725575,"{""type"":""MultiPoint"",""coordinates"":[]}"
20100325,2010-03-25,0.011305729519131261,"{""type"":""MultiPoint"",""coordinates"":[]}"
20100326,2010-03-26,0.008557385840106773,"{""type"":""MultiPoint"",""coordinates"":[]}"
20100327,2010-03-27,0.0010221351694604183,"{""type"":""MultiPoint"",""coordinates"":[]}"
20100328,2010-03-28,0.0013264938472799617,"{""type"":""MultiPoint"",""coordinates"":[]}"
20100329,2010-03-29,0.0017904636665862532,"{""type"":""MultiPoint"",""coordinates"":[]}"
20100330,2010-03-30,0.0034373611956514294,"{""type"":""MultiPoint"",""coordinates"":[]}"
20100331,2010-03-31,0.003211615770414668,"{""type"":""MultiPoint"",""coordinates"":[]}"
20100401,2010-04-01,0.0013392514528021932,"{""type"":""MultiPoint"",""coordinates"":[]}"
20100402,2010-04-02,0.0017564924402961152,"{""type"":""MultiPoint"",""coordinates"":[]}"
20100403,2010-04-03,0.0011970145607598365,"{""type"":""MultiPoint"",""coordinates"":[]}"
20100404,2010-04-04,0.003635990655661667,"{""type"":""MultiPoint"",""coordinates"":[]}"
20100405,2010-04-05,0.014092769058003416,"{""type"":""MultiPoint"",""coordinates"":[]}"
20100406,2010-04-06,0.059150721840587436,"{""type"":""MultiPoint"",""coordinates"":[]}"
20100407,2010-04-07,0.01356202218367876,"{""type"":""MultiPoint"",""coordinates"":[]}"
20100408,2010-04-08,0.002156944425288089,"{""type"":""MultiPoint"",""coordinates"":[]}"
20100409,2010-04-09,2.588516669817821E-4,"{""type"":""MultiPoint"",""coordinates"":[]}"
20100410,2010-04-10,0.0012518706419185385,"{""type"":""MultiPoint"",""coordinates"":[]}"
20100411,2010-04-11,0.0038564270769631537,"{""type"":""MultiPoint"",""coordinates"":[]}"
20100412,2010-04-12,0.01309594388245899,"{""type"":""MultiPoint"",""coordinates"":[]}"
20100413,2010-04-13,0.014662239657122853,"{""type"":""MultiPoint"",""coordinates"":[]}"
20100414,2010-04-14,0.008706070271082052,"{""type"":""MultiPoint"",""coordinates"":[]}"
20100415,2010-04-15,0.02788625494492968,"{""type"":""MultiPoint"",""coordinates"":[]}"
20100416,2010-04-16,0.02390414812532944,"{""type"":""MultiPoint"",""coordinates"":[]}"
20100417,2010-04-17,0.00746388888856218,"{""type"":""MultiPoint"",""coordinates"":[]}"
20100418,2010-04-18,0.0011052772350607428,"{""type"":""MultiPoint"",""coordinates"":[]}"
20100419,2010-04-19,0.0015946490241191416,"{""type"":""MultiPoint"",""coordinates"":[]}"
20100420,2010-04-20,0.0019269092376478791,"{""type"":""MultiPoint"",""coordinates"":[]}"
20100421,2010-04-21,0.001359796521471291,"{""type"":""MultiPoint"",""coordinates"":[]}"
20100422,2010-04-22,0.00697680947229962,"{""type"":""MultiPoint"",""coordinates"":[]}"
20100423,2010-04-23,0.0055981195261987065,"{""type"":""MultiPoint"",""coordinates"":[]}"
20100424,2010-04-24,0.004294674747275956,"{""type"":""MultiPoint"",""coordinates"":[]}"
20100425,2010-04-25,0.020245014837433566,"{""type"":""MultiPoint"",""coordinates"":[]}"
20100426,2010-04-26,0.0056226170415866195,"{""type"":""MultiPoint"",""coordinates"":[]}"
20100427,2010-04-27,0.007926467814176774,"{""type"":""MultiPoint"",""coordinates"":[]}"
20100428,2010-04-28,0.00233890322898729,"{""type"":""MultiPoint"",""coordinates"":[]}"
20100429,2010-04-29,0.00391594079509011,"{""type"":""MultiPoint"",""coordinates"":[]}"
20100430,2010-04-30,0.008154930931760741,"{""type"":""MultiPoint"",""coordinates"":[]}"
20100501,2010-05-01,0.0023524616308036386,"{""type"":""MultiPoint"",""coordinates"":[]}"
20100502,2010-05-02,0.0012960813161665753,"{""type"":""MultiPoint"",""coordinates"":[]}"
20100503,2010-05-03,0.0032453437427064124,"{""type"":""MultiPoint"",""coordinates"":[]}"
20100504,2010-05-04,0.022530406113183545,"{""type"":""MultiPoint"",""coordinates"":[]}"
20100505,2010-05-05,0.028113924461915442,"{""type"":""MultiPoint"",""coordinates"":[]}"
20100506,2010-05-06,0.009340646923505745,"{""type"":""MultiPoint"",""coordinates"":[]}"
20100507,2010-05-07,0.009685206631375651,"{""type"":""MultiPoint"",""coordinates"":[]}"
20100508,2010-05-08,0.008800980857797614,"{""type"":""MultiPoint"",""coordinates"":[]}"
20100509,2010-05-09,0.04304974703800909,"{""type"":""MultiPoint"",""coordinates"":[]}"
20100510,2010-05-10,0.018762499011479333,"{""type"":""MultiPoint"",""coordinates"":[]}"
20100511,2010-05-11,0.011660165715891655,"{""type"":""MultiPoint"",""coordinates"":[]}"
20100512,2010-05-12,0.022526927284422862,"{""type"":""MultiPoint"",""coordinates"":[]}"
20100513,2010-05-13,0.01125137139424617,"{""type"":""MultiPoint"",""coordinates"":[]}"
20100514,2010-05-14,0.007302564709264492,"{""type"":""MultiPoint"",""coordinates"":[]}"
20100515,2010-05-15,0.02414451370838164,"{""type"":""MultiPoint"",""coordinates"":[]}"
20100516,2010-05-16,0.017806993022254386,"{""type"":""MultiPoint"",""coordinates"":[]}"
20100517,2010-05-17,0.016730962349142574,"{""type"":""MultiPoint"",""coordinates"":[]}"
20100518,2010-05-18,0.003174669030603948,"{""type"":""MultiPoint"",""coordinates"":[]}"
20100519,2010-05-19,0.007726990033633536,"{""type"":""MultiPoint"",""coordinates"":[]}"
20100520,2010-05-20,0.009207655228961727,"{""type"":""MultiPoint"",""coordinates"":[]}"
20100521,2010-05-21,0.023172553640553623,"{""type"":""MultiPoint"",""coordinates"":[]}"
20100522,2010-05-22,0.01894873603962718,"{""type"":""MultiPoint"",""coordinates"":[]}"
20100523,2010-05-23,0.012938103138925664,"{""type"":""MultiPoint"",""coordinates"":[]}"
20100524,2010-05-24,0.04327138924270962,"{""type"":""MultiPoint"",""coordinates"":[]}"
20100525,2010-05-25,0.006317309632296641,"{""type"":""MultiPoint"",""coordinates"":[]}"
20100526,2010-05-26,0.0144388778969405,"{""type"":""MultiPoint"",""coordinates"":[]}"
20100527,2010-05-27,0.01710075917210783,"{""type"":""MultiPoint"",""coordinates"":[]}"
20100528,2010-05-28,0.019518161033803036,"{""type"":""MultiPoint"",""coordinates"":[]}"
20100529,2010-05-29,0.014633757991002182,"{""type"":""MultiPoint"",""coordinates"":[]}"
20100530,2010-05-30,0.02150412708406662,"{""type"":""MultiPoint"",""coordinates"":[]}"
20100531,2010-05-31,0.006847488181462764,"{""type"":""MultiPoint"",""coordinates"":[]}"
20100601,2010-06-01,0.004703164666174588,"{""type"":""MultiPoint"",""coordinates"":[]}"
20100602,2010-06-02,0.006430648890818199,"{""type"":""MultiPoint"",""coordinates"":[]}"
20100603,2010-06-03,0.014894868883408852,"{""type"":""MultiPoint"",""coordinates"":[]}"
20100604,2010-06-04,0.0032204551238510523,"{""type"":""MultiPoint"",""coordinates"":[]}"
20100605,2010-06-05,0.010079123891677618,"{""type"":""MultiPoint"",""coordinates"":[]}"
20100606,2010-06-06,0.009248762805878535,"{""type"":""MultiPoint"",""coordinates"":[]}"
20100607,2010-06-07,0.008675643971648274,"{""type"":""MultiPoint"",""coordinates"":[]}"
20100608,2010-06-08,0.008639098312351783,"{""type"":""MultiPoint"",""coordinates"":[]}"
20100609,2010-06-09,0.008374241150362054,"{""type"":""MultiPoint"",""coordinates"":[]}"
20100610,2010-06-10,0.006448003785886207,"{""type"":""MultiPoint"",""coordinates"":[]}"
20100611,2010-06-11,0.002627591303802346,"{""type"":""MultiPoint"",""coordinates"":[]}"
20100612,2010-06-12,0.0014570213163748605,"{""type"":""MultiPoint"",""coordinates"":[]}"
20100613,2010-06-13,0.003583985203362455,"{""type"":""MultiPoint"",""coordinates"":[]}"
20100614,2010-06-14,0.010333752533105044,"{""type"":""MultiPoint"",""coordinates"":[]}"
20100615,2010-06-15,0.020552650765336564,"{""type"":""MultiPoint"",""coordinates"":[]}"
20100616,2010-06-16,0.006121312818035772,"{""type"":""MultiPoint"",""coordinates"":[]}"
20100617,2010-06-17,0.003076334273543231,"{""type"":""MultiPoint"",""coordinates"":[]}"
20100618,2010-06-18,0.010217872985463165,"{""type"":""MultiPoint"",""coordinates"":[]}"
20100619,2010-06-19,0.011648900229641948,"{""type"":""MultiPoint"",""coordinates"":[]}"
20100620,2010-06-20,0.01696457357460781,"{""type"":""MultiPoint"",""coordinates"":[]}"
20100621,2010-06-21,0.007482751475263801,"{""type"":""MultiPoint"",""coordinates"":[]}"
20100622,2010-06-22,0.0056388170410537584,"{""type"":""MultiPoint"",""coordinates"":[]}"
20100623,2010-06-23,0.00513437732286478,"{""type"":""MultiPoint"",""coordinates"":[]}"
20100624,2010-06-24,0.010345061515199485,"{""type"":""MultiPoint"",""coordinates"":[]}"
20100625,2010-06-25,0.0014457763274326177,"{""type"":""MultiPoint"",""coordinates"":[]}"
20100626,2010-06-26,0.006484434095846336,"{""type"":""MultiPoint"",""coordinates"":[]}"
20100627,2010-06-27,0.007865390514102292,"{""type"":""MultiPoint"",""coordinates"":[]}"
20100628,2010-06-28,0.022968323734372888,"{""type"":""MultiPoint"",""coordinates"":[]}"
20100629,2010-06-29,0.024129337778303468,"{""type"":""MultiPoint"",""coordinates"":[]}"
20100630,2010-06-30,0.022139850552065417,"{""type"":""MultiPoint"",""coordinates"":[]}"
20100701,2010-07-01,0.005390437915076316,"{""type"":""MultiPoint"",""coordinates"":[]}"
20100702,2010-07-02,0.008409078899366127,"{""type"":""MultiPoint"",""coordinates"":[]}"
20100703,2010-07-03,0.012803821384875014,"{""type"":""MultiPoint"",""coordinates"":[]}"
20100704,2010-07-04,0.013669472352536498,"{""type"":""MultiPoint"",""coordinates"":[]}"
20100705,2010-07-05,0.014150521167175032,"{""type"":""MultiPoint"",""coordinates"":[]}"
20100706,2010-07-06,0.00939597243796323,"{""type"":""MultiPoint"",""coordinates"":[]}"
20100707,2010-07-07,0.0051533373211153175,"{""type"":""MultiPoint"",""coordinates"":[]}"
20100708,2010-07-08,0.00618414355807968,"{""type"":""MultiPoint"",""coordinates"":[]}"
20100709,2010-07-09,0.009024983938065228,"{""type"":""MultiPoint"",""coordinates"":[]}"
20100710,2010-07-10,0.007378275868223212,"{""type"":""MultiPoint"",""coordinates"":[]}"
20100711,2010-07-11,0.011635521198456265,"{""type"":""MultiPoint"",""coordinates"":[]}"
20100712,2010-07-12,0.015290881946543653,"{""type"":""MultiPoint"",""coordinates"":[]}"
20100713,2010-07-13,0.012297348259881154,"{""type"":""MultiPoint"",""coordinates"":[]}"
20100714,2010-07-14,0.01244623419897991,"{""type"":""MultiPoint"",""coordinates"":[]}"
20100715,2010-07-15,0.012149069909108898,"{""type"":""MultiPoint"",""coordinates"":[]}"
20100716,2010-07-16,0.006559235121718159,"{""type"":""MultiPoint"",""coordinates"":[]}"
20100717,2010-07-17,0.005069750230400305,"{""type"":""MultiPoint"",""coordinates"":[]}"
20100718,2010-07-18,0.008675100687785108,"{""type"":""MultiPoint"",""coordinates"":[]}"
20100719,2010-07-19,0.00757545256807322,"{""type"":""MultiPoint"",""coordinates"":[]}"
20100720,2010-07-20,0.009385222739141708,"{""type"":""MultiPoint"",""coordinates"":[]}"
20100721,2010-07-21,0.0024761543479242818,"{""type"":""MultiPoint"",""coordinates"":[]}"
20100722,2010-07-22,0.007384745752363453,"{""type"":""MultiPoint"",""coordinates"":[]}"
20100723,2010-07-23,0.006395741986030092,"{""type"":""MultiPoint"",""coordinates"":[]}"
20100724,2010-07-24,0.015429471683409192,"{""type"":""MultiPoint"",""coordinates"":[]}"
20100725,2010-07-25,0.010660247363091846,"{""type"":""MultiPoint"",""coordinates"":[]}"
20100726,2010-07-26,0.006256017627542781,"{""type"":""MultiPoint"",""coordinates"":[]}"
20100727,2010-07-27,0.005777871411377743,"{""type"":""MultiPoint"",""coordinates"":[]}"
20100728,2010-07-28,0.01433934919498547,"{""type"":""MultiPoint"",""coordinates"":[]}"
20100729,2010-07-29,0.004137537830995036,"{""type"":""MultiPoint"",""coordinates"":[]}"
20100730,2010-07-30,0.007145965483011292,"{""type"":""MultiPoint"",""coordinates"":[]}"
20100731,2010-07-31,0.005712532529343693,"{""type"":""MultiPoint"",""coordinates"":[]}"
20100801,2010-08-01,0.008876645324380084,"{""type"":""MultiPoint"",""coordinates"":[]}"
20100802,2010-08-02,0.011492740133841767,"{""type"":""MultiPoint"",""coordinates"":[]}"
20100803,2010-08-03,0.010087523864359621,"{""type"":""MultiPoint"",""coordinates"":[]}"
20100804,2010-08-04,0.009535111122431984,"{""type"":""MultiPoint"",""coordinates"":[]}"
20100805,2010-08-05,0.014852908649168483,"{""type"":""MultiPoint"",""coordinates"":[]}"
20100806,2010-08-06,0.018505805773855973,"{""type"":""MultiPoint"",""coordinates"":[]}"
20100807,2010-08-07,0.019696595927597225,"{""type"":""MultiPoint"",""coordinates"":[]}"
20100808,2010-08-08,0.011421453107748626,"{""type"":""MultiPoint"",""coordinates"":[]}"
20100809,2010-08-09,0.0037606324732675587,"{""type"":""MultiPoint"",""coordinates"":[]}"
20100810,2010-08-10,0.009184460708047066,"{""type"":""MultiPoint"",""coordinates"":[]}"
20100811,2010-08-11,0.004242677472875191,"{""type"":""MultiPoint"",""coordinates"":[]}"
20100812,2010-08-12,0.004928553413046716,"{""type"":""MultiPoint"",""coordinates"":[]}"
20100813,2010-08-13,0.0035859253352078734,"{""type"":""MultiPoint"",""coordinates"":[]}"
20100814,2010-08-14,0.005009698558663977,"{""type"":""MultiPoint"",""coordinates"":[]}"
20100815,2010-08-15,0.012337976061107456,"{""type"":""MultiPoint"",""coordinates"":[]}"
20100816,2010-08-16,0.00387268092578029,"{""type"":""MultiPoint"",""coordinates"":[]}"
20100817,2010-08-17,0.019839177752164604,"{""type"":""MultiPoint"",""coordinates"":[]}"
20100818,2010-08-18,0.011263705916132023,"{""type"":""MultiPoint"",""coordinates"":[]}"
20100819,2010-08-19,0.011161833366851464,"{""type"":""MultiPoint"",""coordinates"":[]}"
20100820,2010-08-20,0.019717640077448195,"{""type"":""MultiPoint"",""coordinates"":[]}"
20100821,2010-08-21,0.014469842381640844,"{""type"":""MultiPoint"",""coordinates"":[]}"
20100822,2010-08-22,0.007476042433132745,"{""type"":""MultiPoint"",""coordinates"":[]}"
20100823,2010-08-23,0.0035044297953152337,"{""type"":""MultiPoint"",""coordinates"":[]}"
20100824,2010-08-24,0.0014341683457506505,"{""type"":""MultiPoint"",""coordinates"":[]}"
20100825,2010-08-25,0.005082228600140391,"{""type"":""MultiPoint"",""coordinates"":[]}"
20100826,2010-08-26,0.002854839757057966,"{""type"":""MultiPoint"",""coordinates"":[]}"
20100827,2010-08-27,0.0032625647857054095,"{""type"":""MultiPoint"",""coordinates"":[]}"
20100828,2010-08-28,0.003519800827638265,"{""type"":""MultiPoint"",""coordinates"":[]}"
20100829,2010-08-29,0.0023114112718781873,"{""type"":""MultiPoint"",""coordinates"":[]}"
20100830,2010-08-30,4.312842452262127E-4,"{""type"":""MultiPoint"",""coordinates"":[]}"
20100831,2010-08-31,2.4076501277243582E-4,"{""type"":""MultiPoint"",""coordinates"":[]}"
20100901,2010-09-01,0.001975726130289394,"{""type"":""MultiPoint"",""coordinates"":[]}"
20100902,2010-09-02,5.430855353194866E-4,"{""type"":""MultiPoint"",""coordinates"":[]}"
20100903,2010-09-03,0.004022023103548278,"{""type"":""MultiPoint"",""coordinates"":[]}"
20100904,2010-09-04,0.004368068217560183,"{""type"":""MultiPoint"",""coordinates"":[]}"
20100905,2010-09-05,0.003988579408899693,"{""type"":""MultiPoint"",""coordinates"":[]}"
20100906,2010-09-06,0.012676854878098862,"{""type"":""MultiPoint"",""coordinates"":[]}"
20100907,2010-09-07,0.0066153106307073545,"{""type"":""MultiPoint"",""coordinates"":[]}"
20100908,2010-09-08,0.006676763990832421,"{""type"":""MultiPoint"",""coordinates"":[]}"
20100909,2010-09-09,0.018933713133750724,"{""type"":""MultiPoint"",""coordinates"":[]}"
20100910,2010-09-10,0.00977417543385912,"{""type"":""MultiPoint"",""coordinates"":[]}"
20100911,2010-09-11,0.006503193928840259,"{""type"":""MultiPoint"",""coordinates"":[]}"
20100912,2010-09-12,0.001790555322422949,"{""type"":""MultiPoint"",""coordinates"":[]}"
20100913,2010-09-13,0.001231498100906315,"{""type"":""MultiPoint"",""coordinates"":[]}"
20100914,2010-09-14,3.960590467278278E-5,"{""type"":""MultiPoint"",""coordinates"":[]}"
20100915,2010-09-15,6.791184652291302E-4,"{""type"":""MultiPoint"",""coordinates"":[]}"
20100916,2010-09-16,2.3348213127961627E-4,"{""type"":""MultiPoint"",""coordinates"":[]}"
20100917,2010-09-17,0.001596069776809498,"{""type"":""MultiPoint"",""coordinates"":[]}"
20100918,2010-09-18,0.0023542795815655257,"{""type"":""MultiPoint"",""coordinates"":[]}"
20100919,2010-09-19,0.009577978616102111,"{""type"":""MultiPoint"",""coordinates"":[]}"
20100920,2010-09-20,0.006730466931185005,"{""type"":""MultiPoint"",""coordinates"":[]}"
20100921,2010-09-21,0.00783240278036827,"{""type"":""MultiPoint"",""coordinates"":[]}"
20100922,2010-09-22,0.007708244960599393,"{""type"":""MultiPoint"",""coordinates"":[]}"
20100923,2010-09-23,2.8426051611043346E-4,"{""type"":""MultiPoint"",""coordinates"":[]}"
20100924,2010-09-24,4.979646399521146E-4,"{""type"":""MultiPoint"",""coordinates"":[]}"
20100925,2010-09-25,2.1074320878546821E-4,"{""type"":""MultiPoint"",""coordinates"":[]}"
20100926,2010-09-26,6.694238465240842E-4,"{""type"":""MultiPoint"",""coordinates"":[]}"
20100927,2010-09-27,0.004695840468265645,"{""type"":""MultiPoint"",""coordinates"":[]}"
20100928,2010-09-28,0.0025963463281277713,"{""type"":""MultiPoint"",""coordinates"":[]}"
20100929,2010-09-29,0.003344599781034913,"{""type"":""MultiPoint"",""coordinates"":[]}"
20100930,2010-09-30,0.007883313376025937,"{""type"":""MultiPoint"",""coordinates"":[]}"
20101001,2010-10-01,0.0030503017072151225,"{""type"":""MultiPoint"",""coordinates"":[]}"
20101002,2010-10-02,9.454926995994027E-4,"{""type"":""MultiPoint"",""coordinates"":[]}"
20101003,2010-10-03,7.974951620411739E-4,"{""type"":""MultiPoint"",""coordinates"":[]}"
20101004,2010-10-04,3.5284709595851917E-4,"{""type"":""MultiPoint"",""coordinates"":[]}"
20101005,2010-10-05,7.880943423827803E-4,"{""type"":""MultiPoint"",""coordinates"":[]}"
20101006,2010-10-06,4.7925607140918744E-4,"{""type"":""MultiPoint"",""coordinates"":[]}"
20101007,2010-10-07,4.621401069475986E-4,"{""type"":""MultiPoint"",""coordinates"":[]}"
20101008,2010-10-08,0.0029226368921358133,"{""type"":""MultiPoint"",""coordinates"":[]}"
20101009,2010-10-09,9.237917137995692E-4,"{""type"":""MultiPoint"",""coordinates"":[]}"
20101010,2010-10-10,0.0027793513766585986,"{""type"":""MultiPoint"",""coordinates"":[]}"
20101011,2010-10-11,0.010146484256491613,"{""type"":""MultiPoint"",""coordinates"":[]}"
20101012,2010-10-12,0.007148921067872685,"{""type"":""MultiPoint"",""coordinates"":[]}"
20101013,2010-10-13,0.0020992608122536727,"{""type"":""MultiPoint"",""coordinates"":[]}"
20101014,2010-10-14,7.253845122734045E-4,"{""type"":""MultiPoint"",""coordinates"":[]}"
20101015,2010-10-15,3.747455781817972E-4,"{""type"":""MultiPoint"",""coordinates"":[]}"
20101016,2010-10-16,0.001833046809117594,"{""type"":""MultiPoint"",""coordinates"":[]}"
20101017,2010-10-17,0.0027590667987486576,"{""type"":""MultiPoint"",""coordinates"":[]}"
20101018,2010-10-18,0.008923579399327057,"{""type"":""MultiPoint"",""coordinates"":[]}"
20101019,2010-10-19,0.0018033029957425807,"{""type"":""MultiPoint"",""coordinates"":[]}"
20101020,2010-10-20,0.0021797790045416034,"{""type"":""MultiPoint"",""coordinates"":[]}"
20101021,2010-10-21,0.01506769420945275,"{""type"":""MultiPoint"",""coordinates"":[]}"
20101022,2010-10-22,0.008808455779959664,"{""type"":""MultiPoint"",""coordinates"":[]}"
20101023,2010-10-23,0.0017525177474022428,"{""type"":""MultiPoint"",""coordinates"":[]}"
20101024,2010-10-24,0.0015051825392495741,"{""type"":""MultiPoint"",""coordinates"":[]}"
20101025,2010-10-25,0.0018995939952654204,"{""type"":""MultiPoint"",""coordinates"":[]}"
20101026,2010-10-26,0.004291830495868952,"{""type"":""MultiPoint"",""coordinates"":[]}"
20101027,2010-10-27,0.002030279247491204,"{""type"":""MultiPoint"",""coordinates"":[]}"
20101028,2010-10-28,0.0034600723474046222,"{""type"":""MultiPoint"",""coordinates"":[]}"
20101029,2010-10-29,0.0073818637366539494,"{""type"":""MultiPoint"",""coordinates"":[]}"
20101030,2010-10-30,8.248816481444169E-4,"{""type"":""MultiPoint"",""coordinates"":[]}"
20101031,2010-10-31,1.7349638208483597E-4,"{""type"":""MultiPoint"",""coordinates"":[]}"
20101101,2010-11-01,7.539293567787589E-4,"{""type"":""MultiPoint"",""coordinates"":[]}"
20101102,2010-11-02,8.438765262449569E-4,"{""type"":""MultiPoint"",""coordinates"":[]}"
20101103,2010-11-03,0.010634880184244683,"{""type"":""MultiPoint"",""coordinates"":[]}"
20101104,2010-11-04,0.0045823710808478,"{""type"":""MultiPoint"",""coordinates"":[]}"
20101105,2010-11-05,0.0010610064319754571,"{""type"":""MultiPoint"",""coordinates"":[]}"
20101106,2010-11-06,7.125203965410413E-4,"{""type"":""MultiPoint"",""coordinates"":[]}"
20101107,2010-11-07,1.6290966184754713E-4,"{""type"":""MultiPoint"",""coordinates"":[]}"
20101108,2010-11-08,7.499810109941739E-5,"{""type"":""MultiPoint"",""coordinates"":[]}"
20101109,2010-11-09,0.0028408789080676703,"{""type"":""MultiPoint"",""coordinates"":[]}"
20101110,2010-11-10,0.006818410013594728,"{""type"":""MultiPoint"",""coordinates"":[]}"
20101111,2010-11-11,0.006080564822919163,"{""type"":""MultiPoint"",""coordinates"":[]}"
20101112,2010-11-12,0.0048046793124917496,"{""type"":""MultiPoint"",""coordinates"":[]}"
20101113,2010-11-13,0.009473614915346724,"{""type"":""MultiPoint"",""coordinates"":[]}"
20101114,2010-11-14,0.004342005100479046,"{""type"":""MultiPoint"",""coordinates"":[]}"
20101115,2010-11-15,0.007349156250315071,"{""type"":""MultiPoint"",""coordinates"":[]}"
20101116,2010-11-16,0.008245168109973151,"{""type"":""MultiPoint"",""coordinates"":[]}"
20101117,2010-11-17,0.005852916436707009,"{""type"":""MultiPoint"",""coordinates"":[]}"
20101118,2010-11-18,0.012853873433097364,"{""type"":""MultiPoint"",""coordinates"":[]}"
20101119,2010-11-19,0.010447516893198299,"{""type"":""MultiPoint"",""coordinates"":[]}"
20101120,2010-11-20,0.01211134293498396,"{""type"":""MultiPoint"",""coordinates"":[]}"
20101121,2010-11-21,0.010755120085062879,"{""type"":""MultiPoint"",""coordinates"":[]}"
20101122,2010-11-22,0.00687682834538111,"{""type"":""MultiPoint"",""coordinates"":[]}"
20101123,2010-11-23,0.012771295100361403,"{""type"":""MultiPoint"",""coordinates"":[]}"
20101124,2010-11-24,0.009833316327713604,"{""type"":""MultiPoint"",""coordinates"":[]}"
20101125,2010-11-25,6.002600152440071E-4,"{""type"":""MultiPoint"",""coordinates"":[]}"
20101126,2010-11-26,5.4157611563412E-4,"{""type"":""MultiPoint"",""coordinates"":[]}"
20101127,2010-11-27,0.009390967776761338,"{""type"":""MultiPoint"",""coordinates"":[]}"
20101128,2010-11-28,0.010510189813781372,"{""type"":""MultiPoint"",""coordinates"":[]}"
20101129,2010-11-29,0.005950572489768185,"{""type"":""MultiPoint"",""coordinates"":[]}"
20101130,2010-11-30,0.0031124671973194974,"{""type"":""MultiPoint"",""coordinates"":[]}"
20101201,2010-12-01,0.0018528776510389924,"{""type"":""MultiPoint"",""coordinates"":[]}"
20101202,2010-12-02,0.0014190738248519104,"{""type"":""MultiPoint"",""coordinates"":[]}"
20101203,2010-12-03,0.004967390553736684,"{""type"":""MultiPoint"",""coordinates"":[]}"
20101204,2010-12-04,0.01632424681585697,"{""type"":""MultiPoint"",""coordinates"":[]}"
20101205,2010-12-05,0.017988588439356235,"{""type"":""MultiPoint"",""coordinates"":[]}"
20101206,2010-12-06,0.018156889603290316,"{""type"":""MultiPoint"",""coordinates"":[]}"
20101207,2010-12-07,0.005293577596012049,"{""type"":""MultiPoint"",""coordinates"":[]}"
20101208,2010-12-08,0.006060855944169719,"{""type"":""MultiPoint"",""coordinates"":[]}"
20101209,2010-12-09,0.0038594136600980287,"{""type"":""MultiPoint"",""coordinates"":[]}"
20101210,2010-12-10,0.0037928981122411077,"{""type"":""MultiPoint"",""coordinates"":[]}"
20101211,2010-12-11,0.004154642675530526,"{""type"":""MultiPoint"",""coordinates"":[]}"
20101212,2010-12-12,0.005054327353879009,"{""type"":""MultiPoint"",""coordinates"":[]}"
20101213,2010-12-13,0.004113983538291848,"{""type"":""MultiPoint"",""coordinates"":[]}"
20101214,2010-12-14,0.001563345486515053,"{""type"":""MultiPoint"",""coordinates"":[]}"
20101215,2010-12-15,0.005218401228180991,"{""type"":""MultiPoint"",""coordinates"":[]}"
20101216,2010-12-16,0.0072425280370761016,"{""type"":""MultiPoint"",""coordinates"":[]}"
20101217,2010-12-17,0.011930976072507024,"{""type"":""MultiPoint"",""coordinates"":[]}"
20101218,2010-12-18,0.006469275533328878,"{""type"":""MultiPoint"",""coordinates"":[]}"
20101219,2010-12-19,0.0018170462812553325,"{""type"":""MultiPoint"",""coordinates"":[]}"
20101220,2010-12-20,0.004054420736179879,"{""type"":""MultiPoint"",""coordinates"":[]}"
20101221,2010-12-21,0.009162023960748637,"{""type"":""MultiPoint"",""coordinates"":[]}"
20101222,2010-12-22,0.020323990752814443,"{""type"":""MultiPoint"",""coordinates"":[]}"
20101223,2010-12-23,0.004488499910076805,"{""type"":""MultiPoint"",""coordinates"":[]}"
20101224,2010-12-24,0.007655804613773253,"{""type"":""MultiPoint"",""coordinates"":[]}"
20101225,2010-12-25,0.002854220324683307,"{""type"":""MultiPoint"",""coordinates"":[]}"
20101226,2010-12-26,0.004738063998813821,"{""type"":""MultiPoint"",""coordinates"":[]}"
20101227,2010-12-27,0.0036373815580897782,"{""type"":""MultiPoint"",""coordinates"":[]}"
20101228,2010-12-28,0.0019545798089110034,"{""type"":""MultiPoint"",""coordinates"":[]}"
20101229,2010-12-29,0.0012155127500606102,"{""type"":""MultiPoint"",""coordinates"":[]}"
20101230,2010-12-30,6.565243169987263E-4,"{""type"":""MultiPoint"",""coordinates"":[]}"
20101231,2010-12-31,0.0017009668868250814,"{""type"":""MultiPoint"",""coordinates"":[]}"
20110101,2011-01-01,0.007412249596364476,"{""type"":""MultiPoint"",""coordinates"":[]}"
20110102,2011-01-02,0.010110081377702987,"{""type"":""MultiPoint"",""coordinates"":[]}"
20110103,2011-01-03,0.010987611911751453,"{""type"":""MultiPoint"",""coordinates"":[]}"
20110104,2011-01-04,0.013560272923765918,"{""type"":""MultiPoint"",""coordinates"":[]}"
20110105,2011-01-05,0.012424152525383512,"{""type"":""MultiPoint"",""coordinates"":[]}"
20110106,2011-01-06,0.008003155451360804,"{""type"":""MultiPoint"",""coordinates"":[]}"
20110107,2011-01-07,0.007845949029353034,"{""type"":""MultiPoint"",""coordinates"":[]}"
20110108,2011-01-08,0.007157692943826606,"{""type"":""MultiPoint"",""coordinates"":[]}"
20110109,2011-01-09,0.004054752726282036,"{""type"":""MultiPoint"",""coordinates"":[]}"
20110110,2011-01-10,0.0020843693265850706,"{""type"":""MultiPoint"",""coordinates"":[]}"
20110111,2011-01-11,8.231270553535934E-4,"{""type"":""MultiPoint"",""coordinates"":[]}"
20110112,2011-01-12,0.002158524763527464,"{""type"":""MultiPoint"",""coordinates"":[]}"
20110113,2011-01-13,0.002490216120213644,"{""type"":""MultiPoint"",""coordinates"":[]}"
20110114,2011-01-14,0.0015879007858766376,"{""type"":""MultiPoint"",""coordinates"":[]}"
20110115,2011-01-15,0.0019714453313377433,"{""type"":""MultiPoint"",""coordinates"":[]}"
20110116,2011-01-16,0.0011479131950116463,"{""type"":""MultiPoint"",""coordinates"":[]}"
20110117,2011-01-17,7.675093151814371E-4,"{""type"":""MultiPoint"",""coordinates"":[]}"
20110118,2011-01-18,0.0010693274065301565,"{""type"":""MultiPoint"",""coordinates"":[]}"
20110119,2011-01-19,0.0013343407894593651,"{""type"":""MultiPoint"",""coordinates"":[]}"
20110120,2011-01-20,0.0014130579242840654,"{""type"":""MultiPoint"",""coordinates"":[]}"
20110121,2011-01-21,6.201422348598496E-4,"{""type"":""MultiPoint"",""coordinates"":[]}"
20110122,2011-01-22,2.4513736021090286E-4,"{""type"":""MultiPoint"",""coordinates"":[]}"
20110123,2011-01-23,0.0016241607650992521,"{""type"":""MultiPoint"",""coordinates"":[]}"
20110124,2011-01-24,0.0015858143419724038,"{""type"":""MultiPoint"",""coordinates"":[]}"
20110125,2011-01-25,0.0014875317131361652,"{""type"":""MultiPoint"",""coordinates"":[]}"
20110126,2011-01-26,8.164758405697E-4,"{""type"":""MultiPoint"",""coordinates"":[]}"
20110127,2011-01-27,0.0010813898136541576,"{""type"":""MultiPoint"",""coordinates"":[]}"
20110128,2011-01-28,0.0013636842915323193,"{""type"":""MultiPoint"",""coordinates"":[]}"
20110129,2011-01-29,0.004674107832658382,"{""type"":""MultiPoint"",""coordinates"":[]}"
20110130,2011-01-30,0.013786809129347394,"{""type"":""MultiPoint"",""coordinates"":[]}"
20110131,2011-01-31,0.010235616258689078,"{""type"":""MultiPoint"",""coordinates"":[]}"
20110201,2011-02-01,0.0014766456520689203,"{""type"":""MultiPoint"",""coordinates"":[]}"
20110202,2011-02-02,0.002436918590359986,"{""type"":""MultiPoint"",""coordinates"":[]}"
20110203,2011-02-03,0.005414343795874517,"{""type"":""MultiPoint"",""coordinates"":[]}"
20110204,2011-02-04,5.11104070962583E-4,"{""type"":""MultiPoint"",""coordinates"":[]}"
20110205,2011-02-05,0.001674756128386445,"{""type"":""MultiPoint"",""coordinates"":[]}"
20110206,2011-02-06,0.003515410535830672,"{""type"":""MultiPoint"",""coordinates"":[]}"
20110207,2011-02-07,0.0021061521669545713,"{""type"":""MultiPoint"",""coordinates"":[]}"
20110208,2011-02-08,0.0016106993216151002,"{""type"":""MultiPoint"",""coordinates"":[]}"
20110209,2011-02-09,0.013155273000483586,"{""type"":""MultiPoint"",""coordinates"":[]}"
20110210,2011-02-10,0.01809805154571906,"{""type"":""MultiPoint"",""coordinates"":[]}"
20110211,2011-02-11,0.006623720224656662,"{""type"":""MultiPoint"",""coordinates"":[]}"
20110212,2011-02-12,0.006974277224300995,"{""type"":""MultiPoint"",""coordinates"":[]}"
20110213,2011-02-13,0.007786705574889895,"{""type"":""MultiPoint"",""coordinates"":[]}"
20110214,2011-02-14,0.0017403454516051822,"{""type"":""MultiPoint"",""coordinates"":[]}"
20110215,2011-02-15,0.0020056405163160237,"{""type"":""MultiPoint"",""coordinates"":[]}"
20110216,2011-02-16,0.0031014839054767495,"{""type"":""MultiPoint"",""coordinates"":[]}"
20110217,2011-02-17,0.005304866140257587,"{""type"":""MultiPoint"",""coordinates"":[]}"
20110218,2011-02-18,0.011092331016840281,"{""type"":""MultiPoint"",""coordinates"":[]}"
20110219,2011-02-19,0.007104198330190229,"{""type"":""MultiPoint"",""coordinates"":[]}"
20110220,2011-02-20,0.029355022836701154,"{""type"":""MultiPoint"",""coordinates"":[]}"
20110221,2011-02-21,0.01704963672148663,"{""type"":""MultiPoint"",""coordinates"":[]}"
20110222,2011-02-22,0.0116990667149176,"{""type"":""MultiPoint"",""coordinates"":[]}"
20110223,2011-02-23,0.003971556942144782,"{""type"":""MultiPoint"",""coordinates"":[]}"
20110224,2011-02-24,0.001795647236500115,"{""type"":""MultiPoint"",""coordinates"":[]}"
20110225,2011-02-25,0.0015451069025935711,"{""type"":""MultiPoint"",""coordinates"":[]}"
20110226,2011-02-26,5.471084982728518E-4,"{""type"":""MultiPoint"",""coordinates"":[]}"
20110227,2011-02-27,0.0010032203729714406,"{""type"":""MultiPoint"",""coordinates"":[]}"
20110228,2011-02-28,0.010084980732060378,"{""type"":""MultiPoint"",""coordinates"":[]}"
20110301,2011-03-01,0.006201723281036945,"{""type"":""MultiPoint"",""coordinates"":[]}"
20110302,2011-03-02,0.0014306908326472219,"{""type"":""MultiPoint"",""coordinates"":[]}"
20110303,2011-03-03,0.005354813404367954,"{""type"":""MultiPoint"",""coordinates"":[]}"
20110304,2011-03-04,0.005961074050461531,"{""type"":""MultiPoint"",""coordinates"":[]}"
20110305,2011-03-05,0.0032572061568374353,"{""type"":""MultiPoint"",""coordinates"":[]}"
20110306,2011-03-06,0.012264359698905306,"{""type"":""MultiPoint"",""coordinates"":[]}"
20110307,2011-03-07,0.008644090381440038,"{""type"":""MultiPoint"",""coordinates"":[]}"
20110308,2011-03-08,0.022353221609347152,"{""type"":""MultiPoint"",""coordinates"":[]}"
20110309,2011-03-09,0.012417895977120749,"{""type"":""MultiPoint"",""coordinates"":[]}"
20110310,2011-03-10,0.016976716614902448,"{""type"":""MultiPoint"",""coordinates"":[]}"
20110311,2011-03-11,0.020326044614551963,"{""type"":""MultiPoint"",""coordinates"":[]}"
20110312,2011-03-12,0.02555456017433109,"{""type"":""MultiPoint"",""coordinates"":[]}"
20110313,2011-03-13,0.013197775748837435,"{""type"":""MultiPoint"",""coordinates"":[]}"
20110314,2011-03-14,0.007839928862215255,"{""type"":""MultiPoint"",""coordinates"":[]}"
20110315,2011-03-15,0.020004401339665204,"{""type"":""MultiPoint"",""coordinates"":[]}"
20110316,2011-03-16,0.009886629815334426,"{""type"":""MultiPoint"",""coordinates"":[]}"
20110317,2011-03-17,0.0026405697707158047,"{""type"":""MultiPoint"",""coordinates"":[]}"
20110318,2011-03-18,0.013280846808797504,"{""type"":""MultiPoint"",""coordinates"":[]}"
20110319,2011-03-19,0.01031065905127931,"{""type"":""MultiPoint"",""coordinates"":[]}"
20110320,2011-03-20,0.007822573982365983,"{""type"":""MultiPoint"",""coordinates"":[]}"
20110321,2011-03-21,0.00917486224989657,"{""type"":""MultiPoint"",""coordinates"":[]}"
20110322,2011-03-22,0.007968639163899371,"{""type"":""MultiPoint"",""coordinates"":[]}"
20110323,2011-03-23,0.009430339098708685,"{""type"":""MultiPoint"",""coordinates"":[]}"
20110324,2011-03-24,0.0037180897457496525,"{""type"":""MultiPoint"",""coordinates"":[]}"
20110325,2011-03-25,0.0026244019185008606,"{""type"":""MultiPoint"",""coordinates"":[]}"
20110326,2011-03-26,0.0018953619736830744,"{""type"":""MultiPoint"",""coordinates"":[]}"
20110327,2011-03-27,0.0017905811031517728,"{""type"":""MultiPoint"",""coordinates"":[]}"
20110328,2011-03-28,0.0011226201680242937,"{""type"":""MultiPoint"",""coordinates"":[]}"
20110329,2011-03-29,0.004528368716657603,"{""type"":""MultiPoint"",""coordinates"":[]}"
20110330,2011-03-30,0.0016248182960859827,"{""type"":""MultiPoint"",""coordinates"":[]}"
20110331,2011-03-31,0.0015063572849195006,"{""type"":""MultiPoint"",""coordinates"":[]}"
20110401,2011-04-01,0.001973896945099133,"{""type"":""MultiPoint"",""coordinates"":[]}"
20110402,2011-04-02,0.0017461768751652778,"{""type"":""MultiPoint"",""coordinates"":[]}"
20110403,2011-04-03,0.0012850046875062492,"{""type"":""MultiPoint"",""coordinates"":[]}"
20110404,2011-04-04,0.0016124684697664594,"{""type"":""MultiPoint"",""coordinates"":[]}"
20110405,2011-04-05,0.0011168106024374155,"{""type"":""MultiPoint"",""coordinates"":[]}"
20110406,2011-04-06,0.0021104873773929492,"{""type"":""MultiPoint"",""coordinates"":[]}"
20110407,2011-04-07,9.260864038395989E-4,"{""type"":""MultiPoint"",""coordinates"":[]}"
20110408,2011-04-08,3.030489899714905E-4,"{""type"":""MultiPoint"",""coordinates"":[]}"
20110409,2011-04-09,0.004667179378788026,"{""type"":""MultiPoint"",""coordinates"":[]}"
20110410,2011-04-10,0.013483437012843047,"{""type"":""MultiPoint"",""coordinates"":[]}"
20110411,2011-04-11,0.0058943441365763675,"{""type"":""MultiPoint"",""coordinates"":[]}"
20110412,2011-04-12,0.001383581646420955,"{""type"":""MultiPoint"",""coordinates"":[]}"
20110413,2011-04-13,0.0013150846146428885,"{""type"":""MultiPoint"",""coordinates"":[]}"
20110414,2011-04-14,0.0011874248065593237,"{""type"":""MultiPoint"",""coordinates"":[]}"
20110415,2011-04-15,5.437352428744354E-4,"{""type"":""MultiPoint"",""coordinates"":[]}"
20110416,2011-04-16,3.893228888354143E-4,"{""type"":""MultiPoint"",""coordinates"":[]}"
20110417,2011-04-17,5.992548163663137E-5,"{""type"":""MultiPoint"",""coordinates"":[]}"
20110418,2011-04-18,3.235820760321789E-4,"{""type"":""MultiPoint"",""coordinates"":[]}"
20110419,2011-04-19,0.0014666389012430742,"{""type"":""MultiPoint"",""coordinates"":[]}"
20110420,2011-04-20,0.002302216489227024,"{""type"":""MultiPoint"",""coordinates"":[]}"
20110421,2011-04-21,0.009317044337583355,"{""type"":""MultiPoint"",""coordinates"":[]}"
20110422,2011-04-22,0.004141967420168175,"{""type"":""MultiPoint"",""coordinates"":[]}"
20110423,2011-04-23,0.0013946557447854899,"{""type"":""MultiPoint"",""coordinates"":[]}"
20110424,2011-04-24,1.9708855233253772E-4,"{""type"":""MultiPoint"",""coordinates"":[]}"
20110425,2011-04-25,0.0014220455379799746,"{""type"":""MultiPoint"",""coordinates"":[]}"
20110426,2011-04-26,2.535042411064135E-4,"{""type"":""MultiPoint"",""coordinates"":[]}"
20110427,2011-04-27,3.339155497098629E-4,"{""type"":""MultiPoint"",""coordinates"":[]}"
20110428,2011-04-28,2.5237631011539263E-4,"{""type"":""MultiPoint"",""coordinates"":[]}"
20110429,2011-04-29,2.642050064797504E-4,"{""type"":""MultiPoint"",""coordinates"":[]}"
20110430,2011-04-30,4.3213091736581273E-4,"{""type"":""MultiPoint"",""coordinates"":[]}"
20110501,2011-05-01,0.0028843492905186925,"{""type"":""MultiPoint"",""coordinates"":[]}"
20110502,2011-05-02,0.010874563746172633,"{""type"":""MultiPoint"",""coordinates"":[]}"
20110503,2011-05-03,0.006153279065122851,"{""type"":""MultiPoint"",""coordinates"":[]}"
20110504,2011-05-04,0.0072260403546950255,"{""type"":""MultiPoint"",""coordinates"":[]}"
20110505,2011-05-05,0.009821593710842826,"{""type"":""MultiPoint"",""coordinates"":[]}"
20110506,2011-05-06,0.006550264889176817,"{""type"":""MultiPoint"",""coordinates"":[]}"
20110507,2011-05-07,0.001994581701538478,"{""type"":""MultiPoint"",""coordinates"":[]}"
20110508,2011-05-08,0.00934902537175291,"{""type"":""MultiPoint"",""coordinates"":[]}"
20110509,2011-05-09,0.013612424635785688,"{""type"":""MultiPoint"",""coordinates"":[]}"
20110510,2011-05-10,0.004675706821854165,"{""type"":""MultiPoint"",""coordinates"":[]}"
20110511,2011-05-11,8.232838377432324E-4,"{""type"":""MultiPoint"",""coordinates"":[]}"
20110512,2011-05-12,0.006058007988182624,"{""type"":""MultiPoint"",""coordinates"":[]}"
20110513,2011-05-13,0.004460086138682431,"{""type"":""MultiPoint"",""coordinates"":[]}"
20110514,2011-05-14,0.0022960246639287967,"{""type"":""MultiPoint"",""coordinates"":[]}"
20110515,2011-05-15,8.70686327198242E-4,"{""type"":""MultiPoint"",""coordinates"":[]}"
20110516,2011-05-16,0.005584204635056903,"{""type"":""MultiPoint"",""coordinates"":[]}"
20110517,2011-05-17,0.008211606281050792,"{""type"":""MultiPoint"",""coordinates"":[]}"
20110518,2011-05-18,0.026444132629914054,"{""type"":""MultiPoint"",""coordinates"":[]}"
20110519,2011-05-19,0.005042237790030196,"{""type"":""MultiPoint"",""coordinates"":[]}"
20110520,2011-05-20,0.013428019243948956,"{""type"":""MultiPoint"",""coordinates"":[]}"
20110521,2011-05-21,0.019524209740699086,"{""type"":""MultiPoint"",""coordinates"":[]}"
20110522,2011-05-22,0.020506020324159324,"{""type"":""MultiPoint"",""coordinates"":[]}"
20110523,2011-05-23,0.012608530689957475,"{""type"":""MultiPoint"",""coordinates"":[]}"
20110524,2011-05-24,0.012086879328116624,"{""type"":""MultiPoint"",""coordinates"":[]}"
20110525,2011-05-25,0.014045321481508617,"{""type"":""MultiPoint"",""coordinates"":[]}"
20110526,2011-05-26,0.012718253223483475,"{""type"":""MultiPoint"",""coordinates"":[]}"
20110527,2011-05-27,0.013660844765655718,"{""type"":""MultiPoint"",""coordinates"":[]}"
20110528,2011-05-28,0.003402998952502181,"{""type"":""MultiPoint"",""coordinates"":[]}"
20110529,2011-05-29,0.008208452751772751,"{""type"":""MultiPoint"",""coordinates"":[]}"
20110530,2011-05-30,0.010190158649671101,"{""type"":""MultiPoint"",""coordinates"":[]}"
20110531,2011-05-31,0.016246413973336222,"{""type"":""MultiPoint"",""coordinates"":[]}"
20110601,2011-06-01,0.034531549884133185,"{""type"":""MultiPoint"",""coordinates"":[]}"
20110602,2011-06-02,0.015183292745101397,"{""type"":""MultiPoint"",""coordinates"":[]}"
20110603,2011-06-03,0.017010279957657512,"{""type"":""MultiPoint"",""coordinates"":[]}"
20110604,2011-06-04,0.04468350773001126,"{""type"":""MultiPoint"",""coordinates"":[]}"
20110605,2011-06-05,0.0089087550494016,"{""type"":""MultiPoint"",""coordinates"":[]}"
20110606,2011-06-06,0.014287805258318282,"{""type"":""MultiPoint"",""coordinates"":[]}"
20110607,2011-06-07,0.005630040181081909,"{""type"":""MultiPoint"",""coordinates"":[]}"
20110608,2011-06-08,0.0013071186015257003,"{""type"":""MultiPoint"",""coordinates"":[]}"
20110609,2011-06-09,0.0033371030709479447,"{""type"":""MultiPoint"",""coordinates"":[]}"
20110610,2011-06-10,0.00530107071435906,"{""type"":""MultiPoint"",""coordinates"":[]}"
20110611,2011-06-11,0.014176738927917574,"{""type"":""MultiPoint"",""coordinates"":[]}"
20110612,2011-06-12,0.0011600070548651294,"{""type"":""MultiPoint"",""coordinates"":[]}"
20110613,2011-06-13,0.00797351643180267,"{""type"":""MultiPoint"",""coordinates"":[]}"
20110614,2011-06-14,0.001607511084615608,"{""type"":""MultiPoint"",""coordinates"":[]}"
20110615,2011-06-15,0.008879626829291111,"{""type"":""MultiPoint"",""coordinates"":[]}"
20110616,2011-06-16,0.00480534329547525,"{""type"":""MultiPoint"",""coordinates"":[]}"
20110617,2011-06-17,0.019086815493506576,"{""type"":""MultiPoint"",""coordinates"":[]}"
20110618,2011-06-18,0.01238917837415085,"{""type"":""MultiPoint"",""coordinates"":[]}"
20110619,2011-06-19,0.008599942074740331,"{""type"":""MultiPoint"",""coordinates"":[]}"
20110620,2011-06-20,0.014581818239670639,"{""type"":""MultiPoint"",""coordinates"":[]}"
20110621,2011-06-21,0.00424980681842663,"{""type"":""MultiPoint"",""coordinates"":[]}"
20110622,2011-06-22,0.006639893234334783,"{""type"":""MultiPoint"",""coordinates"":[]}"
20110623,2011-06-23,0.01576067176303049,"{""type"":""MultiPoint"",""coordinates"":[]}"
20110624,2011-06-24,0.009619952105872154,"{""type"":""MultiPoint"",""coordinates"":[]}"
20110625,2011-06-25,0.002404961394101757,"{""type"":""MultiPoint"",""coordinates"":[]}"
20110626,2011-06-26,0.0024675652541176814,"{""type"":""MultiPoint"",""coordinates"":[]}"
20110627,2011-06-27,0.006390906107705139,"{""type"":""MultiPoint"",""coordinates"":[]}"
20110628,2011-06-28,0.009514042388969263,"{""type"":""MultiPoint"",""coordinates"":[]}"
20110629,2011-06-29,0.006533521898993168,"{""type"":""MultiPoint"",""coordinates"":[]}"
20110630,2011-06-30,0.005710827436210254,"{""type"":""MultiPoint"",""coordinates"":[]}"
20110701,2011-07-01,9.224277958876539E-4,"{""type"":""MultiPoint"",""coordinates"":[]}"
20110702,2011-07-02,7.898154089947746E-4,"{""type"":""MultiPoint"",""coordinates"":[]}"
20110703,2011-07-03,0.002037289110951815,"{""type"":""MultiPoint"",""coordinates"":[]}"
20110704,2011-07-04,0.010430305132890684,"{""type"":""MultiPoint"",""coordinates"":[]}"
20110705,2011-07-05,0.012307599544826553,"{""type"":""MultiPoint"",""coordinates"":[]}"
20110706,2011-07-06,0.0015241609830208042,"{""type"":""MultiPoint"",""coordinates"":[]}"
20110707,2011-07-07,0.019192704742706155,"{""type"":""MultiPoint"",""coordinates"":[]}"
20110708,2011-07-08,0.0061092098004733005,"{""type"":""MultiPoint"",""coordinates"":[]}"
20110709,2011-07-09,0.0024344913865364656,"{""type"":""MultiPoint"",""coordinates"":[]}"
20110710,2011-07-10,0.008568104655000295,"{""type"":""MultiPoint"",""coordinates"":[]}"
20110711,2011-07-11,0.003751364811966297,"{""type"":""MultiPoint"",""coordinates"":[]}"
20110712,2011-07-12,0.007597499238462266,"{""type"":""MultiPoint"",""coordinates"":[]}"
20110713,2011-07-13,0.007969027246932442,"{""type"":""MultiPoint"",""coordinates"":[]}"
20110714,2011-07-14,0.011841010587509908,"{""type"":""MultiPoint"",""coordinates"":[]}"
20110715,2011-07-15,0.010637602389996274,"{""type"":""MultiPoint"",""coordinates"":[]}"
20110716,2011-07-16,0.011109830630276511,"{""type"":""MultiPoint"",""coordinates"":[]}"
20110717,2011-07-17,0.006304239702409297,"{""type"":""MultiPoint"",""coordinates"":[]}"
20110718,2011-07-18,0.006283853474794445,"{""type"":""MultiPoint"",""coordinates"":[]}"
20110719,2011-07-19,0.005411998915542641,"{""type"":""MultiPoint"",""coordinates"":[]}"
20110720,2011-07-20,0.005256576821748392,"{""type"":""MultiPoint"",""coordinates"":[]}"
20110721,2011-07-21,0.005694522206326792,"{""type"":""MultiPoint"",""coordinates"":[]}"
20110722,2011-07-22,0.011769127079792465,"{""type"":""MultiPoint"",""coordinates"":[]}"
20110723,2011-07-23,0.008084504887044432,"{""type"":""MultiPoint"",""coordinates"":[]}"
20110724,2011-07-24,0.004610078384184631,"{""type"":""MultiPoint"",""coordinates"":[]}"
20110725,2011-07-25,0.008277214999508814,"{""type"":""MultiPoint"",""coordinates"":[]}"
20110726,2011-07-26,0.0043541410975663055,"{""type"":""MultiPoint"",""coordinates"":[]}"
20110727,2011-07-27,0.006292566658059384,"{""type"":""MultiPoint"",""coordinates"":[]}"
20110728,2011-07-28,0.0069938227757065435,"{""type"":""MultiPoint"",""coordinates"":[]}"
20110729,2011-07-29,0.009806058167755797,"{""type"":""MultiPoint"",""coordinates"":[]}"
20110730,2011-07-30,0.014145190354976515,"{""type"":""MultiPoint"",""coordinates"":[]}"
20110731,2011-07-31,0.006639572347934976,"{""type"":""MultiPoint"",""coordinates"":[]}"
20110801,2011-08-01,0.014235208555973789,"{""type"":""MultiPoint"",""coordinates"":[]}"
20110802,2011-08-02,1.819464124776815E-4,"{""type"":""MultiPoint"",""coordinates"":[]}"
20110803,2011-08-03,9.998622653631366E-5,"{""type"":""MultiPoint"",""coordinates"":[]}"
20110804,2011-08-04,1.5472030680554634E-4,"{""type"":""MultiPoint"",""coordinates"":[]}"
20110805,2011-08-05,4.4406617632444833E-4,"{""type"":""MultiPoint"",""coordinates"":[]}"
20110806,2011-08-06,4.371192937910471E-4,"{""type"":""MultiPoint"",""coordinates"":[]}"
20110807,2011-08-07,2.5158743875255057E-4,"{""type"":""MultiPoint"",""coordinates"":[]}"
20110808,2011-08-08,4.4066852019819796E-4,"{""type"":""MultiPoint"",""coordinates"":[]}"
20110809,2011-08-09,0.0010569326621932996,"{""type"":""MultiPoint"",""coordinates"":[]}"
20110810,2011-08-10,0.004693931893855735,"{""type"":""MultiPoint"",""coordinates"":[]}"
20110811,2011-08-11,7.356239425933893E-4,"{""type"":""MultiPoint"",""coordinates"":[]}"
20110812,2011-08-12,0.0012009223450728725,"{""type"":""MultiPoint"",""coordinates"":[]}"
20110813,2011-08-13,0.004338265458708102,"{""type"":""MultiPoint"",""coordinates"":[]}"
20110814,2011-08-14,0.00276243550096189,"{""type"":""MultiPoint"",""coordinates"":[]}"
20110815,2011-08-15,0.008247171061023127,"{""type"":""MultiPoint"",""coordinates"":[]}"
20110816,2011-08-16,0.007901751667763475,"{""type"":""MultiPoint"",""coordinates"":[]}"
20110817,2011-08-17,0.005201385262125724,"{""type"":""MultiPoint"",""coordinates"":[]}"
20110818,2011-08-18,6.948003729174309E-4,"{""type"":""MultiPoint"",""coordinates"":[]}"
20110819,2011-08-19,0.0010127932005489645,"{""type"":""MultiPoint"",""coordinates"":[]}"
20110820,2011-08-20,0.0011836459357736629,"{""type"":""MultiPoint"",""coordinates"":[]}"
20110821,2011-08-21,0.01485887299662257,"{""type"":""MultiPoint"",""coordinates"":[]}"
20110822,2011-08-22,0.0035965922884096334,"{""type"":""MultiPoint"",""coordinates"":[]}"
20110823,2011-08-23,0.013467636634341352,"{""type"":""MultiPoint"",""coordinates"":[]}"
20110824,2011-08-24,0.0036595940447313327,"{""type"":""MultiPoint"",""coordinates"":[]}"
20110825,2011-08-25,0.004483146934012468,"{""type"":""MultiPoint"",""coordinates"":[]}"
20110826,2011-08-26,0.006644685910344824,"{""type"":""MultiPoint"",""coordinates"":[]}"
20110827,2011-08-27,0.0010374091714246288,"{""type"":""MultiPoint"",""coordinates"":[]}"
20110828,2011-08-28,5.419974342489382E-4,"{""type"":""MultiPoint"",""coordinates"":[]}"
20110829,2011-08-29,4.2727720716475984E-4,"{""type"":""MultiPoint"",""coordinates"":[]}"
20110830,2011-08-30,4.980299472555644E-4,"{""type"":""MultiPoint"",""coordinates"":[]}"
20110831,2011-08-31,5.721973662850493E-4,"{""type"":""MultiPoint"",""coordinates"":[]}"
20110901,2011-09-01,2.301425803223205E-4,"{""type"":""MultiPoint"",""coordinates"":[]}"
20110902,2011-09-02,2.2079835324050775E-4,"{""type"":""MultiPoint"",""coordinates"":[]}"
20110903,2011-09-03,3.9026285989005315E-4,"{""type"":""MultiPoint"",""coordinates"":[]}"
20110904,2011-09-04,0.0049394471209729075,"{""type"":""MultiPoint"",""coordinates"":[]}"
20110905,2011-09-05,0.002806142316494155,"{""type"":""MultiPoint"",""coordinates"":[]}"
20110906,2011-09-06,0.004310982091060481,"{""type"":""MultiPoint"",""coordinates"":[]}"
20110907,2011-09-07,3.7660223661242304E-4,"{""type"":""MultiPoint"",""coordinates"":[]}"
20110908,2011-09-08,5.231192229520503E-4,"{""type"":""MultiPoint"",""coordinates"":[]}"
20110909,2011-09-09,0.0026720115203523985,"{""type"":""MultiPoint"",""coordinates"":[]}"
20110910,2011-09-10,0.0035629104475831657,"{""type"":""MultiPoint"",""coordinates"":[]}"
20110911,2011-09-11,4.990892018768378E-4,"{""type"":""MultiPoint"",""coordinates"":[]}"
20110912,2011-09-12,4.7980564964376655E-4,"{""type"":""MultiPoint"",""coordinates"":[]}"
20110913,2011-09-13,0.0036319959663152035,"{""type"":""MultiPoint"",""coordinates"":[]}"
20110914,2011-09-14,0.010542053664168119,"{""type"":""MultiPoint"",""coordinates"":[]}"
20110915,2011-09-15,0.003711841049522227,"{""type"":""MultiPoint"",""coordinates"":[]}"
20110916,2011-09-16,0.004247362944290392,"{""type"":""MultiPoint"",""coordinates"":[]}"
20110917,2011-09-17,7.936714188647317E-4,"{""type"":""MultiPoint"",""coordinates"":[]}"
20110918,2011-09-18,0.0034605917366605198,"{""type"":""MultiPoint"",""coordinates"":[]}"
20110919,2011-09-19,0.0015397365054327795,"{""type"":""MultiPoint"",""coordinates"":[]}"
20110920,2011-09-20,0.012386772863952107,"{""type"":""MultiPoint"",""coordinates"":[]}"
20110921,2011-09-21,0.010713826559457825,"{""type"":""MultiPoint"",""coordinates"":[]}"
20110922,2011-09-22,0.002377898980552465,"{""type"":""MultiPoint"",""coordinates"":[]}"
20110923,2011-09-23,0.00960751733986974,"{""type"":""MultiPoint"",""coordinates"":[]}"
20110924,2011-09-24,3.348783575222556E-4,"{""type"":""MultiPoint"",""coordinates"":[]}"
20110925,2011-09-25,9.383270727303757E-4,"{""type"":""MultiPoint"",""coordinates"":[]}"
20110926,2011-09-26,0.00510701384119613,"{""type"":""MultiPoint"",""coordinates"":[]}"
20110927,2011-09-27,0.0021774693662545467,"{""type"":""MultiPoint"",""coordinates"":[]}"
20110928,2011-09-28,0.001868875785073368,"{""type"":""MultiPoint"",""coordinates"":[]}"
20110929,2011-09-29,0.0022990154840076024,"{""type"":""MultiPoint"",""coordinates"":[]}"
20110930,2011-09-30,2.2937946354574092E-4,"{""type"":""MultiPoint"",""coordinates"":[]}"
20111001,2011-10-01,0.007254879822010091,"{""type"":""MultiPoint"",""coordinates"":[]}"
20111002,2011-10-02,0.016486695207761703,"{""type"":""MultiPoint"",""coordinates"":[]}"
20111003,2011-10-03,0.012294987080349953,"{""type"":""MultiPoint"",""coordinates"":[]}"
20111004,2011-10-04,0.011754744481276357,"{""type"":""MultiPoint"",""coordinates"":[]}"
20111005,2011-10-05,0.004594736513828341,"{""type"":""MultiPoint"",""coordinates"":[]}"
20111006,2011-10-06,2.824088414911976E-5,"{""type"":""MultiPoint"",""coordinates"":[]}"
20111007,2011-10-07,0.001125940626813557,"{""type"":""MultiPoint"",""coordinates"":[]}"
20111008,2011-10-08,0.004927209614368412,"{""type"":""MultiPoint"",""coordinates"":[]}"
20111009,2011-10-09,0.005557278562115509,"{""type"":""MultiPoint"",""coordinates"":[]}"
20111010,2011-10-10,0.003023842407249918,"{""type"":""MultiPoint"",""coordinates"":[]}"
20111011,2011-10-11,0.004253916381072904,"{""type"":""MultiPoint"",""coordinates"":[]}"
20111012,2011-10-12,0.01671569141726971,"{""type"":""MultiPoint"",""coordinates"":[]}"
20111013,2011-10-13,0.006202765757913796,"{""type"":""MultiPoint"",""coordinates"":[]}"
20111014,2011-10-14,0.0032711047283490832,"{""type"":""MultiPoint"",""coordinates"":[]}"
20111015,2011-10-15,1.463699453681726E-4,"{""type"":""MultiPoint"",""coordinates"":[]}"
20111016,2011-10-16,0.002477309546719656,"{""type"":""MultiPoint"",""coordinates"":[]}"
20111017,2011-10-17,0.0021145151299414295,"{""type"":""MultiPoint"",""coordinates"":[]}"
20111018,2011-10-18,0.001393335850652996,"{""type"":""MultiPoint"",""coordinates"":[]}"
20111019,2011-10-19,0.008250566380668907,"{""type"":""MultiPoint"",""coordinates"":[]}"
20111020,2011-10-20,0.017123600493502835,"{""type"":""MultiPoint"",""coordinates"":[]}"
20111021,2011-10-21,0.012014054739221586,"{""type"":""MultiPoint"",""coordinates"":[]}"
20111022,2011-10-22,0.01005555229043892,"{""type"":""MultiPoint"",""coordinates"":[]}"
20111023,2011-10-23,0.00639405812890305,"{""type"":""MultiPoint"",""coordinates"":[]}"
20111024,2011-10-24,0.01208493126831948,"{""type"":""MultiPoint"",""coordinates"":[]}"
20111025,2011-10-25,0.004530577701929255,"{""type"":""MultiPoint"",""coordinates"":[]}"
20111026,2011-10-26,0.0022517778361238346,"{""type"":""MultiPoint"",""coordinates"":[]}"
20111027,2011-10-27,0.003872097412254713,"{""type"":""MultiPoint"",""coordinates"":[]}"
20111028,2011-10-28,3.8646806503298155E-4,"{""type"":""MultiPoint"",""coordinates"":[]}"
20111029,2011-10-29,0.004331207696899201,"{""type"":""MultiPoint"",""coordinates"":[]}"
20111030,2011-10-30,0.009898482081606819,"{""type"":""MultiPoint"",""coordinates"":[]}"
20111031,2011-10-31,0.013473842751471038,"{""type"":""MultiPoint"",""coordinates"":[]}"
20111101,2011-11-01,0.010732846193751065,"{""type"":""MultiPoint"",""coordinates"":[]}"
20111102,2011-11-02,0.010281324908090968,"{""type"":""MultiPoint"",""coordinates"":[]}"
20111103,2011-11-03,0.007926751321900688,"{""type"":""MultiPoint"",""coordinates"":[]}"
20111104,2011-11-04,0.0051841927381531825,"{""type"":""MultiPoint"",""coordinates"":[]}"
20111105,2011-11-05,0.005137517913860492,"{""type"":""MultiPoint"",""coordinates"":[]}"
20111106,2011-11-06,0.0016191895022780564,"{""type"":""MultiPoint"",""coordinates"":[]}"
20111107,2011-11-07,0.0025407483387430456,"{""type"":""MultiPoint"",""coordinates"":[]}"
20111108,2011-11-08,0.002355324501218748,"{""type"":""MultiPoint"",""coordinates"":[]}"
20111109,2011-11-09,0.007750438577405876,"{""type"":""MultiPoint"",""coordinates"":[]}"
20111110,2011-11-10,0.0028927332419830007,"{""type"":""MultiPoint"",""coordinates"":[]}"
20111111,2011-11-11,0.006974332637097088,"{""type"":""MultiPoint"",""coordinates"":[]}"
20111112,2011-11-12,0.006428807604270552,"{""type"":""MultiPoint"",""coordinates"":[]}"
20111113,2011-11-13,0.0053625505931080815,"{""type"":""MultiPoint"",""coordinates"":[]}"
20111114,2011-11-14,0.00959949942319635,"{""type"":""MultiPoint"",""coordinates"":[]}"
20111115,2011-11-15,0.003416964590545693,"{""type"":""MultiPoint"",""coordinates"":[]}"
20111116,2011-11-16,0.005647176984028645,"{""type"":""MultiPoint"",""coordinates"":[]}"
20111117,2011-11-17,0.0015294777736280683,"{""type"":""MultiPoint"",""coordinates"":[]}"
20111118,2011-11-18,0.0037036265289872553,"{""type"":""MultiPoint"",""coordinates"":[]}"
20111119,2011-11-19,0.0018678258289423094,"{""type"":""MultiPoint"",""coordinates"":[]}"
20111120,2011-11-20,0.0016346828894966477,"{""type"":""MultiPoint"",""coordinates"":[]}"
20111121,2011-11-21,0.007178682793710969,"{""type"":""MultiPoint"",""coordinates"":[]}"
20111122,2011-11-22,0.0076331082365664665,"{""type"":""MultiPoint"",""coordinates"":[]}"
20111123,2011-11-23,0.0026951729516489172,"{""type"":""MultiPoint"",""coordinates"":[]}"
20111124,2011-11-24,0.003675206749789245,"{""type"":""MultiPoint"",""coordinates"":[]}"
20111125,2011-11-25,0.009318238113972484,"{""type"":""MultiPoint"",""coordinates"":[]}"
20111126,2011-11-26,0.011336922995857493,"{""type"":""MultiPoint"",""coordinates"":[]}"
20111127,2011-11-27,0.004494843070537116,"{""type"":""MultiPoint"",""coordinates"":[]}"
20111128,2011-11-28,0.006242803885364657,"{""type"":""MultiPoint"",""coordinates"":[]}"
20111129,2011-11-29,0.007143191514079552,"{""type"":""MultiPoint"",""coordinates"":[]}"
20111130,2011-11-30,0.007586580137123495,"{""type"":""MultiPoint"",""coordinates"":[]}"
20111201,2011-12-01,0.007598623899483097,"{""type"":""MultiPoint"",""coordinates"":[]}"
20111202,2011-12-02,0.002939865349169321,"{""type"":""MultiPoint"",""coordinates"":[]}"
20111203,2011-12-03,5.964550097698187E-4,"{""type"":""MultiPoint"",""coordinates"":[]}"
20111204,2011-12-04,6.622309997034727E-5,"{""type"":""MultiPoint"",""coordinates"":[]}"
20111205,2011-12-05,0.002754577554622218,"{""type"":""MultiPoint"",""coordinates"":[]}"
20111206,2011-12-06,0.004150853611879064,"{""type"":""MultiPoint"",""coordinates"":[]}"
20111207,2011-12-07,0.004041959443150809,"{""type"":""MultiPoint"",""coordinates"":[]}"
20111208,2011-12-08,0.006398809950300339,"{""type"":""MultiPoint"",""coordinates"":[]}"
20111209,2011-12-09,0.0069926238368668734,"{""type"":""MultiPoint"",""coordinates"":[]}"
20111210,2011-12-10,0.0016015988842980214,"{""type"":""MultiPoint"",""coordinates"":[]}"
20111211,2011-12-11,2.6754957895497273E-4,"{""type"":""MultiPoint"",""coordinates"":[]}"
20111212,2011-12-12,0.006071740856613796,"{""type"":""MultiPoint"",""coordinates"":[]}"
20111213,2011-12-13,0.014584856414523822,"{""type"":""MultiPoint"",""coordinates"":[]}"
20111214,2011-12-14,0.005907786578316695,"{""type"":""MultiPoint"",""coordinates"":[]}"
20111215,2011-12-15,0.010805968787405165,"{""type"":""MultiPoint"",""coordinates"":[]}"
20111216,2011-12-16,0.00397929029375261,"{""type"":""MultiPoint"",""coordinates"":[]}"
20111217,2011-12-17,0.004928059420729885,"{""type"":""MultiPoint"",""coordinates"":[]}"
20111218,2011-12-18,8.610797471482925E-4,"{""type"":""MultiPoint"",""coordinates"":[]}"
20111219,2011-12-19,0.0010411128357152273,"{""type"":""MultiPoint"",""coordinates"":[]}"
20111220,2011-12-20,0.007931514094048941,"{""type"":""MultiPoint"",""coordinates"":[]}"
20111221,2011-12-21,0.009047137646826573,"{""type"":""MultiPoint"",""coordinates"":[]}"
20111222,2011-12-22,0.017926143740722135,"{""type"":""MultiPoint"",""coordinates"":[]}"
20111223,2011-12-23,0.0026551510545067642,"{""type"":""MultiPoint"",""coordinates"":[]}"
20111224,2011-12-24,0.0030608800380230454,"{""type"":""MultiPoint"",""coordinates"":[]}"
20111225,2011-12-25,0.00595076729721117,"{""type"":""MultiPoint"",""coordinates"":[]}"
20111226,2011-12-26,0.002095999487581634,"{""type"":""MultiPoint"",""coordinates"":[]}"
20111227,2011-12-27,0.007442045365165454,"{""type"":""MultiPoint"",""coordinates"":[]}"
20111228,2011-12-28,0.004356780981020208,"{""type"":""MultiPoint"",""coordinates"":[]}"
20111229,2011-12-29,5.278715248721738E-4,"{""type"":""MultiPoint"",""coordinates"":[]}"
20111230,2011-12-30,0.0017840591238825832,"{""type"":""MultiPoint"",""coordinates"":[]}"
20111231,2011-12-31,0.004999640324731377,"{""type"":""MultiPoint"",""coordinates"":[]}"
20120101,2012-01-01,0.011524897673513177,"{""type"":""MultiPoint"",""coordinates"":[]}"
20120102,2012-01-02,0.014415356124418938,"{""type"":""MultiPoint"",""coordinates"":[]}"
20120103,2012-01-03,0.0023406210575807143,"{""type"":""MultiPoint"",""coordinates"":[]}"
20120104,2012-01-04,0.002314429595170852,"{""type"":""MultiPoint"",""coordinates"":[]}"
20120105,2012-01-05,0.0028593912274135383,"{""type"":""MultiPoint"",""coordinates"":[]}"
20120106,2012-01-06,0.008059206741981762,"{""type"":""MultiPoint"",""coordinates"":[]}"
20120107,2012-01-07,0.009010782301937229,"{""type"":""MultiPoint"",""coordinates"":[]}"
20120108,2012-01-08,0.010490789243778113,"{""type"":""MultiPoint"",""coordinates"":[]}"
20120109,2012-01-09,0.006880274610516729,"{""type"":""MultiPoint"",""coordinates"":[]}"
20120110,2012-01-10,0.0046360394594204424,"{""type"":""MultiPoint"",""coordinates"":[]}"
20120111,2012-01-11,0.005371803256601771,"{""type"":""MultiPoint"",""coordinates"":[]}"
20120112,2012-01-12,0.006882010471062384,"{""type"":""MultiPoint"",""coordinates"":[]}"
20120113,2012-01-13,0.0016198409295435665,"{""type"":""MultiPoint"",""coordinates"":[]}"
20120114,2012-01-14,0.00126840102462783,"{""type"":""MultiPoint"",""coordinates"":[]}"
20120115,2012-01-15,0.0015625303185367054,"{""type"":""MultiPoint"",""coordinates"":[]}"
20120116,2012-01-16,0.003387583000419501,"{""type"":""MultiPoint"",""coordinates"":[]}"
20120117,2012-01-17,0.012774084761693082,"{""type"":""MultiPoint"",""coordinates"":[]}"
20120118,2012-01-18,0.005840040069739242,"{""type"":""MultiPoint"",""coordinates"":[]}"
20120119,2012-01-19,0.010963013520666266,"{""type"":""MultiPoint"",""coordinates"":[]}"
20120120,2012-01-20,0.011461548129775465,"{""type"":""MultiPoint"",""coordinates"":[]}"
20120121,2012-01-21,0.017909600325687485,"{""type"":""MultiPoint"",""coordinates"":[]}"
20120122,2012-01-22,0.010775257457265562,"{""type"":""MultiPoint"",""coordinates"":[]}"
20120123,2012-01-23,0.002314384694961967,"{""type"":""MultiPoint"",""coordinates"":[]}"
20120124,2012-01-24,0.001983275728120165,"{""type"":""MultiPoint"",""coordinates"":[]}"
20120125,2012-01-25,0.01250486621806274,"{""type"":""MultiPoint"",""coordinates"":[]}"
20120126,2012-01-26,0.011659407756050654,"{""type"":""MultiPoint"",""coordinates"":[]}"
20120127,2012-01-27,0.02519572864037794,"{""type"":""MultiPoint"",""coordinates"":[]}"
20120128,2012-01-28,0.02855493026669859,"{""type"":""MultiPoint"",""coordinates"":[]}"
20120129,2012-01-29,0.04474913932693829,"{""type"":""MultiPoint"",""coordinates"":[]}"
20120130,2012-01-30,0.014163551745991624,"{""type"":""MultiPoint"",""coordinates"":[]}"
20120131,2012-01-31,0.018446299833805475,"{""type"":""MultiPoint"",""coordinates"":[]}"
20120201,2012-02-01,0.005146981826365288,"{""type"":""MultiPoint"",""coordinates"":[]}"
20120202,2012-02-02,0.012329502419019082,"{""type"":""MultiPoint"",""coordinates"":[]}"
20120203,2012-02-03,0.01145610133687788,"{""type"":""MultiPoint"",""coordinates"":[]}"
20120204,2012-02-04,0.015210365227266638,"{""type"":""MultiPoint"",""coordinates"":[]}"
20120205,2012-02-05,0.01507278994333222,"{""type"":""MultiPoint"",""coordinates"":[]}"
20120206,2012-02-06,0.010160279553179411,"{""type"":""MultiPoint"",""coordinates"":[]}"
20120207,2012-02-07,0.0019899397946293645,"{""type"":""MultiPoint"",""coordinates"":[]}"
20120208,2012-02-08,0.001671288186698428,"{""type"":""MultiPoint"",""coordinates"":[]}"
20120209,2012-02-09,3.6786801975711867E-4,"{""type"":""MultiPoint"",""coordinates"":[]}"
20120210,2012-02-10,0.001078426395693366,"{""type"":""MultiPoint"",""coordinates"":[]}"
20120211,2012-02-11,0.0018583208244174858,"{""type"":""MultiPoint"",""coordinates"":[]}"
20120212,2012-02-12,0.004847355919578857,"{""type"":""MultiPoint"",""coordinates"":[]}"
20120213,2012-02-13,0.007092582088787083,"{""type"":""MultiPoint"",""coordinates"":[]}"
20120214,2012-02-14,0.005716585526431892,"{""type"":""MultiPoint"",""coordinates"":[]}"
20120215,2012-02-15,0.010044951504950739,"{""type"":""MultiPoint"",""coordinates"":[]}"
20120216,2012-02-16,0.015482088745177395,"{""type"":""MultiPoint"",""coordinates"":[]}"
20120217,2012-02-17,0.0024113464357728306,"{""type"":""MultiPoint"",""coordinates"":[]}"
20120218,2012-02-18,8.984548245810342E-4,"{""type"":""MultiPoint"",""coordinates"":[]}"
20120219,2012-02-19,0.003866350680706838,"{""type"":""MultiPoint"",""coordinates"":[]}"
20120220,2012-02-20,0.012931726603651713,"{""type"":""MultiPoint"",""coordinates"":[]}"
20120221,2012-02-21,0.015103432194596624,"{""type"":""MultiPoint"",""coordinates"":[]}"
20120222,2012-02-22,0.008929058458568182,"{""type"":""MultiPoint"",""coordinates"":[]}"
20120223,2012-02-23,0.005975847387785416,"{""type"":""MultiPoint"",""coordinates"":[]}"
20120224,2012-02-24,0.004904645673384677,"{""type"":""MultiPoint"",""coordinates"":[]}"
20120225,2012-02-25,5.195043420259605E-4,"{""type"":""MultiPoint"",""coordinates"":[]}"
20120226,2012-02-26,0.0017537129482586159,"{""type"":""MultiPoint"",""coordinates"":[]}"
20120227,2012-02-27,0.007872811141806236,"{""type"":""MultiPoint"",""coordinates"":[]}"
20120228,2012-02-28,0.01760858779371417,"{""type"":""MultiPoint"",""coordinates"":[]}"
20120229,2012-02-29,0.028570411004618032,"{""type"":""MultiPoint"",""coordinates"":[]}"
20120301,2012-03-01,0.002241222801285207,"{""type"":""MultiPoint"",""coordinates"":[]}"
20120302,2012-03-02,0.001883464824291994,"{""type"":""MultiPoint"",""coordinates"":[]}"
20120303,2012-03-03,0.0013999774679961186,"{""type"":""MultiPoint"",""coordinates"":[]}"
20120304,2012-03-04,8.42501269542711E-4,"{""type"":""MultiPoint"",""coordinates"":[]}"
20120305,2012-03-05,0.002194122816299821,"{""type"":""MultiPoint"",""coordinates"":[]}"
20120306,2012-03-06,0.004772970167777536,"{""type"":""MultiPoint"",""coordinates"":[]}"
20120307,2012-03-07,0.016012933434513175,"{""type"":""MultiPoint"",""coordinates"":[]}"
20120308,2012-03-08,0.0022926041783217824,"{""type"":""MultiPoint"",""coordinates"":[]}"
20120309,2012-03-09,0.003919562511060098,"{""type"":""MultiPoint"",""coordinates"":[]}"
20120310,2012-03-10,0.001450131042986451,"{""type"":""MultiPoint"",""coordinates"":[]}"
20120311,2012-03-11,0.0023964952528252605,"{""type"":""MultiPoint"",""coordinates"":[]}"
20120312,2012-03-12,7.893956082928951E-4,"{""type"":""MultiPoint"",""coordinates"":[]}"
20120313,2012-03-13,6.161842292556398E-4,"{""type"":""MultiPoint"",""coordinates"":[]}"
20120314,2012-03-14,7.505129038071906E-4,"{""type"":""MultiPoint"",""coordinates"":[]}"
20120315,2012-03-15,0.0011657927501389721,"{""type"":""MultiPoint"",""coordinates"":[]}"
20120316,2012-03-16,0.0022875660862174494,"{""type"":""MultiPoint"",""coordinates"":[]}"
20120317,2012-03-17,0.015923901344133143,"{""type"":""MultiPoint"",""coordinates"":[]}"
20120318,2012-03-18,0.005937299807132373,"{""type"":""MultiPoint"",""coordinates"":[]}"
20120319,2012-03-19,0.0014697853031387716,"{""type"":""MultiPoint"",""coordinates"":[]}"
20120320,2012-03-20,0.001269900507011981,"{""type"":""MultiPoint"",""coordinates"":[]}"
20120321,2012-03-21,0.0011592678710917867,"{""type"":""MultiPoint"",""coordinates"":[]}"
20120322,2012-03-22,0.0017308356181021888,"{""type"":""MultiPoint"",""coordinates"":[]}"
20120323,2012-03-23,0.0038649676669677627,"{""type"":""MultiPoint"",""coordinates"":[]}"
20120324,2012-03-24,0.012804838899813157,"{""type"":""MultiPoint"",""coordinates"":[]}"
20120325,2012-03-25,0.0024282302325370144,"{""type"":""MultiPoint"",""coordinates"":[]}"
20120326,2012-03-26,0.0036729233569638402,"{""type"":""MultiPoint"",""coordinates"":[]}"
20120327,2012-03-27,0.001351938006758615,"{""type"":""MultiPoint"",""coordinates"":[]}"
20120328,2012-03-28,6.588523309417458E-4,"{""type"":""MultiPoint"",""coordinates"":[]}"
20120329,2012-03-29,0.0011359079834064843,"{""type"":""MultiPoint"",""coordinates"":[]}"
20120330,2012-03-30,0.001643821843792419,"{""type"":""MultiPoint"",""coordinates"":[]}"
20120331,2012-03-31,0.0016587242642448223,"{""type"":""MultiPoint"",""coordinates"":[]}"
20120401,2012-04-01,0.006711705609086069,"{""type"":""MultiPoint"",""coordinates"":[]}"
20120402,2012-04-02,0.031030304376357384,"{""type"":""MultiPoint"",""coordinates"":[]}"
20120403,2012-04-03,0.006248304901655032,"{""type"":""MultiPoint"",""coordinates"":[]}"
20120404,2012-04-04,0.0017687122832046361,"{""type"":""MultiPoint"",""coordinates"":[]}"
20120405,2012-04-05,0.014583065440219707,"{""type"":""MultiPoint"",""coordinates"":[]}"
20120406,2012-04-06,0.02205742198650509,"{""type"":""MultiPoint"",""coordinates"":[]}"
20120407,2012-04-07,0.013089184709149108,"{""type"":""MultiPoint"",""coordinates"":[]}"
20120408,2012-04-08,0.009736012915458576,"{""type"":""MultiPoint"",""coordinates"":[]}"
20120409,2012-04-09,0.006105007072988876,"{""type"":""MultiPoint"",""coordinates"":[]}"
20120410,2012-04-10,0.008467195865309321,"{""type"":""MultiPoint"",""coordinates"":[]}"
20120411,2012-04-11,0.01071328445751961,"{""type"":""MultiPoint"",""coordinates"":[]}"
20120412,2012-04-12,0.007866261865848599,"{""type"":""MultiPoint"",""coordinates"":[]}"
20120413,2012-04-13,0.009487367160521499,"{""type"":""MultiPoint"",""coordinates"":[]}"
20120414,2012-04-14,0.004672275745835246,"{""type"":""MultiPoint"",""coordinates"":[]}"
20120415,2012-04-15,0.003753056134498602,"{""type"":""MultiPoint"",""coordinates"":[]}"
20120416,2012-04-16,0.014520578414204845,"{""type"":""MultiPoint"",""coordinates"":[]}"
20120417,2012-04-17,0.007268976106265809,"{""type"":""MultiPoint"",""coordinates"":[]}"
20120418,2012-04-18,0.008347590023641396,"{""type"":""MultiPoint"",""coordinates"":[]}"
20120419,2012-04-19,0.0038795999127126824,"{""type"":""MultiPoint"",""coordinates"":[]}"
20120420,2012-04-20,0.0023688731044414235,"{""type"":""MultiPoint"",""coordinates"":[]}"
20120421,2012-04-21,0.0014863034274072544,"{""type"":""MultiPoint"",""coordinates"":[]}"
20120422,2012-04-22,0.0018601336690652996,"{""type"":""MultiPoint"",""coordinates"":[]}"
20120423,2012-04-23,8.73348052385784E-4,"{""type"":""MultiPoint"",""coordinates"":[]}"
20120424,2012-04-24,0.0023060195577709122,"{""type"":""MultiPoint"",""coordinates"":[]}"
20120425,2012-04-25,0.010883352636076692,"{""type"":""MultiPoint"",""coordinates"":[]}"
20120426,2012-04-26,0.012747174476540439,"{""type"":""MultiPoint"",""coordinates"":[]}"
20120427,2012-04-27,0.017973947125683922,"{""type"":""MultiPoint"",""coordinates"":[]}"
20120428,2012-04-28,0.004296721070175201,"{""type"":""MultiPoint"",""coordinates"":[]}"
20120429,2012-04-29,0.017353057741420323,"{""type"":""MultiPoint"",""coordinates"":[]}"
20120430,2012-04-30,0.0201715868809431,"{""type"":""MultiPoint"",""coordinates"":[]}"
20120501,2012-05-01,0.010087271841833419,"{""type"":""MultiPoint"",""coordinates"":[]}"
20120502,2012-05-02,0.010382130439539927,"{""type"":""MultiPoint"",""coordinates"":[]}"
20120503,2012-05-03,0.014136072895612951,"{""type"":""MultiPoint"",""coordinates"":[]}"
20120504,2012-05-04,0.019384084361241522,"{""type"":""MultiPoint"",""coordinates"":[]}"
20120505,2012-05-05,0.013927956292927736,"{""type"":""MultiPoint"",""coordinates"":[]}"
20120506,2012-05-06,0.012262094841530754,"{""type"":""MultiPoint"",""coordinates"":[]}"
20120507,2012-05-07,0.017390928300349568,"{""type"":""MultiPoint"",""coordinates"":[]}"
20120508,2012-05-08,0.010475983038205211,"{""type"":""MultiPoint"",""coordinates"":[]}"
20120509,2012-05-09,0.006253427349952101,"{""type"":""MultiPoint"",""coordinates"":[]}"
20120510,2012-05-10,0.009638315609355137,"{""type"":""MultiPoint"",""coordinates"":[]}"
20120511,2012-05-11,0.005250731021748374,"{""type"":""MultiPoint"",""coordinates"":[]}"
20120512,2012-05-12,0.0018182095657596838,"{""type"":""MultiPoint"",""coordinates"":[]}"
20120513,2012-05-13,0.002416229316839216,"{""type"":""MultiPoint"",""coordinates"":[]}"
20120514,2012-05-14,0.016867731012034162,"{""type"":""MultiPoint"",""coordinates"":[]}"
20120515,2012-05-15,0.009390666549867605,"{""type"":""MultiPoint"",""coordinates"":[]}"
20120516,2012-05-16,0.008078751020430841,"{""type"":""MultiPoint"",""coordinates"":[]}"
20120517,2012-05-17,0.012874444345170252,"{""type"":""MultiPoint"",""coordinates"":[]}"
20120518,2012-05-18,0.006360080184720847,"{""type"":""MultiPoint"",""coordinates"":[]}"
20120519,2012-05-19,0.0014757087158055913,"{""type"":""MultiPoint"",""coordinates"":[]}"
20120520,2012-05-20,0.018083124452772256,"{""type"":""MultiPoint"",""coordinates"":[]}"
20120521,2012-05-21,0.011238636778737519,"{""type"":""MultiPoint"",""coordinates"":[]}"
20120522,2012-05-22,0.016946743106109614,"{""type"":""MultiPoint"",""coordinates"":[]}"
20120523,2012-05-23,0.005175360170479414,"{""type"":""MultiPoint"",""coordinates"":[]}"
20120524,2012-05-24,0.01100429522344672,"{""type"":""MultiPoint"",""coordinates"":[]}"
20120525,2012-05-25,0.006158190850509235,"{""type"":""MultiPoint"",""coordinates"":[]}"
20120526,2012-05-26,0.011039106981205,"{""type"":""MultiPoint"",""coordinates"":[]}"
20120527,2012-05-27,0.003005546520020282,"{""type"":""MultiPoint"",""coordinates"":[]}"
20120528,2012-05-28,0.004750286981639741,"{""type"":""MultiPoint"",""coordinates"":[]}"
20120529,2012-05-29,0.00821302509298581,"{""type"":""MultiPoint"",""coordinates"":[]}"
20120530,2012-05-30,0.011965767019904905,"{""type"":""MultiPoint"",""coordinates"":[]}"
20120531,2012-05-31,0.0148933953274625,"{""type"":""MultiPoint"",""coordinates"":[]}"
20120601,2012-06-01,0.008497174444394648,"{""type"":""MultiPoint"",""coordinates"":[]}"
20120602,2012-06-02,0.00165793377705872,"{""type"":""MultiPoint"",""coordinates"":[]}"
20120603,2012-06-03,0.0013251121388418797,"{""type"":""MultiPoint"",""coordinates"":[]}"
20120604,2012-06-04,0.00869737386835298,"{""type"":""MultiPoint"",""coordinates"":[]}"
20120605,2012-06-05,0.0056918320594750264,"{""type"":""MultiPoint"",""coordinates"":[]}"
20120606,2012-06-06,0.00725487914638555,"{""type"":""MultiPoint"",""coordinates"":[]}"
20120607,2012-06-07,0.024356894508842115,"{""type"":""MultiPoint"",""coordinates"":[]}"
20120608,2012-06-08,0.017181176998904382,"{""type"":""MultiPoint"",""coordinates"":[]}"
20120609,2012-06-09,0.016852088302267393,"{""type"":""MultiPoint"",""coordinates"":[]}"
20120610,2012-06-10,0.004297202400277236,"{""type"":""MultiPoint"",""coordinates"":[]}"
20120611,2012-06-11,0.012214938837515992,"{""type"":""MultiPoint"",""coordinates"":[]}"
20120612,2012-06-12,0.012978557774757659,"{""type"":""MultiPoint"",""coordinates"":[]}"
20120613,2012-06-13,0.01767769006886988,"{""type"":""MultiPoint"",""coordinates"":[]}"
20120614,2012-06-14,0.016325129589922768,"{""type"":""MultiPoint"",""coordinates"":[]}"
20120615,2012-06-15,0.008089094342125111,"{""type"":""MultiPoint"",""coordinates"":[]}"
20120616,2012-06-16,0.0059136085236303265,"{""type"":""MultiPoint"",""coordinates"":[]}"
20120617,2012-06-17,0.006154479325227913,"{""type"":""MultiPoint"",""coordinates"":[]}"
20120618,2012-06-18,0.014767549202265626,"{""type"":""MultiPoint"",""coordinates"":[]}"
20120619,2012-06-19,0.011793101683186312,"{""type"":""MultiPoint"",""coordinates"":[]}"
20120620,2012-06-20,0.001114285800491658,"{""type"":""MultiPoint"",""coordinates"":[]}"
20120621,2012-06-21,0.00893138075877493,"{""type"":""MultiPoint"",""coordinates"":[]}"
20120622,2012-06-22,0.0035969211677511124,"{""type"":""MultiPoint"",""coordinates"":[]}"
20120623,2012-06-23,0.0012109974904040601,"{""type"":""MultiPoint"",""coordinates"":[]}"
20120624,2012-06-24,0.003037743982569375,"{""type"":""MultiPoint"",""coordinates"":[]}"
20120625,2012-06-25,0.008891836863960043,"{""type"":""MultiPoint"",""coordinates"":[]}"
20120626,2012-06-26,0.010864272745779212,"{""type"":""MultiPoint"",""coordinates"":[]}"
20120627,2012-06-27,0.005133966970871444,"{""type"":""MultiPoint"",""coordinates"":[]}"
20120628,2012-06-28,0.006430125353369008,"{""type"":""MultiPoint"",""coordinates"":[]}"
20120629,2012-06-29,0.009534182987671334,"{""type"":""MultiPoint"",""coordinates"":[]}"
20120630,2012-06-30,0.006984242603191464,"{""type"":""MultiPoint"",""coordinates"":[]}"
20120701,2012-07-01,0.011585473676222329,"{""type"":""MultiPoint"",""coordinates"":[]}"
20120702,2012-07-02,0.011898687515983173,"{""type"":""MultiPoint"",""coordinates"":[]}"
20120703,2012-07-03,0.006774325559181979,"{""type"":""MultiPoint"",""coordinates"":[]}"
20120704,2012-07-04,0.00576880193963271,"{""type"":""MultiPoint"",""coordinates"":[]}"
20120705,2012-07-05,0.008717461166317253,"{""type"":""MultiPoint"",""coordinates"":[]}"
20120706,2012-07-06,0.001237669236359821,"{""type"":""MultiPoint"",""coordinates"":[]}"
20120707,2012-07-07,0.0043607636510345155,"{""type"":""MultiPoint"",""coordinates"":[]}"
20120708,2012-07-08,0.013151376668645983,"{""type"":""MultiPoint"",""coordinates"":[]}"
20120709,2012-07-09,0.006825072675267989,"{""type"":""MultiPoint"",""coordinates"":[]}"
20120710,2012-07-10,0.016727377868682218,"{""type"":""MultiPoint"",""coordinates"":[]}"
20120711,2012-07-11,0.016696731246800173,"{""type"":""MultiPoint"",""coordinates"":[]}"
20120712,2012-07-12,0.009752672999183124,"{""type"":""MultiPoint"",""coordinates"":[]}"
20120713,2012-07-13,0.01445761240036674,"{""type"":""MultiPoint"",""coordinates"":[]}"
20120714,2012-07-14,0.0059844720031209915,"{""type"":""MultiPoint"",""coordinates"":[]}"
20120715,2012-07-15,0.013553528703366872,"{""type"":""MultiPoint"",""coordinates"":[]}"
20120716,2012-07-16,0.015222842299324132,"{""type"":""MultiPoint"",""coordinates"":[]}"
20120717,2012-07-17,0.015558616599436303,"{""type"":""MultiPoint"",""coordinates"":[]}"
20120718,2012-07-18,0.012458774666354618,"{""type"":""MultiPoint"",""coordinates"":[]}"
20120719,2012-07-19,0.015093920096658593,"{""type"":""MultiPoint"",""coordinates"":[]}"
20120720,2012-07-20,0.014020545223289712,"{""type"":""MultiPoint"",""coordinates"":[]}"
20120721,2012-07-21,0.007717848608431266,"{""type"":""MultiPoint"",""coordinates"":[]}"
20120722,2012-07-22,0.009853566462033456,"{""type"":""MultiPoint"",""coordinates"":[]}"
20120723,2012-07-23,0.0031144491449078262,"{""type"":""MultiPoint"",""coordinates"":[]}"
20120724,2012-07-24,0.0014413875469875238,"{""type"":""MultiPoint"",""coordinates"":[]}"
20120725,2012-07-25,0.013365471293234189,"{""type"":""MultiPoint"",""coordinates"":[]}"
20120726,2012-07-26,0.009254722212575565,"{""type"":""MultiPoint"",""coordinates"":[]}"
20120727,2012-07-27,9.549041111214327E-4,"{""type"":""MultiPoint"",""coordinates"":[]}"
20120728,2012-07-28,0.0015620514414868914,"{""type"":""MultiPoint"",""coordinates"":[]}"
20120729,2012-07-29,0.0010143545050208668,"{""type"":""MultiPoint"",""coordinates"":[]}"
20120730,2012-07-30,0.006355730272240309,"{""type"":""MultiPoint"",""coordinates"":[]}"
20120731,2012-07-31,0.00763347968095675,"{""type"":""MultiPoint"",""coordinates"":[]}"
20120801,2012-08-01,0.020487083765367814,"{""type"":""MultiPoint"",""coordinates"":[]}"
20120802,2012-08-02,0.016637046314564495,"{""type"":""MultiPoint"",""coordinates"":[]}"
20120803,2012-08-03,0.006361667434013816,"{""type"":""MultiPoint"",""coordinates"":[]}"
20120804,2012-08-04,0.006774536754191708,"{""type"":""MultiPoint"",""coordinates"":[]}"
20120805,2012-08-05,0.01128550973983995,"{""type"":""MultiPoint"",""coordinates"":[]}"
20120806,2012-08-06,0.008291339203501521,"{""type"":""MultiPoint"",""coordinates"":[]}"
20120807,2012-08-07,0.006035587621080817,"{""type"":""MultiPoint"",""coordinates"":[]}"
20120808,2012-08-08,0.012552893808736173,"{""type"":""MultiPoint"",""coordinates"":[]}"
20120809,2012-08-09,0.010819915465510751,"{""type"":""MultiPoint"",""coordinates"":[]}"
20120810,2012-08-10,0.012198570380439536,"{""type"":""MultiPoint"",""coordinates"":[]}"
20120811,2012-08-11,0.0025610518978847092,"{""type"":""MultiPoint"",""coordinates"":[]}"
20120812,2012-08-12,8.184165534477126E-4,"{""type"":""MultiPoint"",""coordinates"":[]}"
20120813,2012-08-13,0.0016667314451328757,"{""type"":""MultiPoint"",""coordinates"":[]}"
20120814,2012-08-14,0.0014864800784041168,"{""type"":""MultiPoint"",""coordinates"":[]}"
20120815,2012-08-15,0.0040454185186213154,"{""type"":""MultiPoint"",""coordinates"":[]}"
20120816,2012-08-16,0.007620954204060654,"{""type"":""MultiPoint"",""coordinates"":[]}"
20120817,2012-08-17,0.004009378752942358,"{""type"":""MultiPoint"",""coordinates"":[]}"
20120818,2012-08-18,0.004294880403876794,"{""type"":""MultiPoint"",""coordinates"":[]}"
20120819,2012-08-19,0.007197393771099569,"{""type"":""MultiPoint"",""coordinates"":[]}"
20120820,2012-08-20,0.011606185744883495,"{""type"":""MultiPoint"",""coordinates"":[]}"
20120821,2012-08-21,0.007874569289817,"{""type"":""MultiPoint"",""coordinates"":[]}"
20120822,2012-08-22,0.005707091983118489,"{""type"":""MultiPoint"",""coordinates"":[]}"
20120823,2012-08-23,0.001044709229898604,"{""type"":""MultiPoint"",""coordinates"":[]}"
20120824,2012-08-24,0.0018777153131496924,"{""type"":""MultiPoint"",""coordinates"":[]}"
20120825,2012-08-25,0.0018922170867976956,"{""type"":""MultiPoint"",""coordinates"":[]}"
20120826,2012-08-26,0.0014166594729184215,"{""type"":""MultiPoint"",""coordinates"":[]}"
20120827,2012-08-27,0.0029271280161136046,"{""type"":""MultiPoint"",""coordinates"":[]}"
20120828,2012-08-28,9.517956777038371E-4,"{""type"":""MultiPoint"",""coordinates"":[]}"
20120829,2012-08-29,1.2873195141672078E-4,"{""type"":""MultiPoint"",""coordinates"":[]}"
20120830,2012-08-30,6.76079431527673E-4,"{""type"":""MultiPoint"",""coordinates"":[]}"
20120831,2012-08-31,7.871162348728813E-4,"{""type"":""MultiPoint"",""coordinates"":[]}"
20120901,2012-09-01,0.0010673672138763037,"{""type"":""MultiPoint"",""coordinates"":[]}"
20120902,2012-09-02,0.0020843536900246318,"{""type"":""MultiPoint"",""coordinates"":[]}"
20120903,2012-09-03,0.002112752421884527,"{""type"":""MultiPoint"",""coordinates"":[]}"
20120904,2012-09-04,0.003306741427382974,"{""type"":""MultiPoint"",""coordinates"":[]}"
20120905,2012-09-05,7.573037861708851E-4,"{""type"":""MultiPoint"",""coordinates"":[]}"
20120906,2012-09-06,8.647362209446919E-4,"{""type"":""MultiPoint"",""coordinates"":[]}"
20120907,2012-09-07,1.51228771773985E-4,"{""type"":""MultiPoint"",""coordinates"":[]}"
20120908,2012-09-08,5.409815733878027E-4,"{""type"":""MultiPoint"",""coordinates"":[]}"
20120909,2012-09-09,4.183207929368391E-4,"{""type"":""MultiPoint"",""coordinates"":[]}"
20120910,2012-09-10,0.001575503129273659,"{""type"":""MultiPoint"",""coordinates"":[]}"
20120911,2012-09-11,0.004046942029696557,"{""type"":""MultiPoint"",""coordinates"":[]}"
20120912,2012-09-12,0.0027143093248777985,"{""type"":""MultiPoint"",""coordinates"":[]}"
20120913,2012-09-13,5.361023417247683E-4,"{""type"":""MultiPoint"",""coordinates"":[]}"
20120914,2012-09-14,5.560368466516168E-5,"{""type"":""MultiPoint"",""coordinates"":[]}"
20120915,2012-09-15,0.002094853109040174,"{""type"":""MultiPoint"",""coordinates"":[]}"
20120916,2012-09-16,0.002790307026918928,"{""type"":""MultiPoint"",""coordinates"":[]}"
20120917,2012-09-17,5.908857508263118E-4,"{""type"":""MultiPoint"",""coordinates"":[]}"
20120918,2012-09-18,0.0014270866325380843,"{""type"":""MultiPoint"",""coordinates"":[]}"
20120919,2012-09-19,0.004494196126467678,"{""type"":""MultiPoint"",""coordinates"":[]}"
20120920,2012-09-20,5.278967360701833E-4,"{""type"":""MultiPoint"",""coordinates"":[]}"
20120921,2012-09-21,0.0013172802803207632,"{""type"":""MultiPoint"",""coordinates"":[]}"
20120922,2012-09-22,0.0023779672407493687,"{""type"":""MultiPoint"",""coordinates"":[]}"
20120923,2012-09-23,9.111437037539734E-4,"{""type"":""MultiPoint"",""coordinates"":[]}"
20120924,2012-09-24,4.5001991631623476E-4,"{""type"":""MultiPoint"",""coordinates"":[]}"
20120925,2012-09-25,4.884081943844009E-4,"{""type"":""MultiPoint"",""coordinates"":[]}"
20120926,2012-09-26,5.584208001446095E-4,"{""type"":""MultiPoint"",""coordinates"":[]}"
20120927,2012-09-27,5.682363407406749E-4,"{""type"":""MultiPoint"",""coordinates"":[]}"
20120928,2012-09-28,0.003198313999696967,"{""type"":""MultiPoint"",""coordinates"":[]}"
20120929,2012-09-29,9.69005622033674E-4,"{""type"":""MultiPoint"",""coordinates"":[]}"
20120930,2012-09-30,0.002530860440551514,"{""type"":""MultiPoint"",""coordinates"":[]}"
20121001,2012-10-01,0.004208870241905528,"{""type"":""MultiPoint"",""coordinates"":[]}"
20121002,2012-10-02,0.003858161790542834,"{""type"":""MultiPoint"",""coordinates"":[]}"
20121003,2012-10-03,8.228771512475331E-4,"{""type"":""MultiPoint"",""coordinates"":[]}"
20121004,2012-10-04,1.7235037975867404E-4,"{""type"":""MultiPoint"",""coordinates"":[]}"
20121005,2012-10-05,8.704488381783426E-5,"{""type"":""MultiPoint"",""coordinates"":[]}"
20121006,2012-10-06,5.92317728647756E-4,"{""type"":""MultiPoint"",""coordinates"":[]}"
20121007,2012-10-07,3.505352216678091E-5,"{""type"":""MultiPoint"",""coordinates"":[]}"
20121008,2012-10-08,0.0026086810109142112,"{""type"":""MultiPoint"",""coordinates"":[]}"
20121009,2012-10-09,0.015646191060489045,"{""type"":""MultiPoint"",""coordinates"":[]}"
20121010,2012-10-10,0.00943725649408599,"{""type"":""MultiPoint"",""coordinates"":[]}"
20121011,2012-10-11,0.005211710914620483,"{""type"":""MultiPoint"",""coordinates"":[]}"
20121012,2012-10-12,0.0025550225679752845,"{""type"":""MultiPoint"",""coordinates"":[]}"
20121013,2012-10-13,2.694476227564592E-4,"{""type"":""MultiPoint"",""coordinates"":[]}"
20121014,2012-10-14,4.267455457796379E-4,"{""type"":""MultiPoint"",""coordinates"":[]}"
20121015,2012-10-15,8.487908105132114E-5,"{""type"":""MultiPoint"",""coordinates"":[]}"
20121016,2012-10-16,7.438869276131741E-5,"{""type"":""MultiPoint"",""coordinates"":[]}"
20121017,2012-10-17,2.7424885032450193E-5,"{""type"":""MultiPoint"",""coordinates"":[]}"
20121018,2012-10-18,5.030336784043114E-4,"{""type"":""MultiPoint"",""coordinates"":[]}"
20121019,2012-10-19,1.7612283442664734E-4,"{""type"":""MultiPoint"",""coordinates"":[]}"
20121020,2012-10-20,7.16592020616339E-4,"{""type"":""MultiPoint"",""coordinates"":[]}"
20121021,2012-10-21,8.819155511430949E-4,"{""type"":""MultiPoint"",""coordinates"":[]}"
20121022,2012-10-22,0.0017920730174400515,"{""type"":""MultiPoint"",""coordinates"":[]}"
20121023,2012-10-23,7.705033338758923E-4,"{""type"":""MultiPoint"",""coordinates"":[]}"
20121024,2012-10-24,1.0057476281479176E-5,"{""type"":""MultiPoint"",""coordinates"":[]}"
20121025,2012-10-25,0.0014899275710896437,"{""type"":""MultiPoint"",""coordinates"":[]}"
20121026,2012-10-26,0.0013376286930947994,"{""type"":""MultiPoint"",""coordinates"":[]}"
20121027,2012-10-27,0.0012994682377806782,"{""type"":""MultiPoint"",""coordinates"":[]}"
20121028,2012-10-28,2.3144310734519546E-4,"{""type"":""MultiPoint"",""coordinates"":[]}"
20121029,2012-10-29,4.296806262440685E-4,"{""type"":""MultiPoint"",""coordinates"":[]}"
20121030,2012-10-30,3.517266460411677E-4,"{""type"":""MultiPoint"",""coordinates"":[]}"
20121031,2012-10-31,0.008813731222041035,"{""type"":""MultiPoint"",""coordinates"":[]}"
20121101,2012-11-01,0.005101693815467253,"{""type"":""MultiPoint"",""coordinates"":[]}"
20121102,2012-11-02,0.009098278156828435,"{""type"":""MultiPoint"",""coordinates"":[]}"
20121103,2012-11-03,0.004947299387285063,"{""type"":""MultiPoint"",""coordinates"":[]}"
20121104,2012-11-04,5.603466045465596E-4,"{""type"":""MultiPoint"",""coordinates"":[]}"
20121105,2012-11-05,1.6393129881575637E-4,"{""type"":""MultiPoint"",""coordinates"":[]}"
20121106,2012-11-06,0.0021575675258773677,"{""type"":""MultiPoint"",""coordinates"":[]}"
20121107,2012-11-07,0.00719556986198228,"{""type"":""MultiPoint"",""coordinates"":[]}"
20121108,2012-11-08,0.0031157747976009354,"{""type"":""MultiPoint"",""coordinates"":[]}"
20121109,2012-11-09,0.0010035158327571733,"{""type"":""MultiPoint"",""coordinates"":[]}"
20121110,2012-11-10,0.0032902682695210954,"{""type"":""MultiPoint"",""coordinates"":[]}"
20121111,2012-11-11,0.008647922798504662,"{""type"":""MultiPoint"",""coordinates"":[]}"
20121112,2012-11-12,0.002433802003554454,"{""type"":""MultiPoint"",""coordinates"":[]}"
20121113,2012-11-13,4.3471106471383645E-4,"{""type"":""MultiPoint"",""coordinates"":[]}"
20121114,2012-11-14,5.021708767267643E-4,"{""type"":""MultiPoint"",""coordinates"":[]}"
20121115,2012-11-15,1.2675720179477827E-5,"{""type"":""MultiPoint"",""coordinates"":[]}"
20121116,2012-11-16,2.5399178389007252E-6,"{""type"":""MultiPoint"",""coordinates"":[]}"
20121117,2012-11-17,7.691312080962241E-5,"{""type"":""MultiPoint"",""coordinates"":[]}"
20121118,2012-11-18,7.40112788059848E-5,"{""type"":""MultiPoint"",""coordinates"":[]}"
20121119,2012-11-19,8.401115638210286E-5,"{""type"":""MultiPoint"",""coordinates"":[]}"
20121120,2012-11-20,8.951473971476959E-5,"{""type"":""MultiPoint"",""coordinates"":[]}"
20121121,2012-11-21,3.158635801342061E-4,"{""type"":""MultiPoint"",""coordinates"":[]}"
20121122,2012-11-22,0.0035276675836412195,"{""type"":""MultiPoint"",""coordinates"":[]}"
20121123,2012-11-23,0.010962527734557798,"{""type"":""MultiPoint"",""coordinates"":[]}"
20121124,2012-11-24,0.002728245062094497,"{""type"":""MultiPoint"",""coordinates"":[]}"
20121125,2012-11-25,0.0037251198662469867,"{""type"":""MultiPoint"",""coordinates"":[]}"
20121126,2012-11-26,0.007190670655981604,"{""type"":""MultiPoint"",""coordinates"":[]}"
20121127,2012-11-27,0.0074170702491994185,"{""type"":""MultiPoint"",""coordinates"":[]}"
20121128,2012-11-28,0.01839800859733294,"{""type"":""MultiPoint"",""coordinates"":[]}"
20121129,2012-11-29,0.017006318565904645,"{""type"":""MultiPoint"",""coordinates"":[]}"
20121130,2012-11-30,0.013708923619556057,"{""type"":""MultiPoint"",""coordinates"":[]}"
20121201,2012-12-01,0.00507331636639598,"{""type"":""MultiPoint"",""coordinates"":[]}"
20121202,2012-12-02,0.00509947753296012,"{""type"":""MultiPoint"",""coordinates"":[]}"
20121203,2012-12-03,0.003436819756086657,"{""type"":""MultiPoint"",""coordinates"":[]}"
20121204,2012-12-04,0.0030573952738354717,"{""type"":""MultiPoint"",""coordinates"":[]}"
20121205,2012-12-05,2.3551854761903217E-4,"{""type"":""MultiPoint"",""coordinates"":[]}"
20121206,2012-12-06,1.8579300928387655E-4,"{""type"":""MultiPoint"",""coordinates"":[]}"
20121207,2012-12-07,8.104050911615331E-4,"{""type"":""MultiPoint"",""coordinates"":[]}"
20121208,2012-12-08,2.8538658972342346E-4,"{""type"":""MultiPoint"",""coordinates"":[]}"
20121209,2012-12-09,0.00617441458207194,"{""type"":""MultiPoint"",""coordinates"":[]}"
20121210,2012-12-10,0.005511505497161421,"{""type"":""MultiPoint"",""coordinates"":[]}"
20121211,2012-12-11,0.0040400189016426705,"{""type"":""MultiPoint"",""coordinates"":[]}"
20121212,2012-12-12,0.006508291754369725,"{""type"":""MultiPoint"",""coordinates"":[]}"
20121213,2012-12-13,0.004396608765626383,"{""type"":""MultiPoint"",""coordinates"":[]}"
20121214,2012-12-14,0.0016274512388736475,"{""type"":""MultiPoint"",""coordinates"":[]}"
20121215,2012-12-15,0.0035504912683718168,"{""type"":""MultiPoint"",""coordinates"":[]}"
20121216,2012-12-16,0.004793979452633994,"{""type"":""MultiPoint"",""coordinates"":[]}"
20121217,2012-12-17,0.0029815257144615876,"{""type"":""MultiPoint"",""coordinates"":[]}"
20121218,2012-12-18,0.001769194388531682,"{""type"":""MultiPoint"",""coordinates"":[]}"
20121219,2012-12-19,0.0027471870958698155,"{""type"":""MultiPoint"",""coordinates"":[]}"
20121220,2012-12-20,0.012662524975574904,"{""type"":""MultiPoint"",""coordinates"":[]}"
20121221,2012-12-21,0.006142106974671222,"{""type"":""MultiPoint"",""coordinates"":[]}"
20121222,2012-12-22,0.007139212229199633,"{""type"":""MultiPoint"",""coordinates"":[]}"
20121223,2012-12-23,0.012668768483902169,"{""type"":""MultiPoint"",""coordinates"":[]}"
20121224,2012-12-24,0.01303043826314943,"{""type"":""MultiPoint"",""coordinates"":[]}"
20121225,2012-12-25,0.007840135782388288,"{""type"":""MultiPoint"",""coordinates"":[]}"
20121226,2012-12-26,0.0012427892846443675,"{""type"":""MultiPoint"",""coordinates"":[]}"
20121227,2012-12-27,8.225129524484664E-4,"{""type"":""MultiPoint"",""coordinates"":[]}"
20121228,2012-12-28,0.0016747471688563194,"{""type"":""MultiPoint"",""coordinates"":[]}"
20121229,2012-12-29,0.003869709631054828,"{""type"":""MultiPoint"",""coordinates"":[]}"
20121230,2012-12-30,0.001179855095752967,"{""type"":""MultiPoint"",""coordinates"":[]}"
20121231,2012-12-31,0.003039407325722536,"{""type"":""MultiPoint"",""coordinates"":[]}"
20130101,2013-01-01,0.00118784434658297,"{""type"":""MultiPoint"",""coordinates"":[]}"
20130102,2013-01-02,0.0010457677528271472,"{""type"":""MultiPoint"",""coordinates"":[]}"
20130103,2013-01-03,1.1859669560403203E-4,"{""type"":""MultiPoint"",""coordinates"":[]}"
20130104,2013-01-04,3.4110583047110586E-4,"{""type"":""MultiPoint"",""coordinates"":[]}"
20130105,2013-01-05,0.001240263441196487,"{""type"":""MultiPoint"",""coordinates"":[]}"
20130106,2013-01-06,0.0014164497110250684,"{""type"":""MultiPoint"",""coordinates"":[]}"
20130107,2013-01-07,0.0017341851373490452,"{""type"":""MultiPoint"",""coordinates"":[]}"
20130108,2013-01-08,0.0018770736220915343,"{""type"":""MultiPoint"",""coordinates"":[]}"
20130109,2013-01-09,9.931282099778413E-4,"{""type"":""MultiPoint"",""coordinates"":[]}"
20130110,2013-01-10,0.0026140137158144577,"{""type"":""MultiPoint"",""coordinates"":[]}"
20130111,2013-01-11,0.0012432372916831075,"{""type"":""MultiPoint"",""coordinates"":[]}"
20130112,2013-01-12,7.901315416552494E-4,"{""type"":""MultiPoint"",""coordinates"":[]}"
20130113,2013-01-13,0.001701441810898621,"{""type"":""MultiPoint"",""coordinates"":[]}"
20130114,2013-01-14,0.005487040493232352,"{""type"":""MultiPoint"",""coordinates"":[]}"
20130115,2013-01-15,0.0022400124815631414,"{""type"":""MultiPoint"",""coordinates"":[]}"
20130116,2013-01-16,0.0020340116871802477,"{""type"":""MultiPoint"",""coordinates"":[]}"
20130117,2013-01-17,0.0014680070801323547,"{""type"":""MultiPoint"",""coordinates"":[]}"
20130118,2013-01-18,0.0030708909916843763,"{""type"":""MultiPoint"",""coordinates"":[]}"
20130119,2013-01-19,0.00722112881095345,"{""type"":""MultiPoint"",""coordinates"":[]}"
20130120,2013-01-20,0.0024620331074386506,"{""type"":""MultiPoint"",""coordinates"":[]}"
20130121,2013-01-21,0.0010070090744641934,"{""type"":""MultiPoint"",""coordinates"":[]}"
20130122,2013-01-22,0.0018317358476347492,"{""type"":""MultiPoint"",""coordinates"":[]}"
20130123,2013-01-23,0.001440316254776423,"{""type"":""MultiPoint"",""coordinates"":[]}"
20130124,2013-01-24,7.796982739520805E-4,"{""type"":""MultiPoint"",""coordinates"":[]}"
20130125,2013-01-25,3.2575008839461783E-4,"{""type"":""MultiPoint"",""coordinates"":[]}"
20130126,2013-01-26,0.0011811981959329555,"{""type"":""MultiPoint"",""coordinates"":[]}"
20130127,2013-01-27,0.0012266775359184667,"{""type"":""MultiPoint"",""coordinates"":[]}"
20130128,2013-01-28,0.0013208903256117716,"{""type"":""MultiPoint"",""coordinates"":[]}"
20130129,2013-01-29,0.0016785772379436991,"{""type"":""MultiPoint"",""coordinates"":[]}"
20130130,2013-01-30,0.011431193024854801,"{""type"":""MultiPoint"",""coordinates"":[]}"
20130131,2013-01-31,0.010932391233005292,"{""type"":""MultiPoint"",""coordinates"":[]}"
20130201,2013-02-01,0.0073459817276412195,"{""type"":""MultiPoint"",""coordinates"":[]}"
20130202,2013-02-02,0.002318495014174165,"{""type"":""MultiPoint"",""coordinates"":[]}"
20130203,2013-02-03,0.0023531984408838237,"{""type"":""MultiPoint"",""coordinates"":[]}"
20130204,2013-02-04,0.018171570484330962,"{""type"":""MultiPoint"",""coordinates"":[]}"
20130205,2013-02-05,0.013316201326367544,"{""type"":""MultiPoint"",""coordinates"":[]}"
20130206,2013-02-06,0.0029927334437800357,"{""type"":""MultiPoint"",""coordinates"":[]}"
20130207,2013-02-07,5.830600984819007E-4,"{""type"":""MultiPoint"",""coordinates"":[]}"
20130208,2013-02-08,0.0034826975659489816,"{""type"":""MultiPoint"",""coordinates"":[]}"
20130209,2013-02-09,0.0035964371885103047,"{""type"":""MultiPoint"",""coordinates"":[]}"
20130210,2013-02-10,0.008036520037414207,"{""type"":""MultiPoint"",""coordinates"":[]}"
20130211,2013-02-11,0.008149880368474392,"{""type"":""MultiPoint"",""coordinates"":[]}"
20130212,2013-02-12,0.011901761969807464,"{""type"":""MultiPoint"",""coordinates"":[]}"
20130213,2013-02-13,0.00793701167873364,"{""type"":""MultiPoint"",""coordinates"":[]}"
20130214,2013-02-14,0.004500992649112153,"{""type"":""MultiPoint"",""coordinates"":[]}"
20130215,2013-02-15,0.009255334379704296,"{""type"":""MultiPoint"",""coordinates"":[]}"
20130216,2013-02-16,0.011535802102970743,"{""type"":""MultiPoint"",""coordinates"":[]}"
20130217,2013-02-17,0.01327473794323377,"{""type"":""MultiPoint"",""coordinates"":[]}"
20130218,2013-02-18,0.010369105365693144,"{""type"":""MultiPoint"",""coordinates"":[]}"
20130219,2013-02-19,0.003007564294605611,"{""type"":""MultiPoint"",""coordinates"":[]}"
20130220,2013-02-20,0.0021326819848295374,"{""type"":""MultiPoint"",""coordinates"":[]}"
20130221,2013-02-21,0.0010417724155915497,"{""type"":""MultiPoint"",""coordinates"":[]}"
20130222,2013-02-22,0.01302836923897406,"{""type"":""MultiPoint"",""coordinates"":[]}"
20130223,2013-02-23,0.013691455053115231,"{""type"":""MultiPoint"",""coordinates"":[]}"
20130224,2013-02-24,0.003286427372059819,"{""type"":""MultiPoint"",""coordinates"":[]}"
20130225,2013-02-25,0.003262060318619339,"{""type"":""MultiPoint"",""coordinates"":[]}"
20130226,2013-02-26,0.0036559046176570073,"{""type"":""MultiPoint"",""coordinates"":[]}"
20130227,2013-02-27,0.002192415104909794,"{""type"":""MultiPoint"",""coordinates"":[]}"
20130228,2013-02-28,9.582888495070653E-4,"{""type"":""MultiPoint"",""coordinates"":[]}"
20130301,2013-03-01,2.708896462915437E-4,"{""type"":""MultiPoint"",""coordinates"":[]}"
20130302,2013-03-02,3.2532199875997864E-4,"{""type"":""MultiPoint"",""coordinates"":[]}"
20130303,2013-03-03,0.0022536548041394073,"{""type"":""MultiPoint"",""coordinates"":[]}"
20130304,2013-03-04,9.692497097306211E-4,"{""type"":""MultiPoint"",""coordinates"":[]}"
20130305,2013-03-05,7.690187548439962E-4,"{""type"":""MultiPoint"",""coordinates"":[]}"
20130306,2013-03-06,6.262394207991206E-4,"{""type"":""MultiPoint"",""coordinates"":[]}"
20130307,2013-03-07,8.113002605102183E-4,"{""type"":""MultiPoint"",""coordinates"":[]}"
20130308,2013-03-08,4.397559812702964E-4,"{""type"":""MultiPoint"",""coordinates"":[]}"
20130309,2013-03-09,0.001725419972749686,"{""type"":""MultiPoint"",""coordinates"":[]}"
20130310,2013-03-10,0.002436183947403942,"{""type"":""MultiPoint"",""coordinates"":[]}"
20130311,2013-03-11,0.002021045467959009,"{""type"":""MultiPoint"",""coordinates"":[]}"
20130312,2013-03-12,0.0014889192300617377,"{""type"":""MultiPoint"",""coordinates"":[]}"
20130313,2013-03-13,0.001136326742257583,"{""type"":""MultiPoint"",""coordinates"":[]}"
20130314,2013-03-14,0.001541636537773323,"{""type"":""MultiPoint"",""coordinates"":[]}"
20130315,2013-03-15,0.0011058486666322268,"{""type"":""MultiPoint"",""coordinates"":[]}"
20130316,2013-03-16,5.411776305058335E-4,"{""type"":""MultiPoint"",""coordinates"":[]}"
20130317,2013-03-17,0.0012400450511631592,"{""type"":""MultiPoint"",""coordinates"":[]}"
20130318,2013-03-18,0.0016861258860807321,"{""type"":""MultiPoint"",""coordinates"":[]}"
20130319,2013-03-19,0.00561495423948608,"{""type"":""MultiPoint"",""coordinates"":[]}"
20130320,2013-03-20,0.004574963368868927,"{""type"":""MultiPoint"",""coordinates"":[]}"
20130321,2013-03-21,0.0034549723840947774,"{""type"":""MultiPoint"",""coordinates"":[]}"
20130322,2013-03-22,0.0038023595743732017,"{""type"":""MultiPoint"",""coordinates"":[]}"
20130323,2013-03-23,0.0026825749714198045,"{""type"":""MultiPoint"",""coordinates"":[]}"
20130324,2013-03-24,0.0012639055355345178,"{""type"":""MultiPoint"",""coordinates"":[]}"
20130325,2013-03-25,0.001074960088172662,"{""type"":""MultiPoint"",""coordinates"":[]}"
20130326,2013-03-26,0.0019673858724057656,"{""type"":""MultiPoint"",""coordinates"":[]}"
20130327,2013-03-27,0.002250577845773028,"{""type"":""MultiPoint"",""coordinates"":[]}"
20130328,2013-03-28,0.002142533192906673,"{""type"":""MultiPoint"",""coordinates"":[]}"
20130329,2013-03-29,0.0011136540315628378,"{""type"":""MultiPoint"",""coordinates"":[]}"
20130330,2013-03-30,6.64508885186041E-4,"{""type"":""MultiPoint"",""coordinates"":[]}"
20130331,2013-03-31,8.550465709965276E-4,"{""type"":""MultiPoint"",""coordinates"":[]}"
20130401,2013-04-01,0.002143942646314016,"{""type"":""MultiPoint"",""coordinates"":[]}"
20130402,2013-04-02,0.0012612406562032173,"{""type"":""MultiPoint"",""coordinates"":[]}"
20130403,2013-04-03,0.0011493901319593537,"{""type"":""MultiPoint"",""coordinates"":[]}"
20130404,2013-04-04,0.001091375399865509,"{""type"":""MultiPoint"",""coordinates"":[]}"
20130405,2013-04-05,6.032564108413501E-4,"{""type"":""MultiPoint"",""coordinates"":[]}"
20130406,2013-04-06,4.58817545835166E-4,"{""type"":""MultiPoint"",""coordinates"":[]}"
20130407,2013-04-07,4.5431286616805987E-4,"{""type"":""MultiPoint"",""coordinates"":[]}"
20130408,2013-04-08,0.0017186091412576075,"{""type"":""MultiPoint"",""coordinates"":[]}"
20130409,2013-04-09,0.007442443394916585,"{""type"":""MultiPoint"",""coordinates"":[]}"
20130410,2013-04-10,0.013921250190555588,"{""type"":""MultiPoint"",""coordinates"":[]}"
20130411,2013-04-11,0.003958731405791578,"{""type"":""MultiPoint"",""coordinates"":[]}"
20130412,2013-04-12,0.001768315196931777,"{""type"":""MultiPoint"",""coordinates"":[]}"
20130413,2013-04-13,0.006969844322473181,"{""type"":""MultiPoint"",""coordinates"":[]}"
20130414,2013-04-14,0.009347127128451661,"{""type"":""MultiPoint"",""coordinates"":[]}"
20130415,2013-04-15,0.002008299828920631,"{""type"":""MultiPoint"",""coordinates"":[]}"
20130416,2013-04-16,0.0010285302647963402,"{""type"":""MultiPoint"",""coordinates"":[]}"
20130417,2013-04-17,9.308908487166922E-4,"{""type"":""MultiPoint"",""coordinates"":[]}"
20130418,2013-04-18,0.0011106741276950519,"{""type"":""MultiPoint"",""coordinates"":[]}"
20130419,2013-04-19,0.003479064407603791,"{""type"":""MultiPoint"",""coordinates"":[]}"
20130420,2013-04-20,0.005019919579553398,"{""type"":""MultiPoint"",""coordinates"":[]}"
20130421,2013-04-21,0.006148216601060506,"{""type"":""MultiPoint"",""coordinates"":[]}"
20130422,2013-04-22,0.011144998908363454,"{""type"":""MultiPoint"",""coordinates"":[]}"
20130423,2013-04-23,0.01223553225681332,"{""type"":""MultiPoint"",""coordinates"":[]}"
20130424,2013-04-24,0.01953610496517979,"{""type"":""MultiPoint"",""coordinates"":[]}"
20130425,2013-04-25,0.02044938430711737,"{""type"":""MultiPoint"",""coordinates"":[]}"
20130426,2013-04-26,0.017038870650392966,"{""type"":""MultiPoint"",""coordinates"":[]}"
20130427,2013-04-27,0.019721137586766867,"{""type"":""MultiPoint"",""coordinates"":[]}"
20130428,2013-04-28,0.013517920267325213,"{""type"":""MultiPoint"",""coordinates"":[]}"
20130429,2013-04-29,0.005281767454253712,"{""type"":""MultiPoint"",""coordinates"":[]}"
20130430,2013-04-30,0.011352149145497911,"{""type"":""MultiPoint"",""coordinates"":[]}"
20130501,2013-05-01,0.006999006456492772,"{""type"":""MultiPoint"",""coordinates"":[]}"
20130502,2013-05-02,0.007665048605692468,"{""type"":""MultiPoint"",""coordinates"":[]}"
20130503,2013-05-03,0.01673106153105319,"{""type"":""MultiPoint"",""coordinates"":[]}"
20130504,2013-05-04,0.003589461044750686,"{""type"":""MultiPoint"",""coordinates"":[]}"
20130505,2013-05-05,4.4856331371028466E-4,"{""type"":""MultiPoint"",""coordinates"":[]}"
20130506,2013-05-06,0.002408519662576499,"{""type"":""MultiPoint"",""coordinates"":[]}"
20130507,2013-05-07,0.006439489505248902,"{""type"":""MultiPoint"",""coordinates"":[]}"
20130508,2013-05-08,0.006491996199439802,"{""type"":""MultiPoint"",""coordinates"":[]}"
20130509,2013-05-09,0.002380550337455974,"{""type"":""MultiPoint"",""coordinates"":[]}"
20130510,2013-05-10,0.015281640233532004,"{""type"":""MultiPoint"",""coordinates"":[]}"
20130511,2013-05-11,0.01721422828606684,"{""type"":""MultiPoint"",""coordinates"":[]}"
20130512,2013-05-12,0.01271837088292196,"{""type"":""MultiPoint"",""coordinates"":[]}"
20130513,2013-05-13,0.010737088773522056,"{""type"":""MultiPoint"",""coordinates"":[]}"
20130514,2013-05-14,0.006647878863335285,"{""type"":""MultiPoint"",""coordinates"":[]}"
20130515,2013-05-15,0.016225667263960922,"{""type"":""MultiPoint"",""coordinates"":[]}"
20130516,2013-05-16,0.002774779193356996,"{""type"":""MultiPoint"",""coordinates"":[]}"
20130517,2013-05-17,0.05424528069601456,"{""type"":""MultiPoint"",""coordinates"":[]}"
20130518,2013-05-18,0.012615977706944649,"{""type"":""MultiPoint"",""coordinates"":[]}"
20130519,2013-05-19,0.011910334895690211,"{""type"":""MultiPoint"",""coordinates"":[]}"
20130520,2013-05-20,0.007922598759204659,"{""type"":""MultiPoint"",""coordinates"":[]}"
20130521,2013-05-21,0.008375339105932503,"{""type"":""MultiPoint"",""coordinates"":[]}"
20130522,2013-05-22,0.0010141787124234914,"{""type"":""MultiPoint"",""coordinates"":[]}"
20130523,2013-05-23,0.003900338510910818,"{""type"":""MultiPoint"",""coordinates"":[]}"
20130524,2013-05-24,0.01294057800373996,"{""type"":""MultiPoint"",""coordinates"":[]}"
20130525,2013-05-25,0.02390195653084466,"{""type"":""MultiPoint"",""coordinates"":[]}"
20130526,2013-05-26,0.010524532317444166,"{""type"":""MultiPoint"",""coordinates"":[]}"
20130527,2013-05-27,0.01145679455584163,"{""type"":""MultiPoint"",""coordinates"":[]}"
20130528,2013-05-28,0.021403312974486777,"{""type"":""MultiPoint"",""coordinates"":[]}"
20130529,2013-05-29,0.020881022897667263,"{""type"":""MultiPoint"",""coordinates"":[]}"
20130530,2013-05-30,0.016263078860259267,"{""type"":""MultiPoint"",""coordinates"":[]}"
20130531,2013-05-31,0.010910471294057636,"{""type"":""MultiPoint"",""coordinates"":[]}"
20130601,2013-06-01,0.020216334369817658,"{""type"":""MultiPoint"",""coordinates"":[]}"
20130602,2013-06-02,0.004592798443758932,"{""type"":""MultiPoint"",""coordinates"":[]}"
20130603,2013-06-03,0.009281241209964897,"{""type"":""MultiPoint"",""coordinates"":[]}"
20130604,2013-06-04,0.016482210184060774,"{""type"":""MultiPoint"",""coordinates"":[]}"
20130605,2013-06-05,0.010687137823368975,"{""type"":""MultiPoint"",""coordinates"":[]}"
20130606,2013-06-06,0.006932911166250372,"{""type"":""MultiPoint"",""coordinates"":[]}"
20130607,2013-06-07,0.002067203131674384,"{""type"":""MultiPoint"",""coordinates"":[]}"
20130608,2013-06-08,0.006621525736045517,"{""type"":""MultiPoint"",""coordinates"":[]}"
20130609,2013-06-09,0.021630224266055306,"{""type"":""MultiPoint"",""coordinates"":[]}"
20130610,2013-06-10,0.020149710600371136,"{""type"":""MultiPoint"",""coordinates"":[]}"
20130611,2013-06-11,0.016194374479784456,"{""type"":""MultiPoint"",""coordinates"":[]}"
20130612,2013-06-12,0.016753471667596297,"{""type"":""MultiPoint"",""coordinates"":[]}"
20130613,2013-06-13,0.017600809033905106,"{""type"":""MultiPoint"",""coordinates"":[]}"
20130614,2013-06-14,0.013640998461564505,"{""type"":""MultiPoint"",""coordinates"":[]}"
20130615,2013-06-15,0.012259603451532333,"{""type"":""MultiPoint"",""coordinates"":[]}"
20130616,2013-06-16,0.02800738734100009,"{""type"":""MultiPoint"",""coordinates"":[]}"
20130617,2013-06-17,0.00857760765787417,"{""type"":""MultiPoint"",""coordinates"":[]}"
20130618,2013-06-18,0.004263745424885208,"{""type"":""MultiPoint"",""coordinates"":[]}"
20130619,2013-06-19,0.00917519808235378,"{""type"":""MultiPoint"",""coordinates"":[]}"
20130620,2013-06-20,0.011763578530454835,"{""type"":""MultiPoint"",""coordinates"":[]}"
20130621,2013-06-21,0.010661925551034651,"{""type"":""MultiPoint"",""coordinates"":[]}"
20130622,2013-06-22,0.012703881016114424,"{""type"":""MultiPoint"",""coordinates"":[]}"
20130623,2013-06-23,0.015011076128463892,"{""type"":""MultiPoint"",""coordinates"":[]}"
20130624,2013-06-24,0.0042216361139696046,"{""type"":""MultiPoint"",""coordinates"":[]}"
20130625,2013-06-25,0.004007893190363021,"{""type"":""MultiPoint"",""coordinates"":[]}"
20130626,2013-06-26,0.0038771251991060072,"{""type"":""MultiPoint"",""coordinates"":[]}"
20130627,2013-06-27,0.008268365049898982,"{""type"":""MultiPoint"",""coordinates"":[]}"
20130628,2013-06-28,0.006392784817813519,"{""type"":""MultiPoint"",""coordinates"":[]}"
20130629,2013-06-29,0.015383708939803918,"{""type"":""MultiPoint"",""coordinates"":[]}"
20130630,2013-06-30,0.0035361077524607167,"{""type"":""MultiPoint"",""coordinates"":[]}"
20130701,2013-07-01,0.001577737488071255,"{""type"":""MultiPoint"",""coordinates"":[]}"
20130702,2013-07-02,0.001341891893744469,"{""type"":""MultiPoint"",""coordinates"":[]}"
20130703,2013-07-03,0.0016216969332579793,"{""type"":""MultiPoint"",""coordinates"":[]}"
20130704,2013-07-04,0.018581426210943462,"{""type"":""MultiPoint"",""coordinates"":[]}"
20130705,2013-07-05,0.012942636589839384,"{""type"":""MultiPoint"",""coordinates"":[]}"
20130706,2013-07-06,0.00901211784547415,"{""type"":""MultiPoint"",""coordinates"":[]}"
20130707,2013-07-07,0.0032460270249461084,"{""type"":""MultiPoint"",""coordinates"":[]}"
20130708,2013-07-08,0.01353621322939888,"{""type"":""MultiPoint"",""coordinates"":[]}"
20130709,2013-07-09,0.010310480472305459,"{""type"":""MultiPoint"",""coordinates"":[]}"
20130710,2013-07-10,0.0035719515969458936,"{""type"":""MultiPoint"",""coordinates"":[]}"
20130711,2013-07-11,0.005672842831157268,"{""type"":""MultiPoint"",""coordinates"":[]}"
20130712,2013-07-12,0.019565425345649826,"{""type"":""MultiPoint"",""coordinates"":[]}"
20130713,2013-07-13,0.014472773297162633,"{""type"":""MultiPoint"",""coordinates"":[]}"
20130714,2013-07-14,0.008769377682053953,"{""type"":""MultiPoint"",""coordinates"":[]}"
20130715,2013-07-15,0.011560820395832564,"{""type"":""MultiPoint"",""coordinates"":[]}"
20130716,2013-07-16,0.0060280003235944,"{""type"":""MultiPoint"",""coordinates"":[]}"
20130717,2013-07-17,8.873668960378178E-4,"{""type"":""MultiPoint"",""coordinates"":[]}"
20130718,2013-07-18,0.012500372693970349,"{""type"":""MultiPoint"",""coordinates"":[]}"
20130719,2013-07-19,0.01441275866893391,"{""type"":""MultiPoint"",""coordinates"":[]}"
20130720,2013-07-20,0.007765605729955775,"{""type"":""MultiPoint"",""coordinates"":[]}"
20130721,2013-07-21,0.007064109622871192,"{""type"":""MultiPoint"",""coordinates"":[]}"
20130722,2013-07-22,0.005378484784859471,"{""type"":""MultiPoint"",""coordinates"":[]}"
20130723,2013-07-23,0.013046950413732316,"{""type"":""MultiPoint"",""coordinates"":[]}"
20130724,2013-07-24,0.015039931507983547,"{""type"":""MultiPoint"",""coordinates"":[]}"
20130725,2013-07-25,0.01585573494700586,"{""type"":""MultiPoint"",""coordinates"":[]}"
20130726,2013-07-26,0.00412269320884988,"{""type"":""MultiPoint"",""coordinates"":[]}"
20130727,2013-07-27,0.021682689975106657,"{""type"":""MultiPoint"",""coordinates"":[]}"
20130728,2013-07-28,0.01029334478969115,"{""type"":""MultiPoint"",""coordinates"":[]}"
20130729,2013-07-29,0.0021011067662025733,"{""type"":""MultiPoint"",""coordinates"":[]}"
20130730,2013-07-30,0.0037230087885154846,"{""type"":""MultiPoint"",""coordinates"":[]}"
20130731,2013-07-31,0.005311709664717315,"{""type"":""MultiPoint"",""coordinates"":[]}"
20130801,2013-08-01,0.013185855350804075,"{""type"":""MultiPoint"",""coordinates"":[]}"
20130802,2013-08-02,0.005412311353541098,"{""type"":""MultiPoint"",""coordinates"":[]}"
20130803,2013-08-03,0.00522894621459939,"{""type"":""MultiPoint"",""coordinates"":[]}"
20130804,2013-08-04,0.010710045715339341,"{""type"":""MultiPoint"",""coordinates"":[]}"
20130805,2013-08-05,0.006042973036045073,"{""type"":""MultiPoint"",""coordinates"":[]}"
20130806,2013-08-06,0.011768080213043045,"{""type"":""MultiPoint"",""coordinates"":[]}"
20130807,2013-08-07,0.007131132713579274,"{""type"":""MultiPoint"",""coordinates"":[]}"
20130808,2013-08-08,0.0024849884989558866,"{""type"":""MultiPoint"",""coordinates"":[]}"
20130809,2013-08-09,0.008423600659449266,"{""type"":""MultiPoint"",""coordinates"":[]}"
20130810,2013-08-10,0.015759876073675613,"{""type"":""MultiPoint"",""coordinates"":[]}"
20130811,2013-08-11,0.011899758346131056,"{""type"":""MultiPoint"",""coordinates"":[]}"
20130812,2013-08-12,0.0042101364157486835,"{""type"":""MultiPoint"",""coordinates"":[]}"
20130813,2013-08-13,0.004573153158041884,"{""type"":""MultiPoint"",""coordinates"":[]}"
20130814,2013-08-14,0.0052804848421139855,"{""type"":""MultiPoint"",""coordinates"":[]}"
20130815,2013-08-15,0.01025703053812866,"{""type"":""MultiPoint"",""coordinates"":[]}"
20130816,2013-08-16,0.013550252234039472,"{""type"":""MultiPoint"",""coordinates"":[]}"
20130817,2013-08-17,0.009517122392575253,"{""type"":""MultiPoint"",""coordinates"":[]}"
20130818,2013-08-18,0.006653751529449845,"{""type"":""MultiPoint"",""coordinates"":[]}"
20130819,2013-08-19,8.966419716142087E-4,"{""type"":""MultiPoint"",""coordinates"":[]}"
20130820,2013-08-20,3.977461217329246E-4,"{""type"":""MultiPoint"",""coordinates"":[]}"
20130821,2013-08-21,5.707408816577345E-4,"{""type"":""MultiPoint"",""coordinates"":[]}"
20130822,2013-08-22,0.001695347084212095,"{""type"":""MultiPoint"",""coordinates"":[]}"
20130823,2013-08-23,0.0015142555281484821,"{""type"":""MultiPoint"",""coordinates"":[]}"
20130824,2013-08-24,0.006022380675373038,"{""type"":""MultiPoint"",""coordinates"":[]}"
20130825,2013-08-25,0.009938761143156446,"{""type"":""MultiPoint"",""coordinates"":[]}"
20130826,2013-08-26,0.014914389934798053,"{""type"":""MultiPoint"",""coordinates"":[]}"
20130827,2013-08-27,0.006895290954698489,"{""type"":""MultiPoint"",""coordinates"":[]}"
20130828,2013-08-28,0.007762510602053427,"{""type"":""MultiPoint"",""coordinates"":[]}"
20130829,2013-08-29,0.0037362999335082813,"{""type"":""MultiPoint"",""coordinates"":[]}"
20130830,2013-08-30,0.005568565537736305,"{""type"":""MultiPoint"",""coordinates"":[]}"
20130831,2013-08-31,0.0024174577936579627,"{""type"":""MultiPoint"",""coordinates"":[]}"
20130901,2013-09-01,0.0033195063020826977,"{""type"":""MultiPoint"",""coordinates"":[]}"
20130902,2013-09-02,0.008669422674448908,"{""type"":""MultiPoint"",""coordinates"":[]}"
20130903,2013-09-03,0.0021242530009322616,"{""type"":""MultiPoint"",""coordinates"":[]}"
20130904,2013-09-04,0.002459306076431798,"{""type"":""MultiPoint"",""coordinates"":[]}"
20130905,2013-09-05,0.0012606451885482856,"{""type"":""MultiPoint"",""coordinates"":[]}"
20130906,2013-09-06,0.0011808896494512654,"{""type"":""MultiPoint"",""coordinates"":[]}"
20130907,2013-09-07,0.0032331902172177294,"{""type"":""MultiPoint"",""coordinates"":[]}"
20130908,2013-09-08,0.0014730057301406425,"{""type"":""MultiPoint"",""coordinates"":[]}"
20130909,2013-09-09,0.001951969668152181,"{""type"":""MultiPoint"",""coordinates"":[]}"
20130910,2013-09-10,0.0034738285880641998,"{""type"":""MultiPoint"",""coordinates"":[]}"
20130911,2013-09-11,0.002547187146469316,"{""type"":""MultiPoint"",""coordinates"":[]}"
20130912,2013-09-12,0.0016634004613032376,"{""type"":""MultiPoint"",""coordinates"":[]}"
20130913,2013-09-13,0.0040790112850188805,"{""type"":""MultiPoint"",""coordinates"":[]}"
20130914,2013-09-14,0.003207066551757202,"{""type"":""MultiPoint"",""coordinates"":[]}"
20130915,2013-09-15,0.006532987316088073,"{""type"":""MultiPoint"",""coordinates"":[]}"
20130916,2013-09-16,0.011267206068339267,"{""type"":""MultiPoint"",""coordinates"":[]}"
20130917,2013-09-17,0.0011136480978159937,"{""type"":""MultiPoint"",""coordinates"":[]}"
20130918,2013-09-18,1.289758350533432E-4,"{""type"":""MultiPoint"",""coordinates"":[]}"
20130919,2013-09-19,2.3035478647950383E-4,"{""type"":""MultiPoint"",""coordinates"":[]}"
20130920,2013-09-20,6.245792634515904E-4,"{""type"":""MultiPoint"",""coordinates"":[]}"
20130921,2013-09-21,0.0019869145418018653,"{""type"":""MultiPoint"",""coordinates"":[]}"
20130922,2013-09-22,0.0010631599378232745,"{""type"":""MultiPoint"",""coordinates"":[]}"
20130923,2013-09-23,4.7539715540779353E-4,"{""type"":""MultiPoint"",""coordinates"":[]}"
20130924,2013-09-24,0.0014110382860640016,"{""type"":""MultiPoint"",""coordinates"":[]}"
20130925,2013-09-25,0.0011539521086540126,"{""type"":""MultiPoint"",""coordinates"":[]}"
20130926,2013-09-26,9.246907508239531E-4,"{""type"":""MultiPoint"",""coordinates"":[]}"
20130927,2013-09-27,8.507718241215484E-4,"{""type"":""MultiPoint"",""coordinates"":[]}"
20130928,2013-09-28,0.001116129138314061,"{""type"":""MultiPoint"",""coordinates"":[]}"
20130929,2013-09-29,0.017213362610860438,"{""type"":""MultiPoint"",""coordinates"":[]}"
20130930,2013-09-30,0.008246921160640667,"{""type"":""MultiPoint"",""coordinates"":[]}"
20131001,2013-10-01,0.006834410529424383,"{""type"":""MultiPoint"",""coordinates"":[]}"
20131002,2013-10-02,0.009011890264430382,"{""type"":""MultiPoint"",""coordinates"":[]}"
20131003,2013-10-03,0.002929851746259709,"{""type"":""MultiPoint"",""coordinates"":[]}"
20131004,2013-10-04,2.1702611547158183E-5,"{""type"":""MultiPoint"",""coordinates"":[]}"
20131005,2013-10-05,0.003705807834121488,"{""type"":""MultiPoint"",""coordinates"":[]}"
20131006,2013-10-06,0.0026083268813468976,"{""type"":""MultiPoint"",""coordinates"":[]}"
20131007,2013-10-07,0.002801500283107061,"{""type"":""MultiPoint"",""coordinates"":[]}"
20131008,2013-10-08,0.0073155253713542865,"{""type"":""MultiPoint"",""coordinates"":[]}"
20131009,2013-10-09,0.004944712456114313,"{""type"":""MultiPoint"",""coordinates"":[]}"
20131010,2013-10-10,8.765491603485529E-4,"{""type"":""MultiPoint"",""coordinates"":[]}"
20131011,2013-10-11,6.948350343520704E-4,"{""type"":""MultiPoint"",""coordinates"":[]}"
20131012,2013-10-12,1.5197161235162092E-5,"{""type"":""MultiPoint"",""coordinates"":[]}"
20131013,2013-10-13,0.001672793019698939,"{""type"":""MultiPoint"",""coordinates"":[]}"
20131014,2013-10-14,0.001871626271483343,"{""type"":""MultiPoint"",""coordinates"":[]}"
20131015,2013-10-15,0.0034404610754040664,"{""type"":""MultiPoint"",""coordinates"":[]}"
20131016,2013-10-16,7.304867385245804E-4,"{""type"":""MultiPoint"",""coordinates"":[]}"
20131017,2013-10-17,8.316165454594808E-4,"{""type"":""MultiPoint"",""coordinates"":[]}"
20131018,2013-10-18,0.007570401994227521,"{""type"":""MultiPoint"",""coordinates"":[]}"
20131019,2013-10-19,0.002141333141930761,"{""type"":""MultiPoint"",""coordinates"":[]}"
20131020,2013-10-20,0.001872811753349513,"{""type"":""MultiPoint"",""coordinates"":[]}"
20131021,2013-10-21,0.0036544007234381227,"{""type"":""MultiPoint"",""coordinates"":[]}"
20131022,2013-10-22,3.11205896014967E-4,"{""type"":""MultiPoint"",""coordinates"":[]}"
20131023,2013-10-23,0.0037382564407987796,"{""type"":""MultiPoint"",""coordinates"":[]}"
20131024,2013-10-24,0.005170260657219077,"{""type"":""MultiPoint"",""coordinates"":[]}"
20131025,2013-10-25,0.001624857818840356,"{""type"":""MultiPoint"",""coordinates"":[]}"
20131026,2013-10-26,0.004695935676619027,"{""type"":""MultiPoint"",""coordinates"":[]}"
20131027,2013-10-27,0.008285427033048234,"{""type"":""MultiPoint"",""coordinates"":[]}"
20131028,2013-10-28,0.00977234026494047,"{""type"":""MultiPoint"",""coordinates"":[]}"
20131029,2013-10-29,0.01683990497286529,"{""type"":""MultiPoint"",""coordinates"":[]}"
20131030,2013-10-30,0.01710849307846616,"{""type"":""MultiPoint"",""coordinates"":[]}"
20131031,2013-10-31,0.003844505781589715,"{""type"":""MultiPoint"",""coordinates"":[]}"
20131101,2013-11-01,0.0052528237233376174,"{""type"":""MultiPoint"",""coordinates"":[]}"
20131102,2013-11-02,0.0019820006167052123,"{""type"":""MultiPoint"",""coordinates"":[]}"
20131103,2013-11-03,0.001800273078668197,"{""type"":""MultiPoint"",""coordinates"":[]}"
20131104,2013-11-04,0.0015393138243404607,"{""type"":""MultiPoint"",""coordinates"":[]}"
20131105,2013-11-05,0.0018102816911167601,"{""type"":""MultiPoint"",""coordinates"":[]}"
20131106,2013-11-06,4.995138140147603E-4,"{""type"":""MultiPoint"",""coordinates"":[]}"
20131107,2013-11-07,0.0054853265637147194,"{""type"":""MultiPoint"",""coordinates"":[]}"
20131108,2013-11-08,0.006164834722231966,"{""type"":""MultiPoint"",""coordinates"":[]}"
20131109,2013-11-09,0.014971000026281527,"{""type"":""MultiPoint"",""coordinates"":[]}"
20131110,2013-11-10,0.011153714253749912,"{""type"":""MultiPoint"",""coordinates"":[]}"
20131111,2013-11-11,0.01614320858987973,"{""type"":""MultiPoint"",""coordinates"":[]}"
20131112,2013-11-12,0.0014216940168025121,"{""type"":""MultiPoint"",""coordinates"":[]}"
20131113,2013-11-13,0.003651515516945779,"{""type"":""MultiPoint"",""coordinates"":[]}"
20131114,2013-11-14,0.0010935529629278028,"{""type"":""MultiPoint"",""coordinates"":[]}"
20131115,2013-11-15,5.950797847327554E-4,"{""type"":""MultiPoint"",""coordinates"":[]}"
20131116,2013-11-16,0.0027255255916544953,"{""type"":""MultiPoint"",""coordinates"":[]}"
20131117,2013-11-17,0.0013419730996271936,"{""type"":""MultiPoint"",""coordinates"":[]}"
20131118,2013-11-18,5.672629981311459E-4,"{""type"":""MultiPoint"",""coordinates"":[]}"
20131119,2013-11-19,6.639509911717347E-5,"{""type"":""MultiPoint"",""coordinates"":[]}"
20131120,2013-11-20,1.2326380403335316E-4,"{""type"":""MultiPoint"",""coordinates"":[]}"
20131121,2013-11-21,6.550118218595834E-4,"{""type"":""MultiPoint"",""coordinates"":[]}"
20131122,2013-11-22,0.013890581990382503,"{""type"":""MultiPoint"",""coordinates"":[]}"
20131123,2013-11-23,0.009697287985292097,"{""type"":""MultiPoint"",""coordinates"":[]}"
20131124,2013-11-24,0.009659340873445312,"{""type"":""MultiPoint"",""coordinates"":[]}"
20131125,2013-11-25,0.003090803086122513,"{""type"":""MultiPoint"",""coordinates"":[]}"
20131126,2013-11-26,0.006090358062849276,"{""type"":""MultiPoint"",""coordinates"":[]}"
20131127,2013-11-27,0.021691211725627466,"{""type"":""MultiPoint"",""coordinates"":[]}"
20131128,2013-11-28,0.020060689942881262,"{""type"":""MultiPoint"",""coordinates"":[]}"
20131129,2013-11-29,0.014721144166092525,"{""type"":""MultiPoint"",""coordinates"":[]}"
20131130,2013-11-30,0.010783432276974574,"{""type"":""MultiPoint"",""coordinates"":[]}"
20131201,2013-12-01,0.002540168766477064,"{""type"":""MultiPoint"",""coordinates"":[]}"
20131202,2013-12-02,5.487302314141192E-4,"{""type"":""MultiPoint"",""coordinates"":[]}"
20131203,2013-12-03,0.002877222690625944,"{""type"":""MultiPoint"",""coordinates"":[]}"
20131204,2013-12-04,0.007492596807852654,"{""type"":""MultiPoint"",""coordinates"":[]}"
20131205,2013-12-05,0.009792402340054325,"{""type"":""MultiPoint"",""coordinates"":[]}"
20131206,2013-12-06,0.007339143401414983,"{""type"":""MultiPoint"",""coordinates"":[]}"
20131207,2013-12-07,0.0043184052903865195,"{""type"":""MultiPoint"",""coordinates"":[]}"
20131208,2013-12-08,0.0024135349750084084,"{""type"":""MultiPoint"",""coordinates"":[]}"
20131209,2013-12-09,0.007133668665505676,"{""type"":""MultiPoint"",""coordinates"":[]}"
20131210,2013-12-10,0.0014206535232549606,"{""type"":""MultiPoint"",""coordinates"":[]}"
20131211,2013-12-11,0.0017235186324421551,"{""type"":""MultiPoint"",""coordinates"":[]}"
20131212,2013-12-12,0.011042158235123002,"{""type"":""MultiPoint"",""coordinates"":[]}"
20131213,2013-12-13,0.012564931066341574,"{""type"":""MultiPoint"",""coordinates"":[]}"
20131214,2013-12-14,0.018372875371510805,"{""type"":""MultiPoint"",""coordinates"":[]}"
20131215,2013-12-15,0.015939395148267182,"{""type"":""MultiPoint"",""coordinates"":[]}"
20131216,2013-12-16,0.003779910311136467,"{""type"":""MultiPoint"",""coordinates"":[]}"
20131217,2013-12-17,0.002477694175040185,"{""type"":""MultiPoint"",""coordinates"":[]}"
20131218,2013-12-18,0.00181760142927391,"{""type"":""MultiPoint"",""coordinates"":[]}"
20131219,2013-12-19,0.001609637102025293,"{""type"":""MultiPoint"",""coordinates"":[]}"
20131220,2013-12-20,0.0015091207606604473,"{""type"":""MultiPoint"",""coordinates"":[]}"
20131221,2013-12-21,0.002016814024829708,"{""type"":""MultiPoint"",""coordinates"":[]}"
20131222,2013-12-22,0.00877407616967413,"{""type"":""MultiPoint"",""coordinates"":[]}"
20131223,2013-12-23,0.006175557983206092,"{""type"":""MultiPoint"",""coordinates"":[]}"
20131224,2013-12-24,0.00265491452843763,"{""type"":""MultiPoint"",""coordinates"":[]}"
20131225,2013-12-25,0.009434054965803627,"{""type"":""MultiPoint"",""coordinates"":[]}"
20131226,2013-12-26,0.02302763780048328,"{""type"":""MultiPoint"",""coordinates"":[]}"
20131227,2013-12-27,0.01036410614201885,"{""type"":""MultiPoint"",""coordinates"":[]}"
20131228,2013-12-28,0.010058544344276532,"{""type"":""MultiPoint"",""coordinates"":[]}"
20131229,2013-12-29,0.01116920535268223,"{""type"":""MultiPoint"",""coordinates"":[]}"
20131230,2013-12-30,0.003780620622503775,"{""type"":""MultiPoint"",""coordinates"":[]}"
20131231,2013-12-31,0.005826065931055447,"{""type"":""MultiPoint"",""coordinates"":[]}"
20140101,2014-01-01,0.014929529134224717,"{""type"":""MultiPoint"",""coordinates"":[]}"
20140102,2014-01-02,0.007215358127601793,"{""type"":""MultiPoint"",""coordinates"":[]}"
20140103,2014-01-03,0.00509866276076231,"{""type"":""MultiPoint"",""coordinates"":[]}"
20140104,2014-01-04,0.0019996274175037724,"{""type"":""MultiPoint"",""coordinates"":[]}"
20140105,2014-01-05,0.0029763129681430723,"{""type"":""MultiPoint"",""coordinates"":[]}"
20140106,2014-01-06,0.009121526354436197,"{""type"":""MultiPoint"",""coordinates"":[]}"
20140107,2014-01-07,0.003854847307996148,"{""type"":""MultiPoint"",""coordinates"":[]}"
20140108,2014-01-08,0.003045203099969852,"{""type"":""MultiPoint"",""coordinates"":[]}"
20140109,2014-01-09,0.0022645897803319597,"{""type"":""MultiPoint"",""coordinates"":[]}"
20140110,2014-01-10,0.0016909816224570133,"{""type"":""MultiPoint"",""coordinates"":[]}"
20140111,2014-01-11,0.003670334813192148,"{""type"":""MultiPoint"",""coordinates"":[]}"
20140112,2014-01-12,0.005022841850849551,"{""type"":""MultiPoint"",""coordinates"":[]}"
20140113,2014-01-13,0.031083291538798078,"{""type"":""MultiPoint"",""coordinates"":[]}"
20140114,2014-01-14,0.015332407548805577,"{""type"":""MultiPoint"",""coordinates"":[]}"
20140115,2014-01-15,0.009053515669376077,"{""type"":""MultiPoint"",""coordinates"":[]}"
20140116,2014-01-16,0.0080701632569696,"{""type"":""MultiPoint"",""coordinates"":[]}"
20140117,2014-01-17,0.004782791180101953,"{""type"":""MultiPoint"",""coordinates"":[]}"
20140118,2014-01-18,0.001691544680954416,"{""type"":""MultiPoint"",""coordinates"":[]}"
20140119,2014-01-19,0.0014516899162146776,"{""type"":""MultiPoint"",""coordinates"":[]}"
20140120,2014-01-20,0.0012553810412243062,"{""type"":""MultiPoint"",""coordinates"":[]}"
20140121,2014-01-21,0.0012030798994857282,"{""type"":""MultiPoint"",""coordinates"":[]}"
20140122,2014-01-22,0.004524371220832922,"{""type"":""MultiPoint"",""coordinates"":[]}"
20140123,2014-01-23,0.0021521865584588646,"{""type"":""MultiPoint"",""coordinates"":[]}"
20140124,2014-01-24,0.0010992650513887861,"{""type"":""MultiPoint"",""coordinates"":[]}"
20140125,2014-01-25,0.001928188823914641,"{""type"":""MultiPoint"",""coordinates"":[]}"
20140126,2014-01-26,0.0019409453567063386,"{""type"":""MultiPoint"",""coordinates"":[]}"
20140127,2014-01-27,0.001800943816614555,"{""type"":""MultiPoint"",""coordinates"":[]}"
20140128,2014-01-28,0.0013037911409435213,"{""type"":""MultiPoint"",""coordinates"":[]}"
20140129,2014-01-29,0.001575375223273688,"{""type"":""MultiPoint"",""coordinates"":[]}"
20140130,2014-01-30,0.008345868019596128,"{""type"":""MultiPoint"",""coordinates"":[]}"
20140131,2014-01-31,0.0186407113156993,"{""type"":""MultiPoint"",""coordinates"":[]}"
20140201,2014-02-01,0.012348822757498788,"{""type"":""MultiPoint"",""coordinates"":[]}"
20140202,2014-02-02,0.0021764547238926615,"{""type"":""MultiPoint"",""coordinates"":[]}"
20140203,2014-02-03,8.489696548099274E-4,"{""type"":""MultiPoint"",""coordinates"":[]}"
20140204,2014-02-04,0.0036569696743632375,"{""type"":""MultiPoint"",""coordinates"":[]}"
20140205,2014-02-05,0.0285121727202344,"{""type"":""MultiPoint"",""coordinates"":[]}"
20140206,2014-02-06,0.00995608384358809,"{""type"":""MultiPoint"",""coordinates"":[]}"
20140207,2014-02-07,0.006049465988221644,"{""type"":""MultiPoint"",""coordinates"":[]}"
20140208,2014-02-08,0.006775217429445096,"{""type"":""MultiPoint"",""coordinates"":[]}"
20140209,2014-02-09,0.0025816442623455005,"{""type"":""MultiPoint"",""coordinates"":[]}"
20140210,2014-02-10,0.005654590221663993,"{""type"":""MultiPoint"",""coordinates"":[]}"
20140211,2014-02-11,0.0015221321138661097,"{""type"":""MultiPoint"",""coordinates"":[]}"
20140212,2014-02-12,0.0014996728268268967,"{""type"":""MultiPoint"",""coordinates"":[]}"
20140213,2014-02-13,9.763407780181632E-4,"{""type"":""MultiPoint"",""coordinates"":[]}"
20140214,2014-02-14,0.001739372082902954,"{""type"":""MultiPoint"",""coordinates"":[]}"
20140215,2014-02-15,0.002513727920430022,"{""type"":""MultiPoint"",""coordinates"":[]}"
20140216,2014-02-16,0.00221610844347525,"{""type"":""MultiPoint"",""coordinates"":[]}"
20140217,2014-02-17,0.001365570258993904,"{""type"":""MultiPoint"",""coordinates"":[]}"
20140218,2014-02-18,0.0017367827952400375,"{""type"":""MultiPoint"",""coordinates"":[]}"
20140219,2014-02-19,0.0016106930508217247,"{""type"":""MultiPoint"",""coordinates"":[]}"
20140220,2014-02-20,0.001837814388814905,"{""type"":""MultiPoint"",""coordinates"":[]}"
20140221,2014-02-21,0.006250581837500552,"{""type"":""MultiPoint"",""coordinates"":[]}"
20140222,2014-02-22,0.00830329929968258,"{""type"":""MultiPoint"",""coordinates"":[]}"
20140223,2014-02-23,0.0034004677526844034,"{""type"":""MultiPoint"",""coordinates"":[]}"
20140224,2014-02-24,0.007130041463651484,"{""type"":""MultiPoint"",""coordinates"":[]}"
20140225,2014-02-25,0.012000922144914775,"{""type"":""MultiPoint"",""coordinates"":[]}"
20140226,2014-02-26,0.00861630740478702,"{""type"":""MultiPoint"",""coordinates"":[]}"
20140227,2014-02-27,0.003281878439478379,"{""type"":""MultiPoint"",""coordinates"":[]}"
20140228,2014-02-28,0.0013147476571365806,"{""type"":""MultiPoint"",""coordinates"":[]}"
20140301,2014-03-01,0.0012586858897484453,"{""type"":""MultiPoint"",""coordinates"":[]}"
20140302,2014-03-02,0.0017485240977104274,"{""type"":""MultiPoint"",""coordinates"":[]}"
20140303,2014-03-03,0.0017675732059402988,"{""type"":""MultiPoint"",""coordinates"":[]}"
20140304,2014-03-04,6.695907994534552E-4,"{""type"":""MultiPoint"",""coordinates"":[]}"
20140305,2014-03-05,0.001335601864358849,"{""type"":""MultiPoint"",""coordinates"":[]}"
20140306,2014-03-06,5.895925616737849E-4,"{""type"":""MultiPoint"",""coordinates"":[]}"
20140307,2014-03-07,8.007461229457765E-4,"{""type"":""MultiPoint"",""coordinates"":[]}"
20140308,2014-03-08,6.710086707489842E-4,"{""type"":""MultiPoint"",""coordinates"":[]}"
20140309,2014-03-09,5.712072265277781E-4,"{""type"":""MultiPoint"",""coordinates"":[]}"
20140310,2014-03-10,0.001243895862833289,"{""type"":""MultiPoint"",""coordinates"":[]}"
20140311,2014-03-11,0.0010183598920429325,"{""type"":""MultiPoint"",""coordinates"":[]}"
20140312,2014-03-12,8.122057420558239E-4,"{""type"":""MultiPoint"",""coordinates"":[]}"
20140313,2014-03-13,0.001225897464042331,"{""type"":""MultiPoint"",""coordinates"":[]}"
20140314,2014-03-14,0.002669081341450445,"{""type"":""MultiPoint"",""coordinates"":[]}"
20140315,2014-03-15,0.003363723909046572,"{""type"":""MultiPoint"",""coordinates"":[]}"
20140316,2014-03-16,0.005638420740732219,"{""type"":""MultiPoint"",""coordinates"":[]}"
20140317,2014-03-17,0.0025170200354064985,"{""type"":""MultiPoint"",""coordinates"":[]}"
20140318,2014-03-18,0.0019223351844397999,"{""type"":""MultiPoint"",""coordinates"":[]}"
20140319,2014-03-19,0.002211739825898107,"{""type"":""MultiPoint"",""coordinates"":[]}"
20140320,2014-03-20,0.002743938510969114,"{""type"":""MultiPoint"",""coordinates"":[]}"
20140321,2014-03-21,0.0011037834463891762,"{""type"":""MultiPoint"",""coordinates"":[]}"
20140322,2014-03-22,0.001547622769302329,"{""type"":""MultiPoint"",""coordinates"":[]}"
20140323,2014-03-23,0.0018535935824208684,"{""type"":""MultiPoint"",""coordinates"":[]}"
20140324,2014-03-24,0.0014147000744945276,"{""type"":""MultiPoint"",""coordinates"":[]}"
20140325,2014-03-25,0.0031180751879973084,"{""type"":""MultiPoint"",""coordinates"":[]}"
20140326,2014-03-26,0.0013881497168970105,"{""type"":""MultiPoint"",""coordinates"":[]}"
20140327,2014-03-27,0.0011946856921163027,"{""type"":""MultiPoint"",""coordinates"":[]}"
20140328,2014-03-28,6.966722710900945E-4,"{""type"":""MultiPoint"",""coordinates"":[]}"
20140329,2014-03-29,0.0012100931517406268,"{""type"":""MultiPoint"",""coordinates"":[]}"
20140330,2014-03-30,0.011069872828953609,"{""type"":""MultiPoint"",""coordinates"":[]}"
20140331,2014-03-31,0.010456976833503351,"{""type"":""MultiPoint"",""coordinates"":[]}"
20140401,2014-04-01,0.0019245310570377328,"{""type"":""MultiPoint"",""coordinates"":[]}"
20140402,2014-04-02,0.0012032416498960299,"{""type"":""MultiPoint"",""coordinates"":[]}"
20140403,2014-04-03,3.717448143402528E-4,"{""type"":""MultiPoint"",""coordinates"":[]}"
20140404,2014-04-04,1.6347992681365963E-4,"{""type"":""MultiPoint"",""coordinates"":[]}"
20140405,2014-04-05,0.006504438491494714,"{""type"":""MultiPoint"",""coordinates"":[]}"
20140406,2014-04-06,0.0050319452211382305,"{""type"":""MultiPoint"",""coordinates"":[]}"
20140407,2014-04-07,0.0016004440142783284,"{""type"":""MultiPoint"",""coordinates"":[]}"
20140408,2014-04-08,8.112533288244144E-4,"{""type"":""MultiPoint"",""coordinates"":[]}"
20140409,2014-04-09,0.0012355011846190878,"{""type"":""MultiPoint"",""coordinates"":[]}"
20140410,2014-04-10,0.0017959593329704817,"{""type"":""MultiPoint"",""coordinates"":[]}"
20140411,2014-04-11,0.0017590076199797038,"{""type"":""MultiPoint"",""coordinates"":[]}"
20140412,2014-04-12,0.0025985038803856345,"{""type"":""MultiPoint"",""coordinates"":[]}"
20140413,2014-04-13,0.010464300690654323,"{""type"":""MultiPoint"",""coordinates"":[]}"
20140414,2014-04-14,0.05794038545424577,"{""type"":""MultiPoint"",""coordinates"":[]}"
20140415,2014-04-15,0.00687384349624332,"{""type"":""MultiPoint"",""coordinates"":[]}"
20140416,2014-04-16,0.002182399793441896,"{""type"":""MultiPoint"",""coordinates"":[]}"
20140417,2014-04-17,3.714062736411734E-4,"{""type"":""MultiPoint"",""coordinates"":[]}"
20140418,2014-04-18,0.0022639625109653417,"{""type"":""MultiPoint"",""coordinates"":[]}"
20140419,2014-04-19,0.002431262581371335,"{""type"":""MultiPoint"",""coordinates"":[]}"
20140420,2014-04-20,0.0063420696203811905,"{""type"":""MultiPoint"",""coordinates"":[]}"
20140421,2014-04-21,0.002714298929111383,"{""type"":""MultiPoint"",""coordinates"":[]}"
20140422,2014-04-22,0.004236589870896772,"{""type"":""MultiPoint"",""coordinates"":[]}"
20140423,2014-04-23,0.004413379810815819,"{""type"":""MultiPoint"",""coordinates"":[]}"
20140424,2014-04-24,0.0021003815421507407,"{""type"":""MultiPoint"",""coordinates"":[]}"
20140425,2014-04-25,8.272447051521755E-4,"{""type"":""MultiPoint"",""coordinates"":[]}"
20140426,2014-04-26,0.0014379622363488265,"{""type"":""MultiPoint"",""coordinates"":[]}"
20140427,2014-04-27,8.160849864831567E-4,"{""type"":""MultiPoint"",""coordinates"":[]}"
20140428,2014-04-28,9.880204254496812E-4,"{""type"":""MultiPoint"",""coordinates"":[]}"
20140429,2014-04-29,0.0019909247432761588,"{""type"":""MultiPoint"",""coordinates"":[]}"
20140430,2014-04-30,0.0011433668959468868,"{""type"":""MultiPoint"",""coordinates"":[]}"
20140501,2014-05-01,0.001179423526616559,"{""type"":""MultiPoint"",""coordinates"":[]}"
20140502,2014-05-02,8.926906097916662E-4,"{""type"":""MultiPoint"",""coordinates"":[]}"
20140503,2014-05-03,0.0015704641012562967,"{""type"":""MultiPoint"",""coordinates"":[]}"
20140504,2014-05-04,0.0014691586269748743,"{""type"":""MultiPoint"",""coordinates"":[]}"
20140505,2014-05-05,0.004415094728208563,"{""type"":""MultiPoint"",""coordinates"":[]}"
20140506,2014-05-06,0.003966207210279401,"{""type"":""MultiPoint"",""coordinates"":[]}"
20140507,2014-05-07,5.540977527937915E-4,"{""type"":""MultiPoint"",""coordinates"":[]}"
20140508,2014-05-08,8.168266941917231E-5,"{""type"":""MultiPoint"",""coordinates"":[]}"
20140509,2014-05-09,9.401759602259351E-4,"{""type"":""MultiPoint"",""coordinates"":[]}"
20140510,2014-05-10,5.089384250247806E-4,"{""type"":""MultiPoint"",""coordinates"":[]}"
20140511,2014-05-11,0.002638581767551177,"{""type"":""MultiPoint"",""coordinates"":[]}"
20140512,2014-05-12,0.002422293258666049,"{""type"":""MultiPoint"",""coordinates"":[]}"
20140513,2014-05-13,0.001860436257645884,"{""type"":""MultiPoint"",""coordinates"":[]}"
20140514,2014-05-14,9.298463274504566E-4,"{""type"":""MultiPoint"",""coordinates"":[]}"
20140515,2014-05-15,0.0014712092803855707,"{""type"":""MultiPoint"",""coordinates"":[]}"
20140516,2014-05-16,0.0027398361095854824,"{""type"":""MultiPoint"",""coordinates"":[]}"
20140517,2014-05-17,0.0018444262305778265,"{""type"":""MultiPoint"",""coordinates"":[]}"
20140518,2014-05-18,0.005695456439475968,"{""type"":""MultiPoint"",""coordinates"":[]}"
20140519,2014-05-19,0.021793434147298528,"{""type"":""MultiPoint"",""coordinates"":[]}"
20140520,2014-05-20,0.003308004072318049,"{""type"":""MultiPoint"",""coordinates"":[]}"
20140521,2014-05-21,3.662092363248882E-4,"{""type"":""MultiPoint"",""coordinates"":[]}"
20140522,2014-05-22,8.813948668793634E-4,"{""type"":""MultiPoint"",""coordinates"":[]}"
20140523,2014-05-23,0.001590359236282564,"{""type"":""MultiPoint"",""coordinates"":[]}"
20140524,2014-05-24,0.012126981250711053,"{""type"":""MultiPoint"",""coordinates"":[]}"
20140525,2014-05-25,0.02975611030514817,"{""type"":""MultiPoint"",""coordinates"":[]}"
20140526,2014-05-26,0.005284746190485629,"{""type"":""MultiPoint"",""coordinates"":[]}"
20140527,2014-05-27,0.01087869616963609,"{""type"":""MultiPoint"",""coordinates"":[]}"
20140528,2014-05-28,0.007324218235161283,"{""type"":""MultiPoint"",""coordinates"":[]}"
20140529,2014-05-29,0.0022428615112828573,"{""type"":""MultiPoint"",""coordinates"":[]}"
20140530,2014-05-30,0.014983923172774371,"{""type"":""MultiPoint"",""coordinates"":[]}"
20140531,2014-05-31,0.024524000139973606,"{""type"":""MultiPoint"",""coordinates"":[]}"
20140601,2014-06-01,0.005589608880717845,"{""type"":""MultiPoint"",""coordinates"":[]}"
20140602,2014-06-02,0.0011331297985368804,"{""type"":""MultiPoint"",""coordinates"":[]}"
20140603,2014-06-03,0.0014646513852673369,"{""type"":""MultiPoint"",""coordinates"":[]}"
20140604,2014-06-04,0.008144665943973558,"{""type"":""MultiPoint"",""coordinates"":[]}"
20140605,2014-06-05,0.042014712110373345,"{""type"":""MultiPoint"",""coordinates"":[]}"
20140606,2014-06-06,0.006248082733145564,"{""type"":""MultiPoint"",""coordinates"":[]}"
20140607,2014-06-07,0.00831699292934333,"{""type"":""MultiPoint"",""coordinates"":[]}"
20140608,2014-06-08,0.002228670160636473,"{""type"":""MultiPoint"",""coordinates"":[]}"
20140609,2014-06-09,0.014511736458418164,"{""type"":""MultiPoint"",""coordinates"":[]}"
20140610,2014-06-10,0.005467105537711984,"{""type"":""MultiPoint"",""coordinates"":[]}"
20140611,2014-06-11,0.00847342530049603,"{""type"":""MultiPoint"",""coordinates"":[]}"
20140612,2014-06-12,0.010398271349877598,"{""type"":""MultiPoint"",""coordinates"":[]}"
20140613,2014-06-13,0.010419076329561397,"{""type"":""MultiPoint"",""coordinates"":[]}"
20140614,2014-06-14,0.012038113658941682,"{""type"":""MultiPoint"",""coordinates"":[]}"
20140615,2014-06-15,0.011381704822459851,"{""type"":""MultiPoint"",""coordinates"":[]}"
20140616,2014-06-16,0.003135604522883839,"{""type"":""MultiPoint"",""coordinates"":[]}"
20140617,2014-06-17,0.0015903526407208865,"{""type"":""MultiPoint"",""coordinates"":[]}"
20140618,2014-06-18,0.006875376562657856,"{""type"":""MultiPoint"",""coordinates"":[]}"
20140619,2014-06-19,0.011610632614184881,"{""type"":""MultiPoint"",""coordinates"":[]}"
20140620,2014-06-20,0.008410058468557443,"{""type"":""MultiPoint"",""coordinates"":[]}"
20140621,2014-06-21,0.010929184075607461,"{""type"":""MultiPoint"",""coordinates"":[]}"
20140622,2014-06-22,0.011011945743940472,"{""type"":""MultiPoint"",""coordinates"":[]}"
20140623,2014-06-23,0.009591927240160062,"{""type"":""MultiPoint"",""coordinates"":[]}"
20140624,2014-06-24,0.005589235432272965,"{""type"":""MultiPoint"",""coordinates"":[]}"
20140625,2014-06-25,0.004350783645124729,"{""type"":""MultiPoint"",""coordinates"":[]}"
20140626,2014-06-26,0.01955065815148071,"{""type"":""MultiPoint"",""coordinates"":[]}"
20140627,2014-06-27,0.005110045144998323,"{""type"":""MultiPoint"",""coordinates"":[]}"
20140628,2014-06-28,0.012315326222640414,"{""type"":""MultiPoint"",""coordinates"":[]}"
20140629,2014-06-29,0.007716711479305984,"{""type"":""MultiPoint"",""coordinates"":[]}"
20140630,2014-06-30,0.002790812085483528,"{""type"":""MultiPoint"",""coordinates"":[]}"
20140701,2014-07-01,0.0054151366091558205,"{""type"":""MultiPoint"",""coordinates"":[]}"
20140702,2014-07-02,0.01484093540702282,"{""type"":""MultiPoint"",""coordinates"":[]}"
20140703,2014-07-03,0.010661391373800951,"{""type"":""MultiPoint"",""coordinates"":[]}"
20140704,2014-07-04,0.012370553241437588,"{""type"":""MultiPoint"",""coordinates"":[]}"
20140705,2014-07-05,0.01318432257816522,"{""type"":""MultiPoint"",""coordinates"":[]}"
20140706,2014-07-06,0.005931478246418197,"{""type"":""MultiPoint"",""coordinates"":[]}"
20140707,2014-07-07,0.005207648781221989,"{""type"":""MultiPoint"",""coordinates"":[]}"
20140708,2014-07-08,0.016202020479360854,"{""type"":""MultiPoint"",""coordinates"":[]}"
20140709,2014-07-09,0.008609093534755781,"{""type"":""MultiPoint"",""coordinates"":[]}"
20140710,2014-07-10,0.04876431342009286,"{""type"":""MultiPoint"",""coordinates"":[]}"
20140711,2014-07-11,0.01471710613123487,"{""type"":""MultiPoint"",""coordinates"":[]}"
20140712,2014-07-12,0.0045124283913713795,"{""type"":""MultiPoint"",""coordinates"":[]}"
20140713,2014-07-13,0.002944858474027009,"{""type"":""MultiPoint"",""coordinates"":[]}"
20140714,2014-07-14,0.010122607885587493,"{""type"":""MultiPoint"",""coordinates"":[]}"
20140715,2014-07-15,0.003939583846356054,"{""type"":""MultiPoint"",""coordinates"":[]}"
20140716,2014-07-16,0.0014251982856193436,"{""type"":""MultiPoint"",""coordinates"":[]}"
20140717,2014-07-17,0.007236331497721826,"{""type"":""MultiPoint"",""coordinates"":[]}"
20140718,2014-07-18,0.00835054517665441,"{""type"":""MultiPoint"",""coordinates"":[]}"
20140719,2014-07-19,0.004501461963823889,"{""type"":""MultiPoint"",""coordinates"":[]}"
20140720,2014-07-20,9.002161259701409E-4,"{""type"":""MultiPoint"",""coordinates"":[]}"
20140721,2014-07-21,0.004799859648211,"{""type"":""MultiPoint"",""coordinates"":[]}"
20140722,2014-07-22,0.0025780784419636472,"{""type"":""MultiPoint"",""coordinates"":[]}"
20140723,2014-07-23,6.731575563837949E-4,"{""type"":""MultiPoint"",""coordinates"":[]}"
20140724,2014-07-24,0.002921809654048097,"{""type"":""MultiPoint"",""coordinates"":[]}"
20140725,2014-07-25,0.004125989025988591,"{""type"":""MultiPoint"",""coordinates"":[]}"
20140726,2014-07-26,0.0022852686829549717,"{""type"":""MultiPoint"",""coordinates"":[]}"
20140727,2014-07-27,0.004044971073826396,"{""type"":""MultiPoint"",""coordinates"":[]}"
20140728,2014-07-28,0.0021375890439143184,"{""type"":""MultiPoint"",""coordinates"":[]}"
20140729,2014-07-29,0.0017784906513602474,"{""type"":""MultiPoint"",""coordinates"":[]}"
20140730,2014-07-30,0.0052830573230045995,"{""type"":""MultiPoint"",""coordinates"":[]}"
20140731,2014-07-31,0.004735689530891423,"{""type"":""MultiPoint"",""coordinates"":[]}"
20140801,2014-08-01,0.007266363768241879,"{""type"":""MultiPoint"",""coordinates"":[]}"
20140802,2014-08-02,0.0063628499471428835,"{""type"":""MultiPoint"",""coordinates"":[]}"
20140803,2014-08-03,0.005206940189072826,"{""type"":""MultiPoint"",""coordinates"":[]}"
20140804,2014-08-04,0.002379234874904881,"{""type"":""MultiPoint"",""coordinates"":[]}"
20140805,2014-08-05,0.012181838609699368,"{""type"":""MultiPoint"",""coordinates"":[]}"
20140806,2014-08-06,0.010756898206932763,"{""type"":""MultiPoint"",""coordinates"":[]}"
20140807,2014-08-07,8.368317253772068E-4,"{""type"":""MultiPoint"",""coordinates"":[]}"
20140808,2014-08-08,0.0015312248902209541,"{""type"":""MultiPoint"",""coordinates"":[]}"
20140809,2014-08-09,0.0013405769089186728,"{""type"":""MultiPoint"",""coordinates"":[]}"
20140810,2014-08-10,0.0032936809251867625,"{""type"":""MultiPoint"",""coordinates"":[]}"
20140811,2014-08-11,0.007689613028034608,"{""type"":""MultiPoint"",""coordinates"":[]}"
20140812,2014-08-12,0.0023316170087993673,"{""type"":""MultiPoint"",""coordinates"":[]}"
20140813,2014-08-13,0.007107824660667058,"{""type"":""MultiPoint"",""coordinates"":[]}"
20140814,2014-08-14,0.005010883810599927,"{""type"":""MultiPoint"",""coordinates"":[]}"
20140815,2014-08-15,0.009532026659117404,"{""type"":""MultiPoint"",""coordinates"":[]}"
20140816,2014-08-16,0.007510850879876444,"{""type"":""MultiPoint"",""coordinates"":[]}"
20140817,2014-08-17,0.004404411559226152,"{""type"":""MultiPoint"",""coordinates"":[]}"
20140818,2014-08-18,0.004072464522745991,"{""type"":""MultiPoint"",""coordinates"":[]}"
20140819,2014-08-19,0.008300341938792151,"{""type"":""MultiPoint"",""coordinates"":[]}"
20140820,2014-08-20,0.020395004318325794,"{""type"":""MultiPoint"",""coordinates"":[]}"
20140821,2014-08-21,0.008154781616863444,"{""type"":""MultiPoint"",""coordinates"":[]}"
20140822,2014-08-22,0.005322238992367676,"{""type"":""MultiPoint"",""coordinates"":[]}"
20140823,2014-08-23,0.001996980478242421,"{""type"":""MultiPoint"",""coordinates"":[]}"
20140824,2014-08-24,0.0014474321409937022,"{""type"":""MultiPoint"",""coordinates"":[]}"
20140825,2014-08-25,0.003476617812933141,"{""type"":""MultiPoint"",""coordinates"":[]}"
20140826,2014-08-26,0.004851123221596386,"{""type"":""MultiPoint"",""coordinates"":[]}"
20140827,2014-08-27,6.185054970975088E-4,"{""type"":""MultiPoint"",""coordinates"":[]}"
20140828,2014-08-28,2.90115503862235E-4,"{""type"":""MultiPoint"",""coordinates"":[]}"
20140829,2014-08-29,0.0014222487323536535,"{""type"":""MultiPoint"",""coordinates"":[]}"
20140830,2014-08-30,0.004079637085270335,"{""type"":""MultiPoint"",""coordinates"":[]}"
20140831,2014-08-31,0.0031869961216510812,"{""type"":""MultiPoint"",""coordinates"":[]}"
20140901,2014-09-01,0.00413250314719451,"{""type"":""MultiPoint"",""coordinates"":[]}"
20140902,2014-09-02,0.0011121363888077576,"{""type"":""MultiPoint"",""coordinates"":[]}"
20140903,2014-09-03,1.148804539561665E-4,"{""type"":""MultiPoint"",""coordinates"":[]}"
20140904,2014-09-04,0.006855985583812648,"{""type"":""MultiPoint"",""coordinates"":[]}"
20140905,2014-09-05,9.661831571332156E-4,"{""type"":""MultiPoint"",""coordinates"":[]}"
20140906,2014-09-06,7.596578016463857E-4,"{""type"":""MultiPoint"",""coordinates"":[]}"
20140907,2014-09-07,0.0035120876927606224,"{""type"":""MultiPoint"",""coordinates"":[]}"
20140908,2014-09-08,0.0055548430677449,"{""type"":""MultiPoint"",""coordinates"":[]}"
20140909,2014-09-09,0.005954286693471721,"{""type"":""MultiPoint"",""coordinates"":[]}"
20140910,2014-09-10,0.0017008802056002073,"{""type"":""MultiPoint"",""coordinates"":[]}"
20140911,2014-09-11,0.0023622117767514257,"{""type"":""MultiPoint"",""coordinates"":[]}"
20140912,2014-09-12,0.004246177253805402,"{""type"":""MultiPoint"",""coordinates"":[]}"
20140913,2014-09-13,0.0030181891684234563,"{""type"":""MultiPoint"",""coordinates"":[]}"
20140914,2014-09-14,2.7875075482411383E-4,"{""type"":""MultiPoint"",""coordinates"":[]}"
20140915,2014-09-15,0.0053454986978380865,"{""type"":""MultiPoint"",""coordinates"":[]}"
20140916,2014-09-16,0.0046184203389676385,"{""type"":""MultiPoint"",""coordinates"":[]}"
20140917,2014-09-17,0.0019493422721459808,"{""type"":""MultiPoint"",""coordinates"":[]}"
20140918,2014-09-18,0.004498488161926304,"{""type"":""MultiPoint"",""coordinates"":[]}"
20140919,2014-09-19,0.00453321944014207,"{""type"":""MultiPoint"",""coordinates"":[]}"
20140920,2014-09-20,0.002859692922278728,"{""type"":""MultiPoint"",""coordinates"":[]}"
20140921,2014-09-21,3.72841769166456E-4,"{""type"":""MultiPoint"",""coordinates"":[]}"
20140922,2014-09-22,4.6789543937035983E-4,"{""type"":""MultiPoint"",""coordinates"":[]}"
20140923,2014-09-23,8.10277652709138E-4,"{""type"":""MultiPoint"",""coordinates"":[]}"
20140924,2014-09-24,4.700050227266205E-4,"{""type"":""MultiPoint"",""coordinates"":[]}"
20140925,2014-09-25,3.665396167720942E-5,"{""type"":""MultiPoint"",""coordinates"":[]}"
20140926,2014-09-26,9.370355713308787E-5,"{""type"":""MultiPoint"",""coordinates"":[]}"
20140927,2014-09-27,4.324261482969548E-4,"{""type"":""MultiPoint"",""coordinates"":[]}"
20140928,2014-09-28,5.831750017940428E-4,"{""type"":""MultiPoint"",""coordinates"":[]}"
20140929,2014-09-29,5.642988485150216E-4,"{""type"":""MultiPoint"",""coordinates"":[]}"
20140930,2014-09-30,0.0021649985835985827,"{""type"":""MultiPoint"",""coordinates"":[]}"
20141001,2014-10-01,8.633766127739473E-4,"{""type"":""MultiPoint"",""coordinates"":[]}"
20141002,2014-10-02,4.619771361921875E-4,"{""type"":""MultiPoint"",""coordinates"":[]}"
20141003,2014-10-03,0.0014996685838135635,"{""type"":""MultiPoint"",""coordinates"":[]}"
20141004,2014-10-04,7.249927488780875E-4,"{""type"":""MultiPoint"",""coordinates"":[]}"
20141005,2014-10-05,0.003317504713117503,"{""type"":""MultiPoint"",""coordinates"":[]}"
20141006,2014-10-06,0.0012077024704350194,"{""type"":""MultiPoint"",""coordinates"":[]}"
20141007,2014-10-07,0.001102706504720741,"{""type"":""MultiPoint"",""coordinates"":[]}"
20141008,2014-10-08,0.003164064296664272,"{""type"":""MultiPoint"",""coordinates"":[]}"
20141009,2014-10-09,0.00229916358413004,"{""type"":""MultiPoint"",""coordinates"":[]}"
20141010,2014-10-10,8.602477160499347E-4,"{""type"":""MultiPoint"",""coordinates"":[]}"
20141011,2014-10-11,3.864947272624922E-4,"{""type"":""MultiPoint"",""coordinates"":[]}"
20141012,2014-10-12,8.418906865986781E-4,"{""type"":""MultiPoint"",""coordinates"":[]}"
20141013,2014-10-13,0.0034618775620329527,"{""type"":""MultiPoint"",""coordinates"":[]}"
20141014,2014-10-14,0.00218578658657684,"{""type"":""MultiPoint"",""coordinates"":[]}"
20141015,2014-10-15,0.0013661271330943458,"{""type"":""MultiPoint"",""coordinates"":[]}"
20141016,2014-10-16,8.83239229273083E-4,"{""type"":""MultiPoint"",""coordinates"":[]}"
20141017,2014-10-17,0.004829837093781066,"{""type"":""MultiPoint"",""coordinates"":[]}"
20141018,2014-10-18,5.175382795347832E-4,"{""type"":""MultiPoint"",""coordinates"":[]}"
20141019,2014-10-19,4.1354914295516385E-4,"{""type"":""MultiPoint"",""coordinates"":[]}"
20141020,2014-10-20,0.003995352804987281,"{""type"":""MultiPoint"",""coordinates"":[]}"
20141021,2014-10-21,0.0058159397986135486,"{""type"":""MultiPoint"",""coordinates"":[]}"
20141022,2014-10-22,0.005004651978746779,"{""type"":""MultiPoint"",""coordinates"":[]}"
20141023,2014-10-23,0.0030130685310080416,"{""type"":""MultiPoint"",""coordinates"":[]}"
20141024,2014-10-24,0.0074336306037391135,"{""type"":""MultiPoint"",""coordinates"":[]}"
20141025,2014-10-25,0.005785045906271484,"{""type"":""MultiPoint"",""coordinates"":[]}"
20141026,2014-10-26,0.004081177749349437,"{""type"":""MultiPoint"",""coordinates"":[]}"
20141027,2014-10-27,4.0439784722983346E-4,"{""type"":""MultiPoint"",""coordinates"":[]}"
20141028,2014-10-28,7.018040285332852E-4,"{""type"":""MultiPoint"",""coordinates"":[]}"
20141029,2014-10-29,0.002016286478440153,"{""type"":""MultiPoint"",""coordinates"":[]}"
20141030,2014-10-30,0.0018902351610345402,"{""type"":""MultiPoint"",""coordinates"":[]}"
20141031,2014-10-31,7.859309128725945E-5,"{""type"":""MultiPoint"",""coordinates"":[]}"
20141101,2014-11-01,0.001965742756569398,"{""type"":""MultiPoint"",""coordinates"":[]}"
20141102,2014-11-02,0.011499039509272354,"{""type"":""MultiPoint"",""coordinates"":[]}"
20141103,2014-11-03,0.01156621149670737,"{""type"":""MultiPoint"",""coordinates"":[]}"
20141104,2014-11-04,0.007661514688140308,"{""type"":""MultiPoint"",""coordinates"":[]}"
20141105,2014-11-05,0.0051276356512242,"{""type"":""MultiPoint"",""coordinates"":[]}"
20141106,2014-11-06,2.521949168255982E-4,"{""type"":""MultiPoint"",""coordinates"":[]}"
20141107,2014-11-07,0.0019949305493307794,"{""type"":""MultiPoint"",""coordinates"":[]}"
20141108,2014-11-08,8.396072947966113E-4,"{""type"":""MultiPoint"",""coordinates"":[]}"
20141109,2014-11-09,8.66765628913868E-4,"{""type"":""MultiPoint"",""coordinates"":[]}"
20141110,2014-11-10,0.004177704558203101,"{""type"":""MultiPoint"",""coordinates"":[]}"
20141111,2014-11-11,0.012128057162453037,"{""type"":""MultiPoint"",""coordinates"":[]}"
20141112,2014-11-12,0.00436831726981874,"{""type"":""MultiPoint"",""coordinates"":[]}"
20141113,2014-11-13,0.006117536909300396,"{""type"":""MultiPoint"",""coordinates"":[]}"
20141114,2014-11-14,0.0029965754805203046,"{""type"":""MultiPoint"",""coordinates"":[]}"
20141115,2014-11-15,0.002247704369234429,"{""type"":""MultiPoint"",""coordinates"":[]}"
20141116,2014-11-16,0.003308005078005984,"{""type"":""MultiPoint"",""coordinates"":[]}"
20141117,2014-11-17,0.006225425552766327,"{""type"":""MultiPoint"",""coordinates"":[]}"
20141118,2014-11-18,0.006677203887117048,"{""type"":""MultiPoint"",""coordinates"":[]}"
20141119,2014-11-19,0.0057769919804468136,"{""type"":""MultiPoint"",""coordinates"":[]}"
20141120,2014-11-20,0.01062636179677241,"{""type"":""MultiPoint"",""coordinates"":[]}"
20141121,2014-11-21,0.006316591961085664,"{""type"":""MultiPoint"",""coordinates"":[]}"
20141122,2014-11-22,0.006839779464041449,"{""type"":""MultiPoint"",""coordinates"":[]}"
20141123,2014-11-23,0.0043500210381829316,"{""type"":""MultiPoint"",""coordinates"":[]}"
20141124,2014-11-24,0.0014412833749604228,"{""type"":""MultiPoint"",""coordinates"":[]}"
20141125,2014-11-25,0.009248580688622247,"{""type"":""MultiPoint"",""coordinates"":[]}"
20141126,2014-11-26,0.034232339304999845,"{""type"":""MultiPoint"",""coordinates"":[]}"
20141127,2014-11-27,0.011622856194104744,"{""type"":""MultiPoint"",""coordinates"":[]}"
20141128,2014-11-28,0.0011811856551428514,"{""type"":""MultiPoint"",""coordinates"":[]}"
20141129,2014-11-29,0.007799262195389606,"{""type"":""MultiPoint"",""coordinates"":[]}"
20141130,2014-11-30,0.0018234031074107503,"{""type"":""MultiPoint"",""coordinates"":[]}"
20141201,2014-12-01,0.0012304846202960942,"{""type"":""MultiPoint"",""coordinates"":[]}"
20141202,2014-12-02,0.0016738235714390635,"{""type"":""MultiPoint"",""coordinates"":[]}"
20141203,2014-12-03,0.0018944966475618595,"{""type"":""MultiPoint"",""coordinates"":[]}"
20141204,2014-12-04,0.005955698109105118,"{""type"":""MultiPoint"",""coordinates"":[]}"
20141205,2014-12-05,0.006570838696710835,"{""type"":""MultiPoint"",""coordinates"":[]}"
20141206,2014-12-06,0.0034489946911681504,"{""type"":""MultiPoint"",""coordinates"":[]}"
20141207,2014-12-07,0.005101755025270951,"{""type"":""MultiPoint"",""coordinates"":[]}"
20141208,2014-12-08,0.004137666597111602,"{""type"":""MultiPoint"",""coordinates"":[]}"
20141209,2014-12-09,0.011895325177832901,"{""type"":""MultiPoint"",""coordinates"":[]}"
20141210,2014-12-10,0.0059214930226370414,"{""type"":""MultiPoint"",""coordinates"":[]}"
20141211,2014-12-11,0.006920180123904901,"{""type"":""MultiPoint"",""coordinates"":[]}"
20141212,2014-12-12,0.01908272642959561,"{""type"":""MultiPoint"",""coordinates"":[]}"
20141213,2014-12-13,0.009397832059732596,"{""type"":""MultiPoint"",""coordinates"":[]}"
20141214,2014-12-14,0.0020203493119572875,"{""type"":""MultiPoint"",""coordinates"":[]}"
20141215,2014-12-15,0.0013385776657550347,"{""type"":""MultiPoint"",""coordinates"":[]}"
20141216,2014-12-16,0.002412168022929305,"{""type"":""MultiPoint"",""coordinates"":[]}"
20141217,2014-12-17,0.004357178445902896,"{""type"":""MultiPoint"",""coordinates"":[]}"
20141218,2014-12-18,0.0010676749601054789,"{""type"":""MultiPoint"",""coordinates"":[]}"
20141219,2014-12-19,0.0014299254525089358,"{""type"":""MultiPoint"",""coordinates"":[]}"
20141220,2014-12-20,0.002678474808292616,"{""type"":""MultiPoint"",""coordinates"":[]}"
20141221,2014-12-21,0.003741968323803779,"{""type"":""MultiPoint"",""coordinates"":[]}"
20141222,2014-12-22,0.004724194836978468,"{""type"":""MultiPoint"",""coordinates"":[]}"
20141223,2014-12-23,0.0031917455565589007,"{""type"":""MultiPoint"",""coordinates"":[]}"
20141224,2014-12-24,0.005372456949276061,"{""type"":""MultiPoint"",""coordinates"":[]}"
20141225,2014-12-25,0.0038938423954943966,"{""type"":""MultiPoint"",""coordinates"":[]}"
20141226,2014-12-26,5.827265647384979E-4,"{""type"":""MultiPoint"",""coordinates"":[]}"
20141227,2014-12-27,0.004822557803019205,"{""type"":""MultiPoint"",""coordinates"":[]}"
20141228,2014-12-28,0.010051281673531701,"{""type"":""MultiPoint"",""coordinates"":[]}"
20141229,2014-12-29,0.00551959431345622,"{""type"":""MultiPoint"",""coordinates"":[]}"
20141230,2014-12-30,0.008056432914258865,"{""type"":""MultiPoint"",""coordinates"":[]}"
20141231,2014-12-31,0.0016784560069355507,"{""type"":""MultiPoint"",""coordinates"":[]}"
20150101,2015-01-01,0.0016927570969545926,"{""type"":""MultiPoint"",""coordinates"":[]}"
20150102,2015-01-02,0.0014939673350849725,"{""type"":""MultiPoint"",""coordinates"":[]}"
20150103,2015-01-03,8.682082703871397E-4,"{""type"":""MultiPoint"",""coordinates"":[]}"
20150104,2015-01-04,0.0025525672119072144,"{""type"":""MultiPoint"",""coordinates"":[]}"
20150105,2015-01-05,0.0015790885382482838,"{""type"":""MultiPoint"",""coordinates"":[]}"
20150106,2015-01-06,6.917613179906338E-4,"{""type"":""MultiPoint"",""coordinates"":[]}"
20150107,2015-01-07,0.006846069855060205,"{""type"":""MultiPoint"",""coordinates"":[]}"
20150108,2015-01-08,0.006395054584908627,"{""type"":""MultiPoint"",""coordinates"":[]}"
20150109,2015-01-09,0.0044341156350935235,"{""type"":""MultiPoint"",""coordinates"":[]}"
20150110,2015-01-10,0.0010902882037858786,"{""type"":""MultiPoint"",""coordinates"":[]}"
20150111,2015-01-11,7.607315706799579E-4,"{""type"":""MultiPoint"",""coordinates"":[]}"
20150112,2015-01-12,0.0017769971483273933,"{""type"":""MultiPoint"",""coordinates"":[]}"
20150113,2015-01-13,0.006438808146323993,"{""type"":""MultiPoint"",""coordinates"":[]}"
20150114,2015-01-14,0.012410431655248834,"{""type"":""MultiPoint"",""coordinates"":[]}"
20150115,2015-01-15,0.012660317958331176,"{""type"":""MultiPoint"",""coordinates"":[]}"
20150116,2015-01-16,0.01096277942522646,"{""type"":""MultiPoint"",""coordinates"":[]}"
20150117,2015-01-17,0.007392180743578253,"{""type"":""MultiPoint"",""coordinates"":[]}"
20150118,2015-01-18,0.004284618899258188,"{""type"":""MultiPoint"",""coordinates"":[]}"
20150119,2015-01-19,0.008905357855332877,"{""type"":""MultiPoint"",""coordinates"":[]}"
20150120,2015-01-20,0.007039683236910473,"{""type"":""MultiPoint"",""coordinates"":[]}"
20150121,2015-01-21,0.0034233071376474603,"{""type"":""MultiPoint"",""coordinates"":[]}"
20150122,2015-01-22,0.0015402524902238851,"{""type"":""MultiPoint"",""coordinates"":[]}"
20150123,2015-01-23,8.52382830397684E-4,"{""type"":""MultiPoint"",""coordinates"":[]}"
20150124,2015-01-24,0.001447353270364224,"{""type"":""MultiPoint"",""coordinates"":[]}"
20150125,2015-01-25,0.004097842640585517,"{""type"":""MultiPoint"",""coordinates"":[]}"
20150126,2015-01-26,0.0017322352936079202,"{""type"":""MultiPoint"",""coordinates"":[]}"
20150127,2015-01-27,0.003940174952023156,"{""type"":""MultiPoint"",""coordinates"":[]}"
20150128,2015-01-28,0.009722500345176016,"{""type"":""MultiPoint"",""coordinates"":[]}"
20150129,2015-01-29,0.0075641724127100095,"{""type"":""MultiPoint"",""coordinates"":[]}"
20150130,2015-01-30,0.006402501641563236,"{""type"":""MultiPoint"",""coordinates"":[]}"
20150131,2015-01-31,0.0065269317530594366,"{""type"":""MultiPoint"",""coordinates"":[]}"
20150201,2015-02-01,9.038850151233753E-4,"{""type"":""MultiPoint"",""coordinates"":[]}"
20150202,2015-02-02,0.0011401980976624606,"{""type"":""MultiPoint"",""coordinates"":[]}"
20150203,2015-02-03,0.0018353376727209875,"{""type"":""MultiPoint"",""coordinates"":[]}"
20150204,2015-02-04,7.249708379655138E-4,"{""type"":""MultiPoint"",""coordinates"":[]}"
20150205,2015-02-05,0.001148298582524173,"{""type"":""MultiPoint"",""coordinates"":[]}"
20150206,2015-02-06,0.0011174099824215792,"{""type"":""MultiPoint"",""coordinates"":[]}"
20150207,2015-02-07,6.655702960040089E-4,"{""type"":""MultiPoint"",""coordinates"":[]}"
20150208,2015-02-08,0.00156278030368685,"{""type"":""MultiPoint"",""coordinates"":[]}"
20150209,2015-02-09,4.77170108763809E-4,"{""type"":""MultiPoint"",""coordinates"":[]}"
20150210,2015-02-10,1.4674664829495576E-4,"{""type"":""MultiPoint"",""coordinates"":[]}"
20150211,2015-02-11,0.00119529128179118,"{""type"":""MultiPoint"",""coordinates"":[]}"
20150212,2015-02-12,0.002832185212211473,"{""type"":""MultiPoint"",""coordinates"":[]}"
20150213,2015-02-13,0.0021159779692879756,"{""type"":""MultiPoint"",""coordinates"":[]}"
20150214,2015-02-14,0.001661737580711345,"{""type"":""MultiPoint"",""coordinates"":[]}"
20150215,2015-02-15,0.002261731304374677,"{""type"":""MultiPoint"",""coordinates"":[]}"
20150216,2015-02-16,0.013288963675800928,"{""type"":""MultiPoint"",""coordinates"":[]}"
20150217,2015-02-17,0.010770616414074107,"{""type"":""MultiPoint"",""coordinates"":[]}"
20150218,2015-02-18,0.0014642183877743176,"{""type"":""MultiPoint"",""coordinates"":[]}"
20150219,2015-02-19,0.0010744860339604175,"{""type"":""MultiPoint"",""coordinates"":[]}"
20150220,2015-02-20,0.001661273118437457,"{""type"":""MultiPoint"",""coordinates"":[]}"
20150221,2015-02-21,0.004152954752197757,"{""type"":""MultiPoint"",""coordinates"":[]}"
20150222,2015-02-22,0.002702854335632759,"{""type"":""MultiPoint"",""coordinates"":[]}"
20150223,2015-02-23,0.0010945726783109153,"{""type"":""MultiPoint"",""coordinates"":[]}"
20150224,2015-02-24,8.278761769424773E-4,"{""type"":""MultiPoint"",""coordinates"":[]}"
20150225,2015-02-25,0.009730000741603783,"{""type"":""MultiPoint"",""coordinates"":[]}"
20150226,2015-02-26,0.013599325567486715,"{""type"":""MultiPoint"",""coordinates"":[]}"
20150227,2015-02-27,0.001614384051920071,"{""type"":""MultiPoint"",""coordinates"":[]}"
20150228,2015-02-28,0.004243920824249026,"{""type"":""MultiPoint"",""coordinates"":[]}"
20150301,2015-03-01,0.003701750455141701,"{""type"":""MultiPoint"",""coordinates"":[]}"
20150302,2015-03-02,0.010233673877839853,"{""type"":""MultiPoint"",""coordinates"":[]}"
20150303,2015-03-03,0.010995911462739589,"{""type"":""MultiPoint"",""coordinates"":[]}"
20150304,2015-03-04,0.013900644127544935,"{""type"":""MultiPoint"",""coordinates"":[]}"
20150305,2015-03-05,0.0048112777858177365,"{""type"":""MultiPoint"",""coordinates"":[]}"
20150306,2015-03-06,0.002796810246861695,"{""type"":""MultiPoint"",""coordinates"":[]}"
20150307,2015-03-07,0.0016721800343499622,"{""type"":""MultiPoint"",""coordinates"":[]}"
20150308,2015-03-08,0.004030915827959608,"{""type"":""MultiPoint"",""coordinates"":[]}"
20150309,2015-03-09,0.004112058739713122,"{""type"":""MultiPoint"",""coordinates"":[]}"
20150310,2015-03-10,0.0020728643948565587,"{""type"":""MultiPoint"",""coordinates"":[]}"
20150311,2015-03-11,0.0015630319069728745,"{""type"":""MultiPoint"",""coordinates"":[]}"
20150312,2015-03-12,4.876356356565594E-4,"{""type"":""MultiPoint"",""coordinates"":[]}"
20150313,2015-03-13,6.293444582243482E-4,"{""type"":""MultiPoint"",""coordinates"":[]}"
20150314,2015-03-14,7.236561781828023E-4,"{""type"":""MultiPoint"",""coordinates"":[]}"
20150315,2015-03-15,0.0010658918004731014,"{""type"":""MultiPoint"",""coordinates"":[]}"
20150316,2015-03-16,9.283594792627866E-4,"{""type"":""MultiPoint"",""coordinates"":[]}"
20150317,2015-03-17,0.004863150411940153,"{""type"":""MultiPoint"",""coordinates"":[]}"
20150318,2015-03-18,0.0013673624448551154,"{""type"":""MultiPoint"",""coordinates"":[]}"
20150319,2015-03-19,0.0019091093596939502,"{""type"":""MultiPoint"",""coordinates"":[]}"
20150320,2015-03-20,0.0010146564721456425,"{""type"":""MultiPoint"",""coordinates"":[]}"
20150321,2015-03-21,7.440481435321317E-4,"{""type"":""MultiPoint"",""coordinates"":[]}"
20150322,2015-03-22,1.1113006258568075E-4,"{""type"":""MultiPoint"",""coordinates"":[]}"
20150323,2015-03-23,5.090582251104928E-4,"{""type"":""MultiPoint"",""coordinates"":[]}"
20150324,2015-03-24,0.007637277440261932,"{""type"":""MultiPoint"",""coordinates"":[]}"
20150325,2015-03-25,0.009226674800200637,"{""type"":""MultiPoint"",""coordinates"":[]}"
20150326,2015-03-26,0.00489803819602917,"{""type"":""MultiPoint"",""coordinates"":[]}"
20150327,2015-03-27,0.0025779936337300344,"{""type"":""MultiPoint"",""coordinates"":[]}"
20150328,2015-03-28,0.0016898024738276115,"{""type"":""MultiPoint"",""coordinates"":[]}"
20150329,2015-03-29,0.004731950229805489,"{""type"":""MultiPoint"",""coordinates"":[]}"
20150330,2015-03-30,0.002541727303955029,"{""type"":""MultiPoint"",""coordinates"":[]}"
20150331,2015-03-31,0.0014543993857570826,"{""type"":""MultiPoint"",""coordinates"":[]}"
20150401,2015-04-01,0.0012185076256117078,"{""type"":""MultiPoint"",""coordinates"":[]}"
20150402,2015-04-02,5.000845210171394E-4,"{""type"":""MultiPoint"",""coordinates"":[]}"
20150403,2015-04-03,5.028354971649011E-4,"{""type"":""MultiPoint"",""coordinates"":[]}"
20150404,2015-04-04,3.193734568859177E-4,"{""type"":""MultiPoint"",""coordinates"":[]}"
20150405,2015-04-05,2.4674639221465657E-5,"{""type"":""MultiPoint"",""coordinates"":[]}"
20150406,2015-04-06,5.132836602686389E-4,"{""type"":""MultiPoint"",""coordinates"":[]}"
20150407,2015-04-07,0.0019516673020470833,"{""type"":""MultiPoint"",""coordinates"":[]}"
20150408,2015-04-08,0.0010835358243741877,"{""type"":""MultiPoint"",""coordinates"":[]}"
20150409,2015-04-09,0.0014935792557011815,"{""type"":""MultiPoint"",""coordinates"":[]}"
20150410,2015-04-10,8.335367000323316E-4,"{""type"":""MultiPoint"",""coordinates"":[]}"
20150411,2015-04-11,0.0014505789634357807,"{""type"":""MultiPoint"",""coordinates"":[]}"
20150412,2015-04-12,0.003031090375555636,"{""type"":""MultiPoint"",""coordinates"":[]}"
20150413,2015-04-13,0.002059470690506825,"{""type"":""MultiPoint"",""coordinates"":[]}"
20150414,2015-04-14,0.0025611460062185233,"{""type"":""MultiPoint"",""coordinates"":[]}"
20150415,2015-04-15,0.0024003836409695546,"{""type"":""MultiPoint"",""coordinates"":[]}"
20150416,2015-04-16,0.011558490107282155,"{""type"":""MultiPoint"",""coordinates"":[]}"
20150417,2015-04-17,0.0503984144189597,"{""type"":""MultiPoint"",""coordinates"":[]}"
20150418,2015-04-18,0.0031151862344198406,"{""type"":""MultiPoint"",""coordinates"":[]}"
20150419,2015-04-19,0.0014936423635666207,"{""type"":""MultiPoint"",""coordinates"":[]}"
20150420,2015-04-20,0.0015599752389633284,"{""type"":""MultiPoint"",""coordinates"":[]}"
20150421,2015-04-21,0.004942355397174185,"{""type"":""MultiPoint"",""coordinates"":[]}"
20150422,2015-04-22,0.02144608808158229,"{""type"":""MultiPoint"",""coordinates"":[]}"
20150423,2015-04-23,0.009469302624079485,"{""type"":""MultiPoint"",""coordinates"":[]}"
20150424,2015-04-24,0.008299472640342578,"{""type"":""MultiPoint"",""coordinates"":[]}"
20150425,2015-04-25,0.0027240121384233024,"{""type"":""MultiPoint"",""coordinates"":[]}"
20150426,2015-04-26,0.001652706287735009,"{""type"":""MultiPoint"",""coordinates"":[]}"
20150427,2015-04-27,3.8915707103540813E-4,"{""type"":""MultiPoint"",""coordinates"":[]}"
20150428,2015-04-28,0.0016513994040634734,"{""type"":""MultiPoint"",""coordinates"":[]}"
20150429,2015-04-29,6.916620206414263E-4,"{""type"":""MultiPoint"",""coordinates"":[]}"
20150430,2015-04-30,3.6950755926737523E-4,"{""type"":""MultiPoint"",""coordinates"":[]}"
20150501,2015-05-01,0.0013458561738064327,"{""type"":""MultiPoint"",""coordinates"":[]}"
20150502,2015-05-02,0.002148549503877055,"{""type"":""MultiPoint"",""coordinates"":[]}"
20150503,2015-05-03,9.668998203869125E-4,"{""type"":""MultiPoint"",""coordinates"":[]}"
20150504,2015-05-04,0.0022823231063312157,"{""type"":""MultiPoint"",""coordinates"":[]}"
20150505,2015-05-05,0.0020878524119841567,"{""type"":""MultiPoint"",""coordinates"":[]}"
20150506,2015-05-06,0.0029490524683641467,"{""type"":""MultiPoint"",""coordinates"":[]}"
20150507,2015-05-07,0.0015604857057030454,"{""type"":""MultiPoint"",""coordinates"":[]}"
20150508,2015-05-08,3.339592819743695E-4,"{""type"":""MultiPoint"",""coordinates"":[]}"
20150509,2015-05-09,9.271162052333283E-4,"{""type"":""MultiPoint"",""coordinates"":[]}"
20150510,2015-05-10,0.0036079905763639637,"{""type"":""MultiPoint"",""coordinates"":[]}"
20150511,2015-05-11,0.020389047231456448,"{""type"":""MultiPoint"",""coordinates"":[]}"
20150512,2015-05-12,0.006740909094072065,"{""type"":""MultiPoint"",""coordinates"":[]}"
20150513,2015-05-13,0.01656120401275608,"{""type"":""MultiPoint"",""coordinates"":[]}"
20150514,2015-05-14,0.0380653567805738,"{""type"":""MultiPoint"",""coordinates"":[]}"
20150515,2015-05-15,0.01768932895876842,"{""type"":""MultiPoint"",""coordinates"":[]}"
20150516,2015-05-16,0.018507848483665983,"{""type"":""MultiPoint"",""coordinates"":[]}"
20150517,2015-05-17,0.026424494277951786,"{""type"":""MultiPoint"",""coordinates"":[]}"
20150518,2015-05-18,0.0074976628184153455,"{""type"":""MultiPoint"",""coordinates"":[]}"
20150519,2015-05-19,0.014495374466386544,"{""type"":""MultiPoint"",""coordinates"":[]}"
20150520,2015-05-20,0.023280795128497744,"{""type"":""MultiPoint"",""coordinates"":[]}"
20150521,2015-05-21,0.016251261100953165,"{""type"":""MultiPoint"",""coordinates"":[]}"
20150522,2015-05-22,0.011398527623442914,"{""type"":""MultiPoint"",""coordinates"":[]}"
20150523,2015-05-23,0.018004063159856497,"{""type"":""MultiPoint"",""coordinates"":[]}"
20150524,2015-05-24,0.012614854728290506,"{""type"":""MultiPoint"",""coordinates"":[]}"
20150525,2015-05-25,0.0032390937687813747,"{""type"":""MultiPoint"",""coordinates"":[]}"
20150526,2015-05-26,0.055616587593604584,"{""type"":""MultiPoint"",""coordinates"":[]}"
20150527,2015-05-27,0.006855082516509751,"{""type"":""MultiPoint"",""coordinates"":[]}"
20150528,2015-05-28,0.016643078823598265,"{""type"":""MultiPoint"",""coordinates"":[]}"
20150529,2015-05-29,0.006250182296418172,"{""type"":""MultiPoint"",""coordinates"":[]}"
20150530,2015-05-30,0.010687126391268792,"{""type"":""MultiPoint"",""coordinates"":[]}"
20150531,2015-05-31,0.01688164324683695,"{""type"":""MultiPoint"",""coordinates"":[]}"
20150601,2015-06-01,0.02078006731976408,"{""type"":""MultiPoint"",""coordinates"":[]}"
20150602,2015-06-02,0.005671775568040035,"{""type"":""MultiPoint"",""coordinates"":[]}"
20150603,2015-06-03,0.014769936636839738,"{""type"":""MultiPoint"",""coordinates"":[]}"
20150604,2015-06-04,0.009762384864155475,"{""type"":""MultiPoint"",""coordinates"":[]}"
20150605,2015-06-05,0.012951358186055898,"{""type"":""MultiPoint"",""coordinates"":[]}"
20150606,2015-06-06,0.01435211203689993,"{""type"":""MultiPoint"",""coordinates"":[]}"
20150607,2015-06-07,0.024532928598818823,"{""type"":""MultiPoint"",""coordinates"":[]}"
20150608,2015-06-08,0.0125371224265052,"{""type"":""MultiPoint"",""coordinates"":[]}"
20150609,2015-06-09,0.022481835098069683,"{""type"":""MultiPoint"",""coordinates"":[]}"
20150610,2015-06-10,0.005318110511467257,"{""type"":""MultiPoint"",""coordinates"":[]}"
20150611,2015-06-11,0.014701398990681656,"{""type"":""MultiPoint"",""coordinates"":[]}"
20150612,2015-06-12,0.022691900940213904,"{""type"":""MultiPoint"",""coordinates"":[]}"
20150613,2015-06-13,0.015650534717803106,"{""type"":""MultiPoint"",""coordinates"":[]}"
20150614,2015-06-14,0.011767322246680506,"{""type"":""MultiPoint"",""coordinates"":[]}"
20150615,2015-06-15,0.005915588075127388,"{""type"":""MultiPoint"",""coordinates"":[]}"
20150616,2015-06-16,0.036370023659294426,"{""type"":""MultiPoint"",""coordinates"":[]}"
20150617,2015-06-17,0.03661286871981592,"{""type"":""MultiPoint"",""coordinates"":[]}"
20150618,2015-06-18,0.006101452263233214,"{""type"":""MultiPoint"",""coordinates"":[]}"
20150619,2015-06-19,0.014004693744026846,"{""type"":""MultiPoint"",""coordinates"":[]}"
20150620,2015-06-20,0.007559648563941075,"{""type"":""MultiPoint"",""coordinates"":[]}"
20150621,2015-06-21,0.010354634734477298,"{""type"":""MultiPoint"",""coordinates"":[]}"
20150622,2015-06-22,0.005178443801191817,"{""type"":""MultiPoint"",""coordinates"":[]}"
20150623,2015-06-23,0.010985799863839725,"{""type"":""MultiPoint"",""coordinates"":[]}"
20150624,2015-06-24,0.01333111652682915,"{""type"":""MultiPoint"",""coordinates"":[]}"
20150625,2015-06-25,0.0061211476907125405,"{""type"":""MultiPoint"",""coordinates"":[]}"
20150626,2015-06-26,0.003965440029657994,"{""type"":""MultiPoint"",""coordinates"":[]}"
20150627,2015-06-27,0.012445470291473118,"{""type"":""MultiPoint"",""coordinates"":[]}"
20150628,2015-06-28,0.008077331927166512,"{""type"":""MultiPoint"",""coordinates"":[]}"
20150629,2015-06-29,0.008907298559796417,"{""type"":""MultiPoint"",""coordinates"":[]}"
20150630,2015-06-30,0.004089309879797623,"{""type"":""MultiPoint"",""coordinates"":[]}"
20150701,2015-07-01,0.007306349445427064,"{""type"":""MultiPoint"",""coordinates"":[]}"
20150702,2015-07-02,0.007590734211092369,"{""type"":""MultiPoint"",""coordinates"":[]}"
20150703,2015-07-03,0.0038840617981790748,"{""type"":""MultiPoint"",""coordinates"":[]}"
20150704,2015-07-04,0.009388794317857949,"{""type"":""MultiPoint"",""coordinates"":[]}"
20150705,2015-07-05,0.008681026896709814,"{""type"":""MultiPoint"",""coordinates"":[]}"
20150706,2015-07-06,0.0035929248925697954,"{""type"":""MultiPoint"",""coordinates"":[]}"
20150707,2015-07-07,0.008206735790322998,"{""type"":""MultiPoint"",""coordinates"":[]}"
20150708,2015-07-08,0.00426885092831673,"{""type"":""MultiPoint"",""coordinates"":[]}"
20150709,2015-07-09,0.00823331323430191,"{""type"":""MultiPoint"",""coordinates"":[]}"
20150710,2015-07-10,0.001127608121423235,"{""type"":""MultiPoint"",""coordinates"":[]}"
20150711,2015-07-11,0.002909682007600034,"{""type"":""MultiPoint"",""coordinates"":[]}"
20150712,2015-07-12,0.012418923652112493,"{""type"":""MultiPoint"",""coordinates"":[]}"
20150713,2015-07-13,0.005641601508241856,"{""type"":""MultiPoint"",""coordinates"":[]}"
20150714,2015-07-14,0.01394899023413937,"{""type"":""MultiPoint"",""coordinates"":[]}"
20150715,2015-07-15,0.013859433128680744,"{""type"":""MultiPoint"",""coordinates"":[]}"
20150716,2015-07-16,0.009423014426575558,"{""type"":""MultiPoint"",""coordinates"":[]}"
20150717,2015-07-17,0.00758919802947446,"{""type"":""MultiPoint"",""coordinates"":[]}"
20150718,2015-07-18,0.01934751379749207,"{""type"":""MultiPoint"",""coordinates"":[]}"
20150719,2015-07-19,0.006789592181641356,"{""type"":""MultiPoint"",""coordinates"":[]}"
20150720,2015-07-20,0.014425272780119867,"{""type"":""MultiPoint"",""coordinates"":[]}"
20150721,2015-07-21,0.013510245525874787,"{""type"":""MultiPoint"",""coordinates"":[]}"
20150722,2015-07-22,0.012912465123822438,"{""type"":""MultiPoint"",""coordinates"":[]}"
20150723,2015-07-23,0.024439528376361007,"{""type"":""MultiPoint"",""coordinates"":[]}"
20150724,2015-07-24,0.014391531831986758,"{""type"":""MultiPoint"",""coordinates"":[]}"
20150725,2015-07-25,0.0067860448899782775,"{""type"":""MultiPoint"",""coordinates"":[]}"
20150726,2015-07-26,0.006876497618315729,"{""type"":""MultiPoint"",""coordinates"":[]}"
20150727,2015-07-27,0.004104373025436779,"{""type"":""MultiPoint"",""coordinates"":[]}"
20150728,2015-07-28,0.0033349616877304702,"{""type"":""MultiPoint"",""coordinates"":[]}"
20150729,2015-07-29,0.0042443440150561566,"{""type"":""MultiPoint"",""coordinates"":[]}"
20150730,2015-07-30,0.0027140468844521247,"{""type"":""MultiPoint"",""coordinates"":[]}"
20150731,2015-07-31,0.0031494641530578835,"{""type"":""MultiPoint"",""coordinates"":[]}"
20150801,2015-08-01,0.002037963079642733,"{""type"":""MultiPoint"",""coordinates"":[]}"
20150802,2015-08-02,0.010441585051228388,"{""type"":""MultiPoint"",""coordinates"":[]}"
20150803,2015-08-03,8.930217664210592E-4,"{""type"":""MultiPoint"",""coordinates"":[]}"
20150804,2015-08-04,5.777160387716133E-4,"{""type"":""MultiPoint"",""coordinates"":[]}"
20150805,2015-08-05,0.005811939464928624,"{""type"":""MultiPoint"",""coordinates"":[]}"
20150806,2015-08-06,0.0018401877132056706,"{""type"":""MultiPoint"",""coordinates"":[]}"
20150807,2015-08-07,1.4511154689428646E-4,"{""type"":""MultiPoint"",""coordinates"":[]}"
20150808,2015-08-08,0.0014657910653154635,"{""type"":""MultiPoint"",""coordinates"":[]}"
20150809,2015-08-09,0.007942774764529781,"{""type"":""MultiPoint"",""coordinates"":[]}"
20150810,2015-08-10,0.0033554912685063924,"{""type"":""MultiPoint"",""coordinates"":[]}"
20150811,2015-08-11,9.510335519117224E-4,"{""type"":""MultiPoint"",""coordinates"":[]}"
20150812,2015-08-12,0.007804105527889018,"{""type"":""MultiPoint"",""coordinates"":[]}"
20150813,2015-08-13,0.0016572577728761167,"{""type"":""MultiPoint"",""coordinates"":[]}"
20150814,2015-08-14,0.002408199712408278,"{""type"":""MultiPoint"",""coordinates"":[]}"
20150815,2015-08-15,0.006435591401486501,"{""type"":""MultiPoint"",""coordinates"":[]}"
20150816,2015-08-16,0.003996111799671573,"{""type"":""MultiPoint"",""coordinates"":[]}"
20150817,2015-08-17,0.009392300944406068,"{""type"":""MultiPoint"",""coordinates"":[]}"
20150818,2015-08-18,0.008460548664040328,"{""type"":""MultiPoint"",""coordinates"":[]}"
20150819,2015-08-19,0.01585310539612144,"{""type"":""MultiPoint"",""coordinates"":[]}"
20150820,2015-08-20,0.02120159318800886,"{""type"":""MultiPoint"",""coordinates"":[]}"
20150821,2015-08-21,0.0183202279124056,"{""type"":""MultiPoint"",""coordinates"":[]}"
20150822,2015-08-22,0.006280271149584922,"{""type"":""MultiPoint"",""coordinates"":[]}"
20150823,2015-08-23,9.422768755581847E-4,"{""type"":""MultiPoint"",""coordinates"":[]}"
20150824,2015-08-24,3.789782189347591E-4,"{""type"":""MultiPoint"",""coordinates"":[]}"
20150825,2015-08-25,0.0015036676262388414,"{""type"":""MultiPoint"",""coordinates"":[]}"
20150826,2015-08-26,0.001427368868378722,"{""type"":""MultiPoint"",""coordinates"":[]}"
20150827,2015-08-27,2.2459317355834544E-4,"{""type"":""MultiPoint"",""coordinates"":[]}"
20150828,2015-08-28,0.0019029531966311534,"{""type"":""MultiPoint"",""coordinates"":[]}"
20150829,2015-08-29,0.0023215003090381204,"{""type"":""MultiPoint"",""coordinates"":[]}"
20150830,2015-08-30,0.0015382503407239715,"{""type"":""MultiPoint"",""coordinates"":[]}"
20150831,2015-08-31,5.601568521583173E-4,"{""type"":""MultiPoint"",""coordinates"":[]}"
20150901,2015-09-01,0.0043285028407343724,"{""type"":""MultiPoint"",""coordinates"":[]}"
20150902,2015-09-02,0.0032847278889735253,"{""type"":""MultiPoint"",""coordinates"":[]}"
20150903,2015-09-03,0.002405779080955195,"{""type"":""MultiPoint"",""coordinates"":[]}"
20150904,2015-09-04,0.002690082584850742,"{""type"":""MultiPoint"",""coordinates"":[]}"
20150905,2015-09-05,0.005064336921089878,"{""type"":""MultiPoint"",""coordinates"":[]}"
20150906,2015-09-06,8.515999768596657E-4,"{""type"":""MultiPoint"",""coordinates"":[]}"
20150907,2015-09-07,4.148363790183303E-4,"{""type"":""MultiPoint"",""coordinates"":[]}"
20150908,2015-09-08,0.003453849496798007,"{""type"":""MultiPoint"",""coordinates"":[]}"
20150909,2015-09-09,4.047347337691154E-4,"{""type"":""MultiPoint"",""coordinates"":[]}"
20150910,2015-09-10,2.871425511648187E-5,"{""type"":""MultiPoint"",""coordinates"":[]}"
20150911,2015-09-11,2.7047049313800545E-4,"{""type"":""MultiPoint"",""coordinates"":[]}"
20150912,2015-09-12,0.001331123862004233,"{""type"":""MultiPoint"",""coordinates"":[]}"
20150913,2015-09-13,0.001388864582266894,"{""type"":""MultiPoint"",""coordinates"":[]}"
20150914,2015-09-14,8.913031868047919E-4,"{""type"":""MultiPoint"",""coordinates"":[]}"
20150915,2015-09-15,0.00338786781345626,"{""type"":""MultiPoint"",""coordinates"":[]}"
20150916,2015-09-16,0.005396850703841628,"{""type"":""MultiPoint"",""coordinates"":[]}"
20150917,2015-09-17,5.171962115726966E-4,"{""type"":""MultiPoint"",""coordinates"":[]}"
20150918,2015-09-18,3.27752266970392E-4,"{""type"":""MultiPoint"",""coordinates"":[]}"
20150919,2015-09-19,1.933992211182573E-4,"{""type"":""MultiPoint"",""coordinates"":[]}"
20150920,2015-09-20,5.139056908274087E-4,"{""type"":""MultiPoint"",""coordinates"":[]}"
20150921,2015-09-21,0.0011454611541761514,"{""type"":""MultiPoint"",""coordinates"":[]}"
20150922,2015-09-22,1.959043775699913E-6,"{""type"":""MultiPoint"",""coordinates"":[]}"
20150923,2015-09-23,5.6029510146875496E-5,"{""type"":""MultiPoint"",""coordinates"":[]}"
20150924,2015-09-24,8.970293065100439E-4,"{""type"":""MultiPoint"",""coordinates"":[]}"
20150925,2015-09-25,7.684582980543686E-5,"{""type"":""MultiPoint"",""coordinates"":[]}"
20150926,2015-09-26,2.0427411372084652E-4,"{""type"":""MultiPoint"",""coordinates"":[]}"
20150927,2015-09-27,0.0014193428508077763,"{""type"":""MultiPoint"",""coordinates"":[]}"
20150928,2015-09-28,0.004584117721168798,"{""type"":""MultiPoint"",""coordinates"":[]}"
20150929,2015-09-29,8.359706915956793E-4,"{""type"":""MultiPoint"",""coordinates"":[]}"
20150930,2015-09-30,3.0486484962434697E-4,"{""type"":""MultiPoint"",""coordinates"":[]}"
20151001,2015-10-01,1.8416099353329662E-4,"{""type"":""MultiPoint"",""coordinates"":[]}"
20151002,2015-10-02,1.3095027187635925E-4,"{""type"":""MultiPoint"",""coordinates"":[]}"
20151003,2015-10-03,4.620142695889928E-6,"{""type"":""MultiPoint"",""coordinates"":[]}"
20151004,2015-10-04,8.557410550964799E-5,"{""type"":""MultiPoint"",""coordinates"":[]}"
20151005,2015-10-05,1.7194361638008532E-4,"{""type"":""MultiPoint"",""coordinates"":[]}"
20151006,2015-10-06,2.1576332583791123E-4,"{""type"":""MultiPoint"",""coordinates"":[]}"
20151007,2015-10-07,2.7523735520828825E-4,"{""type"":""MultiPoint"",""coordinates"":[]}"
20151008,2015-10-08,0.010230070795879299,"{""type"":""MultiPoint"",""coordinates"":[]}"
20151009,2015-10-09,0.0068146686601820595,"{""type"":""MultiPoint"",""coordinates"":[]}"
20151010,2015-10-10,0.003630406406633757,"{""type"":""MultiPoint"",""coordinates"":[]}"
20151011,2015-10-11,6.48064793202157E-4,"{""type"":""MultiPoint"",""coordinates"":[]}"
20151012,2015-10-12,0.0018664851391037491,"{""type"":""MultiPoint"",""coordinates"":[]}"
20151013,2015-10-13,1.3017862837249485E-4,"{""type"":""MultiPoint"",""coordinates"":[]}"
20151014,2015-10-14,9.838373729026882E-5,"{""type"":""MultiPoint"",""coordinates"":[]}"
20151015,2015-10-15,6.169041497598342E-6,"{""type"":""MultiPoint"",""coordinates"":[]}"
20151016,2015-10-16,2.5937343028534335E-4,"{""type"":""MultiPoint"",""coordinates"":[]}"
20151017,2015-10-17,3.3018695554585864E-4,"{""type"":""MultiPoint"",""coordinates"":[]}"
20151018,2015-10-18,8.477348851245693E-4,"{""type"":""MultiPoint"",""coordinates"":[]}"
20151019,2015-10-19,1.9610202633260236E-4,"{""type"":""MultiPoint"",""coordinates"":[]}"
20151020,2015-10-20,2.013781950431592E-4,"{""type"":""MultiPoint"",""coordinates"":[]}"
20151021,2015-10-21,1.3191088866264114E-4,"{""type"":""MultiPoint"",""coordinates"":[]}"
20151022,2015-10-22,1.9653305460014324E-4,"{""type"":""MultiPoint"",""coordinates"":[]}"
20151023,2015-10-23,6.350003272744126E-4,"{""type"":""MultiPoint"",""coordinates"":[]}"
20151024,2015-10-24,6.006807436799797E-4,"{""type"":""MultiPoint"",""coordinates"":[]}"
20151025,2015-10-25,3.691807802979611E-4,"{""type"":""MultiPoint"",""coordinates"":[]}"
20151026,2015-10-26,0.003766738711547284,"{""type"":""MultiPoint"",""coordinates"":[]}"
20151027,2015-10-27,0.0014471331393699815,"{""type"":""MultiPoint"",""coordinates"":[]}"
20151028,2015-10-28,8.547739322675476E-4,"{""type"":""MultiPoint"",""coordinates"":[]}"
20151029,2015-10-29,4.5578210517243674E-4,"{""type"":""MultiPoint"",""coordinates"":[]}"
20151030,2015-10-30,0.008632868282348105,"{""type"":""MultiPoint"",""coordinates"":[]}"
20151031,2015-10-31,0.005557627660160905,"{""type"":""MultiPoint"",""coordinates"":[]}"
20151101,2015-11-01,5.09001153018677E-4,"{""type"":""MultiPoint"",""coordinates"":[]}"
20151102,2015-11-02,6.296803183602171E-4,"{""type"":""MultiPoint"",""coordinates"":[]}"
20151103,2015-11-03,0.0017870334245422169,"{""type"":""MultiPoint"",""coordinates"":[]}"
20151104,2015-11-04,0.002965004955791753,"{""type"":""MultiPoint"",""coordinates"":[]}"
20151105,2015-11-05,1.4897684988876023E-5,"{""type"":""MultiPoint"",""coordinates"":[]}"
20151106,2015-11-06,2.6600762882808196E-4,"{""type"":""MultiPoint"",""coordinates"":[]}"
20151107,2015-11-07,0.0027544082007684577,"{""type"":""MultiPoint"",""coordinates"":[]}"
20151108,2015-11-08,8.35245109357009E-4,"{""type"":""MultiPoint"",""coordinates"":[]}"
20151109,2015-11-09,0.005143850106453138,"{""type"":""MultiPoint"",""coordinates"":[]}"
20151110,2015-11-10,0.003207869604903568,"{""type"":""MultiPoint"",""coordinates"":[]}"
20151111,2015-11-11,0.002340630223002943,"{""type"":""MultiPoint"",""coordinates"":[]}"
20151112,2015-11-12,0.0099789872475591,"{""type"":""MultiPoint"",""coordinates"":[]}"
20151113,2015-11-13,0.007869550317736534,"{""type"":""MultiPoint"",""coordinates"":[]}"
20151114,2015-11-14,0.002540383604783358,"{""type"":""MultiPoint"",""coordinates"":[]}"
20151115,2015-11-15,0.003152138583996808,"{""type"":""MultiPoint"",""coordinates"":[]}"
20151116,2015-11-16,0.004560193444890638,"{""type"":""MultiPoint"",""coordinates"":[]}"
20151117,2015-11-17,0.008782577359795091,"{""type"":""MultiPoint"",""coordinates"":[]}"
20151118,2015-11-18,0.006738999101487105,"{""type"":""MultiPoint"",""coordinates"":[]}"
20151119,2015-11-19,0.0036815556450598987,"{""type"":""MultiPoint"",""coordinates"":[]}"
20151120,2015-11-20,0.0011416365036726055,"{""type"":""MultiPoint"",""coordinates"":[]}"
20151121,2015-11-21,0.0012026705104697729,"{""type"":""MultiPoint"",""coordinates"":[]}"
20151122,2015-11-22,3.949538408766713E-4,"{""type"":""MultiPoint"",""coordinates"":[]}"
20151123,2015-11-23,0.009308056497065271,"{""type"":""MultiPoint"",""coordinates"":[]}"
20151124,2015-11-24,0.011944372154158946,"{""type"":""MultiPoint"",""coordinates"":[]}"
20151125,2015-11-25,0.009951344237918349,"{""type"":""MultiPoint"",""coordinates"":[]}"
20151126,2015-11-26,0.004602424975149442,"{""type"":""MultiPoint"",""coordinates"":[]}"
20151127,2015-11-27,0.0028366866165228286,"{""type"":""MultiPoint"",""coordinates"":[]}"
20151128,2015-11-28,0.0012835222698558393,"{""type"":""MultiPoint"",""coordinates"":[]}"
20151129,2015-11-29,5.445103440411047E-4,"{""type"":""MultiPoint"",""coordinates"":[]}"
20151130,2015-11-30,4.0509836091132405E-4,"{""type"":""MultiPoint"",""coordinates"":[]}"
20151201,2015-12-01,0.00813071919647036,"{""type"":""MultiPoint"",""coordinates"":[]}"
20151202,2015-12-02,0.015505496920803902,"{""type"":""MultiPoint"",""coordinates"":[]}"
20151203,2015-12-03,0.010258580655427084,"{""type"":""MultiPoint"",""coordinates"":[]}"
20151204,2015-12-04,0.003657313792553801,"{""type"":""MultiPoint"",""coordinates"":[]}"
20151205,2015-12-05,0.0010148231087745618,"{""type"":""MultiPoint"",""coordinates"":[]}"
20151206,2015-12-06,0.0015762767629900823,"{""type"":""MultiPoint"",""coordinates"":[]}"
20151207,2015-12-07,0.0014401295403829643,"{""type"":""MultiPoint"",""coordinates"":[]}"
20151208,2015-12-08,0.0014131698562545882,"{""type"":""MultiPoint"",""coordinates"":[]}"
20151209,2015-12-09,0.001298410695960341,"{""type"":""MultiPoint"",""coordinates"":[]}"
20151210,2015-12-10,5.540145182717927E-4,"{""type"":""MultiPoint"",""coordinates"":[]}"
20151211,2015-12-11,0.0015338726847520026,"{""type"":""MultiPoint"",""coordinates"":[]}"
20151212,2015-12-12,0.009777472911079416,"{""type"":""MultiPoint"",""coordinates"":[]}"
20151213,2015-12-13,0.0011531941842066898,"{""type"":""MultiPoint"",""coordinates"":[]}"
20151214,2015-12-14,0.005669564584891167,"{""type"":""MultiPoint"",""coordinates"":[]}"
20151215,2015-12-15,0.0024866967816386336,"{""type"":""MultiPoint"",""coordinates"":[]}"
20151216,2015-12-16,0.0015587335021382711,"{""type"":""MultiPoint"",""coordinates"":[]}"
20151217,2015-12-17,0.0019450552817553736,"{""type"":""MultiPoint"",""coordinates"":[]}"
20151218,2015-12-18,9.397141775459984E-4,"{""type"":""MultiPoint"",""coordinates"":[]}"
20151219,2015-12-19,0.0023498652432661603,"{""type"":""MultiPoint"",""coordinates"":[]}"
20151220,2015-12-20,0.016854804632136622,"{""type"":""MultiPoint"",""coordinates"":[]}"
20151221,2015-12-21,6.566741013050045E-4,"{""type"":""MultiPoint"",""coordinates"":[]}"
20151222,2015-12-22,0.0018066412643688427,"{""type"":""MultiPoint"",""coordinates"":[]}"
20151223,2015-12-23,0.005871574654275996,"{""type"":""MultiPoint"",""coordinates"":[]}"
20151224,2015-12-24,0.0035278791507884805,"{""type"":""MultiPoint"",""coordinates"":[]}"
20151225,2015-12-25,0.0028898744539238913,"{""type"":""MultiPoint"",""coordinates"":[]}"
20151226,2015-12-26,0.0031840730906830066,"{""type"":""MultiPoint"",""coordinates"":[]}"
20151227,2015-12-27,0.00718999464945914,"{""type"":""MultiPoint"",""coordinates"":[]}"
20151228,2015-12-28,0.009425712027039413,"{""type"":""MultiPoint"",""coordinates"":[]}"
20151229,2015-12-29,0.007646479495325812,"{""type"":""MultiPoint"",""coordinates"":[]}"
20151230,2015-12-30,0.002094549110383431,"{""type"":""MultiPoint"",""coordinates"":[]}"
20151231,2015-12-31,0.0026278147765888857,"{""type"":""MultiPoint"",""coordinates"":[]}"
20160101,2016-01-01,0.0020608297364883175,"{""type"":""MultiPoint"",""coordinates"":[]}"
20160102,2016-01-02,0.0015779126200711263,"{""type"":""MultiPoint"",""coordinates"":[]}"
20160103,2016-01-03,0.0011366740590657719,"{""type"":""MultiPoint"",""coordinates"":[]}"
20160104,2016-01-04,0.0017752964207685571,"{""type"":""MultiPoint"",""coordinates"":[]}"
20160105,2016-01-05,0.0011712235653908664,"{""type"":""MultiPoint"",""coordinates"":[]}"
20160106,2016-01-06,0.0012904510505414306,"{""type"":""MultiPoint"",""coordinates"":[]}"
20160107,2016-01-07,0.0015252071526342928,"{""type"":""MultiPoint"",""coordinates"":[]}"
20160108,2016-01-08,8.19493020559547E-4,"{""type"":""MultiPoint"",""coordinates"":[]}"
20160109,2016-01-09,6.218663665841798E-5,"{""type"":""MultiPoint"",""coordinates"":[]}"
20160110,2016-01-10,3.069823740091916E-5,"{""type"":""MultiPoint"",""coordinates"":[]}"
20160111,2016-01-11,0.0012221391902094202,"{""type"":""MultiPoint"",""coordinates"":[]}"
20160112,2016-01-12,3.7987644398059054E-4,"{""type"":""MultiPoint"",""coordinates"":[]}"
20160113,2016-01-13,5.767993565551303E-4,"{""type"":""MultiPoint"",""coordinates"":[]}"
20160114,2016-01-14,4.6525683462005405E-4,"{""type"":""MultiPoint"",""coordinates"":[]}"
20160115,2016-01-15,5.922894741236094E-4,"{""type"":""MultiPoint"",""coordinates"":[]}"
20160116,2016-01-16,0.001430496898485048,"{""type"":""MultiPoint"",""coordinates"":[]}"
20160117,2016-01-17,6.171377748515192E-4,"{""type"":""MultiPoint"",""coordinates"":[]}"
20160118,2016-01-18,0.0011999877910368285,"{""type"":""MultiPoint"",""coordinates"":[]}"
20160119,2016-01-19,8.503985039443819E-4,"{""type"":""MultiPoint"",""coordinates"":[]}"
20160120,2016-01-20,2.8830035808388596E-4,"{""type"":""MultiPoint"",""coordinates"":[]}"
20160121,2016-01-21,5.519750215042573E-4,"{""type"":""MultiPoint"",""coordinates"":[]}"
20160122,2016-01-22,4.490470433750442E-4,"{""type"":""MultiPoint"",""coordinates"":[]}"
20160123,2016-01-23,6.934946329114474E-5,"{""type"":""MultiPoint"",""coordinates"":[]}"
20160124,2016-01-24,6.373441353674182E-4,"{""type"":""MultiPoint"",""coordinates"":[]}"
20160125,2016-01-25,0.0017511539255845733,"{""type"":""MultiPoint"",""coordinates"":[]}"
20160126,2016-01-26,9.88327486150377E-4,"{""type"":""MultiPoint"",""coordinates"":[]}"
20160127,2016-01-27,0.002582724918412217,"{""type"":""MultiPoint"",""coordinates"":[]}"
20160128,2016-01-28,0.0013788405662220888,"{""type"":""MultiPoint"",""coordinates"":[]}"
20160129,2016-01-29,8.464006034782156E-4,"{""type"":""MultiPoint"",""coordinates"":[]}"
20160130,2016-01-30,5.599416062174895E-4,"{""type"":""MultiPoint"",""coordinates"":[]}"
20160131,2016-01-31,8.839230803615856E-4,"{""type"":""MultiPoint"",""coordinates"":[]}"
20160201,2016-02-01,0.0023385622393066034,"{""type"":""MultiPoint"",""coordinates"":[]}"
20160202,2016-02-02,0.0017015641178895892,"{""type"":""MultiPoint"",""coordinates"":[]}"
20160203,2016-02-03,0.009959079067318383,"{""type"":""MultiPoint"",""coordinates"":[]}"
20160204,2016-02-04,0.0025416401572286914,"{""type"":""MultiPoint"",""coordinates"":[]}"
20160205,2016-02-05,5.986458424158211E-4,"{""type"":""MultiPoint"",""coordinates"":[]}"
20160206,2016-02-06,0.0013074223474317942,"{""type"":""MultiPoint"",""coordinates"":[]}"
20160207,2016-02-07,0.0017014253493370859,"{""type"":""MultiPoint"",""coordinates"":[]}"
20160208,2016-02-08,0.0019560420083093184,"{""type"":""MultiPoint"",""coordinates"":[]}"
20160209,2016-02-09,0.0035520928609647,"{""type"":""MultiPoint"",""coordinates"":[]}"
20160210,2016-02-10,0.0052470997097175485,"{""type"":""MultiPoint"",""coordinates"":[]}"
20160211,2016-02-11,0.0018548340709904313,"{""type"":""MultiPoint"",""coordinates"":[]}"
20160212,2016-02-12,0.002068509247620546,"{""type"":""MultiPoint"",""coordinates"":[]}"
20160213,2016-02-13,7.476757166492585E-4,"{""type"":""MultiPoint"",""coordinates"":[]}"
20160214,2016-02-14,0.0015908766291136856,"{""type"":""MultiPoint"",""coordinates"":[]}"
20160215,2016-02-15,0.0023580634579025627,"{""type"":""MultiPoint"",""coordinates"":[]}"
20160216,2016-02-16,0.001392836849429983,"{""type"":""MultiPoint"",""coordinates"":[]}"
20160217,2016-02-17,7.183436178241712E-4,"{""type"":""MultiPoint"",""coordinates"":[]}"
20160218,2016-02-18,7.606314243392013E-4,"{""type"":""MultiPoint"",""coordinates"":[]}"
20160219,2016-02-19,0.0013986890174248964,"{""type"":""MultiPoint"",""coordinates"":[]}"
20160220,2016-02-20,0.0017238367488023125,"{""type"":""MultiPoint"",""coordinates"":[]}"
20160221,2016-02-21,0.010318206986218709,"{""type"":""MultiPoint"",""coordinates"":[]}"
20160222,2016-02-22,0.019227934215526998,"{""type"":""MultiPoint"",""coordinates"":[]}"
20160223,2016-02-23,0.021496500120583885,"{""type"":""MultiPoint"",""coordinates"":[]}"
20160224,2016-02-24,0.007745621879022332,"{""type"":""MultiPoint"",""coordinates"":[]}"
20160225,2016-02-25,0.0013159026040196241,"{""type"":""MultiPoint"",""coordinates"":[]}"
20160226,2016-02-26,0.0010727887943030347,"{""type"":""MultiPoint"",""coordinates"":[]}"
20160227,2016-02-27,0.0016369224040979177,"{""type"":""MultiPoint"",""coordinates"":[]}"
20160228,2016-02-28,0.0029820748055778457,"{""type"":""MultiPoint"",""coordinates"":[]}"
20160229,2016-02-29,8.575803260754322E-4,"{""type"":""MultiPoint"",""coordinates"":[]}"
20160301,2016-03-01,0.001215738039115972,"{""type"":""MultiPoint"",""coordinates"":[]}"
20160302,2016-03-02,5.424991930313099E-4,"{""type"":""MultiPoint"",""coordinates"":[]}"
20160303,2016-03-03,2.9448992455434367E-4,"{""type"":""MultiPoint"",""coordinates"":[]}"
20160304,2016-03-04,0.001645837119215018,"{""type"":""MultiPoint"",""coordinates"":[]}"
20160305,2016-03-05,0.0012065803553385254,"{""type"":""MultiPoint"",""coordinates"":[]}"
20160306,2016-03-06,7.956129972809039E-4,"{""type"":""MultiPoint"",""coordinates"":[]}"
20160307,2016-03-07,5.243029701447323E-4,"{""type"":""MultiPoint"",""coordinates"":[]}"
20160308,2016-03-08,8.36208487250573E-4,"{""type"":""MultiPoint"",""coordinates"":[]}"
20160309,2016-03-09,6.885268398179979E-4,"{""type"":""MultiPoint"",""coordinates"":[]}"
20160310,2016-03-10,3.7035851353534114E-4,"{""type"":""MultiPoint"",""coordinates"":[]}"
20160311,2016-03-11,8.095081800264149E-4,"{""type"":""MultiPoint"",""coordinates"":[]}"
20160312,2016-03-12,0.011341662477894143,"{""type"":""MultiPoint"",""coordinates"":[]}"
20160313,2016-03-13,0.017949938002866477,"{""type"":""MultiPoint"",""coordinates"":[]}"
20160314,2016-03-14,0.0012765504096062612,"{""type"":""MultiPoint"",""coordinates"":[]}"
20160315,2016-03-15,7.048892804075857E-4,"{""type"":""MultiPoint"",""coordinates"":[]}"
20160316,2016-03-16,5.210637115658576E-4,"{""type"":""MultiPoint"",""coordinates"":[]}"
20160317,2016-03-17,7.572807145097211E-4,"{""type"":""MultiPoint"",""coordinates"":[]}"
20160318,2016-03-18,0.0010795694468640877,"{""type"":""MultiPoint"",""coordinates"":[]}"
20160319,2016-03-19,0.0017398534812153984,"{""type"":""MultiPoint"",""coordinates"":[]}"
20160320,2016-03-20,8.547453856154533E-4,"{""type"":""MultiPoint"",""coordinates"":[]}"
20160321,2016-03-21,0.0014658985218460087,"{""type"":""MultiPoint"",""coordinates"":[]}"
20160322,2016-03-22,0.0016520176318564766,"{""type"":""MultiPoint"",""coordinates"":[]}"
20160323,2016-03-23,0.0017213543467793876,"{""type"":""MultiPoint"",""coordinates"":[]}"
20160324,2016-03-24,0.0016730478444797754,"{""type"":""MultiPoint"",""coordinates"":[]}"
20160325,2016-03-25,7.451296368164216E-4,"{""type"":""MultiPoint"",""coordinates"":[]}"
20160326,2016-03-26,0.0026422220237795756,"{""type"":""MultiPoint"",""coordinates"":[]}"
20160327,2016-03-27,0.004079569066771464,"{""type"":""MultiPoint"",""coordinates"":[]}"
20160328,2016-03-28,0.0010408181962885963,"{""type"":""MultiPoint"",""coordinates"":[]}"
20160329,2016-03-29,0.0017192982023724378,"{""type"":""MultiPoint"",""coordinates"":[]}"
20160330,2016-03-30,0.016764486935236717,"{""type"":""MultiPoint"",""coordinates"":[]}"
20160331,2016-03-31,0.11547003013799313,"{""type"":""MultiPoint"",""coordinates"":[]}"
20160401,2016-04-01,0.0021381585316647923,"{""type"":""MultiPoint"",""coordinates"":[]}"
20160402,2016-04-02,0.0010994734673190956,"{""type"":""MultiPoint"",""coordinates"":[]}"
20160403,2016-04-03,5.276512623082707E-4,"{""type"":""MultiPoint"",""coordinates"":[]}"
20160404,2016-04-04,0.0021067279336389774,"{""type"":""MultiPoint"",""coordinates"":[]}"
20160405,2016-04-05,6.866712037434441E-4,"{""type"":""MultiPoint"",""coordinates"":[]}"
20160406,2016-04-06,0.0027274655183222845,"{""type"":""MultiPoint"",""coordinates"":[]}"
20160407,2016-04-07,8.539826921377909E-4,"{""type"":""MultiPoint"",""coordinates"":[]}"
20160408,2016-04-08,6.739598570096105E-5,"{""type"":""MultiPoint"",""coordinates"":[]}"
20160409,2016-04-09,0.0010198016936283551,"{""type"":""MultiPoint"",""coordinates"":[]}"
20160410,2016-04-10,0.00103294264153657,"{""type"":""MultiPoint"",""coordinates"":[]}"
20160411,2016-04-11,0.0035379279970852396,"{""type"":""MultiPoint"",""coordinates"":[]}"
20160412,2016-04-12,0.017899922302043035,"{""type"":""MultiPoint"",""coordinates"":[]}"
20160413,2016-04-13,0.02245226961925558,"{""type"":""MultiPoint"",""coordinates"":[]}"
20160414,2016-04-14,0.015731907480417213,"{""type"":""MultiPoint"",""coordinates"":[]}"
20160415,2016-04-15,0.0015429696952735405,"{""type"":""MultiPoint"",""coordinates"":[]}"
20160416,2016-04-16,0.0024138644293895638,"{""type"":""MultiPoint"",""coordinates"":[]}"
20160417,2016-04-17,0.004977923164797779,"{""type"":""MultiPoint"",""coordinates"":[]}"
20160418,2016-04-18,0.004579613889221128,"{""type"":""MultiPoint"",""coordinates"":[]}"
20160419,2016-04-19,0.001712994615880412,"{""type"":""MultiPoint"",""coordinates"":[]}"
20160420,2016-04-20,0.013151805714372255,"{""type"":""MultiPoint"",""coordinates"":[]}"
20160421,2016-04-21,0.0374303078024305,"{""type"":""MultiPoint"",""coordinates"":[]}"
20160422,2016-04-22,0.018688573296223313,"{""type"":""MultiPoint"",""coordinates"":[]}"
20160423,2016-04-23,0.005393690127603262,"{""type"":""MultiPoint"",""coordinates"":[]}"
20160424,2016-04-24,0.0013567830455910083,"{""type"":""MultiPoint"",""coordinates"":[]}"
20160425,2016-04-25,0.0058969611916620404,"{""type"":""MultiPoint"",""coordinates"":[]}"
20160426,2016-04-26,0.011122127908717302,"{""type"":""MultiPoint"",""coordinates"":[]}"
20160427,2016-04-27,0.014651098488915769,"{""type"":""MultiPoint"",""coordinates"":[]}"
20160428,2016-04-28,0.01676108529674631,"{""type"":""MultiPoint"",""coordinates"":[]}"
20160429,2016-04-29,0.04139558220353176,"{""type"":""MultiPoint"",""coordinates"":[]}"
20160430,2016-04-30,0.11946365600966323,"{""type"":""MultiPoint"",""coordinates"":[]}"
20160501,2016-05-01,0.020795401356644337,"{""type"":""MultiPoint"",""coordinates"":[]}"
20160502,2016-05-02,0.0197625365652892,"{""type"":""MultiPoint"",""coordinates"":[]}"
20160503,2016-05-03,0.011817025561910938,"{""type"":""MultiPoint"",""coordinates"":[]}"
20160504,2016-05-04,0.0019200657806287913,"{""type"":""MultiPoint"",""coordinates"":[]}"
20160505,2016-05-05,0.006987015019269043,"{""type"":""MultiPoint"",""coordinates"":[]}"
20160506,2016-05-06,0.006149618477733978,"{""type"":""MultiPoint"",""coordinates"":[]}"
20160507,2016-05-07,0.009803601373154109,"{""type"":""MultiPoint"",""coordinates"":[]}"
20160508,2016-05-08,0.004167187977355592,"{""type"":""MultiPoint"",""coordinates"":[]}"
20160509,2016-05-09,0.00953933167634123,"{""type"":""MultiPoint"",""coordinates"":[]}"
20160510,2016-05-10,0.013269370775398066,"{""type"":""MultiPoint"",""coordinates"":[]}"
20160511,2016-05-11,0.022232040354138286,"{""type"":""MultiPoint"",""coordinates"":[]}"
20160512,2016-05-12,0.020003582341063007,"{""type"":""MultiPoint"",""coordinates"":[]}"
20160513,2016-05-13,0.00279248812274606,"{""type"":""MultiPoint"",""coordinates"":[]}"
20160514,2016-05-14,0.004180858537099408,"{""type"":""MultiPoint"",""coordinates"":[]}"
20160515,2016-05-15,0.005842041329870761,"{""type"":""MultiPoint"",""coordinates"":[]}"
20160516,2016-05-16,0.01337567418690609,"{""type"":""MultiPoint"",""coordinates"":[]}"
20160517,2016-05-17,0.0035600808601042523,"{""type"":""MultiPoint"",""coordinates"":[]}"
20160518,2016-05-18,0.00277619828124438,"{""type"":""MultiPoint"",""coordinates"":[]}"
20160519,2016-05-19,0.025622866831743345,"{""type"":""MultiPoint"",""coordinates"":[]}"
20160520,2016-05-20,0.007594487111422545,"{""type"":""MultiPoint"",""coordinates"":[]}"
20160521,2016-05-21,0.00732472043085212,"{""type"":""MultiPoint"",""coordinates"":[]}"
20160522,2016-05-22,0.0031994845093659767,"{""type"":""MultiPoint"",""coordinates"":[]}"
20160523,2016-05-23,0.006064448465197307,"{""type"":""MultiPoint"",""coordinates"":[]}"
20160524,2016-05-24,0.05083656899256998,"{""type"":""MultiPoint"",""coordinates"":[]}"
20160525,2016-05-25,0.008963050260688082,"{""type"":""MultiPoint"",""coordinates"":[]}"
20160526,2016-05-26,0.016797453873736358,"{""type"":""MultiPoint"",""coordinates"":[]}"
20160527,2016-05-27,0.011248507905324084,"{""type"":""MultiPoint"",""coordinates"":[]}"
20160528,2016-05-28,0.005151497466001652,"{""type"":""MultiPoint"",""coordinates"":[]}"
20160529,2016-05-29,0.013425216799700174,"{""type"":""MultiPoint"",""coordinates"":[]}"
20160530,2016-05-30,0.013332364349044869,"{""type"":""MultiPoint"",""coordinates"":[]}"
20160531,2016-05-31,0.017713461535038205,"{""type"":""MultiPoint"",""coordinates"":[]}"
20160601,2016-06-01,0.017576978356482767,"{""type"":""MultiPoint"",""coordinates"":[]}"
20160602,2016-06-02,0.003911667750822944,"{""type"":""MultiPoint"",""coordinates"":[]}"
20160603,2016-06-03,0.0028701724922167507,"{""type"":""MultiPoint"",""coordinates"":[]}"
20160604,2016-06-04,0.018863275658850934,"{""type"":""MultiPoint"",""coordinates"":[]}"
20160605,2016-06-05,0.012769427741912299,"{""type"":""MultiPoint"",""coordinates"":[]}"
20160606,2016-06-06,0.0025141787002754775,"{""type"":""MultiPoint"",""coordinates"":[]}"
20160607,2016-06-07,0.009971231514078784,"{""type"":""MultiPoint"",""coordinates"":[]}"
20160608,2016-06-08,0.005167801697348,"{""type"":""MultiPoint"",""coordinates"":[]}"
20160609,2016-06-09,0.01213298846487943,"{""type"":""MultiPoint"",""coordinates"":[]}"
20160610,2016-06-10,0.013641322921735467,"{""type"":""MultiPoint"",""coordinates"":[]}"
20160611,2016-06-11,0.01520406315711857,"{""type"":""MultiPoint"",""coordinates"":[]}"
20160612,2016-06-12,0.00838445818365485,"{""type"":""MultiPoint"",""coordinates"":[]}"
20160613,2016-06-13,0.008665117407055748,"{""type"":""MultiPoint"",""coordinates"":[]}"
20160614,2016-06-14,0.005159148899869164,"{""type"":""MultiPoint"",""coordinates"":[]}"
20160615,2016-06-15,0.013962145042514333,"{""type"":""MultiPoint"",""coordinates"":[]}"
20160616,2016-06-16,0.01578878195714921,"{""type"":""MultiPoint"",""coordinates"":[]}"
20160617,2016-06-17,0.014437705240962016,"{""type"":""MultiPoint"",""coordinates"":[]}"
20160618,2016-06-18,0.010134980150662111,"{""type"":""MultiPoint"",""coordinates"":[]}"
20160619,2016-06-19,0.009826729925981843,"{""type"":""MultiPoint"",""coordinates"":[]}"
20160620,2016-06-20,0.012574892510314382,"{""type"":""MultiPoint"",""coordinates"":[]}"
20160621,2016-06-21,0.02412622593225652,"{""type"":""MultiPoint"",""coordinates"":[]}"
20160622,2016-06-22,0.015154739909362733,"{""type"":""MultiPoint"",""coordinates"":[]}"
20160623,2016-06-23,0.01569767537529567,"{""type"":""MultiPoint"",""coordinates"":[]}"
20160624,2016-06-24,0.007808662196761092,"{""type"":""MultiPoint"",""coordinates"":[]}"
20160625,2016-06-25,0.010041697194230132,"{""type"":""MultiPoint"",""coordinates"":[]}"
20160626,2016-06-26,0.00790518214383088,"{""type"":""MultiPoint"",""coordinates"":[]}"
20160627,2016-06-27,0.005412223505555864,"{""type"":""MultiPoint"",""coordinates"":[]}"
20160628,2016-06-28,0.009534134463615344,"{""type"":""MultiPoint"",""coordinates"":[]}"
20160629,2016-06-29,0.00746119771922487,"{""type"":""MultiPoint"",""coordinates"":[]}"
20160630,2016-06-30,0.006920977056814678,"{""type"":""MultiPoint"",""coordinates"":[]}"
20160701,2016-07-01,0.005524779566431096,"{""type"":""MultiPoint"",""coordinates"":[]}"
20160702,2016-07-02,0.012225930970616417,"{""type"":""MultiPoint"",""coordinates"":[]}"
20160703,2016-07-03,0.01729546693006401,"{""type"":""MultiPoint"",""coordinates"":[]}"
20160704,2016-07-04,0.012758721440497455,"{""type"":""MultiPoint"",""coordinates"":[]}"
20160705,2016-07-05,0.02752924737857719,"{""type"":""MultiPoint"",""coordinates"":[]}"
20160706,2016-07-06,0.009497015066095271,"{""type"":""MultiPoint"",""coordinates"":[]}"
20160707,2016-07-07,0.0013704449172551117,"{""type"":""MultiPoint"",""coordinates"":[]}"
20160708,2016-07-08,0.008587636576588816,"{""type"":""MultiPoint"",""coordinates"":[]}"
20160709,2016-07-09,0.0035530484188204124,"{""type"":""MultiPoint"",""coordinates"":[]}"
20160710,2016-07-10,0.0025560760698750402,"{""type"":""MultiPoint"",""coordinates"":[]}"
20160711,2016-07-11,0.009438032411652562,"{""type"":""MultiPoint"",""coordinates"":[]}"
20160712,2016-07-12,0.006442427820421402,"{""type"":""MultiPoint"",""coordinates"":[]}"
20160713,2016-07-13,0.007749944615688068,"{""type"":""MultiPoint"",""coordinates"":[]}"
20160714,2016-07-14,0.015274057015822367,"{""type"":""MultiPoint"",""coordinates"":[]}"
20160715,2016-07-15,0.015345958408886348,"{""type"":""MultiPoint"",""coordinates"":[]}"
20160716,2016-07-16,0.009367879618346417,"{""type"":""MultiPoint"",""coordinates"":[]}"
20160717,2016-07-17,0.019359473262711105,"{""type"":""MultiPoint"",""coordinates"":[]}"
20160718,2016-07-18,0.008951423205854875,"{""type"":""MultiPoint"",""coordinates"":[]}"
20160719,2016-07-19,0.008849454692061068,"{""type"":""MultiPoint"",""coordinates"":[]}"
20160720,2016-07-20,0.010359535682466206,"{""type"":""MultiPoint"",""coordinates"":[]}"
20160721,2016-07-21,0.0076936771813778185,"{""type"":""MultiPoint"",""coordinates"":[]}"
20160722,2016-07-22,0.0033682159221692684,"{""type"":""MultiPoint"",""coordinates"":[]}"
20160723,2016-07-23,0.006738984151934219,"{""type"":""MultiPoint"",""coordinates"":[]}"
20160724,2016-07-24,0.011960583877224257,"{""type"":""MultiPoint"",""coordinates"":[]}"
20160725,2016-07-25,0.013062990276160712,"{""type"":""MultiPoint"",""coordinates"":[]}"
20160726,2016-07-26,0.010456185916049429,"{""type"":""MultiPoint"",""coordinates"":[]}"
20160727,2016-07-27,0.004672257055393357,"{""type"":""MultiPoint"",""coordinates"":[]}"
20160728,2016-07-28,0.00452544602826906,"{""type"":""MultiPoint"",""coordinates"":[]}"
20160729,2016-07-29,0.0013952074051571187,"{""type"":""MultiPoint"",""coordinates"":[]}"
20160730,2016-07-30,0.0037322411992495234,"{""type"":""MultiPoint"",""coordinates"":[]}"
20160731,2016-07-31,0.012488719534179618,"{""type"":""MultiPoint"",""coordinates"":[]}"
20160801,2016-08-01,0.009580991324171262,"{""type"":""MultiPoint"",""coordinates"":[]}"
20160802,2016-08-02,0.014028726947908795,"{""type"":""MultiPoint"",""coordinates"":[]}"
20160803,2016-08-03,0.013307111978942493,"{""type"":""MultiPoint"",""coordinates"":[]}"
20160804,2016-08-04,0.015124528824671595,"{""type"":""MultiPoint"",""coordinates"":[]}"
20160805,2016-08-05,0.005464012474762904,"{""type"":""MultiPoint"",""coordinates"":[]}"
20160806,2016-08-06,0.005843710278241905,"{""type"":""MultiPoint"",""coordinates"":[]}"
20160807,2016-08-07,0.00783428335098677,"{""type"":""MultiPoint"",""coordinates"":[]}"
20160808,2016-08-08,0.005159240653293292,"{""type"":""MultiPoint"",""coordinates"":[]}"
20160809,2016-08-09,0.004948301753123699,"{""type"":""MultiPoint"",""coordinates"":[]}"
20160810,2016-08-10,0.0023765161247404428,"{""type"":""MultiPoint"",""coordinates"":[]}"
20160811,2016-08-11,0.007758642337850622,"{""type"":""MultiPoint"",""coordinates"":[]}"
20160812,2016-08-12,0.004715052485954598,"{""type"":""MultiPoint"",""coordinates"":[]}"
20160813,2016-08-13,0.0089263842500429,"{""type"":""MultiPoint"",""coordinates"":[]}"
20160814,2016-08-14,0.006304213563690894,"{""type"":""MultiPoint"",""coordinates"":[]}"
20160815,2016-08-15,0.006028318849970344,"{""type"":""MultiPoint"",""coordinates"":[]}"
20160816,2016-08-16,0.00867355880461396,"{""type"":""MultiPoint"",""coordinates"":[]}"
20160817,2016-08-17,0.0069105373713530035,"{""type"":""MultiPoint"",""coordinates"":[]}"
20160818,2016-08-18,0.0027092908072403918,"{""type"":""MultiPoint"",""coordinates"":[]}"
20160819,2016-08-19,5.840065794613264E-4,"{""type"":""MultiPoint"",""coordinates"":[]}"
20160820,2016-08-20,6.937789716002176E-4,"{""type"":""MultiPoint"",""coordinates"":[]}"
20160821,2016-08-21,0.0017742817468051667,"{""type"":""MultiPoint"",""coordinates"":[]}"
20160822,2016-08-22,0.0059981330649872345,"{""type"":""MultiPoint"",""coordinates"":[]}"
20160823,2016-08-23,0.0070223121046409966,"{""type"":""MultiPoint"",""coordinates"":[]}"
20160824,2016-08-24,0.0068841254940016,"{""type"":""MultiPoint"",""coordinates"":[]}"
20160825,2016-08-25,0.0067869524211206815,"{""type"":""MultiPoint"",""coordinates"":[]}"
20160826,2016-08-26,0.005069638615537352,"{""type"":""MultiPoint"",""coordinates"":[]}"
20160827,2016-08-27,8.34546805109681E-4,"{""type"":""MultiPoint"",""coordinates"":[]}"
20160828,2016-08-28,0.021387443208701964,"{""type"":""MultiPoint"",""coordinates"":[]}"
20160829,2016-08-29,0.005457582739735916,"{""type"":""MultiPoint"",""coordinates"":[]}"
20160830,2016-08-30,5.465427451741596E-4,"{""type"":""MultiPoint"",""coordinates"":[]}"
20160831,2016-08-31,3.678390506927507E-4,"{""type"":""MultiPoint"",""coordinates"":[]}"
20160901,2016-09-01,8.343126060294181E-4,"{""type"":""MultiPoint"",""coordinates"":[]}"
20160902,2016-09-02,0.006891167312779102,"{""type"":""MultiPoint"",""coordinates"":[]}"
20160903,2016-09-03,0.0019325550491415193,"{""type"":""MultiPoint"",""coordinates"":[]}"
20160904,2016-09-04,0.004763029264649542,"{""type"":""MultiPoint"",""coordinates"":[]}"
20160905,2016-09-05,0.0034427711759558565,"{""type"":""MultiPoint"",""coordinates"":[]}"
20160906,2016-09-06,0.0012137223790650846,"{""type"":""MultiPoint"",""coordinates"":[]}"
20160907,2016-09-07,0.006014823315436981,"{""type"":""MultiPoint"",""coordinates"":[]}"
20160908,2016-09-08,0.00959575774074602,"{""type"":""MultiPoint"",""coordinates"":[]}"
20160909,2016-09-09,0.007095848774264787,"{""type"":""MultiPoint"",""coordinates"":[]}"
20160910,2016-09-10,0.014068811052711476,"{""type"":""MultiPoint"",""coordinates"":[]}"
20160911,2016-09-11,0.012902684967086131,"{""type"":""MultiPoint"",""coordinates"":[]}"
20160912,2016-09-12,0.010904336329789736,"{""type"":""MultiPoint"",""coordinates"":[]}"
20160913,2016-09-13,8.492080671095679E-4,"{""type"":""MultiPoint"",""coordinates"":[]}"
20160914,2016-09-14,0.00333439402370898,"{""type"":""MultiPoint"",""coordinates"":[]}"
20160915,2016-09-15,0.008457333382060664,"{""type"":""MultiPoint"",""coordinates"":[]}"
20160916,2016-09-16,0.007852694906297163,"{""type"":""MultiPoint"",""coordinates"":[]}"
20160917,2016-09-17,0.0024025152445058717,"{""type"":""MultiPoint"",""coordinates"":[]}"
20160918,2016-09-18,7.324867128280488E-4,"{""type"":""MultiPoint"",""coordinates"":[]}"
20160919,2016-09-19,0.002623502315350116,"{""type"":""MultiPoint"",""coordinates"":[]}"
20160920,2016-09-20,0.001121257818553115,"{""type"":""MultiPoint"",""coordinates"":[]}"
20160921,2016-09-21,6.652113639370405E-4,"{""type"":""MultiPoint"",""coordinates"":[]}"
20160922,2016-09-22,1.5533361144546052E-4,"{""type"":""MultiPoint"",""coordinates"":[]}"
20160923,2016-09-23,7.047566400375194E-4,"{""type"":""MultiPoint"",""coordinates"":[]}"
20160924,2016-09-24,0.0018135135448161914,"{""type"":""MultiPoint"",""coordinates"":[]}"
20160925,2016-09-25,2.150405271070231E-4,"{""type"":""MultiPoint"",""coordinates"":[]}"
20160926,2016-09-26,6.73121934795098E-5,"{""type"":""MultiPoint"",""coordinates"":[]}"
20160927,2016-09-27,0.0014937429680666487,"{""type"":""MultiPoint"",""coordinates"":[]}"
20160928,2016-09-28,0.002846313661279104,"{""type"":""MultiPoint"",""coordinates"":[]}"
20160929,2016-09-29,5.903362272768107E-4,"{""type"":""MultiPoint"",""coordinates"":[]}"
20160930,2016-09-30,0.0012428800214758606,"{""type"":""MultiPoint"",""coordinates"":[]}"
20161001,2016-10-01,0.002071017689593706,"{""type"":""MultiPoint"",""coordinates"":[]}"
20161002,2016-10-02,8.63618548691029E-7,"{""type"":""MultiPoint"",""coordinates"":[]}"
20161003,2016-10-03,1.7317711207502176E-4,"{""type"":""MultiPoint"",""coordinates"":[]}"
20161004,2016-10-04,0.002714475870869235,"{""type"":""MultiPoint"",""coordinates"":[]}"
20161005,2016-10-05,8.41536995743591E-4,"{""type"":""MultiPoint"",""coordinates"":[]}"
20161006,2016-10-06,4.454224956102779E-4,"{""type"":""MultiPoint"",""coordinates"":[]}"
20161007,2016-10-07,0.0012460226640363665,"{""type"":""MultiPoint"",""coordinates"":[]}"
20161008,2016-10-08,0.005581250755673087,"{""type"":""MultiPoint"",""coordinates"":[]}"
20161009,2016-10-09,0.0013015105821288652,"{""type"":""MultiPoint"",""coordinates"":[]}"
20161010,2016-10-10,7.102771298789451E-5,"{""type"":""MultiPoint"",""coordinates"":[]}"
20161011,2016-10-11,0.0019776204631537513,"{""type"":""MultiPoint"",""coordinates"":[]}"
20161012,2016-10-12,6.291314247164711E-4,"{""type"":""MultiPoint"",""coordinates"":[]}"
20161013,2016-10-13,1.0195990500850106E-4,"{""type"":""MultiPoint"",""coordinates"":[]}"
20161014,2016-10-14,1.7584094589431597E-4,"{""type"":""MultiPoint"",""coordinates"":[]}"
20161015,2016-10-15,8.534815243526459E-5,"{""type"":""MultiPoint"",""coordinates"":[]}"
20161016,2016-10-16,1.306225715634512E-4,"{""type"":""MultiPoint"",""coordinates"":[]}"
20161017,2016-10-17,5.330363590631864E-4,"{""type"":""MultiPoint"",""coordinates"":[]}"
20161018,2016-10-18,1.4897198614675043E-4,"{""type"":""MultiPoint"",""coordinates"":[]}"
20161019,2016-10-19,5.18683174582637E-4,"{""type"":""MultiPoint"",""coordinates"":[]}"
20161020,2016-10-20,8.839671017760824E-4,"{""type"":""MultiPoint"",""coordinates"":[]}"
20161021,2016-10-21,0.006207763925342756,"{""type"":""MultiPoint"",""coordinates"":[]}"
20161022,2016-10-22,0.014928954611749364,"{""type"":""MultiPoint"",""coordinates"":[]}"
20161023,2016-10-23,0.01399665960816033,"{""type"":""MultiPoint"",""coordinates"":[]}"
20161024,2016-10-24,0.012561218596609533,"{""type"":""MultiPoint"",""coordinates"":[]}"
20161025,2016-10-25,0.0016362813906511445,"{""type"":""MultiPoint"",""coordinates"":[]}"
20161026,2016-10-26,2.075771374712308E-4,"{""type"":""MultiPoint"",""coordinates"":[]}"
20161027,2016-10-27,2.1590225032024017E-4,"{""type"":""MultiPoint"",""coordinates"":[]}"
20161028,2016-10-28,0.001146591432575486,"{""type"":""MultiPoint"",""coordinates"":[]}"
20161029,2016-10-29,7.175859006699191E-4,"{""type"":""MultiPoint"",""coordinates"":[]}"
20161030,2016-10-30,0.004321677049112852,"{""type"":""MultiPoint"",""coordinates"":[]}"
20161031,2016-10-31,3.226884354636267E-4,"{""type"":""MultiPoint"",""coordinates"":[]}"
20161101,2016-11-01,2.511236925710002E-5,"{""type"":""MultiPoint"",""coordinates"":[]}"
20161102,2016-11-02,7.504380650890153E-5,"{""type"":""MultiPoint"",""coordinates"":[]}"
20161103,2016-11-03,2.9928371355984415E-4,"{""type"":""MultiPoint"",""coordinates"":[]}"
20161104,2016-11-04,3.369387409735029E-4,"{""type"":""MultiPoint"",""coordinates"":[]}"
20161105,2016-11-05,0.011040594842100793,"{""type"":""MultiPoint"",""coordinates"":[]}"
20161106,2016-11-06,0.01022127364016822,"{""type"":""MultiPoint"",""coordinates"":[]}"
20161107,2016-11-07,0.0068039965259872204,"{""type"":""MultiPoint"",""coordinates"":[]}"
20161108,2016-11-08,0.0021500282811336845,"{""type"":""MultiPoint"",""coordinates"":[]}"
20161109,2016-11-09,2.6848293635843454E-4,"{""type"":""MultiPoint"",""coordinates"":[]}"
20161110,2016-11-10,0.0025489763494970937,"{""type"":""MultiPoint"",""coordinates"":[]}"
20161111,2016-11-11,0.0028359742651739846,"{""type"":""MultiPoint"",""coordinates"":[]}"
20161112,2016-11-12,1.384374764606757E-4,"{""type"":""MultiPoint"",""coordinates"":[]}"
20161113,2016-11-13,0.001153186158561847,"{""type"":""MultiPoint"",""coordinates"":[]}"
20161114,2016-11-14,0.011643843296488807,"{""type"":""MultiPoint"",""coordinates"":[]}"
20161115,2016-11-15,0.008868517050085404,"{""type"":""MultiPoint"",""coordinates"":[]}"
20161116,2016-11-16,0.009027264426462438,"{""type"":""MultiPoint"",""coordinates"":[]}"
20161117,2016-11-17,0.0038124689973580237,"{""type"":""MultiPoint"",""coordinates"":[]}"
20161118,2016-11-18,0.006524029971987118,"{""type"":""MultiPoint"",""coordinates"":[]}"
20161119,2016-11-19,0.012908726072425259,"{""type"":""MultiPoint"",""coordinates"":[]}"
20161120,2016-11-20,0.008592319621171527,"{""type"":""MultiPoint"",""coordinates"":[]}"
20161121,2016-11-21,0.0031717882707156175,"{""type"":""MultiPoint"",""coordinates"":[]}"
20161122,2016-11-22,0.007539299936494022,"{""type"":""MultiPoint"",""coordinates"":[]}"
20161123,2016-11-23,0.004486838227255418,"{""type"":""MultiPoint"",""coordinates"":[]}"
20161124,2016-11-24,2.6029845088349087E-4,"{""type"":""MultiPoint"",""coordinates"":[]}"
20161125,2016-11-25,1.65457876399421E-4,"{""type"":""MultiPoint"",""coordinates"":[]}"
20161126,2016-11-26,4.7920409558767764E-4,"{""type"":""MultiPoint"",""coordinates"":[]}"
20161127,2016-11-27,8.9286347165036E-5,"{""type"":""MultiPoint"",""coordinates"":[]}"
20161128,2016-11-28,4.33056275375288E-5,"{""type"":""MultiPoint"",""coordinates"":[]}"
20161129,2016-11-29,1.8296811805528835E-5,"{""type"":""MultiPoint"",""coordinates"":[]}"
20161130,2016-11-30,2.7894339463822816E-4,"{""type"":""MultiPoint"",""coordinates"":[]}"
20161201,2016-12-01,0.0016120139854322358,"{""type"":""MultiPoint"",""coordinates"":[]}"
20161202,2016-12-02,0.0043879418058530425,"{""type"":""MultiPoint"",""coordinates"":[]}"
20161203,2016-12-03,0.008483071688598406,"{""type"":""MultiPoint"",""coordinates"":[]}"
20161204,2016-12-04,0.002843857159884017,"{""type"":""MultiPoint"",""coordinates"":[]}"
20161205,2016-12-05,0.0011537141745552601,"{""type"":""MultiPoint"",""coordinates"":[]}"
20161206,2016-12-06,0.0021899250433522386,"{""type"":""MultiPoint"",""coordinates"":[]}"
20161207,2016-12-07,0.007170306462889009,"{""type"":""MultiPoint"",""coordinates"":[]}"
20161208,2016-12-08,0.00582549842718893,"{""type"":""MultiPoint"",""coordinates"":[]}"
20161209,2016-12-09,0.003984183971790138,"{""type"":""MultiPoint"",""coordinates"":[]}"
20161210,2016-12-10,0.004067739691080615,"{""type"":""MultiPoint"",""coordinates"":[]}"
20161211,2016-12-11,0.01139991106624735,"{""type"":""MultiPoint"",""coordinates"":[]}"
20161212,2016-12-12,0.014330497197681962,"{""type"":""MultiPoint"",""coordinates"":[]}"
20161213,2016-12-13,0.00785911921247801,"{""type"":""MultiPoint"",""coordinates"":[]}"
20161214,2016-12-14,0.0011394538809937126,"{""type"":""MultiPoint"",""coordinates"":[]}"
20161215,2016-12-15,0.005517323619513062,"{""type"":""MultiPoint"",""coordinates"":[]}"
20161216,2016-12-16,0.01712800178401419,"{""type"":""MultiPoint"",""coordinates"":[]}"
20161217,2016-12-17,0.010127600684390912,"{""type"":""MultiPoint"",""coordinates"":[]}"
20161218,2016-12-18,0.004360644188777586,"{""type"":""MultiPoint"",""coordinates"":[]}"
20161219,2016-12-19,0.01131890576229719,"{""type"":""MultiPoint"",""coordinates"":[]}"
20161220,2016-12-20,0.017999189269297965,"{""type"":""MultiPoint"",""coordinates"":[]}"
20161221,2016-12-21,0.006357559819705797,"{""type"":""MultiPoint"",""coordinates"":[]}"
20161222,2016-12-22,0.01460497025370357,"{""type"":""MultiPoint"",""coordinates"":[]}"
20161223,2016-12-23,0.02742479233004498,"{""type"":""MultiPoint"",""coordinates"":[]}"
20161224,2016-12-24,0.02937107016140465,"{""type"":""MultiPoint"",""coordinates"":[]}"
20161225,2016-12-25,0.015506581066582075,"{""type"":""MultiPoint"",""coordinates"":[]}"
20161226,2016-12-26,0.008681836117984384,"{""type"":""MultiPoint"",""coordinates"":[]}"
20161227,2016-12-27,0.015399854928998402,"{""type"":""MultiPoint"",""coordinates"":[]}"
20161228,2016-12-28,0.010486975067112062,"{""type"":""MultiPoint"",""coordinates"":[]}"
20161229,2016-12-29,0.005527098561539866,"{""type"":""MultiPoint"",""coordinates"":[]}"
20161230,2016-12-30,0.006828895068278881,"{""type"":""MultiPoint"",""coordinates"":[]}"
20161231,2016-12-31,0.005637532445416768,"{""type"":""MultiPoint"",""coordinates"":[]}"
20170101,2017-01-01,0.00368351175507132,"{""type"":""MultiPoint"",""coordinates"":[]}"
20170102,2017-01-02,0.0031220369412678505,"{""type"":""MultiPoint"",""coordinates"":[]}"
20170103,2017-01-03,0.0057730295935005645,"{""type"":""MultiPoint"",""coordinates"":[]}"
20170104,2017-01-04,0.011223261730040844,"{""type"":""MultiPoint"",""coordinates"":[]}"
20170105,2017-01-05,0.0095093131453074,"{""type"":""MultiPoint"",""coordinates"":[]}"
20170106,2017-01-06,0.011438665490450466,"{""type"":""MultiPoint"",""coordinates"":[]}"
20170107,2017-01-07,0.0019380971097895164,"{""type"":""MultiPoint"",""coordinates"":[]}"
20170108,2017-01-08,0.0012025304361156155,"{""type"":""MultiPoint"",""coordinates"":[]}"
20170109,2017-01-09,0.002009259394559588,"{""type"":""MultiPoint"",""coordinates"":[]}"
20170110,2017-01-10,2.951684092300065E-4,"{""type"":""MultiPoint"",""coordinates"":[]}"
20170111,2017-01-11,7.735282703021293E-4,"{""type"":""MultiPoint"",""coordinates"":[]}"
20170112,2017-01-12,0.0035456115537369254,"{""type"":""MultiPoint"",""coordinates"":[]}"
20170113,2017-01-13,0.0064717449703582735,"{""type"":""MultiPoint"",""coordinates"":[]}"
20170114,2017-01-14,0.007923590361176314,"{""type"":""MultiPoint"",""coordinates"":[]}"
20170115,2017-01-15,0.011745110835102001,"{""type"":""MultiPoint"",""coordinates"":[]}"
20170116,2017-01-16,0.019823235609419374,"{""type"":""MultiPoint"",""coordinates"":[]}"
20170117,2017-01-17,0.015717240382090127,"{""type"":""MultiPoint"",""coordinates"":[]}"
20170118,2017-01-18,0.003450974906203479,"{""type"":""MultiPoint"",""coordinates"":[]}"
20170119,2017-01-19,6.751277466511649E-4,"{""type"":""MultiPoint"",""coordinates"":[]}"
20170120,2017-01-20,4.520785295494849E-4,"{""type"":""MultiPoint"",""coordinates"":[]}"
20170121,2017-01-21,0.005097235415659447,"{""type"":""MultiPoint"",""coordinates"":[]}"
20170122,2017-01-22,0.0057492990447712495,"{""type"":""MultiPoint"",""coordinates"":[]}"
20170123,2017-01-23,0.0069102529900333075,"{""type"":""MultiPoint"",""coordinates"":[]}"
20170124,2017-01-24,0.009897691487030942,"{""type"":""MultiPoint"",""coordinates"":[]}"
20170125,2017-01-25,0.0010206695929595158,"{""type"":""MultiPoint"",""coordinates"":[]}"
20170126,2017-01-26,0.004142700783556216,"{""type"":""MultiPoint"",""coordinates"":[]}"
20170127,2017-01-27,0.005740713499238404,"{""type"":""MultiPoint"",""coordinates"":[]}"
20170128,2017-01-28,0.00505914457271381,"{""type"":""MultiPoint"",""coordinates"":[]}"
20170129,2017-01-29,0.0011511062923404247,"{""type"":""MultiPoint"",""coordinates"":[]}"
20170130,2017-01-30,0.005974670224831823,"{""type"":""MultiPoint"",""coordinates"":[]}"
20170131,2017-01-31,0.0026131085222869687,"{""type"":""MultiPoint"",""coordinates"":[]}"
20170201,2017-02-01,0.0019500602210357344,"{""type"":""MultiPoint"",""coordinates"":[]}"
20170202,2017-02-02,0.002041356521520553,"{""type"":""MultiPoint"",""coordinates"":[]}"
20170203,2017-02-03,0.0013031413881022795,"{""type"":""MultiPoint"",""coordinates"":[]}"
20170204,2017-02-04,0.002303178727286907,"{""type"":""MultiPoint"",""coordinates"":[]}"
20170205,2017-02-05,0.006724852017515664,"{""type"":""MultiPoint"",""coordinates"":[]}"
20170206,2017-02-06,0.0023614810060379426,"{""type"":""MultiPoint"",""coordinates"":[]}"
20170207,2017-02-07,0.004043598580177514,"{""type"":""MultiPoint"",""coordinates"":[]}"
20170208,2017-02-08,0.002092108536438847,"{""type"":""MultiPoint"",""coordinates"":[]}"
20170209,2017-02-09,0.0014809102665201016,"{""type"":""MultiPoint"",""coordinates"":[]}"
20170210,2017-02-10,0.0013421211785125532,"{""type"":""MultiPoint"",""coordinates"":[]}"
20170211,2017-02-11,4.861014964856945E-4,"{""type"":""MultiPoint"",""coordinates"":[]}"
20170212,2017-02-12,0.0010405574235217649,"{""type"":""MultiPoint"",""coordinates"":[]}"
20170213,2017-02-13,8.707037510595464E-4,"{""type"":""MultiPoint"",""coordinates"":[]}"
20170214,2017-02-14,8.309510664163951E-4,"{""type"":""MultiPoint"",""coordinates"":[]}"
20170215,2017-02-15,0.003144071203415091,"{""type"":""MultiPoint"",""coordinates"":[]}"
20170216,2017-02-16,0.041358162843962945,"{""type"":""MultiPoint"",""coordinates"":[]}"
20170217,2017-02-17,0.019713461497507988,"{""type"":""MultiPoint"",""coordinates"":[]}"
20170218,2017-02-18,0.007918717629426884,"{""type"":""MultiPoint"",""coordinates"":[]}"
20170219,2017-02-19,0.0013529158840773212,"{""type"":""MultiPoint"",""coordinates"":[]}"
20170220,2017-02-20,0.0027373674286267505,"{""type"":""MultiPoint"",""coordinates"":[]}"
20170221,2017-02-21,0.0034747189746973267,"{""type"":""MultiPoint"",""coordinates"":[]}"
20170222,2017-02-22,0.0140130034353962,"{""type"":""MultiPoint"",""coordinates"":[]}"
20170223,2017-02-23,0.016784235978956338,"{""type"":""MultiPoint"",""coordinates"":[]}"
20170224,2017-02-24,0.01598123526449027,"{""type"":""MultiPoint"",""coordinates"":[]}"
20170225,2017-02-25,0.0016970280812537962,"{""type"":""MultiPoint"",""coordinates"":[]}"
20170226,2017-02-26,0.0011073143858102423,"{""type"":""MultiPoint"",""coordinates"":[]}"
20170227,2017-02-27,0.0029900884500503972,"{""type"":""MultiPoint"",""coordinates"":[]}"
20170228,2017-02-28,0.012028227173200514,"{""type"":""MultiPoint"",""coordinates"":[]}"
20170301,2017-03-01,0.01889650348248032,"{""type"":""MultiPoint"",""coordinates"":[]}"
20170302,2017-03-02,0.0050307193443532025,"{""type"":""MultiPoint"",""coordinates"":[]}"
20170303,2017-03-03,0.0035368938001341843,"{""type"":""MultiPoint"",""coordinates"":[]}"
20170304,2017-03-04,0.0024191442982235186,"{""type"":""MultiPoint"",""coordinates"":[]}"
20170305,2017-03-05,0.0019841008565625235,"{""type"":""MultiPoint"",""coordinates"":[]}"
20170306,2017-03-06,0.005850257763606359,"{""type"":""MultiPoint"",""coordinates"":[]}"
20170307,2017-03-07,0.004054773973509134,"{""type"":""MultiPoint"",""coordinates"":[]}"
20170308,2017-03-08,0.013854896094920417,"{""type"":""MultiPoint"",""coordinates"":[]}"
20170309,2017-03-09,0.010085471186601414,"{""type"":""MultiPoint"",""coordinates"":[]}"
20170310,2017-03-10,0.007531061469551105,"{""type"":""MultiPoint"",""coordinates"":[]}"
20170311,2017-03-11,0.0017465671574349913,"{""type"":""MultiPoint"",""coordinates"":[]}"
20170312,2017-03-12,7.431496011671596E-4,"{""type"":""MultiPoint"",""coordinates"":[]}"
20170313,2017-03-13,0.0013238298753152193,"{""type"":""MultiPoint"",""coordinates"":[]}"
20170314,2017-03-14,7.718173661547201E-4,"{""type"":""MultiPoint"",""coordinates"":[]}"
20170315,2017-03-15,3.0708469628257386E-4,"{""type"":""MultiPoint"",""coordinates"":[]}"
20170316,2017-03-16,0.001558815402524877,"{""type"":""MultiPoint"",""coordinates"":[]}"
20170317,2017-03-17,0.0014183990128210193,"{""type"":""MultiPoint"",""coordinates"":[]}"
20170318,2017-03-18,0.0022471131457910804,"{""type"":""MultiPoint"",""coordinates"":[]}"
20170319,2017-03-19,0.0106973905115195,"{""type"":""MultiPoint"",""coordinates"":[]}"
20170320,2017-03-20,0.02133181285380434,"{""type"":""MultiPoint"",""coordinates"":[]}"
20170321,2017-03-21,0.03400433888292867,"{""type"":""MultiPoint"",""coordinates"":[]}"
20170322,2017-03-22,0.0016561311081550955,"{""type"":""MultiPoint"",""coordinates"":[]}"
20170323,2017-03-23,0.0011798171533777648,"{""type"":""MultiPoint"",""coordinates"":[]}"
20170324,2017-03-24,0.0012642336412075135,"{""type"":""MultiPoint"",""coordinates"":[]}"
20170325,2017-03-25,7.287151561440601E-4,"{""type"":""MultiPoint"",""coordinates"":[]}"
20170326,2017-03-26,0.001427858685340602,"{""type"":""MultiPoint"",""coordinates"":[]}"
20170327,2017-03-27,0.0015839287900740757,"{""type"":""MultiPoint"",""coordinates"":[]}"
20170328,2017-03-28,0.0021287521721839787,"{""type"":""MultiPoint"",""coordinates"":[]}"
20170329,2017-03-29,7.50386994199073E-4,"{""type"":""MultiPoint"",""coordinates"":[]}"
20170330,2017-03-30,3.67955198959304E-5,"{""type"":""MultiPoint"",""coordinates"":[]}"
20170331,2017-03-31,0.0018358711862844805,"{""type"":""MultiPoint"",""coordinates"":[]}"
20170401,2017-04-01,0.001656393619155216,"{""type"":""MultiPoint"",""coordinates"":[]}"
20170402,2017-04-02,0.0016359957116205586,"{""type"":""MultiPoint"",""coordinates"":[]}"
20170403,2017-04-03,0.001183030642720789,"{""type"":""MultiPoint"",""coordinates"":[]}"
20170404,2017-04-04,0.001113377414539717,"{""type"":""MultiPoint"",""coordinates"":[]}"
20170405,2017-04-05,7.81209792794908E-4,"{""type"":""MultiPoint"",""coordinates"":[]}"
20170406,2017-04-06,0.003092500023697174,"{""type"":""MultiPoint"",""coordinates"":[]}"
20170407,2017-04-07,0.02417993130587165,"{""type"":""MultiPoint"",""coordinates"":[]}"
20170408,2017-04-08,0.001990619960248231,"{""type"":""MultiPoint"",""coordinates"":[]}"
20170409,2017-04-09,8.246052675495226E-4,"{""type"":""MultiPoint"",""coordinates"":[]}"
20170410,2017-04-10,0.008469897468506795,"{""type"":""MultiPoint"",""coordinates"":[]}"
20170411,2017-04-11,0.006801546320573042,"{""type"":""MultiPoint"",""coordinates"":[]}"
20170412,2017-04-12,0.012945470004990679,"{""type"":""MultiPoint"",""coordinates"":[]}"
20170413,2017-04-13,0.002393601238300329,"{""type"":""MultiPoint"",""coordinates"":[]}"
20170414,2017-04-14,0.002540386636083222,"{""type"":""MultiPoint"",""coordinates"":[]}"
20170415,2017-04-15,0.002304872546621762,"{""type"":""MultiPoint"",""coordinates"":[]}"
20170416,2017-04-16,0.0014666632417954753,"{""type"":""MultiPoint"",""coordinates"":[]}"
20170417,2017-04-17,0.0015164136960654695,"{""type"":""MultiPoint"",""coordinates"":[]}"
20170418,2017-04-18,7.68184764963031E-4,"{""type"":""MultiPoint"",""coordinates"":[]}"
20170419,2017-04-19,8.756570427436552E-4,"{""type"":""MultiPoint"",""coordinates"":[]}"
20170420,2017-04-20,5.150200702436344E-4,"{""type"":""MultiPoint"",""coordinates"":[]}"
20170421,2017-04-21,1.7633318022734385E-4,"{""type"":""MultiPoint"",""coordinates"":[]}"
20170422,2017-04-22,4.872616117388541E-4,"{""type"":""MultiPoint"",""coordinates"":[]}"
20170423,2017-04-23,0.0030283258604024968,"{""type"":""MultiPoint"",""coordinates"":[]}"
20170424,2017-04-24,0.0021586452831596644,"{""type"":""MultiPoint"",""coordinates"":[]}"
20170425,2017-04-25,0.0021207192468151834,"{""type"":""MultiPoint"",""coordinates"":[]}"
20170426,2017-04-26,0.002893641574844875,"{""type"":""MultiPoint"",""coordinates"":[]}"
20170427,2017-04-27,0.0013621344639916217,"{""type"":""MultiPoint"",""coordinates"":[]}"
20170428,2017-04-28,0.016674492571268955,"{""type"":""MultiPoint"",""coordinates"":[]}"
20170429,2017-04-29,0.0418074574649909,"{""type"":""MultiPoint"",""coordinates"":[]}"
20170430,2017-04-30,0.017061504789938144,"{""type"":""MultiPoint"",""coordinates"":[]}"
20170501,2017-05-01,0.016063913499165743,"{""type"":""MultiPoint"",""coordinates"":[]}"
20170502,2017-05-02,0.01943520523174753,"{""type"":""MultiPoint"",""coordinates"":[]}"
20170503,2017-05-03,0.013973809214597127,"{""type"":""MultiPoint"",""coordinates"":[]}"
20170504,2017-05-04,0.013577136407284302,"{""type"":""MultiPoint"",""coordinates"":[]}"
20170505,2017-05-05,0.01003174099323562,"{""type"":""MultiPoint"",""coordinates"":[]}"
20170506,2017-05-06,0.009294497112044225,"{""type"":""MultiPoint"",""coordinates"":[]}"
20170507,2017-05-07,0.016527054950722108,"{""type"":""MultiPoint"",""coordinates"":[]}"
20170508,2017-05-08,0.004891472147473831,"{""type"":""MultiPoint"",""coordinates"":[]}"
20170509,2017-05-09,0.016667622880680112,"{""type"":""MultiPoint"",""coordinates"":[]}"
20170510,2017-05-10,0.008528378967286516,"{""type"":""MultiPoint"",""coordinates"":[]}"
20170511,2017-05-11,0.016946620572927052,"{""type"":""MultiPoint"",""coordinates"":[]}"
20170512,2017-05-12,0.015523870732204645,"{""type"":""MultiPoint"",""coordinates"":[]}"
20170513,2017-05-13,0.017686001753710396,"{""type"":""MultiPoint"",""coordinates"":[]}"
20170514,2017-05-14,0.009138804113960819,"{""type"":""MultiPoint"",""coordinates"":[]}"
20170515,2017-05-15,0.012825734995729692,"{""type"":""MultiPoint"",""coordinates"":[]}"
20170516,2017-05-16,0.02354649788450915,"{""type"":""MultiPoint"",""coordinates"":[]}"
20170517,2017-05-17,0.0242095114611475,"{""type"":""MultiPoint"",""coordinates"":[]}"
20170518,2017-05-18,0.004158250950129455,"{""type"":""MultiPoint"",""coordinates"":[]}"
20170519,2017-05-19,0.002212801329859683,"{""type"":""MultiPoint"",""coordinates"":[]}"
20170520,2017-05-20,0.005613389108412431,"{""type"":""MultiPoint"",""coordinates"":[]}"
20170521,2017-05-21,0.015388746215475525,"{""type"":""MultiPoint"",""coordinates"":[]}"
20170522,2017-05-22,0.013735186914515592,"{""type"":""MultiPoint"",""coordinates"":[]}"
20170523,2017-05-23,0.006380885163971674,"{""type"":""MultiPoint"",""coordinates"":[]}"
20170524,2017-05-24,0.010097602855136984,"{""type"":""MultiPoint"",""coordinates"":[]}"
20170525,2017-05-25,0.0102784086821932,"{""type"":""MultiPoint"",""coordinates"":[]}"
20170526,2017-05-26,0.0014381138300801428,"{""type"":""MultiPoint"",""coordinates"":[]}"
20170527,2017-05-27,0.003293614634212308,"{""type"":""MultiPoint"",""coordinates"":[]}"
20170528,2017-05-28,0.00866079736601398,"{""type"":""MultiPoint"",""coordinates"":[]}"
20170529,2017-05-29,0.012393169324922371,"{""type"":""MultiPoint"",""coordinates"":[]}"
20170530,2017-05-30,0.008435489846161433,"{""type"":""MultiPoint"",""coordinates"":[]}"
20170531,2017-05-31,0.0038342374426982755,"{""type"":""MultiPoint"",""coordinates"":[]}"
20170601,2017-06-01,0.007122897059826319,"{""type"":""MultiPoint"",""coordinates"":[]}"
20170602,2017-06-02,0.025034628039341474,"{""type"":""MultiPoint"",""coordinates"":[]}"
20170603,2017-06-03,0.010457391191384766,"{""type"":""MultiPoint"",""coordinates"":[]}"
20170604,2017-06-04,0.004294956122051717,"{""type"":""MultiPoint"",""coordinates"":[]}"
20170605,2017-06-05,0.017863870284997817,"{""type"":""MultiPoint"",""coordinates"":[]}"
20170606,2017-06-06,0.024217372278118206,"{""type"":""MultiPoint"",""coordinates"":[]}"
20170607,2017-06-07,0.022846568014284956,"{""type"":""MultiPoint"",""coordinates"":[]}"
20170608,2017-06-08,0.010908106161728794,"{""type"":""MultiPoint"",""coordinates"":[]}"
20170609,2017-06-09,0.025099627733500583,"{""type"":""MultiPoint"",""coordinates"":[]}"
20170610,2017-06-10,0.023029254238485335,"{""type"":""MultiPoint"",""coordinates"":[]}"
20170611,2017-06-11,0.008418934212790592,"{""type"":""MultiPoint"",""coordinates"":[]}"
20170612,2017-06-12,0.005542497633541443,"{""type"":""MultiPoint"",""coordinates"":[]}"
20170613,2017-06-13,0.0025054635681621322,"{""type"":""MultiPoint"",""coordinates"":[]}"
20170614,2017-06-14,0.004559544719337419,"{""type"":""MultiPoint"",""coordinates"":[]}"
20170615,2017-06-15,0.0059457370641847595,"{""type"":""MultiPoint"",""coordinates"":[]}"
20170616,2017-06-16,0.009064381276118692,"{""type"":""MultiPoint"",""coordinates"":[]}"
20170617,2017-06-17,0.012640903984532713,"{""type"":""MultiPoint"",""coordinates"":[]}"
20170618,2017-06-18,0.007624551497473515,"{""type"":""MultiPoint"",""coordinates"":[]}"
20170619,2017-06-19,0.01323839345778335,"{""type"":""MultiPoint"",""coordinates"":[]}"
20170620,2017-06-20,0.003976337781854578,"{""type"":""MultiPoint"",""coordinates"":[]}"
20170621,2017-06-21,0.019911979487540667,"{""type"":""MultiPoint"",""coordinates"":[]}"
20170622,2017-06-22,0.017165285240737675,"{""type"":""MultiPoint"",""coordinates"":[]}"
20170623,2017-06-23,0.02231470250990537,"{""type"":""MultiPoint"",""coordinates"":[]}"
20170624,2017-06-24,0.02211645690070074,"{""type"":""MultiPoint"",""coordinates"":[]}"
20170625,2017-06-25,0.007445674299759473,"{""type"":""MultiPoint"",""coordinates"":[]}"
20170626,2017-06-26,0.008670453515337392,"{""type"":""MultiPoint"",""coordinates"":[]}"
20170627,2017-06-27,0.01002081979485586,"{""type"":""MultiPoint"",""coordinates"":[]}"
20170628,2017-06-28,0.016359795522694176,"{""type"":""MultiPoint"",""coordinates"":[]}"
20170629,2017-06-29,0.008930687278909557,"{""type"":""MultiPoint"",""coordinates"":[]}"
20170630,2017-06-30,0.011626435284417633,"{""type"":""MultiPoint"",""coordinates"":[]}"
20170701,2017-07-01,0.013409995491384967,"{""type"":""MultiPoint"",""coordinates"":[]}"
20170702,2017-07-02,0.007810529884864235,"{""type"":""MultiPoint"",""coordinates"":[]}"
20170703,2017-07-03,0.006569318308129446,"{""type"":""MultiPoint"",""coordinates"":[]}"
20170704,2017-07-04,0.0024088772474538905,"{""type"":""MultiPoint"",""coordinates"":[]}"
20170705,2017-07-05,7.958456241040054E-4,"{""type"":""MultiPoint"",""coordinates"":[]}"
20170706,2017-07-06,0.0031587192190902034,"{""type"":""MultiPoint"",""coordinates"":[]}"
20170707,2017-07-07,0.006513095872413257,"{""type"":""MultiPoint"",""coordinates"":[]}"
20170708,2017-07-08,0.010023812137077905,"{""type"":""MultiPoint"",""coordinates"":[]}"
20170709,2017-07-09,0.007416935728159542,"{""type"":""MultiPoint"",""coordinates"":[]}"
20170710,2017-07-10,0.011549242395674626,"{""type"":""MultiPoint"",""coordinates"":[]}"
20170711,2017-07-11,0.008060395534536868,"{""type"":""MultiPoint"",""coordinates"":[]}"
20170712,2017-07-12,0.017179479446628565,"{""type"":""MultiPoint"",""coordinates"":[]}"
20170713,2017-07-13,0.02223460859784389,"{""type"":""MultiPoint"",""coordinates"":[]}"
20170714,2017-07-14,0.026418345962053832,"{""type"":""MultiPoint"",""coordinates"":[]}"
20170715,2017-07-15,0.010840294365845568,"{""type"":""MultiPoint"",""coordinates"":[]}"
20170716,2017-07-16,0.012831326726017563,"{""type"":""MultiPoint"",""coordinates"":[]}"
20170717,2017-07-17,0.015338214489179732,"{""type"":""MultiPoint"",""coordinates"":[]}"
20170718,2017-07-18,0.009021086574435259,"{""type"":""MultiPoint"",""coordinates"":[]}"
20170719,2017-07-19,0.009947345899606934,"{""type"":""MultiPoint"",""coordinates"":[]}"
20170720,2017-07-20,0.012696320932164143,"{""type"":""MultiPoint"",""coordinates"":[]}"
20170721,2017-07-21,0.00730380971319826,"{""type"":""MultiPoint"",""coordinates"":[]}"
20170722,2017-07-22,0.026482797009310607,"{""type"":""MultiPoint"",""coordinates"":[]}"
20170723,2017-07-23,0.015308894536220242,"{""type"":""MultiPoint"",""coordinates"":[]}"
20170724,2017-07-24,0.0030484710281111623,"{""type"":""MultiPoint"",""coordinates"":[]}"
20170725,2017-07-25,0.0026989654097545196,"{""type"":""MultiPoint"",""coordinates"":[]}"
20170726,2017-07-26,0.006542116769767919,"{""type"":""MultiPoint"",""coordinates"":[]}"
20170727,2017-07-27,0.006512886228309838,"{""type"":""MultiPoint"",""coordinates"":[]}"
20170728,2017-07-28,0.00851428684411752,"{""type"":""MultiPoint"",""coordinates"":[]}"
20170729,2017-07-29,0.005997860698185204,"{""type"":""MultiPoint"",""coordinates"":[]}"
20170730,2017-07-30,0.0021275568431309766,"{""type"":""MultiPoint"",""coordinates"":[]}"
20170731,2017-07-31,0.013088624701364453,"{""type"":""MultiPoint"",""coordinates"":[]}"
20170801,2017-08-01,0.00676137087428875,"{""type"":""MultiPoint"",""coordinates"":[]}"
20170802,2017-08-02,0.011986275659667664,"{""type"":""MultiPoint"",""coordinates"":[]}"
20170803,2017-08-03,0.008530197748196027,"{""type"":""MultiPoint"",""coordinates"":[]}"
20170804,2017-08-04,0.00793207923473189,"{""type"":""MultiPoint"",""coordinates"":[]}"
20170805,2017-08-05,0.0032714118335290692,"{""type"":""MultiPoint"",""coordinates"":[]}"
20170806,2017-08-06,0.001385287161395483,"{""type"":""MultiPoint"",""coordinates"":[]}"
20170807,2017-08-07,0.0011311307107821189,"{""type"":""MultiPoint"",""coordinates"":[]}"
20170808,2017-08-08,0.001576742148257258,"{""type"":""MultiPoint"",""coordinates"":[]}"
20170809,2017-08-09,0.0011247023203768184,"{""type"":""MultiPoint"",""coordinates"":[]}"
20170810,2017-08-10,0.0038620847939038073,"{""type"":""MultiPoint"",""coordinates"":[]}"
20170811,2017-08-11,0.006096196166129358,"{""type"":""MultiPoint"",""coordinates"":[]}"
20170812,2017-08-12,0.002796695275354831,"{""type"":""MultiPoint"",""coordinates"":[]}"
20170813,2017-08-13,9.99818480162716E-4,"{""type"":""MultiPoint"",""coordinates"":[]}"
20170814,2017-08-14,0.0010959049619696463,"{""type"":""MultiPoint"",""coordinates"":[]}"
20170815,2017-08-15,0.0016599236496364262,"{""type"":""MultiPoint"",""coordinates"":[]}"
20170816,2017-08-16,9.08447756381897E-4,"{""type"":""MultiPoint"",""coordinates"":[]}"
20170817,2017-08-17,0.0015871237786934105,"{""type"":""MultiPoint"",""coordinates"":[]}"
20170818,2017-08-18,0.0013337771526903616,"{""type"":""MultiPoint"",""coordinates"":[]}"
20170819,2017-08-19,7.327739676732021E-4,"{""type"":""MultiPoint"",""coordinates"":[]}"
20170820,2017-08-20,2.9261385866069116E-4,"{""type"":""MultiPoint"",""coordinates"":[]}"
20170821,2017-08-21,3.9702485304017707E-4,"{""type"":""MultiPoint"",""coordinates"":[]}"
20170822,2017-08-22,0.0016179506102759963,"{""type"":""MultiPoint"",""coordinates"":[]}"
20170823,2017-08-23,0.0027870696269824517,"{""type"":""MultiPoint"",""coordinates"":[]}"
20170824,2017-08-24,0.0018748689886247804,"{""type"":""MultiPoint"",""coordinates"":[]}"
20170825,2017-08-25,0.0010659811407583682,"{""type"":""MultiPoint"",""coordinates"":[]}"
20170826,2017-08-26,0.005023030567515577,"{""type"":""MultiPoint"",""coordinates"":[]}"
20170827,2017-08-27,0.001744125297501447,"{""type"":""MultiPoint"",""coordinates"":[]}"
20170828,2017-08-28,0.0011142253913762974,"{""type"":""MultiPoint"",""coordinates"":[]}"
20170829,2017-08-29,0.0011943750186021696,"{""type"":""MultiPoint"",""coordinates"":[]}"
20170830,2017-08-30,0.003366069888251087,"{""type"":""MultiPoint"",""coordinates"":[]}"
20170831,2017-08-31,0.0018167426166061148,"{""type"":""MultiPoint"",""coordinates"":[]}"
20170901,2017-09-01,0.0019778708006887693,"{""type"":""MultiPoint"",""coordinates"":[]}"
20170902,2017-09-02,0.001099216488378238,"{""type"":""MultiPoint"",""coordinates"":[]}"
20170903,2017-09-03,0.0023980059875919647,"{""type"":""MultiPoint"",""coordinates"":[]}"
20170904,2017-09-04,0.0017906675874593877,"{""type"":""MultiPoint"",""coordinates"":[]}"
20170905,2017-09-05,0.004604639785594287,"{""type"":""MultiPoint"",""coordinates"":[]}"
20170906,2017-09-06,0.00808178378905906,"{""type"":""MultiPoint"",""coordinates"":[]}"
20170907,2017-09-07,8.75515794530552E-4,"{""type"":""MultiPoint"",""coordinates"":[]}"
20170908,2017-09-08,4.4500268073884556E-4,"{""type"":""MultiPoint"",""coordinates"":[]}"
20170909,2017-09-09,1.253768808566652E-4,"{""type"":""MultiPoint"",""coordinates"":[]}"
20170910,2017-09-10,0.002051604162373341,"{""type"":""MultiPoint"",""coordinates"":[]}"
20170911,2017-09-11,0.0018110653250989557,"{""type"":""MultiPoint"",""coordinates"":[]}"
20170912,2017-09-12,0.0016180007386159254,"{""type"":""MultiPoint"",""coordinates"":[]}"
20170913,2017-09-13,8.548898750412379E-4,"{""type"":""MultiPoint"",""coordinates"":[]}"
20170914,2017-09-14,0.003173128041449933,"{""type"":""MultiPoint"",""coordinates"":[]}"
20170915,2017-09-15,0.006397777567931919,"{""type"":""MultiPoint"",""coordinates"":[]}"
20170916,2017-09-16,0.007569498111989666,"{""type"":""MultiPoint"",""coordinates"":[]}"
20170917,2017-09-17,0.014424086640019547,"{""type"":""MultiPoint"",""coordinates"":[]}"
20170918,2017-09-18,0.004682346839770081,"{""type"":""MultiPoint"",""coordinates"":[]}"
20170919,2017-09-19,0.0031886090196183606,"{""type"":""MultiPoint"",""coordinates"":[]}"
20170920,2017-09-20,0.0032574620085989493,"{""type"":""MultiPoint"",""coordinates"":[]}"
20170921,2017-09-21,0.002752410208413668,"{""type"":""MultiPoint"",""coordinates"":[]}"
20170922,2017-09-22,0.002554479457924479,"{""type"":""MultiPoint"",""coordinates"":[]}"
20170923,2017-09-23,0.0037740734420673217,"{""type"":""MultiPoint"",""coordinates"":[]}"
20170924,2017-09-24,0.006159430808829041,"{""type"":""MultiPoint"",""coordinates"":[]}"
20170925,2017-09-25,0.0034123627220068575,"{""type"":""MultiPoint"",""coordinates"":[]}"
20170926,2017-09-26,0.0037944353326751115,"{""type"":""MultiPoint"",""coordinates"":[]}"
20170927,2017-09-27,0.0037427550167580315,"{""type"":""MultiPoint"",""coordinates"":[]}"
20170928,2017-09-28,0.002503891812986972,"{""type"":""MultiPoint"",""coordinates"":[]}"
20170929,2017-09-29,7.16242907377032E-4,"{""type"":""MultiPoint"",""coordinates"":[]}"
20170930,2017-09-30,0.002790247281049763,"{""type"":""MultiPoint"",""coordinates"":[]}"
20171001,2017-10-01,0.0017649347053286927,"{""type"":""MultiPoint"",""coordinates"":[]}"
20171002,2017-10-02,0.0020421279674995548,"{""type"":""MultiPoint"",""coordinates"":[]}"
20171003,2017-10-03,0.0013147908199710504,"{""type"":""MultiPoint"",""coordinates"":[]}"
20171004,2017-10-04,1.230569132595484E-4,"{""type"":""MultiPoint"",""coordinates"":[]}"
20171005,2017-10-05,0.0011669262818937932,"{""type"":""MultiPoint"",""coordinates"":[]}"
20171006,2017-10-06,0.0027959442059919547,"{""type"":""MultiPoint"",""coordinates"":[]}"
20171007,2017-10-07,0.0020634095781845046,"{""type"":""MultiPoint"",""coordinates"":[]}"
20171008,2017-10-08,0.0015336419968448862,"{""type"":""MultiPoint"",""coordinates"":[]}"
20171009,2017-10-09,0.002755381621210536,"{""type"":""MultiPoint"",""coordinates"":[]}"
20171010,2017-10-10,7.48289665115601E-4,"{""type"":""MultiPoint"",""coordinates"":[]}"
20171011,2017-10-11,0.0014166471008849409,"{""type"":""MultiPoint"",""coordinates"":[]}"
20171012,2017-10-12,0.0042726843360583015,"{""type"":""MultiPoint"",""coordinates"":[]}"
20171013,2017-10-13,0.0020665426091647354,"{""type"":""MultiPoint"",""coordinates"":[]}"
20171014,2017-10-14,6.638593073866111E-4,"{""type"":""MultiPoint"",""coordinates"":[]}"
20171015,2017-10-15,3.0376655326123925E-4,"{""type"":""MultiPoint"",""coordinates"":[]}"
20171016,2017-10-16,0.0010930561311197832,"{""type"":""MultiPoint"",""coordinates"":[]}"
20171017,2017-10-17,6.961287897121993E-4,"{""type"":""MultiPoint"",""coordinates"":[]}"
20171018,2017-10-18,0.005035408165260258,"{""type"":""MultiPoint"",""coordinates"":[]}"
20171019,2017-10-19,0.0024693667236946387,"{""type"":""MultiPoint"",""coordinates"":[]}"
20171020,2017-10-20,6.337394117842548E-4,"{""type"":""MultiPoint"",""coordinates"":[]}"
20171021,2017-10-21,3.926652579864889E-4,"{""type"":""MultiPoint"",""coordinates"":[]}"
20171022,2017-10-22,0.002789578672771577,"{""type"":""MultiPoint"",""coordinates"":[]}"
20171023,2017-10-23,0.005908956651917048,"{""type"":""MultiPoint"",""coordinates"":[]}"
20171024,2017-10-24,0.010328188283562694,"{""type"":""MultiPoint"",""coordinates"":[]}"
20171025,2017-10-25,0.002022946318717842,"{""type"":""MultiPoint"",""coordinates"":[]}"
20171026,2017-10-26,0.006504110768136866,"{""type"":""MultiPoint"",""coordinates"":[]}"
20171027,2017-10-27,7.097857822433959E-4,"{""type"":""MultiPoint"",""coordinates"":[]}"
20171028,2017-10-28,6.99615144084494E-4,"{""type"":""MultiPoint"",""coordinates"":[]}"
20171029,2017-10-29,0.0018367464205053241,"{""type"":""MultiPoint"",""coordinates"":[]}"
20171030,2017-10-30,0.00857335546457999,"{""type"":""MultiPoint"",""coordinates"":[]}"
20171031,2017-10-31,0.005859083143938907,"{""type"":""MultiPoint"",""coordinates"":[]}"
20171101,2017-11-01,0.006907840037389879,"{""type"":""MultiPoint"",""coordinates"":[]}"
20171102,2017-11-02,0.0014229912290081687,"{""type"":""MultiPoint"",""coordinates"":[]}"
20171103,2017-11-03,0.00583528797458517,"{""type"":""MultiPoint"",""coordinates"":[]}"
20171104,2017-11-04,0.0016368015703129995,"{""type"":""MultiPoint"",""coordinates"":[]}"
20171105,2017-11-05,0.004005469691250618,"{""type"":""MultiPoint"",""coordinates"":[]}"
20171106,2017-11-06,0.012029250432087748,"{""type"":""MultiPoint"",""coordinates"":[]}"
20171107,2017-11-07,0.0148491669492158,"{""type"":""MultiPoint"",""coordinates"":[]}"
20171108,2017-11-08,0.01056094757362297,"{""type"":""MultiPoint"",""coordinates"":[]}"
20171109,2017-11-09,0.005471979293901416,"{""type"":""MultiPoint"",""coordinates"":[]}"
20171110,2017-11-10,0.0028773246975638592,"{""type"":""MultiPoint"",""coordinates"":[]}"
20171111,2017-11-11,0.0060168037458338906,"{""type"":""MultiPoint"",""coordinates"":[]}"
20171112,2017-11-12,0.005778177136230338,"{""type"":""MultiPoint"",""coordinates"":[]}"
20171113,2017-11-13,1.6535724534407195E-4,"{""type"":""MultiPoint"",""coordinates"":[]}"
20171114,2017-11-14,0.009430914633147247,"{""type"":""MultiPoint"",""coordinates"":[]}"
20171115,2017-11-15,0.006135005026058147,"{""type"":""MultiPoint"",""coordinates"":[]}"
20171116,2017-11-16,0.0025562972743067122,"{""type"":""MultiPoint"",""coordinates"":[]}"
20171117,2017-11-17,7.937791199756954E-4,"{""type"":""MultiPoint"",""coordinates"":[]}"
20171118,2017-11-18,2.2763940701834619E-4,"{""type"":""MultiPoint"",""coordinates"":[]}"
20171119,2017-11-19,0.0012225778150215436,"{""type"":""MultiPoint"",""coordinates"":[]}"
20171120,2017-11-20,8.690425089226457E-4,"{""type"":""MultiPoint"",""coordinates"":[]}"
20171121,2017-11-21,0.002614944157264033,"{""type"":""MultiPoint"",""coordinates"":[]}"
20171122,2017-11-22,0.0063920057711240414,"{""type"":""MultiPoint"",""coordinates"":[]}"
20171123,2017-11-23,0.0014929001587723207,"{""type"":""MultiPoint"",""coordinates"":[]}"
20171124,2017-11-24,0.0016166475837445023,"{""type"":""MultiPoint"",""coordinates"":[]}"
20171125,2017-11-25,5.046816688217262E-4,"{""type"":""MultiPoint"",""coordinates"":[]}"
20171126,2017-11-26,0.0021847779196604703,"{""type"":""MultiPoint"",""coordinates"":[]}"
20171127,2017-11-27,0.003812169239446548,"{""type"":""MultiPoint"",""coordinates"":[]}"
20171128,2017-11-28,0.003239499237072656,"{""type"":""MultiPoint"",""coordinates"":[]}"
20171129,2017-11-29,0.004498970504511701,"{""type"":""MultiPoint"",""coordinates"":[]}"
20171130,2017-11-30,0.006812870901605012,"{""type"":""MultiPoint"",""coordinates"":[]}"
20171201,2017-12-01,0.0037772235409054156,"{""type"":""MultiPoint"",""coordinates"":[]}"
20171202,2017-12-02,0.0031256883112873697,"{""type"":""MultiPoint"",""coordinates"":[]}"
20171203,2017-12-03,7.223166745042335E-4,"{""type"":""MultiPoint"",""coordinates"":[]}"
20171204,2017-12-04,7.202472918329943E-4,"{""type"":""MultiPoint"",""coordinates"":[]}"
20171205,2017-12-05,0.01573405058049378,"{""type"":""MultiPoint"",""coordinates"":[]}"
20171206,2017-12-06,0.003247295474817917,"{""type"":""MultiPoint"",""coordinates"":[]}"
20171207,2017-12-07,0.002821815913167092,"{""type"":""MultiPoint"",""coordinates"":[]}"
20171208,2017-12-08,0.006591428976412022,"{""type"":""MultiPoint"",""coordinates"":[]}"
20171209,2017-12-09,0.006792970941075016,"{""type"":""MultiPoint"",""coordinates"":[]}"
20171210,2017-12-10,0.0030278575625561992,"{""type"":""MultiPoint"",""coordinates"":[]}"
20171211,2017-12-11,0.0015941914323131252,"{""type"":""MultiPoint"",""coordinates"":[]}"
20171212,2017-12-12,0.004931522136686789,"{""type"":""MultiPoint"",""coordinates"":[]}"
20171213,2017-12-13,0.006489123315452606,"{""type"":""MultiPoint"",""coordinates"":[]}"
20171214,2017-12-14,0.0013881816556003033,"{""type"":""MultiPoint"",""coordinates"":[]}"
20171215,2017-12-15,0.002141530938243037,"{""type"":""MultiPoint"",""coordinates"":[]}"
20171216,2017-12-16,0.001407889250334164,"{""type"":""MultiPoint"",""coordinates"":[]}"
20171217,2017-12-17,0.0012748807444121408,"{""type"":""MultiPoint"",""coordinates"":[]}"
20171218,2017-12-18,0.0018938254370995812,"{""type"":""MultiPoint"",""coordinates"":[]}"
20171219,2017-12-19,0.005586678637410383,"{""type"":""MultiPoint"",""coordinates"":[]}"
20171220,2017-12-20,0.006147953215266967,"{""type"":""MultiPoint"",""coordinates"":[]}"
20171221,2017-12-21,0.0070046219190047845,"{""type"":""MultiPoint"",""coordinates"":[]}"
20171222,2017-12-22,0.005204007647331065,"{""type"":""MultiPoint"",""coordinates"":[]}"
20171223,2017-12-23,0.006411113307945768,"{""type"":""MultiPoint"",""coordinates"":[]}"
20171224,2017-12-24,0.01510143949240437,"{""type"":""MultiPoint"",""coordinates"":[]}"
20171225,2017-12-25,0.010407221427660972,"{""type"":""MultiPoint"",""coordinates"":[]}"
20171226,2017-12-26,0.017207973685320146,"{""type"":""MultiPoint"",""coordinates"":[]}"
20171227,2017-12-27,0.010228008581544172,"{""type"":""MultiPoint"",""coordinates"":[]}"
20171228,2017-12-28,0.01881268402064571,"{""type"":""MultiPoint"",""coordinates"":[]}"
20171229,2017-12-29,0.008766273041871758,"{""type"":""MultiPoint"",""coordinates"":[]}"
20171230,2017-12-30,0.017162641083628017,"{""type"":""MultiPoint"",""coordinates"":[]}"
20171231,2017-12-31,0.025012192959755115,"{""type"":""MultiPoint"",""coordinates"":[]}"
20180101,2018-01-01,0.00758969135975313,"{""type"":""MultiPoint"",""coordinates"":[]}"
20180102,2018-01-02,0.010778368790000048,"{""type"":""MultiPoint"",""coordinates"":[]}"
20180103,2018-01-03,0.001243021337692952,"{""type"":""MultiPoint"",""coordinates"":[]}"
20180104,2018-01-04,0.0013907139739271408,"{""type"":""MultiPoint"",""coordinates"":[]}"
20180105,2018-01-05,0.0012420501696871775,"{""type"":""MultiPoint"",""coordinates"":[]}"
20180106,2018-01-06,0.0014824778653547378,"{""type"":""MultiPoint"",""coordinates"":[]}"
20180107,2018-01-07,0.0014742009629475684,"{""type"":""MultiPoint"",""coordinates"":[]}"
20180108,2018-01-08,0.001276502667011531,"{""type"":""MultiPoint"",""coordinates"":[]}"
20180109,2018-01-09,0.005911102340785207,"{""type"":""MultiPoint"",""coordinates"":[]}"
20180110,2018-01-10,0.001000584074101967,"{""type"":""MultiPoint"",""coordinates"":[]}"
20180111,2018-01-11,0.0011400815707338042,"{""type"":""MultiPoint"",""coordinates"":[]}"
20180112,2018-01-12,0.0014256952240076707,"{""type"":""MultiPoint"",""coordinates"":[]}"
20180113,2018-01-13,0.00151620702945915,"{""type"":""MultiPoint"",""coordinates"":[]}"
20180114,2018-01-14,0.022378242513351354,"{""type"":""MultiPoint"",""coordinates"":[]}"
20180115,2018-01-15,0.018042353991646207,"{""type"":""MultiPoint"",""coordinates"":[]}"
20180116,2018-01-16,0.011784712109718801,"{""type"":""MultiPoint"",""coordinates"":[]}"
20180117,2018-01-17,0.002806517282774879,"{""type"":""MultiPoint"",""coordinates"":[]}"
20180118,2018-01-18,0.0012123725433843642,"{""type"":""MultiPoint"",""coordinates"":[]}"
20180119,2018-01-19,0.008682242244813024,"{""type"":""MultiPoint"",""coordinates"":[]}"
20180120,2018-01-20,0.0013800932077746915,"{""type"":""MultiPoint"",""coordinates"":[]}"
20180121,2018-01-21,7.94182545533591E-4,"{""type"":""MultiPoint"",""coordinates"":[]}"
20180122,2018-01-22,2.3559310007242686E-4,"{""type"":""MultiPoint"",""coordinates"":[]}"
20180123,2018-01-23,0.001223770472312695,"{""type"":""MultiPoint"",""coordinates"":[]}"
20180124,2018-01-24,0.006084230613065451,"{""type"":""MultiPoint"",""coordinates"":[]}"
20180125,2018-01-25,0.002147034744307833,"{""type"":""MultiPoint"",""coordinates"":[]}"
20180126,2018-01-26,0.0047965533474462725,"{""type"":""MultiPoint"",""coordinates"":[]}"
20180127,2018-01-27,0.001599829374022695,"{""type"":""MultiPoint"",""coordinates"":[]}"
20180128,2018-01-28,5.537440775652314E-4,"{""type"":""MultiPoint"",""coordinates"":[]}"
20180129,2018-01-29,4.3532508807601764E-4,"{""type"":""MultiPoint"",""coordinates"":[]}"
20180130,2018-01-30,0.0013585862476147418,"{""type"":""MultiPoint"",""coordinates"":[]}"
20180131,2018-01-31,5.377417570583709E-4,"{""type"":""MultiPoint"",""coordinates"":[]}"
20180201,2018-02-01,0.004704652450794865,"{""type"":""MultiPoint"",""coordinates"":[]}"
20180202,2018-02-02,0.0014400437453003074,"{""type"":""MultiPoint"",""coordinates"":[]}"
20180203,2018-02-03,0.0016597162031279098,"{""type"":""MultiPoint"",""coordinates"":[]}"
20180204,2018-02-04,0.001618353078879308,"{""type"":""MultiPoint"",""coordinates"":[]}"
20180205,2018-02-05,8.982335357912067E-4,"{""type"":""MultiPoint"",""coordinates"":[]}"
20180206,2018-02-06,9.308689392460743E-4,"{""type"":""MultiPoint"",""coordinates"":[]}"
20180207,2018-02-07,6.690605755130545E-4,"{""type"":""MultiPoint"",""coordinates"":[]}"
20180208,2018-02-08,6.907401877349769E-4,"{""type"":""MultiPoint"",""coordinates"":[]}"
20180209,2018-02-09,0.0022821442559718776,"{""type"":""MultiPoint"",""coordinates"":[]}"
20180210,2018-02-10,0.007185219396706738,"{""type"":""MultiPoint"",""coordinates"":[]}"
20180211,2018-02-11,0.013269874354623172,"{""type"":""MultiPoint"",""coordinates"":[]}"
20180212,2018-02-12,0.0020093337500738033,"{""type"":""MultiPoint"",""coordinates"":[]}"
20180213,2018-02-13,0.001092562312097368,"{""type"":""MultiPoint"",""coordinates"":[]}"
20180214,2018-02-14,0.002368067172864893,"{""type"":""MultiPoint"",""coordinates"":[]}"
20180215,2018-02-15,0.011670158631592993,"{""type"":""MultiPoint"",""coordinates"":[]}"
20180216,2018-02-16,0.012068277206276574,"{""type"":""MultiPoint"",""coordinates"":[]}"
20180217,2018-02-17,0.023360023872015263,"{""type"":""MultiPoint"",""coordinates"":[]}"
20180218,2018-02-18,0.004632222769549589,"{""type"":""MultiPoint"",""coordinates"":[]}"
20180219,2018-02-19,0.001425400078519714,"{""type"":""MultiPoint"",""coordinates"":[]}"
20180220,2018-02-20,0.0011912314406306065,"{""type"":""MultiPoint"",""coordinates"":[]}"
20180221,2018-02-21,0.0010785280406452483,"{""type"":""MultiPoint"",""coordinates"":[]}"
20180222,2018-02-22,0.0033363419057234446,"{""type"":""MultiPoint"",""coordinates"":[]}"
20180223,2018-02-23,0.0013119808253921538,"{""type"":""MultiPoint"",""coordinates"":[]}"
20180224,2018-02-24,0.001937953434745353,"{""type"":""MultiPoint"",""coordinates"":[]}"
20180225,2018-02-25,0.008494704132588845,"{""type"":""MultiPoint"",""coordinates"":[]}"
20180226,2018-02-26,1.5348464464243905E-4,"{""type"":""MultiPoint"",""coordinates"":[]}"
20180227,2018-02-27,0.0013536999552462457,"{""type"":""MultiPoint"",""coordinates"":[]}"
20180228,2018-02-28,1.7152551347058358E-4,"{""type"":""MultiPoint"",""coordinates"":[]}"
20180301,2018-03-01,0.0011127448404727998,"{""type"":""MultiPoint"",""coordinates"":[]}"
20180302,2018-03-02,0.0030568116131248118,"{""type"":""MultiPoint"",""coordinates"":[]}"
20180303,2018-03-03,0.005096098391977607,"{""type"":""MultiPoint"",""coordinates"":[]}"
20180304,2018-03-04,0.011723993291411447,"{""type"":""MultiPoint"",""coordinates"":[]}"
20180305,2018-03-05,0.0029746371034063725,"{""type"":""MultiPoint"",""coordinates"":[]}"
20180306,2018-03-06,0.004015209183757425,"{""type"":""MultiPoint"",""coordinates"":[]}"
20180307,2018-03-07,0.0014267701683958625,"{""type"":""MultiPoint"",""coordinates"":[]}"
20180308,2018-03-08,7.740177540216669E-4,"{""type"":""MultiPoint"",""coordinates"":[]}"
20180309,2018-03-09,0.0011709225859845226,"{""type"":""MultiPoint"",""coordinates"":[]}"
20180310,2018-03-10,8.263758764962994E-4,"{""type"":""MultiPoint"",""coordinates"":[]}"
20180311,2018-03-11,0.0010868649418922592,"{""type"":""MultiPoint"",""coordinates"":[]}"
20180312,2018-03-12,0.0010342907502975446,"{""type"":""MultiPoint"",""coordinates"":[]}"
20180313,2018-03-13,6.877494177499114E-4,"{""type"":""MultiPoint"",""coordinates"":[]}"
20180314,2018-03-14,6.80634877019243E-4,"{""type"":""MultiPoint"",""coordinates"":[]}"
20180315,2018-03-15,7.361613835441873E-4,"{""type"":""MultiPoint"",""coordinates"":[]}"
20180316,2018-03-16,0.0014384833065609294,"{""type"":""MultiPoint"",""coordinates"":[]}"
20180317,2018-03-17,8.013331368372687E-4,"{""type"":""MultiPoint"",""coordinates"":[]}"
20180318,2018-03-18,1.8460486868118522E-4,"{""type"":""MultiPoint"",""coordinates"":[]}"
20180319,2018-03-19,0.003837556089856883,"{""type"":""MultiPoint"",""coordinates"":[]}"
20180320,2018-03-20,0.038569176393569216,"{""type"":""MultiPoint"",""coordinates"":[]}"
20180321,2018-03-21,0.006528641643339566,"{""type"":""MultiPoint"",""coordinates"":[]}"
20180322,2018-03-22,4.879243191043539E-4,"{""type"":""MultiPoint"",""coordinates"":[]}"
20180323,2018-03-23,8.352131469000025E-4,"{""type"":""MultiPoint"",""coordinates"":[]}"
20180324,2018-03-24,0.0017155711058162708,"{""type"":""MultiPoint"",""coordinates"":[]}"
20180325,2018-03-25,0.0043519424620209095,"{""type"":""MultiPoint"",""coordinates"":[]}"
20180326,2018-03-26,0.008093863355550146,"{""type"":""MultiPoint"",""coordinates"":[]}"
20180327,2018-03-27,9.496693990991261E-4,"{""type"":""MultiPoint"",""coordinates"":[]}"
20180328,2018-03-28,0.0014512066954179554,"{""type"":""MultiPoint"",""coordinates"":[]}"
20180329,2018-03-29,6.050030996142765E-4,"{""type"":""MultiPoint"",""coordinates"":[]}"
20180330,2018-03-30,4.0313798560129245E-4,"{""type"":""MultiPoint"",""coordinates"":[]}"
20180331,2018-03-31,3.367686711366725E-4,"{""type"":""MultiPoint"",""coordinates"":[]}"
20180401,2018-04-01,0.004590106386497807,"{""type"":""MultiPoint"",""coordinates"":[]}"
20180402,2018-04-02,0.019769618047813964,"{""type"":""MultiPoint"",""coordinates"":[]}"
20180403,2018-04-03,0.004257708657843538,"{""type"":""MultiPoint"",""coordinates"":[]}"
20180404,2018-04-04,5.04436224092551E-4,"{""type"":""MultiPoint"",""coordinates"":[]}"
20180405,2018-04-05,0.0012590588661922342,"{""type"":""MultiPoint"",""coordinates"":[]}"
20180406,2018-04-06,0.01023456145321868,"{""type"":""MultiPoint"",""coordinates"":[]}"
20180407,2018-04-07,0.009963922773868573,"{""type"":""MultiPoint"",""coordinates"":[]}"
20180408,2018-04-08,0.005446968761770175,"{""type"":""MultiPoint"",""coordinates"":[]}"
20180409,2018-04-09,0.0032165759642118685,"{""type"":""MultiPoint"",""coordinates"":[]}"
20180410,2018-04-10,0.0053915727481490955,"{""type"":""MultiPoint"",""coordinates"":[]}"
20180411,2018-04-11,0.0019211119790555637,"{""type"":""MultiPoint"",""coordinates"":[]}"
20180412,2018-04-12,0.0024265030544286174,"{""type"":""MultiPoint"",""coordinates"":[]}"
20180413,2018-04-13,0.005690847775378061,"{""type"":""MultiPoint"",""coordinates"":[]}"
20180414,2018-04-14,0.00507851176767799,"{""type"":""MultiPoint"",""coordinates"":[]}"
20180415,2018-04-15,0.01714294028456963,"{""type"":""MultiPoint"",""coordinates"":[]}"
20180416,2018-04-16,0.004992679370532661,"{""type"":""MultiPoint"",""coordinates"":[]}"
20180417,2018-04-17,0.0013276983429434336,"{""type"":""MultiPoint"",""coordinates"":[]}"
20180418,2018-04-18,0.0028762419531108197,"{""type"":""MultiPoint"",""coordinates"":[]}"
20180419,2018-04-19,0.002314652132750648,"{""type"":""MultiPoint"",""coordinates"":[]}"
20180420,2018-04-20,0.014257150427006631,"{""type"":""MultiPoint"",""coordinates"":[]}"
20180421,2018-04-21,0.027784096802890172,"{""type"":""MultiPoint"",""coordinates"":[]}"
20180422,2018-04-22,0.026171996583105244,"{""type"":""MultiPoint"",""coordinates"":[]}"
20180423,2018-04-23,0.002858656219432529,"{""type"":""MultiPoint"",""coordinates"":[]}"
20180424,2018-04-24,0.005569230230063681,"{""type"":""MultiPoint"",""coordinates"":[]}"
20180425,2018-04-25,0.009056966403234687,"{""type"":""MultiPoint"",""coordinates"":[]}"
20180426,2018-04-26,0.023915302461052335,"{""type"":""MultiPoint"",""coordinates"":[]}"
20180427,2018-04-27,0.0058912764511847345,"{""type"":""MultiPoint"",""coordinates"":[]}"
20180428,2018-04-28,0.022478107173615872,"{""type"":""MultiPoint"",""coordinates"":[]}"
20180429,2018-04-29,0.01953613936386849,"{""type"":""MultiPoint"",""coordinates"":[]}"
20180430,2018-04-30,0.012002700412545851,"{""type"":""MultiPoint"",""coordinates"":[]}"
20180501,2018-05-01,0.010607682490813827,"{""type"":""MultiPoint"",""coordinates"":[]}"
20180502,2018-05-02,0.012469388840219775,"{""type"":""MultiPoint"",""coordinates"":[]}"
20180503,2018-05-03,0.006999811672165936,"{""type"":""MultiPoint"",""coordinates"":[]}"
20180504,2018-05-04,0.005929614215137105,"{""type"":""MultiPoint"",""coordinates"":[]}"
20180505,2018-05-05,0.001877251246993029,"{""type"":""MultiPoint"",""coordinates"":[]}"
20180506,2018-05-06,0.0018902915335509791,"{""type"":""MultiPoint"",""coordinates"":[]}"
20180507,2018-05-07,0.010286964944401398,"{""type"":""MultiPoint"",""coordinates"":[]}"
20180508,2018-05-08,0.005664333404802967,"{""type"":""MultiPoint"",""coordinates"":[]}"
20180509,2018-05-09,0.01345462392091421,"{""type"":""MultiPoint"",""coordinates"":[]}"
20180510,2018-05-10,0.03401961097607963,"{""type"":""MultiPoint"",""coordinates"":[]}"
20180511,2018-05-11,0.01010002502352675,"{""type"":""MultiPoint"",""coordinates"":[]}"
20180512,2018-05-12,0.031156268013635288,"{""type"":""MultiPoint"",""coordinates"":[]}"
20180513,2018-05-13,0.0302375532061605,"{""type"":""MultiPoint"",""coordinates"":[]}"
20180514,2018-05-14,0.03571679564785748,"{""type"":""MultiPoint"",""coordinates"":[]}"
20180515,2018-05-15,0.0023883490515982904,"{""type"":""MultiPoint"",""coordinates"":[]}"
20180516,2018-05-16,0.014486447054668696,"{""type"":""MultiPoint"",""coordinates"":[]}"
20180517,2018-05-17,0.01580241142152489,"{""type"":""MultiPoint"",""coordinates"":[]}"
20180518,2018-05-18,0.010640862562183148,"{""type"":""MultiPoint"",""coordinates"":[]}"
20180519,2018-05-19,0.006387113009398029,"{""type"":""MultiPoint"",""coordinates"":[]}"
20180520,2018-05-20,0.01828420047041093,"{""type"":""MultiPoint"",""coordinates"":[]}"
20180521,2018-05-21,0.004438723468469256,"{""type"":""MultiPoint"",""coordinates"":[]}"
20180522,2018-05-22,0.003686261631522375,"{""type"":""MultiPoint"",""coordinates"":[]}"
20180523,2018-05-23,0.007685345556366332,"{""type"":""MultiPoint"",""coordinates"":[]}"
20180524,2018-05-24,0.010702848011865437,"{""type"":""MultiPoint"",""coordinates"":[]}"
20180525,2018-05-25,0.024858221247574273,"{""type"":""MultiPoint"",""coordinates"":[]}"
20180526,2018-05-26,0.039474142725349486,"{""type"":""MultiPoint"",""coordinates"":[]}"
20180527,2018-05-27,0.006967023503274584,"{""type"":""MultiPoint"",""coordinates"":[]}"
20180528,2018-05-28,0.004005655653201661,"{""type"":""MultiPoint"",""coordinates"":[]}"
20180529,2018-05-29,0.0037480697958519596,"{""type"":""MultiPoint"",""coordinates"":[]}"
20180530,2018-05-30,0.010705030113867049,"{""type"":""MultiPoint"",""coordinates"":[]}"
20180531,2018-05-31,0.0351984585477788,"{""type"":""MultiPoint"",""coordinates"":[]}"
20180601,2018-06-01,0.011643758894551161,"{""type"":""MultiPoint"",""coordinates"":[]}"
20180602,2018-06-02,0.006606575245082278,"{""type"":""MultiPoint"",""coordinates"":[]}"
20180603,2018-06-03,0.01269982881551788,"{""type"":""MultiPoint"",""coordinates"":[]}"
20180604,2018-06-04,0.0351334782395194,"{""type"":""MultiPoint"",""coordinates"":[]}"
20180605,2018-06-05,0.01807148284262413,"{""type"":""MultiPoint"",""coordinates"":[]}"
20180606,2018-06-06,0.019850254803970357,"{""type"":""MultiPoint"",""coordinates"":[]}"
20180607,2018-06-07,0.0030373917316580726,"{""type"":""MultiPoint"",""coordinates"":[]}"
20180608,2018-06-08,0.0365306799001386,"{""type"":""MultiPoint"",""coordinates"":[]}"
20180609,2018-06-09,0.01762467769247815,"{""type"":""MultiPoint"",""coordinates"":[]}"
20180610,2018-06-10,0.010047495879544795,"{""type"":""MultiPoint"",""coordinates"":[]}"
20180611,2018-06-11,0.0198543245977956,"{""type"":""MultiPoint"",""coordinates"":[]}"
20180612,2018-06-12,0.01794535109743446,"{""type"":""MultiPoint"",""coordinates"":[]}"
20180613,2018-06-13,0.010037044174336856,"{""type"":""MultiPoint"",""coordinates"":[]}"
20180614,2018-06-14,0.011581645022081158,"{""type"":""MultiPoint"",""coordinates"":[]}"
20180615,2018-06-15,0.012805937495473063,"{""type"":""MultiPoint"",""coordinates"":[]}"
20180616,2018-06-16,0.012065917382307941,"{""type"":""MultiPoint"",""coordinates"":[]}"
20180617,2018-06-17,0.013236729822397524,"{""type"":""MultiPoint"",""coordinates"":[]}"
20180618,2018-06-18,0.012239685775684279,"{""type"":""MultiPoint"",""coordinates"":[]}"
20180619,2018-06-19,0.017070421646768672,"{""type"":""MultiPoint"",""coordinates"":[]}"
20180620,2018-06-20,0.010770696044473935,"{""type"":""MultiPoint"",""coordinates"":[]}"
20180621,2018-06-21,0.02333194044980102,"{""type"":""MultiPoint"",""coordinates"":[]}"
20180622,2018-06-22,0.012588244244682653,"{""type"":""MultiPoint"",""coordinates"":[]}"
20180623,2018-06-23,0.022227286929480103,"{""type"":""MultiPoint"",""coordinates"":[]}"
20180624,2018-06-24,0.0240960690487658,"{""type"":""MultiPoint"",""coordinates"":[]}"
20180625,2018-06-25,0.015062769390779145,"{""type"":""MultiPoint"",""coordinates"":[]}"
20180626,2018-06-26,0.011628199513202736,"{""type"":""MultiPoint"",""coordinates"":[]}"
20180627,2018-06-27,0.01011363158282952,"{""type"":""MultiPoint"",""coordinates"":[]}"
20180628,2018-06-28,0.008415408538754828,"{""type"":""MultiPoint"",""coordinates"":[]}"
20180629,2018-06-29,0.016045695312589196,"{""type"":""MultiPoint"",""coordinates"":[]}"
20180630,2018-06-30,0.022636073664359498,"{""type"":""MultiPoint"",""coordinates"":[]}"
20180701,2018-07-01,0.02006894030586772,"{""type"":""MultiPoint"",""coordinates"":[]}"
20180702,2018-07-02,0.015246487883654456,"{""type"":""MultiPoint"",""coordinates"":[]}"
20180703,2018-07-03,0.014525796603657642,"{""type"":""MultiPoint"",""coordinates"":[]}"
20180704,2018-07-04,0.010593845819278214,"{""type"":""MultiPoint"",""coordinates"":[]}"
20180705,2018-07-05,0.004716535532158464,"{""type"":""MultiPoint"",""coordinates"":[]}"
20180706,2018-07-06,0.013785514715822986,"{""type"":""MultiPoint"",""coordinates"":[]}"
20180707,2018-07-07,0.010414186749848647,"{""type"":""MultiPoint"",""coordinates"":[]}"
20180708,2018-07-08,0.005275730549819092,"{""type"":""MultiPoint"",""coordinates"":[]}"
20180709,2018-07-09,0.017221483839004216,"{""type"":""MultiPoint"",""coordinates"":[]}"
20180710,2018-07-10,0.010317369077608158,"{""type"":""MultiPoint"",""coordinates"":[]}"
20180711,2018-07-11,0.01931426893408853,"{""type"":""MultiPoint"",""coordinates"":[]}"
20180712,2018-07-12,0.01030058425211838,"{""type"":""MultiPoint"",""coordinates"":[]}"
20180713,2018-07-13,0.014493557313898038,"{""type"":""MultiPoint"",""coordinates"":[]}"
20180714,2018-07-14,0.002658545523802515,"{""type"":""MultiPoint"",""coordinates"":[]}"
20180715,2018-07-15,0.007988837827625616,"{""type"":""MultiPoint"",""coordinates"":[]}"
20180716,2018-07-16,0.008409850336723769,"{""type"":""MultiPoint"",""coordinates"":[]}"
20180717,2018-07-17,0.011397748421499805,"{""type"":""MultiPoint"",""coordinates"":[]}"
20180718,2018-07-18,0.013370387009302842,"{""type"":""MultiPoint"",""coordinates"":[]}"
20180719,2018-07-19,0.008391677592768869,"{""type"":""MultiPoint"",""coordinates"":[]}"
20180720,2018-07-20,0.005719642991556878,"{""type"":""MultiPoint"",""coordinates"":[]}"
20180721,2018-07-21,0.00679354654854609,"{""type"":""MultiPoint"",""coordinates"":[]}"
20180722,2018-07-22,0.005130279580069649,"{""type"":""MultiPoint"",""coordinates"":[]}"
20180723,2018-07-23,0.0026697376756369823,"{""type"":""MultiPoint"",""coordinates"":[]}"
20180724,2018-07-24,0.024648322693088833,"{""type"":""MultiPoint"",""coordinates"":[]}"
20180725,2018-07-25,0.011348548046752843,"{""type"":""MultiPoint"",""coordinates"":[]}"
20180726,2018-07-26,0.011841760862778104,"{""type"":""MultiPoint"",""coordinates"":[]}"
20180727,2018-07-27,0.009305789686440217,"{""type"":""MultiPoint"",""coordinates"":[]}"
20180728,2018-07-28,0.012714906821905994,"{""type"":""MultiPoint"",""coordinates"":[]}"
20180729,2018-07-29,0.012693229013614596,"{""type"":""MultiPoint"",""coordinates"":[]}"
20180730,2018-07-30,0.027923476703968383,"{""type"":""MultiPoint"",""coordinates"":[]}"
20180731,2018-07-31,0.004360225058827967,"{""type"":""MultiPoint"",""coordinates"":[]}"
20180801,2018-08-01,0.009563459931735805,"{""type"":""MultiPoint"",""coordinates"":[]}"
20180802,2018-08-02,0.007054014181037056,"{""type"":""MultiPoint"",""coordinates"":[]}"
20180803,2018-08-03,0.004098262937487152,"{""type"":""MultiPoint"",""coordinates"":[]}"
20180804,2018-08-04,0.001528248042564931,"{""type"":""MultiPoint"",""coordinates"":[]}"
20180805,2018-08-05,0.007949276263785466,"{""type"":""MultiPoint"",""coordinates"":[]}"
20180806,2018-08-06,0.007970444696803235,"{""type"":""MultiPoint"",""coordinates"":[]}"
20180807,2018-08-07,0.004510300893955973,"{""type"":""MultiPoint"",""coordinates"":[]}"
20180808,2018-08-08,0.0033960704573368396,"{""type"":""MultiPoint"",""coordinates"":[]}"
20180809,2018-08-09,0.001682081581216997,"{""type"":""MultiPoint"",""coordinates"":[]}"
20180810,2018-08-10,0.006462037568407348,"{""type"":""MultiPoint"",""coordinates"":[]}"
20180811,2018-08-11,0.0063500728631659415,"{""type"":""MultiPoint"",""coordinates"":[]}"
20180812,2018-08-12,0.007819514636167466,"{""type"":""MultiPoint"",""coordinates"":[]}"
20180813,2018-08-13,0.0037441711368094797,"{""type"":""MultiPoint"",""coordinates"":[]}"
20180814,2018-08-14,0.003779823904321379,"{""type"":""MultiPoint"",""coordinates"":[]}"
20180815,2018-08-15,0.007561594792808079,"{""type"":""MultiPoint"",""coordinates"":[]}"
20180816,2018-08-16,0.005388234334108224,"{""type"":""MultiPoint"",""coordinates"":[]}"
20180817,2018-08-17,0.00205257675794185,"{""type"":""MultiPoint"",""coordinates"":[]}"
20180818,2018-08-18,0.0027924734169580993,"{""type"":""MultiPoint"",""coordinates"":[]}"
20180819,2018-08-19,0.005020307227731444,"{""type"":""MultiPoint"",""coordinates"":[]}"
20180820,2018-08-20,0.0029386565679196093,"{""type"":""MultiPoint"",""coordinates"":[]}"
20180821,2018-08-21,0.0038794824241684877,"{""type"":""MultiPoint"",""coordinates"":[]}"
20180822,2018-08-22,9.65655548681032E-4,"{""type"":""MultiPoint"",""coordinates"":[]}"
20180823,2018-08-23,0.002245462785741627,"{""type"":""MultiPoint"",""coordinates"":[]}"
20180824,2018-08-24,0.001972677150510486,"{""type"":""MultiPoint"",""coordinates"":[]}"
20180825,2018-08-25,0.0012815892836920927,"{""type"":""MultiPoint"",""coordinates"":[]}"
20180826,2018-08-26,0.00755258737349018,"{""type"":""MultiPoint"",""coordinates"":[]}"
20180827,2018-08-27,0.008765738790626539,"{""type"":""MultiPoint"",""coordinates"":[]}"
20180828,2018-08-28,0.006690273569921242,"{""type"":""MultiPoint"",""coordinates"":[]}"
20180829,2018-08-29,0.0011303176774912248,"{""type"":""MultiPoint"",""coordinates"":[]}"
20180830,2018-08-30,0.0030536779882777082,"{""type"":""MultiPoint"",""coordinates"":[]}"
20180831,2018-08-31,0.010244922457852202,"{""type"":""MultiPoint"",""coordinates"":[]}"
20180901,2018-09-01,0.004719891375826638,"{""type"":""MultiPoint"",""coordinates"":[]}"
20180902,2018-09-02,0.012163728290476085,"{""type"":""MultiPoint"",""coordinates"":[]}"
20180903,2018-09-03,0.013651098414513042,"{""type"":""MultiPoint"",""coordinates"":[]}"
20180904,2018-09-04,0.010670918249278119,"{""type"":""MultiPoint"",""coordinates"":[]}"
20180905,2018-09-05,0.009660287979484629,"{""type"":""MultiPoint"",""coordinates"":[]}"
20180906,2018-09-06,0.003728605505501106,"{""type"":""MultiPoint"",""coordinates"":[]}"
20180907,2018-09-07,0.001171045367997303,"{""type"":""MultiPoint"",""coordinates"":[]}"
20180908,2018-09-08,0.003725057352582672,"{""type"":""MultiPoint"",""coordinates"":[]}"
20180909,2018-09-09,0.0024450011015899843,"{""type"":""MultiPoint"",""coordinates"":[]}"
20180910,2018-09-10,0.006032077350616249,"{""type"":""MultiPoint"",""coordinates"":[]}"
20180911,2018-09-11,0.0071650619045861815,"{""type"":""MultiPoint"",""coordinates"":[]}"
20180912,2018-09-12,0.012551078354570819,"{""type"":""MultiPoint"",""coordinates"":[]}"
20180913,2018-09-13,0.0029769513424220515,"{""type"":""MultiPoint"",""coordinates"":[]}"
20180914,2018-09-14,4.272356276824754E-4,"{""type"":""MultiPoint"",""coordinates"":[]}"
20180915,2018-09-15,0.0024848324423881415,"{""type"":""MultiPoint"",""coordinates"":[]}"
20180916,2018-09-16,0.006199221704090538,"{""type"":""MultiPoint"",""coordinates"":[]}"
20180917,2018-09-17,0.0029544439724834013,"{""type"":""MultiPoint"",""coordinates"":[]}"
20180918,2018-09-18,0.003122943510723069,"{""type"":""MultiPoint"",""coordinates"":[]}"
20180919,2018-09-19,0.004876892539177872,"{""type"":""MultiPoint"",""coordinates"":[]}"
20180920,2018-09-20,0.0028070298545520775,"{""type"":""MultiPoint"",""coordinates"":[]}"
20180921,2018-09-21,0.0031729112749386023,"{""type"":""MultiPoint"",""coordinates"":[]}"
20180922,2018-09-22,5.377349611092541E-4,"{""type"":""MultiPoint"",""coordinates"":[]}"
20180923,2018-09-23,0.0031647013236264458,"{""type"":""MultiPoint"",""coordinates"":[]}"
20180924,2018-09-24,0.004448378278943466,"{""type"":""MultiPoint"",""coordinates"":[]}"
20180925,2018-09-25,0.010761383028914938,"{""type"":""MultiPoint"",""coordinates"":[]}"
20180926,2018-09-26,0.003772749813733084,"{""type"":""MultiPoint"",""coordinates"":[]}"
20180927,2018-09-27,3.139168613355362E-4,"{""type"":""MultiPoint"",""coordinates"":[]}"
20180928,2018-09-28,0.00281637106788206,"{""type"":""MultiPoint"",""coordinates"":[]}"
20180929,2018-09-29,0.001904532506914053,"{""type"":""MultiPoint"",""coordinates"":[]}"
20180930,2018-09-30,2.325629389030246E-4,"{""type"":""MultiPoint"",""coordinates"":[]}"
20181001,2018-10-01,5.262607165362576E-4,"{""type"":""MultiPoint"",""coordinates"":[]}"
20181002,2018-10-02,0.002547164770834832,"{""type"":""MultiPoint"",""coordinates"":[]}"
20181003,2018-10-03,0.0017732427420958745,"{""type"":""MultiPoint"",""coordinates"":[]}"
20181004,2018-10-04,8.417740893307013E-4,"{""type"":""MultiPoint"",""coordinates"":[]}"
20181005,2018-10-05,4.180387003961112E-4,"{""type"":""MultiPoint"",""coordinates"":[]}"
20181006,2018-10-06,1.5077970788851853E-4,"{""type"":""MultiPoint"",""coordinates"":[]}"
20181007,2018-10-07,5.608874476537266E-4,"{""type"":""MultiPoint"",""coordinates"":[]}"
20181008,2018-10-08,3.359516604573024E-4,"{""type"":""MultiPoint"",""coordinates"":[]}"
20181009,2018-10-09,1.4540003484121345E-4,"{""type"":""MultiPoint"",""coordinates"":[]}"
20181010,2018-10-10,4.352972858892972E-4,"{""type"":""MultiPoint"",""coordinates"":[]}"
20181011,2018-10-11,3.410610477431527E-4,"{""type"":""MultiPoint"",""coordinates"":[]}"
20181012,2018-10-12,4.2194783500338706E-4,"{""type"":""MultiPoint"",""coordinates"":[]}"
20181013,2018-10-13,2.6547779695180047E-4,"{""type"":""MultiPoint"",""coordinates"":[]}"
20181014,2018-10-14,0.0014638394488740614,"{""type"":""MultiPoint"",""coordinates"":[]}"
20181015,2018-10-15,0.0013990337623318474,"{""type"":""MultiPoint"",""coordinates"":[]}"
20181016,2018-10-16,0.0032348910877347597,"{""type"":""MultiPoint"",""coordinates"":[]}"
20181017,2018-10-17,0.0011143243285737794,"{""type"":""MultiPoint"",""coordinates"":[]}"
20181018,2018-10-18,0.0027259222750987684,"{""type"":""MultiPoint"",""coordinates"":[]}"
20181019,2018-10-19,0.00474414402616425,"{""type"":""MultiPoint"",""coordinates"":[]}"
20181020,2018-10-20,0.01673867182724022,"{""type"":""MultiPoint"",""coordinates"":[]}"
20181021,2018-10-21,0.0014373086073846445,"{""type"":""MultiPoint"",""coordinates"":[]}"
20181022,2018-10-22,8.950479799741444E-4,"{""type"":""MultiPoint"",""coordinates"":[]}"
20181023,2018-10-23,5.884108638754038E-4,"{""type"":""MultiPoint"",""coordinates"":[]}"
20181024,2018-10-24,7.888347778937109E-5,"{""type"":""MultiPoint"",""coordinates"":[]}"
20181025,2018-10-25,3.668511986519041E-4,"{""type"":""MultiPoint"",""coordinates"":[]}"
20181026,2018-10-26,0.0045355528140344084,"{""type"":""MultiPoint"",""coordinates"":[]}"
20181027,2018-10-27,0.003318250652827866,"{""type"":""MultiPoint"",""coordinates"":[]}"
20181028,2018-10-28,0.005143944866887498,"{""type"":""MultiPoint"",""coordinates"":[]}"
20181029,2018-10-29,0.007182045543063899,"{""type"":""MultiPoint"",""coordinates"":[]}"
20181030,2018-10-30,0.002027653902360435,"{""type"":""MultiPoint"",""coordinates"":[]}"
20181031,2018-10-31,0.001224292812426705,"{""type"":""MultiPoint"",""coordinates"":[]}"
20181101,2018-11-01,0.007607657523062268,"{""type"":""MultiPoint"",""coordinates"":[]}"
20181102,2018-11-02,0.01166244670833931,"{""type"":""MultiPoint"",""coordinates"":[]}"
20181103,2018-11-03,0.009188886045409055,"{""type"":""MultiPoint"",""coordinates"":[]}"
20181104,2018-11-04,0.007200833478353494,"{""type"":""MultiPoint"",""coordinates"":[]}"
20181105,2018-11-05,0.0038086119855723277,"{""type"":""MultiPoint"",""coordinates"":[]}"
20181106,2018-11-06,0.00761942511206258,"{""type"":""MultiPoint"",""coordinates"":[]}"
20181107,2018-11-07,0.0033588600219117506,"{""type"":""MultiPoint"",""coordinates"":[]}"
20181108,2018-11-08,8.017046843119679E-4,"{""type"":""MultiPoint"",""coordinates"":[]}"
20181109,2018-11-09,0.0012278345439128474,"{""type"":""MultiPoint"",""coordinates"":[]}"
20181110,2018-11-10,4.0418886573775323E-4,"{""type"":""MultiPoint"",""coordinates"":[]}"
20181111,2018-11-11,8.151323068647169E-4,"{""type"":""MultiPoint"",""coordinates"":[]}"
20181112,2018-11-12,0.0031453576237511307,"{""type"":""MultiPoint"",""coordinates"":[]}"
20181113,2018-11-13,0.0029037773532611753,"{""type"":""MultiPoint"",""coordinates"":[]}"
20181114,2018-11-14,0.012666470140062667,"{""type"":""MultiPoint"",""coordinates"":[]}"
20181115,2018-11-15,0.014497337719354454,"{""type"":""MultiPoint"",""coordinates"":[]}"
20181116,2018-11-16,0.004353078113341865,"{""type"":""MultiPoint"",""coordinates"":[]}"
20181117,2018-11-17,0.005850759387291219,"{""type"":""MultiPoint"",""coordinates"":[]}"
20181118,2018-11-18,0.004406880653221876,"{""type"":""MultiPoint"",""coordinates"":[]}"
20181119,2018-11-19,0.027758002796372656,"{""type"":""MultiPoint"",""coordinates"":[]}"
20181120,2018-11-20,0.00294688043552217,"{""type"":""MultiPoint"",""coordinates"":[]}"
20181121,2018-11-21,0.005688084525696295,"{""type"":""MultiPoint"",""coordinates"":[]}"
20181122,2018-11-22,0.0016586663293386567,"{""type"":""MultiPoint"",""coordinates"":[]}"
20181123,2018-11-23,6.850872903394256E-4,"{""type"":""MultiPoint"",""coordinates"":[]}"
20181124,2018-11-24,0.002684092616098614,"{""type"":""MultiPoint"",""coordinates"":[]}"
20181125,2018-11-25,0.006147555516362895,"{""type"":""MultiPoint"",""coordinates"":[]}"
20181126,2018-11-26,0.010713912140789452,"{""type"":""MultiPoint"",""coordinates"":[]}"
20181127,2018-11-27,0.014570228966434073,"{""type"":""MultiPoint"",""coordinates"":[]}"
20181128,2018-11-28,0.011015754111448398,"{""type"":""MultiPoint"",""coordinates"":[]}"
20181129,2018-11-29,0.0018893776296703855,"{""type"":""MultiPoint"",""coordinates"":[]}"
20181130,2018-11-30,8.793058289292513E-4,"{""type"":""MultiPoint"",""coordinates"":[]}"
20181201,2018-12-01,0.0010289979339724803,"{""type"":""MultiPoint"",""coordinates"":[]}"
20181202,2018-12-02,0.001298859521994524,"{""type"":""MultiPoint"",""coordinates"":[]}"
20181203,2018-12-03,0.004020748608274953,"{""type"":""MultiPoint"",""coordinates"":[]}"
20181204,2018-12-04,0.004240535782819728,"{""type"":""MultiPoint"",""coordinates"":[]}"
20181205,2018-12-05,0.0016182000660545585,"{""type"":""MultiPoint"",""coordinates"":[]}"
20181206,2018-12-06,0.006028131403617905,"{""type"":""MultiPoint"",""coordinates"":[]}"
20181207,2018-12-07,0.008754076036491892,"{""type"":""MultiPoint"",""coordinates"":[]}"
20181208,2018-12-08,0.0030038363482087927,"{""type"":""MultiPoint"",""coordinates"":[]}"
20181209,2018-12-09,0.0012994669774031285,"{""type"":""MultiPoint"",""coordinates"":[]}"
20181210,2018-12-10,2.7235556420998006E-4,"{""type"":""MultiPoint"",""coordinates"":[]}"
20181211,2018-12-11,0.017797710677467597,"{""type"":""MultiPoint"",""coordinates"":[]}"
20181212,2018-12-12,0.00852528660655215,"{""type"":""MultiPoint"",""coordinates"":[]}"
20181213,2018-12-13,0.0014012451629632188,"{""type"":""MultiPoint"",""coordinates"":[]}"
20181214,2018-12-14,0.0019109709564172127,"{""type"":""MultiPoint"",""coordinates"":[]}"
20181215,2018-12-15,0.0013620535336163607,"{""type"":""MultiPoint"",""coordinates"":[]}"
20181216,2018-12-16,0.0010077191150471897,"{""type"":""MultiPoint"",""coordinates"":[]}"
20181217,2018-12-17,0.0026546077715712073,"{""type"":""MultiPoint"",""coordinates"":[]}"
20181218,2018-12-18,0.005441398739501926,"{""type"":""MultiPoint"",""coordinates"":[]}"
20181219,2018-12-19,0.006006970174829345,"{""type"":""MultiPoint"",""coordinates"":[]}"
20181220,2018-12-20,0.0021442076710468994,"{""type"":""MultiPoint"",""coordinates"":[]}"
20181221,2018-12-21,0.001351731777995172,"{""type"":""MultiPoint"",""coordinates"":[]}"
20181222,2018-12-22,0.0017133677715955038,"{""type"":""MultiPoint"",""coordinates"":[]}"
20181223,2018-12-23,0.0029937743348360116,"{""type"":""MultiPoint"",""coordinates"":[]}"
20181224,2018-12-24,0.0028839962043374005,"{""type"":""MultiPoint"",""coordinates"":[]}"
20181225,2018-12-25,0.0015205954562153992,"{""type"":""MultiPoint"",""coordinates"":[]}"
20181226,2018-12-26,0.006188908422371949,"{""type"":""MultiPoint"",""coordinates"":[]}"
20181227,2018-12-27,0.01141900746271507,"{""type"":""MultiPoint"",""coordinates"":[]}"
20181228,2018-12-28,0.0012897384732983533,"{""type"":""MultiPoint"",""coordinates"":[]}"
20181229,2018-12-29,0.0014148162938945694,"{""type"":""MultiPoint"",""coordinates"":[]}"
20181230,2018-12-30,0.001947509922049938,"{""type"":""MultiPoint"",""coordinates"":[]}"
20181231,2018-12-31,0.001355869852800802,"{""type"":""MultiPoint"",""coordinates"":[]}"
20190101,2019-01-01,8.44677030373971E-4,"{""type"":""MultiPoint"",""coordinates"":[]}"
20190102,2019-01-02,0.00184392915957794,"{""type"":""MultiPoint"",""coordinates"":[]}"
20190103,2019-01-03,0.0042116849588304354,"{""type"":""MultiPoint"",""coordinates"":[]}"
20190104,2019-01-04,0.0051572480146730515,"{""type"":""MultiPoint"",""coordinates"":[]}"
20190105,2019-01-05,0.00229051985291985,"{""type"":""MultiPoint"",""coordinates"":[]}"
20190106,2019-01-06,0.00250134026460498,"{""type"":""MultiPoint"",""coordinates"":[]}"
20190107,2019-01-07,0.005528269838801664,"{""type"":""MultiPoint"",""coordinates"":[]}"
20190108,2019-01-08,9.310236376575948E-4,"{""type"":""MultiPoint"",""coordinates"":[]}"
20190109,2019-01-09,0.0015697720465758082,"{""type"":""MultiPoint"",""coordinates"":[]}"
20190110,2019-01-10,0.001244494550571545,"{""type"":""MultiPoint"",""coordinates"":[]}"
20190111,2019-01-11,0.0010812388526956964,"{""type"":""MultiPoint"",""coordinates"":[]}"
20190112,2019-01-12,0.0019447635357267906,"{""type"":""MultiPoint"",""coordinates"":[]}"
20190113,2019-01-13,0.00716792703729318,"{""type"":""MultiPoint"",""coordinates"":[]}"
20190114,2019-01-14,0.004031882039543459,"{""type"":""MultiPoint"",""coordinates"":[]}"
20190115,2019-01-15,0.0037099929781775603,"{""type"":""MultiPoint"",""coordinates"":[]}"
20190116,2019-01-16,0.0024082017448091237,"{""type"":""MultiPoint"",""coordinates"":[]}"
20190117,2019-01-17,0.002116168361378182,"{""type"":""MultiPoint"",""coordinates"":[]}"
20190118,2019-01-18,0.00215646656387221,"{""type"":""MultiPoint"",""coordinates"":[]}"
20190119,2019-01-19,0.0018593506393108326,"{""type"":""MultiPoint"",""coordinates"":[]}"
20190120,2019-01-20,0.0016191470680721083,"{""type"":""MultiPoint"",""coordinates"":[]}"
20190121,2019-01-21,0.001089952782761352,"{""type"":""MultiPoint"",""coordinates"":[]}"
20190122,2019-01-22,6.277705465838496E-4,"{""type"":""MultiPoint"",""coordinates"":[]}"
20190123,2019-01-23,6.219799409824586E-4,"{""type"":""MultiPoint"",""coordinates"":[]}"
20190124,2019-01-24,8.272689515167678E-4,"{""type"":""MultiPoint"",""coordinates"":[]}"
20190125,2019-01-25,8.24126294272269E-4,"{""type"":""MultiPoint"",""coordinates"":[]}"
20190126,2019-01-26,0.001337271846802111,"{""type"":""MultiPoint"",""coordinates"":[]}"
20190127,2019-01-27,0.0015360692206437953,"{""type"":""MultiPoint"",""coordinates"":[]}"
20190128,2019-01-28,0.0019195912304705001,"{""type"":""MultiPoint"",""coordinates"":[]}"
20190129,2019-01-29,0.0020774385199460446,"{""type"":""MultiPoint"",""coordinates"":[]}"
20190130,2019-01-30,0.002217469373659407,"{""type"":""MultiPoint"",""coordinates"":[]}"
20190131,2019-01-31,0.001801709204878097,"{""type"":""MultiPoint"",""coordinates"":[]}"
20190201,2019-02-01,0.0061562976103872475,"{""type"":""MultiPoint"",""coordinates"":[]}"
20190202,2019-02-02,0.0023436044115316234,"{""type"":""MultiPoint"",""coordinates"":[]}"
20190203,2019-02-03,0.0037412219015802196,"{""type"":""MultiPoint"",""coordinates"":[]}"
20190204,2019-02-04,0.0020051014588454434,"{""type"":""MultiPoint"",""coordinates"":[]}"
20190205,2019-02-05,7.511550878738984E-4,"{""type"":""MultiPoint"",""coordinates"":[]}"
20190206,2019-02-06,0.002955018879950004,"{""type"":""MultiPoint"",""coordinates"":[]}"
20190207,2019-02-07,0.0027125197396143884,"{""type"":""MultiPoint"",""coordinates"":[]}"
20190208,2019-02-08,0.0013997060701804315,"{""type"":""MultiPoint"",""coordinates"":[]}"
20190209,2019-02-09,9.626076705771735E-4,"{""type"":""MultiPoint"",""coordinates"":[]}"
20190210,2019-02-10,0.0010677295598189654,"{""type"":""MultiPoint"",""coordinates"":[]}"
20190211,2019-02-11,0.0021344205850969086,"{""type"":""MultiPoint"",""coordinates"":[]}"
20190212,2019-02-12,0.005459680959608292,"{""type"":""MultiPoint"",""coordinates"":[]}"
20190213,2019-02-13,0.013343178759208155,"{""type"":""MultiPoint"",""coordinates"":[]}"
20190214,2019-02-14,0.0033096256534097764,"{""type"":""MultiPoint"",""coordinates"":[]}"
20190215,2019-02-15,6.924888352997468E-4,"{""type"":""MultiPoint"",""coordinates"":[]}"
20190216,2019-02-16,7.543763270258307E-4,"{""type"":""MultiPoint"",""coordinates"":[]}"
20190217,2019-02-17,4.7614445141259173E-4,"{""type"":""MultiPoint"",""coordinates"":[]}"
20190218,2019-02-18,0.0015347928833383735,"{""type"":""MultiPoint"",""coordinates"":[]}"
20190219,2019-02-19,0.001965379137221293,"{""type"":""MultiPoint"",""coordinates"":[]}"
20190220,2019-02-20,0.0018434952139696418,"{""type"":""MultiPoint"",""coordinates"":[]}"
20190221,2019-02-21,0.0013916918322354169,"{""type"":""MultiPoint"",""coordinates"":[]}"
20190222,2019-02-22,2.1019963288777525E-4,"{""type"":""MultiPoint"",""coordinates"":[]}"
20190223,2019-02-23,0.0011848880132442011,"{""type"":""MultiPoint"",""coordinates"":[]}"
20190224,2019-02-24,0.0014301271595148805,"{""type"":""MultiPoint"",""coordinates"":[]}"
20190225,2019-02-25,9.362451240888982E-4,"{""type"":""MultiPoint"",""coordinates"":[]}"
20190226,2019-02-26,0.0024447890411766777,"{""type"":""MultiPoint"",""coordinates"":[]}"
20190227,2019-02-27,0.001484810142576811,"{""type"":""MultiPoint"",""coordinates"":[]}"
20190228,2019-02-28,0.0011134781410459778,"{""type"":""MultiPoint"",""coordinates"":[]}"
20190301,2019-03-01,9.458836198625762E-4,"{""type"":""MultiPoint"",""coordinates"":[]}"
20190302,2019-03-02,6.168619257427531E-4,"{""type"":""MultiPoint"",""coordinates"":[]}"
20190303,2019-03-03,7.556526785503699E-4,"{""type"":""MultiPoint"",""coordinates"":[]}"
20190304,2019-03-04,6.369463101109962E-4,"{""type"":""MultiPoint"",""coordinates"":[]}"
20190305,2019-03-05,3.001013367730035E-4,"{""type"":""MultiPoint"",""coordinates"":[]}"
20190306,2019-03-06,0.0019388542597096985,"{""type"":""MultiPoint"",""coordinates"":[]}"
20190307,2019-03-07,4.860911548760824E-4,"{""type"":""MultiPoint"",""coordinates"":[]}"
20190308,2019-03-08,9.863414363744246E-4,"{""type"":""MultiPoint"",""coordinates"":[]}"
20190309,2019-03-09,8.009009346554738E-4,"{""type"":""MultiPoint"",""coordinates"":[]}"
20190310,2019-03-10,0.0011947612965916385,"{""type"":""MultiPoint"",""coordinates"":[]}"
20190311,2019-03-11,9.054103263551659E-4,"{""type"":""MultiPoint"",""coordinates"":[]}"
20190312,2019-03-12,4.126174741313586E-4,"{""type"":""MultiPoint"",""coordinates"":[]}"
20190313,2019-03-13,5.189917014737103E-4,"{""type"":""MultiPoint"",""coordinates"":[]}"
20190314,2019-03-14,0.006250617830351518,"{""type"":""MultiPoint"",""coordinates"":[]}"
20190315,2019-03-15,0.0026623434104543443,"{""type"":""MultiPoint"",""coordinates"":[]}"
20190316,2019-03-16,4.1092018812724984E-4,"{""type"":""MultiPoint"",""coordinates"":[]}"
20190317,2019-03-17,7.958751869663593E-4,"{""type"":""MultiPoint"",""coordinates"":[]}"
20190318,2019-03-18,1.3067388321580706E-4,"{""type"":""MultiPoint"",""coordinates"":[]}"
20190319,2019-03-19,9.966387077467614E-4,"{""type"":""MultiPoint"",""coordinates"":[]}"
20190320,2019-03-20,0.0015292272481726272,"{""type"":""MultiPoint"",""coordinates"":[]}"
20190321,2019-03-21,0.0015586594931364275,"{""type"":""MultiPoint"",""coordinates"":[]}"
20190322,2019-03-22,9.27142836179829E-4,"{""type"":""MultiPoint"",""coordinates"":[]}"
20190323,2019-03-23,0.0014960132658977815,"{""type"":""MultiPoint"",""coordinates"":[]}"
20190324,2019-03-24,0.0013947289119371666,"{""type"":""MultiPoint"",""coordinates"":[]}"
20190325,2019-03-25,6.399196047724814E-4,"{""type"":""MultiPoint"",""coordinates"":[]}"
20190326,2019-03-26,1.972364970989111E-4,"{""type"":""MultiPoint"",""coordinates"":[]}"
20190327,2019-03-27,3.704135624155147E-4,"{""type"":""MultiPoint"",""coordinates"":[]}"
20190328,2019-03-28,6.271961585954782E-4,"{""type"":""MultiPoint"",""coordinates"":[]}"
20190329,2019-03-29,6.065644811604086E-4,"{""type"":""MultiPoint"",""coordinates"":[]}"
20190330,2019-03-30,9.900839162073553E-4,"{""type"":""MultiPoint"",""coordinates"":[]}"
20190331,2019-03-31,5.433583201931083E-4,"{""type"":""MultiPoint"",""coordinates"":[]}"
20190401,2019-04-01,2.3770403384923295E-4,"{""type"":""MultiPoint"",""coordinates"":[]}"
20190402,2019-04-02,1.87918936620858E-4,"{""type"":""MultiPoint"",""coordinates"":[]}"
20190403,2019-04-03,9.696298524220414E-4,"{""type"":""MultiPoint"",""coordinates"":[]}"
20190404,2019-04-04,0.0019974111689710153,"{""type"":""MultiPoint"",""coordinates"":[]}"
20190405,2019-04-05,0.0017611941246929441,"{""type"":""MultiPoint"",""coordinates"":[]}"
20190406,2019-04-06,0.001283781648486653,"{""type"":""MultiPoint"",""coordinates"":[]}"
20190407,2019-04-07,7.231587122885907E-4,"{""type"":""MultiPoint"",""coordinates"":[]}"
20190408,2019-04-08,9.212349561945528E-4,"{""type"":""MultiPoint"",""coordinates"":[]}"
20190409,2019-04-09,0.0011430696938104427,"{""type"":""MultiPoint"",""coordinates"":[]}"
20190410,2019-04-10,0.005517255683660388,"{""type"":""MultiPoint"",""coordinates"":[]}"
20190411,2019-04-11,0.00613053464403733,"{""type"":""MultiPoint"",""coordinates"":[]}"
20190412,2019-04-12,0.0015562248050433477,"{""type"":""MultiPoint"",""coordinates"":[]}"
20190413,2019-04-13,0.0023995790147457656,"{""type"":""MultiPoint"",""coordinates"":[]}"
20190414,2019-04-14,0.0033906441186003456,"{""type"":""MultiPoint"",""coordinates"":[]}"
20190415,2019-04-15,0.0020161721201067194,"{""type"":""MultiPoint"",""coordinates"":[]}"
20190416,2019-04-16,0.004868468106561264,"{""type"":""MultiPoint"",""coordinates"":[]}"
20190417,2019-04-17,0.00797856706434124,"{""type"":""MultiPoint"",""coordinates"":[]}"
20190418,2019-04-18,0.0058761801080587294,"{""type"":""MultiPoint"",""coordinates"":[]}"
20190419,2019-04-19,0.0015032186667649529,"{""type"":""MultiPoint"",""coordinates"":[]}"
20190420,2019-04-20,0.005683790677708504,"{""type"":""MultiPoint"",""coordinates"":[]}"
20190421,2019-04-21,0.002865659877893772,"{""type"":""MultiPoint"",""coordinates"":[]}"
20190422,2019-04-22,0.0018889305566991443,"{""type"":""MultiPoint"",""coordinates"":[]}"
20190423,2019-04-23,0.014760105122756469,"{""type"":""MultiPoint"",""coordinates"":[]}"
20190424,2019-04-24,0.009673027008657667,"{""type"":""MultiPoint"",""coordinates"":[]}"
20190425,2019-04-25,0.004271585019293457,"{""type"":""MultiPoint"",""coordinates"":[]}"
20190426,2019-04-26,8.155703724029869E-4,"{""type"":""MultiPoint"",""coordinates"":[]}"
20190427,2019-04-27,1.9365757804850546E-4,"{""type"":""MultiPoint"",""coordinates"":[]}"
20190428,2019-04-28,8.762931092584137E-4,"{""type"":""MultiPoint"",""coordinates"":[]}"
20190429,2019-04-29,0.0014314522227046411,"{""type"":""MultiPoint"",""coordinates"":[]}"
20190430,2019-04-30,0.002005512459646429,"{""type"":""MultiPoint"",""coordinates"":[]}"
20190501,2019-05-01,0.009384476372561928,"{""type"":""MultiPoint"",""coordinates"":[]}"
20190502,2019-05-02,0.004672849953547165,"{""type"":""MultiPoint"",""coordinates"":[]}"
20190503,2019-05-03,0.005096638595441718,"{""type"":""MultiPoint"",""coordinates"":[]}"
20190504,2019-05-04,0.008896057853243227,"{""type"":""MultiPoint"",""coordinates"":[]}"
20190505,2019-05-05,0.013848648963474892,"{""type"":""MultiPoint"",""coordinates"":[]}"
20190506,2019-05-06,0.016765420202392394,"{""type"":""MultiPoint"",""coordinates"":[]}"
20190507,2019-05-07,0.015788147791239618,"{""type"":""MultiPoint"",""coordinates"":[]}"
20190508,2019-05-08,0.004910916105936854,"{""type"":""MultiPoint"",""coordinates"":[]}"
20190509,2019-05-09,0.00470992835252693,"{""type"":""MultiPoint"",""coordinates"":[]}"
20190510,2019-05-10,0.015638622997440614,"{""type"":""MultiPoint"",""coordinates"":[]}"
20190511,2019-05-11,0.0038383624302645468,"{""type"":""MultiPoint"",""coordinates"":[]}"
20190512,2019-05-12,0.0034376664435448166,"{""type"":""MultiPoint"",""coordinates"":[]}"
20190513,2019-05-13,0.0021121765983688335,"{""type"":""MultiPoint"",""coordinates"":[]}"
20190514,2019-05-14,0.0025081629087643146,"{""type"":""MultiPoint"",""coordinates"":[]}"
20190515,2019-05-15,0.01695046712332974,"{""type"":""MultiPoint"",""coordinates"":[]}"
20190516,2019-05-16,0.010449411159762355,"{""type"":""MultiPoint"",""coordinates"":[]}"
20190517,2019-05-17,0.0031133106609791935,"{""type"":""MultiPoint"",""coordinates"":[]}"
20190518,2019-05-18,0.0010722279496160451,"{""type"":""MultiPoint"",""coordinates"":[]}"
20190519,2019-05-19,0.01933391042284596,"{""type"":""MultiPoint"",""coordinates"":[]}"
20190520,2019-05-20,0.012918722444729183,"{""type"":""MultiPoint"",""coordinates"":[]}"
20190521,2019-05-21,0.018845602624706824,"{""type"":""MultiPoint"",""coordinates"":[]}"
20190522,2019-05-22,0.02475110862896324,"{""type"":""MultiPoint"",""coordinates"":[]}"
20190523,2019-05-23,0.008067738785343068,"{""type"":""MultiPoint"",""coordinates"":[]}"
20190524,2019-05-24,0.020363404571506483,"{""type"":""MultiPoint"",""coordinates"":[]}"
20190525,2019-05-25,0.004812232974016166,"{""type"":""MultiPoint"",""coordinates"":[]}"
20190526,2019-05-26,0.007758905081077449,"{""type"":""MultiPoint"",""coordinates"":[]}"
20190527,2019-05-27,0.00673048510725599,"{""type"":""MultiPoint"",""coordinates"":[]}"
20190528,2019-05-28,0.004659799098113858,"{""type"":""MultiPoint"",""coordinates"":[]}"
20190529,2019-05-29,0.00806909556558091,"{""type"":""MultiPoint"",""coordinates"":[]}"
20190530,2019-05-30,0.007707282959683659,"{""type"":""MultiPoint"",""coordinates"":[]}"
20190531,2019-05-31,0.008847060947842409,"{""type"":""MultiPoint"",""coordinates"":[]}"
20190601,2019-06-01,0.005156415699289349,"{""type"":""MultiPoint"",""coordinates"":[]}"
20190602,2019-06-02,0.01053233357911962,"{""type"":""MultiPoint"",""coordinates"":[]}"
20190603,2019-06-03,0.021119967837038574,"{""type"":""MultiPoint"",""coordinates"":[]}"
20190604,2019-06-04,0.009080416748700396,"{""type"":""MultiPoint"",""coordinates"":[]}"
20190605,2019-06-05,0.004308241475205679,"{""type"":""MultiPoint"",""coordinates"":[]}"
20190606,2019-06-06,0.004584535229345478,"{""type"":""MultiPoint"",""coordinates"":[]}"
20190607,2019-06-07,0.01723287744739124,"{""type"":""MultiPoint"",""coordinates"":[]}"
20190608,2019-06-08,0.014946781607628483,"{""type"":""MultiPoint"",""coordinates"":[]}"
20190609,2019-06-09,0.008910072174376454,"{""type"":""MultiPoint"",""coordinates"":[]}"
20190610,2019-06-10,0.011399036237741595,"{""type"":""MultiPoint"",""coordinates"":[]}"
20190611,2019-06-11,0.01773442082541768,"{""type"":""MultiPoint"",""coordinates"":[]}"
20190612,2019-06-12,0.010781231959363686,"{""type"":""MultiPoint"",""coordinates"":[]}"
20190613,2019-06-13,0.011592342863210526,"{""type"":""MultiPoint"",""coordinates"":[]}"
20190614,2019-06-14,0.038127895798825404,"{""type"":""MultiPoint"",""coordinates"":[]}"
20190615,2019-06-15,0.008592739748573367,"{""type"":""MultiPoint"",""coordinates"":[]}"
20190616,2019-06-16,0.012691285360131463,"{""type"":""MultiPoint"",""coordinates"":[]}"
20190617,2019-06-17,0.0054867502507695435,"{""type"":""MultiPoint"",""coordinates"":[]}"
20190618,2019-06-18,0.010615675321429966,"{""type"":""MultiPoint"",""coordinates"":[]}"
20190619,2019-06-19,0.004258402178705777,"{""type"":""MultiPoint"",""coordinates"":[]}"
20190620,2019-06-20,0.04235484618400052,"{""type"":""MultiPoint"",""coordinates"":[]}"
20190621,2019-06-21,0.016765134531899505,"{""type"":""MultiPoint"",""coordinates"":[]}"
20190622,2019-06-22,0.009750399937026007,"{""type"":""MultiPoint"",""coordinates"":[]}"
20190623,2019-06-23,0.015657743227278146,"{""type"":""MultiPoint"",""coordinates"":[]}"
20190624,2019-06-24,0.01206808988508092,"{""type"":""MultiPoint"",""coordinates"":[]}"
20190625,2019-06-25,0.010844854378275995,"{""type"":""MultiPoint"",""coordinates"":[]}"
20190626,2019-06-26,0.006162689395581252,"{""type"":""MultiPoint"",""coordinates"":[]}"
20190627,2019-06-27,0.012893702242556843,"{""type"":""MultiPoint"",""coordinates"":[]}"
20190628,2019-06-28,0.014986824503522796,"{""type"":""MultiPoint"",""coordinates"":[]}"
20190629,2019-06-29,0.018505056673375563,"{""type"":""MultiPoint"",""coordinates"":[]}"
20190630,2019-06-30,0.015994488140006178,"{""type"":""MultiPoint"",""coordinates"":[]}"
20190701,2019-07-01,0.01143035404562739,"{""type"":""MultiPoint"",""coordinates"":[]}"
20190702,2019-07-02,0.013476400867448696,"{""type"":""MultiPoint"",""coordinates"":[]}"
20190703,2019-07-03,0.02568902088627059,"{""type"":""MultiPoint"",""coordinates"":[]}"
20190704,2019-07-04,0.008660040096839244,"{""type"":""MultiPoint"",""coordinates"":[]}"
20190705,2019-07-05,0.01415376930926072,"{""type"":""MultiPoint"",""coordinates"":[]}"
20190706,2019-07-06,0.0093535106943571,"{""type"":""MultiPoint"",""coordinates"":[]}"
20190707,2019-07-07,0.0035535517075380462,"{""type"":""MultiPoint"",""coordinates"":[]}"
20190708,2019-07-08,0.0029466707229738654,"{""type"":""MultiPoint"",""coordinates"":[]}"
20190709,2019-07-09,0.0039640929224621585,"{""type"":""MultiPoint"",""coordinates"":[]}"
20190710,2019-07-10,0.013952476725528056,"{""type"":""MultiPoint"",""coordinates"":[]}"
20190711,2019-07-11,0.009259043588834764,"{""type"":""MultiPoint"",""coordinates"":[]}"
20190712,2019-07-12,0.010281159504471454,"{""type"":""MultiPoint"",""coordinates"":[]}"
20190713,2019-07-13,0.002724689152407582,"{""type"":""MultiPoint"",""coordinates"":[]}"
20190714,2019-07-14,0.0033453274257080738,"{""type"":""MultiPoint"",""coordinates"":[]}"
20190715,2019-07-15,0.004305702770715341,"{""type"":""MultiPoint"",""coordinates"":[]}"
20190716,2019-07-16,0.0074987637106192105,"{""type"":""MultiPoint"",""coordinates"":[]}"
20190717,2019-07-17,0.003586460126186029,"{""type"":""MultiPoint"",""coordinates"":[]}"
20190718,2019-07-18,0.010504405425017,"{""type"":""MultiPoint"",""coordinates"":[]}"
20190719,2019-07-19,0.010217940836746509,"{""type"":""MultiPoint"",""coordinates"":[]}"
20190720,2019-07-20,0.017127727957786474,"{""type"":""MultiPoint"",""coordinates"":[]}"
20190721,2019-07-21,0.007261165628331818,"{""type"":""MultiPoint"",""coordinates"":[]}"
20190722,2019-07-22,0.014624205639647144,"{""type"":""MultiPoint"",""coordinates"":[]}"
20190723,2019-07-23,0.007628786473167318,"{""type"":""MultiPoint"",""coordinates"":[]}"
20190724,2019-07-24,0.0065973287340223095,"{""type"":""MultiPoint"",""coordinates"":[]}"
20190725,2019-07-25,0.003487802271123329,"{""type"":""MultiPoint"",""coordinates"":[]}"
20190726,2019-07-26,0.010055332297059565,"{""type"":""MultiPoint"",""coordinates"":[]}"
20190727,2019-07-27,0.00733678721588843,"{""type"":""MultiPoint"",""coordinates"":[]}"
20190728,2019-07-28,0.005944274301462712,"{""type"":""MultiPoint"",""coordinates"":[]}"
20190729,2019-07-29,0.014058936986682207,"{""type"":""MultiPoint"",""coordinates"":[]}"
20190730,2019-07-30,0.0015223688092732954,"{""type"":""MultiPoint"",""coordinates"":[]}"
20190731,2019-07-31,0.013655502607189503,"{""type"":""MultiPoint"",""coordinates"":[]}"
20190801,2019-08-01,0.0026653906148590154,"{""type"":""MultiPoint"",""coordinates"":[]}"
20190802,2019-08-02,0.004308117733874567,"{""type"":""MultiPoint"",""coordinates"":[]}"
20190803,2019-08-03,0.004122865000774492,"{""type"":""MultiPoint"",""coordinates"":[]}"
20190804,2019-08-04,0.004293169312624181,"{""type"":""MultiPoint"",""coordinates"":[]}"
20190805,2019-08-05,0.009416469424456262,"{""type"":""MultiPoint"",""coordinates"":[]}"
20190806,2019-08-06,0.01423060990447032,"{""type"":""MultiPoint"",""coordinates"":[]}"
20190807,2019-08-07,0.008325190173037988,"{""type"":""MultiPoint"",""coordinates"":[]}"
20190808,2019-08-08,0.010945240004901206,"{""type"":""MultiPoint"",""coordinates"":[]}"
20190809,2019-08-09,0.008468250918834018,"{""type"":""MultiPoint"",""coordinates"":[]}"
20190810,2019-08-10,0.01554260474111729,"{""type"":""MultiPoint"",""coordinates"":[]}"
20190811,2019-08-11,0.007022305362501042,"{""type"":""MultiPoint"",""coordinates"":[]}"
20190812,2019-08-12,0.01780001542830992,"{""type"":""MultiPoint"",""coordinates"":[]}"
20190813,2019-08-13,0.020393516918441407,"{""type"":""MultiPoint"",""coordinates"":[]}"
20190814,2019-08-14,0.008168385024856136,"{""type"":""MultiPoint"",""coordinates"":[]}"
20190815,2019-08-15,0.015169966293039606,"{""type"":""MultiPoint"",""coordinates"":[]}"
20190816,2019-08-16,0.008842669710653393,"{""type"":""MultiPoint"",""coordinates"":[]}"
20190817,2019-08-17,0.0042527559078275766,"{""type"":""MultiPoint"",""coordinates"":[]}"
20190818,2019-08-18,0.01629477222923185,"{""type"":""MultiPoint"",""coordinates"":[]}"
20190819,2019-08-19,0.005595596955986236,"{""type"":""MultiPoint"",""coordinates"":[]}"
20190820,2019-08-20,0.003638052220492068,"{""type"":""MultiPoint"",""coordinates"":[]}"
20190821,2019-08-21,0.002992497247299522,"{""type"":""MultiPoint"",""coordinates"":[]}"
20190822,2019-08-22,0.0012361199304216578,"{""type"":""MultiPoint"",""coordinates"":[]}"
20190823,2019-08-23,0.0012405441901296493,"{""type"":""MultiPoint"",""coordinates"":[]}"
20190824,2019-08-24,0.002201286930755931,"{""type"":""MultiPoint"",""coordinates"":[]}"
20190825,2019-08-25,0.0016418771354520527,"{""type"":""MultiPoint"",""coordinates"":[]}"
20190826,2019-08-26,7.777833555784215E-4,"{""type"":""MultiPoint"",""coordinates"":[]}"
20190827,2019-08-27,4.056663784161391E-4,"{""type"":""MultiPoint"",""coordinates"":[]}"
20190828,2019-08-28,9.310194517802595E-4,"{""type"":""MultiPoint"",""coordinates"":[]}"
20190829,2019-08-29,0.0036563141181788377,"{""type"":""MultiPoint"",""coordinates"":[]}"
20190830,2019-08-30,0.0013284363169856449,"{""type"":""MultiPoint"",""coordinates"":[]}"
20190831,2019-08-31,0.0015183701397894125,"{""type"":""MultiPoint"",""coordinates"":[]}"
20190901,2019-09-01,0.004635684160112866,"{""type"":""MultiPoint"",""coordinates"":[]}"
20190902,2019-09-02,0.003884669799880543,"{""type"":""MultiPoint"",""coordinates"":[]}"
20190903,2019-09-03,0.002708455814903888,"{""type"":""MultiPoint"",""coordinates"":[]}"
20190904,2019-09-04,0.003686181977025947,"{""type"":""MultiPoint"",""coordinates"":[]}"
20190905,2019-09-05,4.0134422056716803E-4,"{""type"":""MultiPoint"",""coordinates"":[]}"
20190906,2019-09-06,4.47843248261366E-4,"{""type"":""MultiPoint"",""coordinates"":[]}"
20190907,2019-09-07,0.006100269610084778,"{""type"":""MultiPoint"",""coordinates"":[]}"
20190908,2019-09-08,0.002498445442407176,"{""type"":""MultiPoint"",""coordinates"":[]}"
20190909,2019-09-09,0.006240665270029987,"{""type"":""MultiPoint"",""coordinates"":[]}"
20190910,2019-09-10,0.004403359954854959,"{""type"":""MultiPoint"",""coordinates"":[]}"
20190911,2019-09-11,0.0015990745481117485,"{""type"":""MultiPoint"",""coordinates"":[]}"
20190912,2019-09-12,9.054908788522098E-5,"{""type"":""MultiPoint"",""coordinates"":[]}"
20190913,2019-09-13,6.347077112645882E-5,"{""type"":""MultiPoint"",""coordinates"":[]}"
20190914,2019-09-14,0.0023299144490193124,"{""type"":""MultiPoint"",""coordinates"":[]}"
20190915,2019-09-15,0.005918000010568745,"{""type"":""MultiPoint"",""coordinates"":[]}"
20190916,2019-09-16,0.005005435242708007,"{""type"":""MultiPoint"",""coordinates"":[]}"
20190917,2019-09-17,0.020605399405926237,"{""type"":""MultiPoint"",""coordinates"":[]}"
20190918,2019-09-18,0.001660745815504235,"{""type"":""MultiPoint"",""coordinates"":[]}"
20190919,2019-09-19,0.0025387334198174057,"{""type"":""MultiPoint"",""coordinates"":[]}"
20190920,2019-09-20,1.717322018758958E-4,"{""type"":""MultiPoint"",""coordinates"":[]}"
20190921,2019-09-21,0.0035075044619638286,"{""type"":""MultiPoint"",""coordinates"":[]}"
20190922,2019-09-22,0.001979557499823266,"{""type"":""MultiPoint"",""coordinates"":[]}"
20190923,2019-09-23,0.0020334093391405363,"{""type"":""MultiPoint"",""coordinates"":[]}"
20190924,2019-09-24,9.144861596959707E-4,"{""type"":""MultiPoint"",""coordinates"":[]}"
20190925,2019-09-25,4.00929998168398E-4,"{""type"":""MultiPoint"",""coordinates"":[]}"
20190926,2019-09-26,0.0018188143899944948,"{""type"":""MultiPoint"",""coordinates"":[]}"
20190927,2019-09-27,0.006264932138148619,"{""type"":""MultiPoint"",""coordinates"":[]}"
20190928,2019-09-28,0.0067910361087498315,"{""type"":""MultiPoint"",""coordinates"":[]}"
20190929,2019-09-29,0.005500016102208,"{""type"":""MultiPoint"",""coordinates"":[]}"
20190930,2019-09-30,3.535540398556628E-4,"{""type"":""MultiPoint"",""coordinates"":[]}"
20191001,2019-10-01,0.0029573108257381583,"{""type"":""MultiPoint"",""coordinates"":[]}"
20191002,2019-10-02,0.002937982408354605,"{""type"":""MultiPoint"",""coordinates"":[]}"
20191003,2019-10-03,2.908435366746884E-4,"{""type"":""MultiPoint"",""coordinates"":[]}"
20191004,2019-10-04,3.683132699784968E-4,"{""type"":""MultiPoint"",""coordinates"":[]}"
20191005,2019-10-05,0.004301086548020274,"{""type"":""MultiPoint"",""coordinates"":[]}"
20191006,2019-10-06,0.005869182394892132,"{""type"":""MultiPoint"",""coordinates"":[]}"
20191007,2019-10-07,0.006829829902366456,"{""type"":""MultiPoint"",""coordinates"":[]}"
20191008,2019-10-08,0.006632529973977556,"{""type"":""MultiPoint"",""coordinates"":[]}"
20191009,2019-10-09,0.002341990325313985,"{""type"":""MultiPoint"",""coordinates"":[]}"
20191010,2019-10-10,0.0012068728914783429,"{""type"":""MultiPoint"",""coordinates"":[]}"
20191011,2019-10-11,2.514366711576755E-4,"{""type"":""MultiPoint"",""coordinates"":[]}"
20191012,2019-10-12,4.187294829685766E-4,"{""type"":""MultiPoint"",""coordinates"":[]}"
20191013,2019-10-13,0.008453543818777868,"{""type"":""MultiPoint"",""coordinates"":[]}"
20191014,2019-10-14,0.0033931078942725052,"{""type"":""MultiPoint"",""coordinates"":[]}"
20191015,2019-10-15,0.002296816097665839,"{""type"":""MultiPoint"",""coordinates"":[]}"
20191016,2019-10-16,0.005275997661583357,"{""type"":""MultiPoint"",""coordinates"":[]}"
20191017,2019-10-17,0.009823003917681594,"{""type"":""MultiPoint"",""coordinates"":[]}"
20191018,2019-10-18,0.007846712760012324,"{""type"":""MultiPoint"",""coordinates"":[]}"
20191019,2019-10-19,0.0030788018130580557,"{""type"":""MultiPoint"",""coordinates"":[]}"
20191020,2019-10-20,0.0040392241791030094,"{""type"":""MultiPoint"",""coordinates"":[]}"
20191021,2019-10-21,0.007721168647727109,"{""type"":""MultiPoint"",""coordinates"":[]}"
20191022,2019-10-22,0.0075392898016943205,"{""type"":""MultiPoint"",""coordinates"":[]}"
20191023,2019-10-23,0.0024290648453631804,"{""type"":""MultiPoint"",""coordinates"":[]}"
20191024,2019-10-24,5.731492758591439E-4,"{""type"":""MultiPoint"",""coordinates"":[]}"
20191025,2019-10-25,0.0011153708064220622,"{""type"":""MultiPoint"",""coordinates"":[]}"
20191026,2019-10-26,0.0020396814312129276,"{""type"":""MultiPoint"",""coordinates"":[]}"
20191027,2019-10-27,0.0013652943973114686,"{""type"":""MultiPoint"",""coordinates"":[]}"
20191028,2019-10-28,5.166328640418847E-4,"{""type"":""MultiPoint"",""coordinates"":[]}"
20191029,2019-10-29,5.885128588959033E-4,"{""type"":""MultiPoint"",""coordinates"":[]}"
20191030,2019-10-30,0.006413943483001819,"{""type"":""MultiPoint"",""coordinates"":[]}"
20191031,2019-10-31,0.0019640660184521443,"{""type"":""MultiPoint"",""coordinates"":[]}"
20191101,2019-11-01,0.002037754343918793,"{""type"":""MultiPoint"",""coordinates"":[]}"
20191102,2019-11-02,5.652306245307368E-4,"{""type"":""MultiPoint"",""coordinates"":[]}"
20191103,2019-11-03,0.004265508072970418,"{""type"":""MultiPoint"",""coordinates"":[]}"
20191104,2019-11-04,0.009550312725836944,"{""type"":""MultiPoint"",""coordinates"":[]}"
20191105,2019-11-05,7.557055502259744E-4,"{""type"":""MultiPoint"",""coordinates"":[]}"
20191106,2019-11-06,0.00848734318741186,"{""type"":""MultiPoint"",""coordinates"":[]}"
20191107,2019-11-07,0.009183595545581397,"{""type"":""MultiPoint"",""coordinates"":[]}"
20191108,2019-11-08,0.00590185224305955,"{""type"":""MultiPoint"",""coordinates"":[]}"
20191109,2019-11-09,7.893006871791417E-4,"{""type"":""MultiPoint"",""coordinates"":[]}"
20191110,2019-11-10,0.0018853706344568368,"{""type"":""MultiPoint"",""coordinates"":[]}"
20191111,2019-11-11,0.0025283828055597682,"{""type"":""MultiPoint"",""coordinates"":[]}"
20191112,2019-11-12,0.005023336548744738,"{""type"":""MultiPoint"",""coordinates"":[]}"
20191113,2019-11-13,0.001835792168020697,"{""type"":""MultiPoint"",""coordinates"":[]}"
20191114,2019-11-14,0.0012789503984111813,"{""type"":""MultiPoint"",""coordinates"":[]}"
20191115,2019-11-15,0.0020278680661372766,"{""type"":""MultiPoint"",""coordinates"":[]}"
20191116,2019-11-16,0.004786363987143554,"{""type"":""MultiPoint"",""coordinates"":[]}"
20191117,2019-11-17,0.007099108599189824,"{""type"":""MultiPoint"",""coordinates"":[]}"
20191118,2019-11-18,0.009339860050514579,"{""type"":""MultiPoint"",""coordinates"":[]}"
20191119,2019-11-19,0.0020412171170825035,"{""type"":""MultiPoint"",""coordinates"":[]}"
20191120,2019-11-20,0.0023174772579799656,"{""type"":""MultiPoint"",""coordinates"":[]}"
20191121,2019-11-21,0.007235482014781277,"{""type"":""MultiPoint"",""coordinates"":[]}"
20191122,2019-11-22,0.010042295118330487,"{""type"":""MultiPoint"",""coordinates"":[]}"
20191123,2019-11-23,0.007972255009712471,"{""type"":""MultiPoint"",""coordinates"":[]}"
20191124,2019-11-24,0.0037844984139608546,"{""type"":""MultiPoint"",""coordinates"":[]}"
20191125,2019-11-25,0.008403639956517477,"{""type"":""MultiPoint"",""coordinates"":[]}"
20191126,2019-11-26,0.007561347360339017,"{""type"":""MultiPoint"",""coordinates"":[]}"
20191127,2019-11-27,0.008767064106334406,"{""type"":""MultiPoint"",""coordinates"":[]}"
20191128,2019-11-28,0.00649322208993993,"{""type"":""MultiPoint"",""coordinates"":[]}"
20191129,2019-11-29,0.006241769602450323,"{""type"":""MultiPoint"",""coordinates"":[]}"
20191130,2019-11-30,0.0010993582146503564,"{""type"":""MultiPoint"",""coordinates"":[]}"
20191201,2019-12-01,8.118616844530303E-4,"{""type"":""MultiPoint"",""coordinates"":[]}"
20191202,2019-12-02,0.005702017253282884,"{""type"":""MultiPoint"",""coordinates"":[]}"
20191203,2019-12-03,0.0048100831915210175,"{""type"":""MultiPoint"",""coordinates"":[]}"
20191204,2019-12-04,0.0018667737544217126,"{""type"":""MultiPoint"",""coordinates"":[]}"
20191205,2019-12-05,0.004029893736136662,"{""type"":""MultiPoint"",""coordinates"":[]}"
20191206,2019-12-06,0.008810700486246626,"{""type"":""MultiPoint"",""coordinates"":[]}"
20191207,2019-12-07,0.012812950112501362,"{""type"":""MultiPoint"",""coordinates"":[]}"
20191208,2019-12-08,0.007781195158660175,"{""type"":""MultiPoint"",""coordinates"":[]}"
20191209,2019-12-09,0.008773578140511927,"{""type"":""MultiPoint"",""coordinates"":[]}"
20191210,2019-12-10,0.010107252931840283,"{""type"":""MultiPoint"",""coordinates"":[]}"
20191211,2019-12-11,0.009559391755821031,"{""type"":""MultiPoint"",""coordinates"":[]}"
20191212,2019-12-12,0.021398564374635897,"{""type"":""MultiPoint"",""coordinates"":[]}"
20191213,2019-12-13,0.006795220167110389,"{""type"":""MultiPoint"",""coordinates"":[]}"
20191214,2019-12-14,0.009440600710536791,"{""type"":""MultiPoint"",""coordinates"":[]}"
20191215,2019-12-15,0.014374750068854204,"{""type"":""MultiPoint"",""coordinates"":[]}"
20191216,2019-12-16,0.01347999001250884,"{""type"":""MultiPoint"",""coordinates"":[]}"
20191217,2019-12-17,0.015141075126879133,"{""type"":""MultiPoint"",""coordinates"":[]}"
20191218,2019-12-18,0.013464202931478212,"{""type"":""MultiPoint"",""coordinates"":[]}"
20191219,2019-12-19,0.009824824393174718,"{""type"":""MultiPoint"",""coordinates"":[]}"
20191220,2019-12-20,0.0040884047895146085,"{""type"":""MultiPoint"",""coordinates"":[]}"
20191221,2019-12-21,0.009270480855196902,"{""type"":""MultiPoint"",""coordinates"":[]}"
20191222,2019-12-22,0.009611972914527147,"{""type"":""MultiPoint"",""coordinates"":[]}"
20191223,2019-12-23,0.013686673506058863,"{""type"":""MultiPoint"",""coordinates"":[]}"
20191224,2019-12-24,0.003937621577359255,"{""type"":""MultiPoint"",""coordinates"":[]}"
20191225,2019-12-25,0.0017450806899968689,"{""type"":""MultiPoint"",""coordinates"":[]}"
20191226,2019-12-26,0.007790220483673749,"{""type"":""MultiPoint"",""coordinates"":[]}"
20191227,2019-12-27,0.007514492514024768,"{""type"":""MultiPoint"",""coordinates"":[]}"
20191228,2019-12-28,0.0017892037368143396,"{""type"":""MultiPoint"",""coordinates"":[]}"
20191229,2019-12-29,0.0016185511688513972,"{""type"":""MultiPoint"",""coordinates"":[]}"
20191230,2019-12-30,0.004588223864991244,"{""type"":""MultiPoint"",""coordinates"":[]}"
20191231,2019-12-31,4.6465413388844574E-4,"{""type"":""MultiPoint"",""coordinates"":[]}"
20200101,2020-01-01,4.613557568053382E-4,"{""type"":""MultiPoint"",""coordinates"":[]}"
20200102,2020-01-02,0.0012853869378967981,"{""type"":""MultiPoint"",""coordinates"":[]}"
20200103,2020-01-03,6.496646409193769E-4,"{""type"":""MultiPoint"",""coordinates"":[]}"
20200104,2020-01-04,0.0013576643227480208,"{""type"":""MultiPoint"",""coordinates"":[]}"
20200105,2020-01-05,0.0017157695656164558,"{""type"":""MultiPoint"",""coordinates"":[]}"
20200106,2020-01-06,9.58908281698966E-4,"{""type"":""MultiPoint"",""coordinates"":[]}"
20200107,2020-01-07,7.470405504498896E-4,"{""type"":""MultiPoint"",""coordinates"":[]}"
20200108,2020-01-08,0.0023453740010477685,"{""type"":""MultiPoint"",""coordinates"":[]}"
20200109,2020-01-09,0.0019015608932239465,"{""type"":""MultiPoint"",""coordinates"":[]}"
20200110,2020-01-10,0.001671791705204309,"{""type"":""MultiPoint"",""coordinates"":[]}"
20200111,2020-01-11,0.0014337225730296716,"{""type"":""MultiPoint"",""coordinates"":[]}"
20200112,2020-01-12,0.0010592486801529824,"{""type"":""MultiPoint"",""coordinates"":[]}"
20200113,2020-01-13,0.003083081054722857,"{""type"":""MultiPoint"",""coordinates"":[]}"
20200114,2020-01-14,0.011354225409984667,"{""type"":""MultiPoint"",""coordinates"":[]}"
20200115,2020-01-15,0.0073563718488315446,"{""type"":""MultiPoint"",""coordinates"":[]}"
20200116,2020-01-16,0.0013891671564217778,"{""type"":""MultiPoint"",""coordinates"":[]}"
20200117,2020-01-17,0.0010399486045563255,"{""type"":""MultiPoint"",""coordinates"":[]}"
20200118,2020-01-18,0.0010848945646484251,"{""type"":""MultiPoint"",""coordinates"":[]}"
20200119,2020-01-19,0.0012932860410463161,"{""type"":""MultiPoint"",""coordinates"":[]}"
20200120,2020-01-20,0.001737488959371881,"{""type"":""MultiPoint"",""coordinates"":[]}"
20200121,2020-01-21,0.0016426571931160855,"{""type"":""MultiPoint"",""coordinates"":[]}"
20200122,2020-01-22,1.9186706698650055E-4,"{""type"":""MultiPoint"",""coordinates"":[]}"
20200123,2020-01-23,1.8607917018106957E-5,"{""type"":""MultiPoint"",""coordinates"":[]}"
20200124,2020-01-24,2.0029505006578007E-4,"{""type"":""MultiPoint"",""coordinates"":[]}"
20200125,2020-01-25,0.0013729542759351682,"{""type"":""MultiPoint"",""coordinates"":[]}"
20200126,2020-01-26,0.004312866656352649,"{""type"":""MultiPoint"",""coordinates"":[]}"
20200127,2020-01-27,0.014933090598539311,"{""type"":""MultiPoint"",""coordinates"":[]}"
20200128,2020-01-28,0.001642659491270357,"{""type"":""MultiPoint"",""coordinates"":[]}"
20200129,2020-01-29,0.0012668042078595994,"{""type"":""MultiPoint"",""coordinates"":[]}"
20200130,2020-01-30,0.001877623143645623,"{""type"":""MultiPoint"",""coordinates"":[]}"
20200131,2020-01-31,0.0019184926029264973,"{""type"":""MultiPoint"",""coordinates"":[]}"
20200201,2020-02-01,8.642798907046213E-4,"{""type"":""MultiPoint"",""coordinates"":[]}"
20200202,2020-02-02,5.94992644874637E-4,"{""type"":""MultiPoint"",""coordinates"":[]}"
20200203,2020-02-03,8.720446993747378E-4,"{""type"":""MultiPoint"",""coordinates"":[]}"
20200204,2020-02-04,7.789386004108506E-4,"{""type"":""MultiPoint"",""coordinates"":[]}"
20200205,2020-02-05,0.0015814638225543915,"{""type"":""MultiPoint"",""coordinates"":[]}"
20200206,2020-02-06,0.001197840759981904,"{""type"":""MultiPoint"",""coordinates"":[]}"
20200207,2020-02-07,6.899422512047168E-4,"{""type"":""MultiPoint"",""coordinates"":[]}"
20200208,2020-02-08,7.584239142535906E-4,"{""type"":""MultiPoint"",""coordinates"":[]}"
20200209,2020-02-09,0.0020024953216599573,"{""type"":""MultiPoint"",""coordinates"":[]}"
20200210,2020-02-10,0.0012439098477141108,"{""type"":""MultiPoint"",""coordinates"":[]}"
20200211,2020-02-11,0.010967500427920291,"{""type"":""MultiPoint"",""coordinates"":[]}"
20200212,2020-02-12,0.0042072982506964045,"{""type"":""MultiPoint"",""coordinates"":[]}"
20200213,2020-02-13,8.980368611240045E-4,"{""type"":""MultiPoint"",""coordinates"":[]}"
20200214,2020-02-14,6.492061706693936E-4,"{""type"":""MultiPoint"",""coordinates"":[]}"
20200215,2020-02-15,3.5629860385806767E-4,"{""type"":""MultiPoint"",""coordinates"":[]}"
20200216,2020-02-16,0.003995389850047675,"{""type"":""MultiPoint"",""coordinates"":[]}"
20200217,2020-02-17,0.00100852403818923,"{""type"":""MultiPoint"",""coordinates"":[]}"
20200218,2020-02-18,8.372964289886276E-4,"{""type"":""MultiPoint"",""coordinates"":[]}"
20200219,2020-02-19,4.273897618084178E-4,"{""type"":""MultiPoint"",""coordinates"":[]}"
20200220,2020-02-20,2.94306544513793E-4,"{""type"":""MultiPoint"",""coordinates"":[]}"
20200221,2020-02-21,2.645381086243153E-4,"{""type"":""MultiPoint"",""coordinates"":[]}"
20200222,2020-02-22,0.001200054488858546,"{""type"":""MultiPoint"",""coordinates"":[]}"
20200223,2020-02-23,0.008162011479619962,"{""type"":""MultiPoint"",""coordinates"":[]}"
20200224,2020-02-24,5.60201855195161E-4,"{""type"":""MultiPoint"",""coordinates"":[]}"
20200225,2020-02-25,3.8554795244591627E-4,"{""type"":""MultiPoint"",""coordinates"":[]}"
20200226,2020-02-26,1.428779820770813E-4,"{""type"":""MultiPoint"",""coordinates"":[]}"
20200227,2020-02-27,1.9501415724125943E-4,"{""type"":""MultiPoint"",""coordinates"":[]}"
20200228,2020-02-28,4.637976073206095E-4,"{""type"":""MultiPoint"",""coordinates"":[]}"
20200229,2020-02-29,7.748180794130726E-4,"{""type"":""MultiPoint"",""coordinates"":[]}"
20200301,2020-03-01,1.4057148229879008E-4,"{""type"":""MultiPoint"",""coordinates"":[]}"
20200302,2020-03-02,5.407445633617565E-4,"{""type"":""MultiPoint"",""coordinates"":[]}"
20200303,2020-03-03,7.094134167553325E-4,"{""type"":""MultiPoint"",""coordinates"":[]}"
20200304,2020-03-04,8.355072610098332E-4,"{""type"":""MultiPoint"",""coordinates"":[]}"
20200305,2020-03-05,8.060148847485151E-4,"{""type"":""MultiPoint"",""coordinates"":[]}"
20200306,2020-03-06,1.839636901095121E-4,"{""type"":""MultiPoint"",""coordinates"":[]}"
20200307,2020-03-07,4.049285424545366E-4,"{""type"":""MultiPoint"",""coordinates"":[]}"
20200308,2020-03-08,0.001185767602459797,"{""type"":""MultiPoint"",""coordinates"":[]}"
20200309,2020-03-09,0.0011709786616033045,"{""type"":""MultiPoint"",""coordinates"":[]}"
20200310,2020-03-10,6.853059277189915E-4,"{""type"":""MultiPoint"",""coordinates"":[]}"
20200311,2020-03-11,2.1995041121149872E-4,"{""type"":""MultiPoint"",""coordinates"":[]}"
20200312,2020-03-12,2.5985600635179874E-5,"{""type"":""MultiPoint"",""coordinates"":[]}"
20200313,2020-03-13,3.5329115918730775E-4,"{""type"":""MultiPoint"",""coordinates"":[]}"
20200314,2020-03-14,4.513992912545522E-4,"{""type"":""MultiPoint"",""coordinates"":[]}"
20200315,2020-03-15,5.141433768027153E-5,"{""type"":""MultiPoint"",""coordinates"":[]}"
20200316,2020-03-16,4.2470470464052776E-4,"{""type"":""MultiPoint"",""coordinates"":[]}"
20200317,2020-03-17,0.0024711788360879342,"{""type"":""MultiPoint"",""coordinates"":[]}"
20200318,2020-03-18,0.0016178943574123074,"{""type"":""MultiPoint"",""coordinates"":[]}"
20200319,2020-03-19,0.0022848033430313873,"{""type"":""MultiPoint"",""coordinates"":[]}"
20200320,2020-03-20,0.0015530292839791183,"{""type"":""MultiPoint"",""coordinates"":[]}"
20200321,2020-03-21,4.276750204560787E-4,"{""type"":""MultiPoint"",""coordinates"":[]}"
20200322,2020-03-22,0.00230673826145331,"{""type"":""MultiPoint"",""coordinates"":[]}"
20200323,2020-03-23,0.002330442729915035,"{""type"":""MultiPoint"",""coordinates"":[]}"
20200324,2020-03-24,8.315188382665274E-4,"{""type"":""MultiPoint"",""coordinates"":[]}"
20200325,2020-03-25,0.0013300883220506259,"{""type"":""MultiPoint"",""coordinates"":[]}"
20200326,2020-03-26,0.0013860764643038532,"{""type"":""MultiPoint"",""coordinates"":[]}"
20200327,2020-03-27,0.003817823778807195,"{""type"":""MultiPoint"",""coordinates"":[]}"
20200328,2020-03-28,0.01759142434933532,"{""type"":""MultiPoint"",""coordinates"":[]}"
20200329,2020-03-29,0.023377284306922357,"{""type"":""MultiPoint"",""coordinates"":[]}"
20200330,2020-03-30,0.0039506666862399835,"{""type"":""MultiPoint"",""coordinates"":[]}"
20200331,2020-03-31,0.002320002547132418,"{""type"":""MultiPoint"",""coordinates"":[]}"
20200401,2020-04-01,6.933861627385058E-4,"{""type"":""MultiPoint"",""coordinates"":[]}"
20200402,2020-04-02,0.0034130533855803564,"{""type"":""MultiPoint"",""coordinates"":[]}"
20200403,2020-04-03,0.008311447687689972,"{""type"":""MultiPoint"",""coordinates"":[]}"
20200404,2020-04-04,0.0035999354218578146,"{""type"":""MultiPoint"",""coordinates"":[]}"
20200405,2020-04-05,0.0018917669841384736,"{""type"":""MultiPoint"",""coordinates"":[]}"
20200406,2020-04-06,0.002142958061499849,"{""type"":""MultiPoint"",""coordinates"":[]}"
20200407,2020-04-07,0.0021993139458175034,"{""type"":""MultiPoint"",""coordinates"":[]}"
20200408,2020-04-08,0.0025612729588372378,"{""type"":""MultiPoint"",""coordinates"":[]}"
20200409,2020-04-09,0.00245804120867878,"{""type"":""MultiPoint"",""coordinates"":[]}"
20200410,2020-04-10,0.0032365188870556675,"{""type"":""MultiPoint"",""coordinates"":[]}"
20200411,2020-04-11,0.0015552081268617808,"{""type"":""MultiPoint"",""coordinates"":[]}"
20200412,2020-04-12,0.0017003720825410436,"{""type"":""MultiPoint"",""coordinates"":[]}"
20200413,2020-04-13,0.0010995942840561189,"{""type"":""MultiPoint"",""coordinates"":[]}"
20200414,2020-04-14,1.608291827579558E-4,"{""type"":""MultiPoint"",""coordinates"":[]}"
20200415,2020-04-15,0.001033169507599801,"{""type"":""MultiPoint"",""coordinates"":[]}"
20200416,2020-04-16,3.106119516303468E-4,"{""type"":""MultiPoint"",""coordinates"":[]}"
20200417,2020-04-17,0.0065645024878772515,"{""type"":""MultiPoint"",""coordinates"":[]}"
20200418,2020-04-18,0.004105430467680102,"{""type"":""MultiPoint"",""coordinates"":[]}"
20200419,2020-04-19,0.016069984832179435,"{""type"":""MultiPoint"",""coordinates"":[]}"
20200420,2020-04-20,0.030654300501296156,"{""type"":""MultiPoint"",""coordinates"":[]}"
20200421,2020-04-21,0.002571764279364017,"{""type"":""MultiPoint"",""coordinates"":[]}"
20200422,2020-04-22,0.002834184974724435,"{""type"":""MultiPoint"",""coordinates"":[]}"
20200423,2020-04-23,0.010510395144008701,"{""type"":""MultiPoint"",""coordinates"":[]}"
20200424,2020-04-24,0.0024022468998689908,"{""type"":""MultiPoint"",""coordinates"":[]}"
20200425,2020-04-25,7.254030827879845E-4,"{""type"":""MultiPoint"",""coordinates"":[]}"
20200426,2020-04-26,0.02197032601943193,"{""type"":""MultiPoint"",""coordinates"":[]}"
20200427,2020-04-27,0.00394338146239322,"{""type"":""MultiPoint"",""coordinates"":[]}"
20200428,2020-04-28,2.189885638104778E-4,"{""type"":""MultiPoint"",""coordinates"":[]}"
20200429,2020-04-29,0.0034507082959681894,"{""type"":""MultiPoint"",""coordinates"":[]}"
20200430,2020-04-30,0.007731236770378418,"{""type"":""MultiPoint"",""coordinates"":[]}"
20200501,2020-05-01,0.01125799019532887,"{""type"":""MultiPoint"",""coordinates"":[]}"
20200502,2020-05-02,0.0034245638451587627,"{""type"":""MultiPoint"",""coordinates"":[]}"
20200503,2020-05-03,0.008205459931509552,"{""type"":""MultiPoint"",""coordinates"":[]}"
20200504,2020-05-04,0.018364755309050525,"{""type"":""MultiPoint"",""coordinates"":[]}"
20200505,2020-05-05,0.04367479711459847,"{""type"":""MultiPoint"",""coordinates"":[]}"
20200506,2020-05-06,0.011559120664972992,"{""type"":""MultiPoint"",""coordinates"":[]}"
20200507,2020-05-07,0.0062779038812601625,"{""type"":""MultiPoint"",""coordinates"":[]}"
20200508,2020-05-08,0.0019633164089144636,"{""type"":""MultiPoint"",""coordinates"":[]}"
20200509,2020-05-09,0.001410117046226334,"{""type"":""MultiPoint"",""coordinates"":[]}"
20200510,2020-05-10,0.014067302492856534,"{""type"":""MultiPoint"",""coordinates"":[]}"
20200511,2020-05-11,0.03531400922838288,"{""type"":""MultiPoint"",""coordinates"":[]}"
20200512,2020-05-12,0.019697087943849896,"{""type"":""MultiPoint"",""coordinates"":[]}"
20200513,2020-05-13,0.015737464440243775,"{""type"":""MultiPoint"",""coordinates"":[]}"
20200514,2020-05-14,0.0038579875992457904,"{""type"":""MultiPoint"",""coordinates"":[]}"
20200515,2020-05-15,0.005891893730022883,"{""type"":""MultiPoint"",""coordinates"":[]}"
20200516,2020-05-16,0.010926196825709307,"{""type"":""MultiPoint"",""coordinates"":[]}"
20200517,2020-05-17,0.00156971861879397,"{""type"":""MultiPoint"",""coordinates"":[]}"
20200518,2020-05-18,0.0030781343871436754,"{""type"":""MultiPoint"",""coordinates"":[]}"
20200519,2020-05-19,0.01870657321739734,"{""type"":""MultiPoint"",""coordinates"":[]}"
20200520,2020-05-20,0.01206929936392761,"{""type"":""MultiPoint"",""coordinates"":[]}"
20200521,2020-05-21,0.01638124506317523,"{""type"":""MultiPoint"",""coordinates"":[]}"
20200522,2020-05-22,0.004441271253420409,"{""type"":""MultiPoint"",""coordinates"":[]}"
20200523,2020-05-23,0.0012215567148731949,"{""type"":""MultiPoint"",""coordinates"":[]}"
20200524,2020-05-24,0.006430836764848105,"{""type"":""MultiPoint"",""coordinates"":[]}"
20200525,2020-05-25,0.014690823039825685,"{""type"":""MultiPoint"",""coordinates"":[]}"
20200526,2020-05-26,0.017876900160840536,"{""type"":""MultiPoint"",""coordinates"":[]}"
20200527,2020-05-27,0.006541216098836167,"{""type"":""MultiPoint"",""coordinates"":[]}"
20200528,2020-05-28,0.009976360249070637,"{""type"":""MultiPoint"",""coordinates"":[]}"
20200529,2020-05-29,0.026679007295568657,"{""type"":""MultiPoint"",""coordinates"":[]}"
20200530,2020-05-30,0.009454507126557626,"{""type"":""MultiPoint"",""coordinates"":[]}"
20200531,2020-05-31,0.006648495142007988,"{""type"":""MultiPoint"",""coordinates"":[]}"
20200601,2020-06-01,0.002674773619826728,"{""type"":""MultiPoint"",""coordinates"":[]}"
20200602,2020-06-02,0.002709538485336781,"{""type"":""MultiPoint"",""coordinates"":[]}"
20200603,2020-06-03,0.007677549290213984,"{""type"":""MultiPoint"",""coordinates"":[]}"
20200604,2020-06-04,0.0041422230958376915,"{""type"":""MultiPoint"",""coordinates"":[]}"
20200605,2020-06-05,0.0065675687859768515,"{""type"":""MultiPoint"",""coordinates"":[]}"
20200606,2020-06-06,0.006768535756317497,"{""type"":""MultiPoint"",""coordinates"":[]}"
20200607,2020-06-07,0.01287567458582309,"{""type"":""MultiPoint"",""coordinates"":[]}"
20200608,2020-06-08,0.006846399867426748,"{""type"":""MultiPoint"",""coordinates"":[]}"
20200609,2020-06-09,0.016655428302591688,"{""type"":""MultiPoint"",""coordinates"":[]}"
20200610,2020-06-10,0.006479579851282126,"{""type"":""MultiPoint"",""coordinates"":[]}"
20200611,2020-06-11,0.008924225103158288,"{""type"":""MultiPoint"",""coordinates"":[]}"
20200612,2020-06-12,0.03393495487763453,"{""type"":""MultiPoint"",""coordinates"":[]}"
20200613,2020-06-13,0.03447676298544539,"{""type"":""MultiPoint"",""coordinates"":[]}"
20200614,2020-06-14,0.01628904361305789,"{""type"":""MultiPoint"",""coordinates"":[]}"
20200615,2020-06-15,0.00868326480119712,"{""type"":""MultiPoint"",""coordinates"":[]}"
20200616,2020-06-16,0.02123531677622715,"{""type"":""MultiPoint"",""coordinates"":[]}"
20200617,2020-06-17,0.012800106769001268,"{""type"":""MultiPoint"",""coordinates"":[]}"
20200618,2020-06-18,0.012217815713139513,"{""type"":""MultiPoint"",""coordinates"":[]}"
20200619,2020-06-19,0.014071173727849782,"{""type"":""MultiPoint"",""coordinates"":[]}"
20200620,2020-06-20,0.00593534202311011,"{""type"":""MultiPoint"",""coordinates"":[]}"
20200621,2020-06-21,0.017937852789446127,"{""type"":""MultiPoint"",""coordinates"":[]}"
20200622,2020-06-22,0.0134847855767918,"{""type"":""MultiPoint"",""coordinates"":[]}"
20200623,2020-06-23,0.031326500629289315,"{""type"":""MultiPoint"",""coordinates"":[]}"
20200624,2020-06-24,0.016651536230028297,"{""type"":""MultiPoint"",""coordinates"":[]}"
20200625,2020-06-25,0.013579108791854979,"{""type"":""MultiPoint"",""coordinates"":[]}"
20200626,2020-06-26,0.010702997594014814,"{""type"":""MultiPoint"",""coordinates"":[]}"
20200627,2020-06-27,0.004825931075100932,"{""type"":""MultiPoint"",""coordinates"":[]}"
20200628,2020-06-28,0.014164684261365175,"{""type"":""MultiPoint"",""coordinates"":[]}"
20200629,2020-06-29,0.026905912869610624,"{""type"":""MultiPoint"",""coordinates"":[]}"
20200630,2020-06-30,0.008345133640538738,"{""type"":""MultiPoint"",""coordinates"":[]}"
20200701,2020-07-01,0.009227633862254149,"{""type"":""MultiPoint"",""coordinates"":[]}"
20200702,2020-07-02,0.014643423623257748,"{""type"":""MultiPoint"",""coordinates"":[]}"
20200703,2020-07-03,0.004268787045405177,"{""type"":""MultiPoint"",""coordinates"":[]}"
20200704,2020-07-04,0.017046975213240875,"{""type"":""MultiPoint"",""coordinates"":[]}"
20200705,2020-07-05,0.017193262991535768,"{""type"":""MultiPoint"",""coordinates"":[]}"
20200706,2020-07-06,0.022990302483191127,"{""type"":""MultiPoint"",""coordinates"":[]}"
20200707,2020-07-07,0.0033162791240299717,"{""type"":""MultiPoint"",""coordinates"":[]}"
20200708,2020-07-08,0.01549358556889837,"{""type"":""MultiPoint"",""coordinates"":[]}"
20200709,2020-07-09,0.004770567093915983,"{""type"":""MultiPoint"",""coordinates"":[]}"
20200710,2020-07-10,0.012190290815275381,"{""type"":""MultiPoint"",""coordinates"":[]}"
20200711,2020-07-11,0.011398681982840612,"{""type"":""MultiPoint"",""coordinates"":[]}"
20200712,2020-07-12,0.011760828016210112,"{""type"":""MultiPoint"",""coordinates"":[]}"
20200713,2020-07-13,0.005200189504143786,"{""type"":""MultiPoint"",""coordinates"":[]}"
20200714,2020-07-14,0.005018281427660278,"{""type"":""MultiPoint"",""coordinates"":[]}"
20200715,2020-07-15,0.004940553357354914,"{""type"":""MultiPoint"",""coordinates"":[]}"
20200716,2020-07-16,0.003502587588537518,"{""type"":""MultiPoint"",""coordinates"":[]}"
20200717,2020-07-17,0.004023767428178308,"{""type"":""MultiPoint"",""coordinates"":[]}"
20200718,2020-07-18,0.006314755468670132,"{""type"":""MultiPoint"",""coordinates"":[]}"
20200719,2020-07-19,0.008454704431846573,"{""type"":""MultiPoint"",""coordinates"":[]}"
20200720,2020-07-20,0.009817959590643237,"{""type"":""MultiPoint"",""coordinates"":[]}"
20200721,2020-07-21,0.017169404163264807,"{""type"":""MultiPoint"",""coordinates"":[]}"
20200722,2020-07-22,0.01783635174054996,"{""type"":""MultiPoint"",""coordinates"":[]}"
20200723,2020-07-23,0.012906497394199183,"{""type"":""MultiPoint"",""coordinates"":[]}"
20200724,2020-07-24,0.005283230961164319,"{""type"":""MultiPoint"",""coordinates"":[]}"
20200725,2020-07-25,0.005556477413816099,"{""type"":""MultiPoint"",""coordinates"":[]}"
20200726,2020-07-26,0.0031693730949386685,"{""type"":""MultiPoint"",""coordinates"":[]}"
20200727,2020-07-27,0.00444274577607799,"{""type"":""MultiPoint"",""coordinates"":[]}"
20200728,2020-07-28,0.004790522756207178,"{""type"":""MultiPoint"",""coordinates"":[]}"
20200729,2020-07-29,0.0017699857146845385,"{""type"":""MultiPoint"",""coordinates"":[]}"
20200730,2020-07-30,0.0031985751491729326,"{""type"":""MultiPoint"",""coordinates"":[]}"
20200731,2020-07-31,0.007947731130104732,"{""type"":""MultiPoint"",""coordinates"":[]}"
20200801,2020-08-01,0.009527150966106084,"{""type"":""MultiPoint"",""coordinates"":[]}"
20200802,2020-08-02,0.018805691728186108,"{""type"":""MultiPoint"",""coordinates"":[]}"
20200803,2020-08-03,0.0049657346150557054,"{""type"":""MultiPoint"",""coordinates"":[]}"
20200804,2020-08-04,0.009302203315845033,"{""type"":""MultiPoint"",""coordinates"":[]}"
20200805,2020-08-05,0.008443237549194162,"{""type"":""MultiPoint"",""coordinates"":[]}"
20200806,2020-08-06,0.005595690244143072,"{""type"":""MultiPoint"",""coordinates"":[]}"
20200807,2020-08-07,0.010873609916183954,"{""type"":""MultiPoint"",""coordinates"":[]}"
20200808,2020-08-08,0.009897878858098829,"{""type"":""MultiPoint"",""coordinates"":[]}"
20200809,2020-08-09,0.014159466134292474,"{""type"":""MultiPoint"",""coordinates"":[]}"
20200810,2020-08-10,0.01482427610211317,"{""type"":""MultiPoint"",""coordinates"":[]}"
20200811,2020-08-11,0.0040153343578721995,"{""type"":""MultiPoint"",""coordinates"":[]}"
20200812,2020-08-12,0.0017474560966426903,"{""type"":""MultiPoint"",""coordinates"":[]}"
20200813,2020-08-13,0.0050660193367821965,"{""type"":""MultiPoint"",""coordinates"":[]}"
20200814,2020-08-14,0.0013373540459895236,"{""type"":""MultiPoint"",""coordinates"":[]}"
20200815,2020-08-15,0.010616465715556024,"{""type"":""MultiPoint"",""coordinates"":[]}"
20200816,2020-08-16,0.01830130946627109,"{""type"":""MultiPoint"",""coordinates"":[]}"
20200817,2020-08-17,0.0016746073748952347,"{""type"":""MultiPoint"",""coordinates"":[]}"
20200818,2020-08-18,0.0027751884442601695,"{""type"":""MultiPoint"",""coordinates"":[]}"
20200819,2020-08-19,0.0018085090536899395,"{""type"":""MultiPoint"",""coordinates"":[]}"
20200820,2020-08-20,0.0028379150012803173,"{""type"":""MultiPoint"",""coordinates"":[]}"
20200821,2020-08-21,3.1870459510467464E-4,"{""type"":""MultiPoint"",""coordinates"":[]}"
20200822,2020-08-22,0.0016579994462420056,"{""type"":""MultiPoint"",""coordinates"":[]}"
20200823,2020-08-23,0.007573420402160884,"{""type"":""MultiPoint"",""coordinates"":[]}"
20200824,2020-08-24,0.009496783107651313,"{""type"":""MultiPoint"",""coordinates"":[]}"
20200825,2020-08-25,0.001928852704766785,"{""type"":""MultiPoint"",""coordinates"":[]}"
20200826,2020-08-26,9.760202856552318E-4,"{""type"":""MultiPoint"",""coordinates"":[]}"
20200827,2020-08-27,0.004836655085843179,"{""type"":""MultiPoint"",""coordinates"":[]}"
20200828,2020-08-28,0.008542412331507043,"{""type"":""MultiPoint"",""coordinates"":[]}"
20200829,2020-08-29,0.011340401876315362,"{""type"":""MultiPoint"",""coordinates"":[]}"
20200830,2020-08-30,0.012541925729533256,"{""type"":""MultiPoint"",""coordinates"":[]}"
20200831,2020-08-31,0.0030722895192494943,"{""type"":""MultiPoint"",""coordinates"":[]}"
20200901,2020-09-01,5.034676799351611E-4,"{""type"":""MultiPoint"",""coordinates"":[]}"
20200902,2020-09-02,5.441872874022587E-4,"{""type"":""MultiPoint"",""coordinates"":[]}"
20200903,2020-09-03,9.661705038026164E-4,"{""type"":""MultiPoint"",""coordinates"":[]}"
20200904,2020-09-04,0.0029769991576233962,"{""type"":""MultiPoint"",""coordinates"":[]}"
20200905,2020-09-05,0.0031219974840473465,"{""type"":""MultiPoint"",""coordinates"":[]}"
20200906,2020-09-06,0.004710233784359135,"{""type"":""MultiPoint"",""coordinates"":[]}"
20200907,2020-09-07,0.0064442981032933186,"{""type"":""MultiPoint"",""coordinates"":[]}"
20200908,2020-09-08,0.010693660664637419,"{""type"":""MultiPoint"",""coordinates"":[]}"
20200909,2020-09-09,0.0024164310650202307,"{""type"":""MultiPoint"",""coordinates"":[]}"
20200910,2020-09-10,0.003024687738543916,"{""type"":""MultiPoint"",""coordinates"":[]}"
20200911,2020-09-11,5.554633174963446E-4,"{""type"":""MultiPoint"",""coordinates"":[]}"
20200912,2020-09-12,2.7526330993805746E-4,"{""type"":""MultiPoint"",""coordinates"":[]}"
20200913,2020-09-13,2.4680728577018316E-4,"{""type"":""MultiPoint"",""coordinates"":[]}"
20200914,2020-09-14,0.003915857450870227,"{""type"":""MultiPoint"",""coordinates"":[]}"
20200915,2020-09-15,0.004550852392460167,"{""type"":""MultiPoint"",""coordinates"":[]}"
20200916,2020-09-16,0.005467358594377738,"{""type"":""MultiPoint"",""coordinates"":[]}"
20200917,2020-09-17,0.005226463459885539,"{""type"":""MultiPoint"",""coordinates"":[]}"
20200918,2020-09-18,2.5184697666859085E-4,"{""type"":""MultiPoint"",""coordinates"":[]}"
20200919,2020-09-19,2.1408725861988553E-4,"{""type"":""MultiPoint"",""coordinates"":[]}"
20200920,2020-09-20,7.249250784421405E-4,"{""type"":""MultiPoint"",""coordinates"":[]}"
20200921,2020-09-21,0.00107574831013442,"{""type"":""MultiPoint"",""coordinates"":[]}"
20200922,2020-09-22,7.142682737413597E-4,"{""type"":""MultiPoint"",""coordinates"":[]}"
20200923,2020-09-23,1.4209057171775868E-4,"{""type"":""MultiPoint"",""coordinates"":[]}"
20200924,2020-09-24,5.103695277305772E-4,"{""type"":""MultiPoint"",""coordinates"":[]}"
20200925,2020-09-25,0.008118815118675751,"{""type"":""MultiPoint"",""coordinates"":[]}"
20200926,2020-09-26,0.0066020396329268,"{""type"":""MultiPoint"",""coordinates"":[]}"
20200927,2020-09-27,0.006221894847914989,"{""type"":""MultiPoint"",""coordinates"":[]}"
20200928,2020-09-28,0.0024494736121242556,"{""type"":""MultiPoint"",""coordinates"":[]}"
20200929,2020-09-29,1.2482151917316174E-4,"{""type"":""MultiPoint"",""coordinates"":[]}"
20200930,2020-09-30,0.0011350038388662535,"{""type"":""MultiPoint"",""coordinates"":[]}"
20201001,2020-10-01,0.004621998292552071,"{""type"":""MultiPoint"",""coordinates"":[]}"
20201002,2020-10-02,0.010607563141448062,"{""type"":""MultiPoint"",""coordinates"":[]}"
20201003,2020-10-03,0.0021753490700062734,"{""type"":""MultiPoint"",""coordinates"":[]}"
20201004,2020-10-04,0.00517999039388728,"{""type"":""MultiPoint"",""coordinates"":[]}"
20201005,2020-10-05,0.0028660772300471257,"{""type"":""MultiPoint"",""coordinates"":[]}"
20201006,2020-10-06,0.006357440917130228,"{""type"":""MultiPoint"",""coordinates"":[]}"
20201007,2020-10-07,0.0045395554217813215,"{""type"":""MultiPoint"",""coordinates"":[]}"
20201008,2020-10-08,0.00225225270271856,"{""type"":""MultiPoint"",""coordinates"":[]}"
20201009,2020-10-09,0.0069289121947443974,"{""type"":""MultiPoint"",""coordinates"":[]}"
20201010,2020-10-10,0.0016586902910870809,"{""type"":""MultiPoint"",""coordinates"":[]}"
20201011,2020-10-11,0.0012491194856381553,"{""type"":""MultiPoint"",""coordinates"":[]}"
20201012,2020-10-12,2.6821746474164237E-4,"{""type"":""MultiPoint"",""coordinates"":[]}"
20201013,2020-10-13,7.56055508575816E-4,"{""type"":""MultiPoint"",""coordinates"":[]}"
20201014,2020-10-14,6.556867547849798E-4,"{""type"":""MultiPoint"",""coordinates"":[]}"
20201015,2020-10-15,5.971700667143656E-4,"{""type"":""MultiPoint"",""coordinates"":[]}"
20201016,2020-10-16,2.911195333976522E-4,"{""type"":""MultiPoint"",""coordinates"":[]}"
20201017,2020-10-17,2.2987512627469084E-4,"{""type"":""MultiPoint"",""coordinates"":[]}"
20201018,2020-10-18,9.5917060254682E-4,"{""type"":""MultiPoint"",""coordinates"":[]}"
20201019,2020-10-19,0.002000508582617546,"{""type"":""MultiPoint"",""coordinates"":[]}"
20201020,2020-10-20,5.662040797476569E-4,"{""type"":""MultiPoint"",""coordinates"":[]}"
20201021,2020-10-21,5.473299020968783E-4,"{""type"":""MultiPoint"",""coordinates"":[]}"
20201022,2020-10-22,0.0021045970273358182,"{""type"":""MultiPoint"",""coordinates"":[]}"
20201023,2020-10-23,0.0011741908796957486,"{""type"":""MultiPoint"",""coordinates"":[]}"
20201024,2020-10-24,0.0023562127689416433,"{""type"":""MultiPoint"",""coordinates"":[]}"
20201025,2020-10-25,0.005093070540596388,"{""type"":""MultiPoint"",""coordinates"":[]}"
20201026,2020-10-26,0.002970747407903471,"{""type"":""MultiPoint"",""coordinates"":[]}"
20201027,2020-10-27,0.002904080779041261,"{""type"":""MultiPoint"",""coordinates"":[]}"
20201028,2020-10-28,0.003679237149972334,"{""type"":""MultiPoint"",""coordinates"":[]}"
20201029,2020-10-29,0.0035025645079297062,"{""type"":""MultiPoint"",""coordinates"":[]}"
20201030,2020-10-30,0.0024368834099112455,"{""type"":""MultiPoint"",""coordinates"":[]}"
20201031,2020-10-31,0.0011021744151823503,"{""type"":""MultiPoint"",""coordinates"":[]}"
20201101,2020-11-01,0.00881808708960069,"{""type"":""MultiPoint"",""coordinates"":[]}"
20201102,2020-11-02,0.015413223318456726,"{""type"":""MultiPoint"",""coordinates"":[]}"
20201103,2020-11-03,0.010877531240869332,"{""type"":""MultiPoint"",""coordinates"":[]}"
20201104,2020-11-04,0.014881660651588153,"{""type"":""MultiPoint"",""coordinates"":[]}"
20201105,2020-11-05,0.017862392847677135,"{""type"":""MultiPoint"",""coordinates"":[]}"
20201106,2020-11-06,0.010313760355609604,"{""type"":""MultiPoint"",""coordinates"":[]}"
20201107,2020-11-07,0.007476761779799023,"{""type"":""MultiPoint"",""coordinates"":[]}"
20201108,2020-11-08,0.0028704100764474954,"{""type"":""MultiPoint"",""coordinates"":[]}"
20201109,2020-11-09,2.2346146388262979E-4,"{""type"":""MultiPoint"",""coordinates"":[]}"
20201110,2020-11-10,0.012258704131418406,"{""type"":""MultiPoint"",""coordinates"":[]}"
20201111,2020-11-11,0.004784947600741649,"{""type"":""MultiPoint"",""coordinates"":[]}"
20201112,2020-11-12,0.0044087830931644435,"{""type"":""MultiPoint"",""coordinates"":[]}"
20201113,2020-11-13,0.013062530463148925,"{""type"":""MultiPoint"",""coordinates"":[]}"
20201114,2020-11-14,0.008938209135138167,"{""type"":""MultiPoint"",""coordinates"":[]}"
20201115,2020-11-15,0.0035226692535367016,"{""type"":""MultiPoint"",""coordinates"":[]}"
20201116,2020-11-16,0.012124511802369899,"{""type"":""MultiPoint"",""coordinates"":[]}"
20201117,2020-11-17,0.013750128806153438,"{""type"":""MultiPoint"",""coordinates"":[]}"
20201118,2020-11-18,0.0016390401207149144,"{""type"":""MultiPoint"",""coordinates"":[]}"
20201119,2020-11-19,0.014288580364347334,"{""type"":""MultiPoint"",""coordinates"":[]}"
20201120,2020-11-20,0.014569750291187915,"{""type"":""MultiPoint"",""coordinates"":[]}"
20201121,2020-11-21,0.01207509027479928,"{""type"":""MultiPoint"",""coordinates"":[]}"
20201122,2020-11-22,0.013184242832776211,"{""type"":""MultiPoint"",""coordinates"":[]}"
20201123,2020-11-23,0.005332190016162695,"{""type"":""MultiPoint"",""coordinates"":[]}"
20201124,2020-11-24,0.007040072379936122,"{""type"":""MultiPoint"",""coordinates"":[]}"
20201125,2020-11-25,0.011833346488374898,"{""type"":""MultiPoint"",""coordinates"":[]}"
20201126,2020-11-26,0.008226750086965844,"{""type"":""MultiPoint"",""coordinates"":[]}"
20201127,2020-11-27,0.002853743856817221,"{""type"":""MultiPoint"",""coordinates"":[]}"
20201128,2020-11-28,0.009646993649400418,"{""type"":""MultiPoint"",""coordinates"":[]}"
20201129,2020-11-29,0.011971785664053661,"{""type"":""MultiPoint"",""coordinates"":[]}"
20201130,2020-11-30,0.01407841607761656,"{""type"":""MultiPoint"",""coordinates"":[]}"
20201201,2020-12-01,0.013939950857300654,"{""type"":""MultiPoint"",""coordinates"":[]}"
20201202,2020-12-02,0.008340347225909525,"{""type"":""MultiPoint"",""coordinates"":[]}"
20201203,2020-12-03,0.0013926307009802905,"{""type"":""MultiPoint"",""coordinates"":[]}"
20201204,2020-12-04,9.9636186419127E-4,"{""type"":""MultiPoint"",""coordinates"":[]}"
20201205,2020-12-05,0.003208631024527444,"{""type"":""MultiPoint"",""coordinates"":[]}"
20201206,2020-12-06,0.00923696873760664,"{""type"":""MultiPoint"",""coordinates"":[]}"
20201207,2020-12-07,0.004276583901883711,"{""type"":""MultiPoint"",""coordinates"":[]}"
20201208,2020-12-08,0.004395080930701111,"{""type"":""MultiPoint"",""coordinates"":[]}"
20201209,2020-12-09,0.006868274659864854,"{""type"":""MultiPoint"",""coordinates"":[]}"
20201210,2020-12-10,0.00938004207570895,"{""type"":""MultiPoint"",""coordinates"":[]}"
20201211,2020-12-11,0.0033456855577277465,"{""type"":""MultiPoint"",""coordinates"":[]}"
20201212,2020-12-12,0.013357395323385961,"{""type"":""MultiPoint"",""coordinates"":[]}"
20201213,2020-12-13,0.004855212765110465,"{""type"":""MultiPoint"",""coordinates"":[]}"
20201214,2020-12-14,0.001591357894266125,"{""type"":""MultiPoint"",""coordinates"":[]}"
20201215,2020-12-15,0.008285281125399202,"{""type"":""MultiPoint"",""coordinates"":[]}"
20201216,2020-12-16,0.015592829117208211,"{""type"":""MultiPoint"",""coordinates"":[]}"
20201217,2020-12-17,0.02073255378495348,"{""type"":""MultiPoint"",""coordinates"":[]}"
20201218,2020-12-18,0.013793544578301127,"{""type"":""MultiPoint"",""coordinates"":[]}"
20201219,2020-12-19,0.008215161252394484,"{""type"":""MultiPoint"",""coordinates"":[]}"
20201220,2020-12-20,0.014453940978408008,"{""type"":""MultiPoint"",""coordinates"":[]}"
20201221,2020-12-21,0.016930239487494742,"{""type"":""MultiPoint"",""coordinates"":[]}"
20201222,2020-12-22,0.009632143116243148,"{""type"":""MultiPoint"",""coordinates"":[]}"
20201223,2020-12-23,0.01286425667437274,"{""type"":""MultiPoint"",""coordinates"":[]}"
20201224,2020-12-24,0.012050965747844696,"{""type"":""MultiPoint"",""coordinates"":[]}"
20201225,2020-12-25,0.009158469751099992,"{""type"":""MultiPoint"",""coordinates"":[]}"
20201226,2020-12-26,0.010072767962107885,"{""type"":""MultiPoint"",""coordinates"":[]}"
20201227,2020-12-27,0.007516352082593922,"{""type"":""MultiPoint"",""coordinates"":[]}"
20201228,2020-12-28,0.01589377858738428,"{""type"":""MultiPoint"",""coordinates"":[]}"
20201229,2020-12-29,0.0037520411270719643,"{""type"":""MultiPoint"",""coordinates"":[]}"
20201230,2020-12-30,0.010590886686373285,"{""type"":""MultiPoint"",""coordinates"":[]}"
20201231,2020-12-31,0.014987991396067988,"{""type"":""MultiPoint"",""coordinates"":[]}"
20210101,2021-01-01,0.018019487562719802,"{""type"":""MultiPoint"",""coordinates"":[]}"
20210102,2021-01-02,0.01879242056618127,"{""type"":""MultiPoint"",""coordinates"":[]}"
20210103,2021-01-03,0.015209718010621669,"{""type"":""MultiPoint"",""coordinates"":[]}"
20210104,2021-01-04,0.007932387536015575,"{""type"":""MultiPoint"",""coordinates"":[]}"
20210105,2021-01-05,0.015410953123666245,"{""type"":""MultiPoint"",""coordinates"":[]}"
20210106,2021-01-06,0.006037336841594689,"{""type"":""MultiPoint"",""coordinates"":[]}"
20210107,2021-01-07,0.01542059629524626,"{""type"":""MultiPoint"",""coordinates"":[]}"
20210108,2021-01-08,0.021869499336079096,"{""type"":""MultiPoint"",""coordinates"":[]}"
20210109,2021-01-09,0.02229102813282799,"{""type"":""MultiPoint"",""coordinates"":[]}"
20210110,2021-01-10,0.005204397221370241,"{""type"":""MultiPoint"",""coordinates"":[]}"
20210111,2021-01-11,0.0022644553354150294,"{""type"":""MultiPoint"",""coordinates"":[]}"
20210112,2021-01-12,0.003928244561876674,"{""type"":""MultiPoint"",""coordinates"":[]}"
20210113,2021-01-13,0.008929087029219126,"{""type"":""MultiPoint"",""coordinates"":[]}"
20210114,2021-01-14,0.0012181724777333915,"{""type"":""MultiPoint"",""coordinates"":[]}"
20210115,2021-01-15,0.023327225888416264,"{""type"":""MultiPoint"",""coordinates"":[]}"
20210116,2021-01-16,0.004904652700742259,"{""type"":""MultiPoint"",""coordinates"":[]}"
20210117,2021-01-17,0.001571854907672662,"{""type"":""MultiPoint"",""coordinates"":[]}"
20210118,2021-01-18,0.0012996075930765522,"{""type"":""MultiPoint"",""coordinates"":[]}"
20210119,2021-01-19,9.020512969834557E-4,"{""type"":""MultiPoint"",""coordinates"":[]}"
20210120,2021-01-20,0.0012946843776812339,"{""type"":""MultiPoint"",""coordinates"":[]}"
20210121,2021-01-21,0.03145355991562419,"{""type"":""MultiPoint"",""coordinates"":[]}"
20210122,2021-01-22,0.016052701776300807,"{""type"":""MultiPoint"",""coordinates"":[]}"
20210123,2021-01-23,0.015282275830417935,"{""type"":""MultiPoint"",""coordinates"":[]}"
20210124,2021-01-24,0.002993895715190053,"{""type"":""MultiPoint"",""coordinates"":[]}"
20210125,2021-01-25,7.585000900200955E-4,"{""type"":""MultiPoint"",""coordinates"":[]}"
20210126,2021-01-26,0.002005166819187394,"{""type"":""MultiPoint"",""coordinates"":[]}"
20210127,2021-01-27,0.0026031818474963795,"{""type"":""MultiPoint"",""coordinates"":[]}"
20210128,2021-01-28,0.0011304540482000355,"{""type"":""MultiPoint"",""coordinates"":[]}"
20210129,2021-01-29,0.008746992496884945,"{""type"":""MultiPoint"",""coordinates"":[]}"
20210130,2021-01-30,0.013324090653222707,"{""type"":""MultiPoint"",""coordinates"":[]}"
20210131,2021-01-31,0.004747081635890333,"{""type"":""MultiPoint"",""coordinates"":[]}"
20210201,2021-02-01,0.0016870103245501403,"{""type"":""MultiPoint"",""coordinates"":[]}"
20210202,2021-02-02,0.005109447499190358,"{""type"":""MultiPoint"",""coordinates"":[]}"
20210203,2021-02-03,0.0058253364768424505,"{""type"":""MultiPoint"",""coordinates"":[]}"
20210204,2021-02-04,0.004092280420742695,"{""type"":""MultiPoint"",""coordinates"":[]}"
20210205,2021-02-05,9.730802631723729E-4,"{""type"":""MultiPoint"",""coordinates"":[]}"
20210206,2021-02-06,0.006463283771590616,"{""type"":""MultiPoint"",""coordinates"":[]}"
20210207,2021-02-07,0.007501280925789855,"{""type"":""MultiPoint"",""coordinates"":[]}"
20210208,2021-02-08,0.0019416024697975992,"{""type"":""MultiPoint"",""coordinates"":[]}"
20210209,2021-02-09,6.179486524105826E-4,"{""type"":""MultiPoint"",""coordinates"":[]}"
20210210,2021-02-10,0.0010846913018753952,"{""type"":""MultiPoint"",""coordinates"":[]}"
20210211,2021-02-11,0.0014635702533987876,"{""type"":""MultiPoint"",""coordinates"":[]}"
20210212,2021-02-12,0.009141930392188854,"{""type"":""MultiPoint"",""coordinates"":[]}"
20210213,2021-02-13,0.004588236881253146,"{""type"":""MultiPoint"",""coordinates"":[]}"
20210214,2021-02-14,0.0014098523018894495,"{""type"":""MultiPoint"",""coordinates"":[]}"
20210215,2021-02-15,0.001531411630640987,"{""type"":""MultiPoint"",""coordinates"":[]}"
20210216,2021-02-16,0.0019480688183661353,"{""type"":""MultiPoint"",""coordinates"":[]}"
20210217,2021-02-17,3.0382602809934006E-4,"{""type"":""MultiPoint"",""coordinates"":[]}"
20210218,2021-02-18,6.360350420007143E-4,"{""type"":""MultiPoint"",""coordinates"":[]}"
20210219,2021-02-19,0.0015397877735446007,"{""type"":""MultiPoint"",""coordinates"":[]}"
20210220,2021-02-20,9.854552470503594E-4,"{""type"":""MultiPoint"",""coordinates"":[]}"
20210221,2021-02-21,5.652814331456188E-4,"{""type"":""MultiPoint"",""coordinates"":[]}"
20210222,2021-02-22,0.0015707921654699417,"{""type"":""MultiPoint"",""coordinates"":[]}"
20210223,2021-02-23,9.507364343560811E-4,"{""type"":""MultiPoint"",""coordinates"":[]}"
20210224,2021-02-24,0.007714761086892324,"{""type"":""MultiPoint"",""coordinates"":[]}"
20210225,2021-02-25,0.0022574744843069264,"{""type"":""MultiPoint"",""coordinates"":[]}"
20210226,2021-02-26,0.002764744502708294,"{""type"":""MultiPoint"",""coordinates"":[]}"
20210227,2021-02-27,0.002315137468417943,"{""type"":""MultiPoint"",""coordinates"":[]}"
20210228,2021-02-28,0.0015341702414704806,"{""type"":""MultiPoint"",""coordinates"":[]}"
20210301,2021-03-01,0.002530032278040731,"{""type"":""MultiPoint"",""coordinates"":[]}"
20210302,2021-03-02,0.005730143578098975,"{""type"":""MultiPoint"",""coordinates"":[]}"
20210303,2021-03-03,0.019089716626668547,"{""type"":""MultiPoint"",""coordinates"":[]}"
20210304,2021-03-04,0.006703385500640709,"{""type"":""MultiPoint"",""coordinates"":[]}"
20210305,2021-03-05,0.0063398360566518375,"{""type"":""MultiPoint"",""coordinates"":[]}"
20210306,2021-03-06,0.006346705323695376,"{""type"":""MultiPoint"",""coordinates"":[]}"
20210307,2021-03-07,0.005088376068732517,"{""type"":""MultiPoint"",""coordinates"":[]}"
20210308,2021-03-08,0.004797997362691244,"{""type"":""MultiPoint"",""coordinates"":[]}"
20210309,2021-03-09,0.002679193978890162,"{""type"":""MultiPoint"",""coordinates"":[]}"
20210310,2021-03-10,0.0022978306797328705,"{""type"":""MultiPoint"",""coordinates"":[]}"
20210311,2021-03-11,0.004480466425146726,"{""type"":""MultiPoint"",""coordinates"":[]}"
20210312,2021-03-12,0.013508860605146679,"{""type"":""MultiPoint"",""coordinates"":[]}"
20210313,2021-03-13,0.009965635501325116,"{""type"":""MultiPoint"",""coordinates"":[]}"
20210314,2021-03-14,0.02796846616790669,"{""type"":""MultiPoint"",""coordinates"":[]}"
20210315,2021-03-15,0.0053642467450157215,"{""type"":""MultiPoint"",""coordinates"":[]}"
20210316,2021-03-16,0.0016150905989180588,"{""type"":""MultiPoint"",""coordinates"":[]}"
20210317,2021-03-17,4.894975727786392E-4,"{""type"":""MultiPoint"",""coordinates"":[]}"
20210318,2021-03-18,0.0016784495122868794,"{""type"":""MultiPoint"",""coordinates"":[]}"
20210319,2021-03-19,6.52464641698287E-4,"{""type"":""MultiPoint"",""coordinates"":[]}"
20210320,2021-03-20,8.846483881549426E-4,"{""type"":""MultiPoint"",""coordinates"":[]}"
20210321,2021-03-21,0.00856836949814431,"{""type"":""MultiPoint"",""coordinates"":[]}"
20210322,2021-03-22,0.017538382391459023,"{""type"":""MultiPoint"",""coordinates"":[]}"
20210323,2021-03-23,0.014858458832560819,"{""type"":""MultiPoint"",""coordinates"":[]}"
20210324,2021-03-24,0.006124615390639116,"{""type"":""MultiPoint"",""coordinates"":[]}"
20210325,2021-03-25,0.0053330948972410645,"{""type"":""MultiPoint"",""coordinates"":[]}"
20210326,2021-03-26,0.005120528186362299,"{""type"":""MultiPoint"",""coordinates"":[]}"
20210327,2021-03-27,0.0014791955510086864,"{""type"":""MultiPoint"",""coordinates"":[]}"
20210328,2021-03-28,0.005734476096211944,"{""type"":""MultiPoint"",""coordinates"":[]}"
20210329,2021-03-29,0.0029201090656099595,"{""type"":""MultiPoint"",""coordinates"":[]}"
20210330,2021-03-30,0.0018119086220414707,"{""type"":""MultiPoint"",""coordinates"":[]}"
20210331,2021-03-31,0.002370575229044593,"{""type"":""MultiPoint"",""coordinates"":[]}"
20210401,2021-04-01,0.00267292849728644,"{""type"":""MultiPoint"",""coordinates"":[]}"
20210402,2021-04-02,0.004908121906146045,"{""type"":""MultiPoint"",""coordinates"":[]}"
20210403,2021-04-03,0.02362046336807418,"{""type"":""MultiPoint"",""coordinates"":[]}"
20210404,2021-04-04,0.0652351575430237,"{""type"":""MultiPoint"",""coordinates"":[]}"
20210405,2021-04-05,0.019304217611497195,"{""type"":""MultiPoint"",""coordinates"":[]}"
20210406,2021-04-06,0.02066998441478068,"{""type"":""MultiPoint"",""coordinates"":[]}"
20210407,2021-04-07,0.009365662651016272,"{""type"":""MultiPoint"",""coordinates"":[]}"
20210408,2021-04-08,0.04913735780351757,"{""type"":""MultiPoint"",""coordinates"":[]}"
20210409,2021-04-09,0.019627938367416078,"{""type"":""MultiPoint"",""coordinates"":[]}"
20210410,2021-04-10,0.010961841977336574,"{""type"":""MultiPoint"",""coordinates"":[]}"
20210411,2021-04-11,0.012234995607747682,"{""type"":""MultiPoint"",""coordinates"":[]}"
20210412,2021-04-12,0.009323576034191703,"{""type"":""MultiPoint"",""coordinates"":[]}"
20210413,2021-04-13,0.008754652808244194,"{""type"":""MultiPoint"",""coordinates"":[]}"
20210414,2021-04-14,0.002270458299800805,"{""type"":""MultiPoint"",""coordinates"":[]}"
20210415,2021-04-15,0.008358745058197328,"{""type"":""MultiPoint"",""coordinates"":[]}"
20210416,2021-04-16,0.0027075695154594685,"{""type"":""MultiPoint"",""coordinates"":[]}"
20210417,2021-04-17,0.0018313180576025206,"{""type"":""MultiPoint"",""coordinates"":[]}"
20210418,2021-04-18,0.0020942687286350592,"{""type"":""MultiPoint"",""coordinates"":[]}"
20210419,2021-04-19,0.001087787611447735,"{""type"":""MultiPoint"",""coordinates"":[]}"
20210420,2021-04-20,0.0072545434556647425,"{""type"":""MultiPoint"",""coordinates"":[]}"
20210421,2021-04-21,0.02053886182767542,"{""type"":""MultiPoint"",""coordinates"":[]}"
20210422,2021-04-22,0.009479954479453372,"{""type"":""MultiPoint"",""coordinates"":[]}"
20210423,2021-04-23,0.01151219421095473,"{""type"":""MultiPoint"",""coordinates"":[]}"
20210424,2021-04-24,0.015438513455019906,"{""type"":""MultiPoint"",""coordinates"":[]}"
20210425,2021-04-25,0.008253485301468407,"{""type"":""MultiPoint"",""coordinates"":[]}"
20210426,2021-04-26,0.00711769649381681,"{""type"":""MultiPoint"",""coordinates"":[]}"
20210427,2021-04-27,0.026008039058790938,"{""type"":""MultiPoint"",""coordinates"":[]}"
20210428,2021-04-28,0.009573403969859447,"{""type"":""MultiPoint"",""coordinates"":[]}"
20210429,2021-04-29,0.015307871138590275,"{""type"":""MultiPoint"",""coordinates"":[]}"
20210430,2021-04-30,0.007508761305196501,"{""type"":""MultiPoint"",""coordinates"":[]}"
20210501,2021-05-01,0.008390287184460263,"{""type"":""MultiPoint"",""coordinates"":[]}"
20210502,2021-05-02,0.015623051062197288,"{""type"":""MultiPoint"",""coordinates"":[]}"
20210503,2021-05-03,0.010245026708292537,"{""type"":""MultiPoint"",""coordinates"":[]}"
20210504,2021-05-04,0.011180895743119068,"{""type"":""MultiPoint"",""coordinates"":[]}"
20210505,2021-05-05,0.007250769647934729,"{""type"":""MultiPoint"",""coordinates"":[]}"
20210506,2021-05-06,0.013174063608420775,"{""type"":""MultiPoint"",""coordinates"":[]}"
20210507,2021-05-07,0.014909826293623075,"{""type"":""MultiPoint"",""coordinates"":[]}"
20210508,2021-05-08,0.005737216073539065,"{""type"":""MultiPoint"",""coordinates"":[]}"
20210509,2021-05-09,0.0074021322034313174,"{""type"":""MultiPoint"",""coordinates"":[]}"
20210510,2021-05-10,0.008729062193676463,"{""type"":""MultiPoint"",""coordinates"":[]}"
20210511,2021-05-11,0.00835891790051688,"{""type"":""MultiPoint"",""coordinates"":[]}"
20210512,2021-05-12,0.0024973633729371706,"{""type"":""MultiPoint"",""coordinates"":[]}"
20210513,2021-05-13,0.0075138613138211845,"{""type"":""MultiPoint"",""coordinates"":[]}"
20210514,2021-05-14,0.00585109354659658,"{""type"":""MultiPoint"",""coordinates"":[]}"
20210515,2021-05-15,0.01111891952451172,"{""type"":""MultiPoint"",""coordinates"":[]}"
20210516,2021-05-16,0.00666768667062267,"{""type"":""MultiPoint"",""coordinates"":[]}"
20210517,2021-05-17,0.011887536719277794,"{""type"":""MultiPoint"",""coordinates"":[]}"
20210518,2021-05-18,0.0035332813456721997,"{""type"":""MultiPoint"",""coordinates"":[]}"
20210519,2021-05-19,0.010854009952894806,"{""type"":""MultiPoint"",""coordinates"":[]}"
20210520,2021-05-20,0.01300788429735117,"{""type"":""MultiPoint"",""coordinates"":[]}"
20210521,2021-05-21,0.024211734789272736,"{""type"":""MultiPoint"",""coordinates"":[]}"
20210522,2021-05-22,0.014192495710601022,"{""type"":""MultiPoint"",""coordinates"":[]}"
20210523,2021-05-23,0.014114584267310461,"{""type"":""MultiPoint"",""coordinates"":[]}"
20210524,2021-05-24,0.01659992261906347,"{""type"":""MultiPoint"",""coordinates"":[]}"
20210525,2021-05-25,0.05878132976120773,"{""type"":""MultiPoint"",""coordinates"":[]}"
20210526,2021-05-26,0.022447557929351908,"{""type"":""MultiPoint"",""coordinates"":[]}"
20210527,2021-05-27,0.04711162003678439,"{""type"":""MultiPoint"",""coordinates"":[]}"
20210528,2021-05-28,0.014588902025581784,"{""type"":""MultiPoint"",""coordinates"":[]}"
20210529,2021-05-29,0.022774733944932242,"{""type"":""MultiPoint"",""coordinates"":[]}"
20210530,2021-05-30,0.01872638948396983,"{""type"":""MultiPoint"",""coordinates"":[]}"
20210531,2021-05-31,0.02330862643412137,"{""type"":""MultiPoint"",""coordinates"":[]}"
20210601,2021-06-01,0.030053123490409943,"{""type"":""MultiPoint"",""coordinates"":[]}"
20210602,2021-06-02,0.022892565142155565,"{""type"":""MultiPoint"",""coordinates"":[]}"
20210603,2021-06-03,0.024785401260263535,"{""type"":""MultiPoint"",""coordinates"":[]}"
20210604,2021-06-04,0.009538279078384851,"{""type"":""MultiPoint"",""coordinates"":[]}"
20210605,2021-06-05,0.011558807537188201,"{""type"":""MultiPoint"",""coordinates"":[]}"
20210606,2021-06-06,0.009753471434357933,"{""type"":""MultiPoint"",""coordinates"":[]}"
20210607,2021-06-07,0.01983006697586824,"{""type"":""MultiPoint"",""coordinates"":[]}"
20210608,2021-06-08,0.014770550031487235,"{""type"":""MultiPoint"",""coordinates"":[]}"
20210609,2021-06-09,0.021282015746343527,"{""type"":""MultiPoint"",""coordinates"":[]}"
20210610,2021-06-10,0.006585418849084878,"{""type"":""MultiPoint"",""coordinates"":[]}"
20210611,2021-06-11,0.004696308805486921,"{""type"":""MultiPoint"",""coordinates"":[]}"
20210612,2021-06-12,0.00397072822484089,"{""type"":""MultiPoint"",""coordinates"":[]}"
20210613,2021-06-13,0.004369001569905969,"{""type"":""MultiPoint"",""coordinates"":[]}"
20210614,2021-06-14,0.0046201859452882155,"{""type"":""MultiPoint"",""coordinates"":[]}"
20210615,2021-06-15,0.004386816679937961,"{""type"":""MultiPoint"",""coordinates"":[]}"
20210616,2021-06-16,0.013744365955132619,"{""type"":""MultiPoint"",""coordinates"":[]}"
20210617,2021-06-17,0.013860114779026171,"{""type"":""MultiPoint"",""coordinates"":[]}"
20210618,2021-06-18,0.011666796334356822,"{""type"":""MultiPoint"",""coordinates"":[]}"
20210619,2021-06-19,0.0012466713546386821,"{""type"":""MultiPoint"",""coordinates"":[]}"
20210620,2021-06-20,0.008862231100270589,"{""type"":""MultiPoint"",""coordinates"":[]}"
20210621,2021-06-21,0.030792421582992294,"{""type"":""MultiPoint"",""coordinates"":[]}"
20210622,2021-06-22,0.0015045707340456535,"{""type"":""MultiPoint"",""coordinates"":[]}"
20210623,2021-06-23,0.00761894396407666,"{""type"":""MultiPoint"",""coordinates"":[]}"
20210624,2021-06-24,0.006648579437584289,"{""type"":""MultiPoint"",""coordinates"":[]}"
20210625,2021-06-25,0.005845432975254058,"{""type"":""MultiPoint"",""coordinates"":[]}"
20210626,2021-06-26,0.001962897123082035,"{""type"":""MultiPoint"",""coordinates"":[]}"
20210627,2021-06-27,0.0027092666903875593,"{""type"":""MultiPoint"",""coordinates"":[]}"
20210628,2021-06-28,0.012889737335575397,"{""type"":""MultiPoint"",""coordinates"":[]}"
20210629,2021-06-29,0.008971288329514222,"{""type"":""MultiPoint"",""coordinates"":[]}"
20210630,2021-06-30,0.013225551987525914,"{""type"":""MultiPoint"",""coordinates"":[]}"
20210701,2021-07-01,0.013604357316538331,"{""type"":""MultiPoint"",""coordinates"":[]}"
20210702,2021-07-02,0.012530424934424553,"{""type"":""MultiPoint"",""coordinates"":[]}"
20210703,2021-07-03,0.012327244656040789,"{""type"":""MultiPoint"",""coordinates"":[]}"
20210704,2021-07-04,0.010019120094265085,"{""type"":""MultiPoint"",""coordinates"":[]}"
20210705,2021-07-05,0.01401578221622476,"{""type"":""MultiPoint"",""coordinates"":[]}"
20210706,2021-07-06,0.014016034080643808,"{""type"":""MultiPoint"",""coordinates"":[]}"
20210707,2021-07-07,0.012460971172833707,"{""type"":""MultiPoint"",""coordinates"":[]}"
20210708,2021-07-08,0.009198608495758376,"{""type"":""MultiPoint"",""coordinates"":[]}"
20210709,2021-07-09,0.011021094866322823,"{""type"":""MultiPoint"",""coordinates"":[]}"
20210710,2021-07-10,0.005464472156134358,"{""type"":""MultiPoint"",""coordinates"":[]}"
20210711,2021-07-11,0.007677913097015519,"{""type"":""MultiPoint"",""coordinates"":[]}"
20210712,2021-07-12,0.005462645706288718,"{""type"":""MultiPoint"",""coordinates"":[]}"
20210713,2021-07-13,0.010004262359838709,"{""type"":""MultiPoint"",""coordinates"":[]}"
20210714,2021-07-14,0.0039102353422135906,"{""type"":""MultiPoint"",""coordinates"":[]}"
20210715,2021-07-15,0.01732313748963414,"{""type"":""MultiPoint"",""coordinates"":[]}"
20210716,2021-07-16,0.004938963061411681,"{""type"":""MultiPoint"",""coordinates"":[]}"
20210717,2021-07-17,0.005762304346245682,"{""type"":""MultiPoint"",""coordinates"":[]}"
20210718,2021-07-18,0.005060751067931313,"{""type"":""MultiPoint"",""coordinates"":[]}"
20210719,2021-07-19,0.02031883573721325,"{""type"":""MultiPoint"",""coordinates"":[]}"
20210720,2021-07-20,0.01625939505211199,"{""type"":""MultiPoint"",""coordinates"":[]}"
20210721,2021-07-21,0.005984847200983027,"{""type"":""MultiPoint"",""coordinates"":[]}"
20210722,2021-07-22,0.008290437515348466,"{""type"":""MultiPoint"",""coordinates"":[]}"
20210723,2021-07-23,0.010348600045213204,"{""type"":""MultiPoint"",""coordinates"":[]}"
20210724,2021-07-24,0.006414734150441573,"{""type"":""MultiPoint"",""coordinates"":[]}"
20210725,2021-07-25,0.00914597789360027,"{""type"":""MultiPoint"",""coordinates"":[]}"
20210726,2021-07-26,0.002969153245840131,"{""type"":""MultiPoint"",""coordinates"":[]}"
20210727,2021-07-27,0.01007011936911683,"{""type"":""MultiPoint"",""coordinates"":[]}"
20210728,2021-07-28,0.009306576152761523,"{""type"":""MultiPoint"",""coordinates"":[]}"
20210729,2021-07-29,0.0052416481491462845,"{""type"":""MultiPoint"",""coordinates"":[]}"
20210730,2021-07-30,0.009455055050661887,"{""type"":""MultiPoint"",""coordinates"":[]}"
20210731,2021-07-31,0.011309141813503603,"{""type"":""MultiPoint"",""coordinates"":[]}"
20210801,2021-08-01,0.018830240455896718,"{""type"":""MultiPoint"",""coordinates"":[]}"
20210802,2021-08-02,0.010673465506993673,"{""type"":""MultiPoint"",""coordinates"":[]}"
20210803,2021-08-03,0.012881770448332445,"{""type"":""MultiPoint"",""coordinates"":[]}"
20210804,2021-08-04,0.0034732834056970343,"{""type"":""MultiPoint"",""coordinates"":[]}"
20210805,2021-08-05,0.0019533483478724567,"{""type"":""MultiPoint"",""coordinates"":[]}"
20210806,2021-08-06,0.00604879705973264,"{""type"":""MultiPoint"",""coordinates"":[]}"
20210807,2021-08-07,0.011593592049342488,"{""type"":""MultiPoint"",""coordinates"":[]}"
20210808,2021-08-08,0.007957221077402854,"{""type"":""MultiPoint"",""coordinates"":[]}"
20210809,2021-08-09,0.007495452665961323,"{""type"":""MultiPoint"",""coordinates"":[]}"
20210810,2021-08-10,0.007004754182396898,"{""type"":""MultiPoint"",""coordinates"":[]}"
20210811,2021-08-11,0.00434329712295038,"{""type"":""MultiPoint"",""coordinates"":[]}"
20210812,2021-08-12,0.006713808871771528,"{""type"":""MultiPoint"",""coordinates"":[]}"
20210813,2021-08-13,0.01592362397417927,"{""type"":""MultiPoint"",""coordinates"":[]}"
20210814,2021-08-14,0.015482497362827011,"{""type"":""MultiPoint"",""coordinates"":[]}"
20210815,2021-08-15,0.015517729305322497,"{""type"":""MultiPoint"",""coordinates"":[]}"
20210816,2021-08-16,0.008194471720406818,"{""type"":""MultiPoint"",""coordinates"":[]}"
20210817,2021-08-17,0.004450924382884818,"{""type"":""MultiPoint"",""coordinates"":[]}"
20210818,2021-08-18,0.0039225843014218794,"{""type"":""MultiPoint"",""coordinates"":[]}"
20210819,2021-08-19,0.0077113838208452785,"{""type"":""MultiPoint"",""coordinates"":[]}"
20210820,2021-08-20,0.007461066806887973,"{""type"":""MultiPoint"",""coordinates"":[]}"
20210821,2021-08-21,0.005531870029870378,"{""type"":""MultiPoint"",""coordinates"":[]}"
20210822,2021-08-22,0.0027826049827023723,"{""type"":""MultiPoint"",""coordinates"":[]}"
20210823,2021-08-23,5.009501393989822E-4,"{""type"":""MultiPoint"",""coordinates"":[]}"
20210824,2021-08-24,0.002472516706057094,"{""type"":""MultiPoint"",""coordinates"":[]}"
20210825,2021-08-25,0.0014207213828326373,"{""type"":""MultiPoint"",""coordinates"":[]}"
20210826,2021-08-26,0.0022381823918057597,"{""type"":""MultiPoint"",""coordinates"":[]}"
20210827,2021-08-27,0.0063954496044685534,"{""type"":""MultiPoint"",""coordinates"":[]}"
20210828,2021-08-28,0.006782217453580516,"{""type"":""MultiPoint"",""coordinates"":[]}"
20210829,2021-08-29,0.005693760961762566,"{""type"":""MultiPoint"",""coordinates"":[]}"
20210830,2021-08-30,0.0013205950144522685,"{""type"":""MultiPoint"",""coordinates"":[]}"
20210831,2021-08-31,0.0014951941034617637,"{""type"":""MultiPoint"",""coordinates"":[]}"
20210901,2021-09-01,0.0031969185719070564,"{""type"":""MultiPoint"",""coordinates"":[]}"
20210902,2021-09-02,0.0126817679418851,"{""type"":""MultiPoint"",""coordinates"":[]}"
20210903,2021-09-03,0.009516423855526467,"{""type"":""MultiPoint"",""coordinates"":[]}"
20210904,2021-09-04,0.014500603308664598,"{""type"":""MultiPoint"",""coordinates"":[]}"
20210905,2021-09-05,0.004481107817052504,"{""type"":""MultiPoint"",""coordinates"":[]}"
20210906,2021-09-06,0.004665347800566484,"{""type"":""MultiPoint"",""coordinates"":[]}"
20210907,2021-09-07,0.005306188347773426,"{""type"":""MultiPoint"",""coordinates"":[]}"
20210908,2021-09-08,0.005412103955753849,"{""type"":""MultiPoint"",""coordinates"":[]}"
20210909,2021-09-09,0.006743085222368253,"{""type"":""MultiPoint"",""coordinates"":[]}"
20210910,2021-09-10,0.003657899629382085,"{""type"":""MultiPoint"",""coordinates"":[]}"
20210911,2021-09-11,8.578491927872539E-4,"{""type"":""MultiPoint"",""coordinates"":[]}"
20210912,2021-09-12,8.685741415613808E-4,"{""type"":""MultiPoint"",""coordinates"":[]}"
20210913,2021-09-13,0.0023871088933410333,"{""type"":""MultiPoint"",""coordinates"":[]}"
20210914,2021-09-14,0.0037338060378086456,"{""type"":""MultiPoint"",""coordinates"":[]}"
20210915,2021-09-15,0.001200391264869419,"{""type"":""MultiPoint"",""coordinates"":[]}"
20210916,2021-09-16,0.001350803020808618,"{""type"":""MultiPoint"",""coordinates"":[]}"
20210917,2021-09-17,0.008256822171913123,"{""type"":""MultiPoint"",""coordinates"":[]}"
20210918,2021-09-18,0.006108369113780191,"{""type"":""MultiPoint"",""coordinates"":[]}"
20210919,2021-09-19,0.0066844283747897115,"{""type"":""MultiPoint"",""coordinates"":[]}"
20210920,2021-09-20,0.006262373166713142,"{""type"":""MultiPoint"",""coordinates"":[]}"
20210921,2021-09-21,0.0029695211853238285,"{""type"":""MultiPoint"",""coordinates"":[]}"
20210922,2021-09-22,0.0022698548237966585,"{""type"":""MultiPoint"",""coordinates"":[]}"
20210923,2021-09-23,0.0031986413670441554,"{""type"":""MultiPoint"",""coordinates"":[]}"
20210924,2021-09-24,0.0032640990156459575,"{""type"":""MultiPoint"",""coordinates"":[]}"
20210925,2021-09-25,7.614916651678307E-4,"{""type"":""MultiPoint"",""coordinates"":[]}"
20210926,2021-09-26,7.189562455292563E-4,"{""type"":""MultiPoint"",""coordinates"":[]}"
20210927,2021-09-27,4.3715542245905856E-4,"{""type"":""MultiPoint"",""coordinates"":[]}"
20210928,2021-09-28,0.0013652898564411203,"{""type"":""MultiPoint"",""coordinates"":[]}"
20210929,2021-09-29,0.004140971003883065,"{""type"":""MultiPoint"",""coordinates"":[]}"
20210930,2021-09-30,0.001902445206844499,"{""type"":""MultiPoint"",""coordinates"":[]}"
20211001,2021-10-01,0.0014628399568357197,"{""type"":""MultiPoint"",""coordinates"":[]}"
20211002,2021-10-02,0.0026649561588076754,"{""type"":""MultiPoint"",""coordinates"":[]}"
20211003,2021-10-03,0.0018428675475158022,"{""type"":""MultiPoint"",""coordinates"":[]}"
20211004,2021-10-04,8.678314320201404E-4,"{""type"":""MultiPoint"",""coordinates"":[]}"
20211005,2021-10-05,6.266887815048143E-4,"{""type"":""MultiPoint"",""coordinates"":[]}"
20211006,2021-10-06,0.00852575983703351,"{""type"":""MultiPoint"",""coordinates"":[]}"
20211007,2021-10-07,0.003790402446861879,"{""type"":""MultiPoint"",""coordinates"":[]}"
20211008,2021-10-08,0.001686099873861653,"{""type"":""MultiPoint"",""coordinates"":[]}"
20211009,2021-10-09,0.0010668454292610751,"{""type"":""MultiPoint"",""coordinates"":[]}"
20211010,2021-10-10,0.0019238333186047266,"{""type"":""MultiPoint"",""coordinates"":[]}"
20211011,2021-10-11,9.636779282333597E-4,"{""type"":""MultiPoint"",""coordinates"":[]}"
20211012,2021-10-12,0.0016444076535995843,"{""type"":""MultiPoint"",""coordinates"":[]}"
20211013,2021-10-13,0.006864534588972275,"{""type"":""MultiPoint"",""coordinates"":[]}"
20211014,2021-10-14,2.6634775614190143E-4,"{""type"":""MultiPoint"",""coordinates"":[]}"
20211015,2021-10-15,2.557354288205684E-5,"{""type"":""MultiPoint"",""coordinates"":[]}"
20211016,2021-10-16,1.7935187243502427E-4,"{""type"":""MultiPoint"",""coordinates"":[]}"
20211017,2021-10-17,0.011815371545386562,"{""type"":""MultiPoint"",""coordinates"":[]}"
20211018,2021-10-18,0.005138101502945269,"{""type"":""MultiPoint"",""coordinates"":[]}"
20211019,2021-10-19,0.003885230686728524,"{""type"":""MultiPoint"",""coordinates"":[]}"
20211020,2021-10-20,0.003235116551053626,"{""type"":""MultiPoint"",""coordinates"":[]}"
20211021,2021-10-21,0.006795029809216921,"{""type"":""MultiPoint"",""coordinates"":[]}"
20211022,2021-10-22,0.010594413955252785,"{""type"":""MultiPoint"",""coordinates"":[]}"
20211023,2021-10-23,0.010291472449886267,"{""type"":""MultiPoint"",""coordinates"":[]}"
20211024,2021-10-24,0.01052075170909437,"{""type"":""MultiPoint"",""coordinates"":[]}"
20211025,2021-10-25,0.012468573552442224,"{""type"":""MultiPoint"",""coordinates"":[]}"
20211026,2021-10-26,0.006282360854443262,"{""type"":""MultiPoint"",""coordinates"":[]}"
20211027,2021-10-27,0.002251309876121183,"{""type"":""MultiPoint"",""coordinates"":[]}"
20211028,2021-10-28,3.957787399568714E-4,"{""type"":""MultiPoint"",""coordinates"":[]}"
20211029,2021-10-29,0.0018696606433114315,"{""type"":""MultiPoint"",""coordinates"":[]}"
20211030,2021-10-30,0.0018189450282225235,"{""type"":""MultiPoint"",""coordinates"":[]}"
20211031,2021-10-31,0.004106025162417373,"{""type"":""MultiPoint"",""coordinates"":[]}"
20211101,2021-11-01,0.004343232340177606,"{""type"":""MultiPoint"",""coordinates"":[]}"
20211102,2021-11-02,0.0016582107001698744,"{""type"":""MultiPoint"",""coordinates"":[]}"
20211103,2021-11-03,0.0010702227138585452,"{""type"":""MultiPoint"",""coordinates"":[]}"
20211104,2021-11-04,0.0011677073917514312,"{""type"":""MultiPoint"",""coordinates"":[]}"
20211105,2021-11-05,0.004622193230183288,"{""type"":""MultiPoint"",""coordinates"":[]}"
20211106,2021-11-06,0.014821039956100884,"{""type"":""MultiPoint"",""coordinates"":[]}"
20211107,2021-11-07,0.013386321258541722,"{""type"":""MultiPoint"",""coordinates"":[]}"
20211108,2021-11-08,0.0016048702141693838,"{""type"":""MultiPoint"",""coordinates"":[]}"
20211109,2021-11-09,0.0016900407717748563,"{""type"":""MultiPoint"",""coordinates"":[]}"
20211110,2021-11-10,0.004950595153128458,"{""type"":""MultiPoint"",""coordinates"":[]}"
20211111,2021-11-11,0.010673592662740884,"{""type"":""MultiPoint"",""coordinates"":[]}"
20211112,2021-11-12,0.008030184463102816,"{""type"":""MultiPoint"",""coordinates"":[]}"
20211113,2021-11-13,0.010927962631942807,"{""type"":""MultiPoint"",""coordinates"":[]}"
20211114,2021-11-14,0.009053003618705441,"{""type"":""MultiPoint"",""coordinates"":[]}"
20211115,2021-11-15,0.003217381151281429,"{""type"":""MultiPoint"",""coordinates"":[]}"
20211116,2021-11-16,0.0074395447609186816,"{""type"":""MultiPoint"",""coordinates"":[]}"
20211117,2021-11-17,0.007192227598914853,"{""type"":""MultiPoint"",""coordinates"":[]}"
20211118,2021-11-18,0.004190517986224618,"{""type"":""MultiPoint"",""coordinates"":[]}"
20211119,2021-11-19,0.009067522512977226,"{""type"":""MultiPoint"",""coordinates"":[]}"
20211120,2021-11-20,0.007492023922367074,"{""type"":""MultiPoint"",""coordinates"":[]}"
20211121,2021-11-21,0.013690450568385398,"{""type"":""MultiPoint"",""coordinates"":[]}"
20211122,2021-11-22,0.012209418060548906,"{""type"":""MultiPoint"",""coordinates"":[]}"
20211123,2021-11-23,0.007075583380064098,"{""type"":""MultiPoint"",""coordinates"":[]}"
20211124,2021-11-24,0.007048405340317382,"{""type"":""MultiPoint"",""coordinates"":[]}"
20211125,2021-11-25,0.011533328587677706,"{""type"":""MultiPoint"",""coordinates"":[]}"
20211126,2021-11-26,0.011447170320322305,"{""type"":""MultiPoint"",""coordinates"":[]}"
20211127,2021-11-27,0.00978031067642847,"{""type"":""MultiPoint"",""coordinates"":[]}"
20211128,2021-11-28,0.003321364530921538,"{""type"":""MultiPoint"",""coordinates"":[]}"
20211129,2021-11-29,0.008753323797038335,"{""type"":""MultiPoint"",""coordinates"":[]}"
20211130,2021-11-30,0.015040563978022583,"{""type"":""MultiPoint"",""coordinates"":[]}"
20211201,2021-12-01,0.007165397661424469,"{""type"":""MultiPoint"",""coordinates"":[]}"
20211202,2021-12-02,0.006652241427460523,"{""type"":""MultiPoint"",""coordinates"":[]}"
20211203,2021-12-03,0.0013769233980843185,"{""type"":""MultiPoint"",""coordinates"":[]}"
20211204,2021-12-04,0.0037804564559552824,"{""type"":""MultiPoint"",""coordinates"":[]}"
20211205,2021-12-05,0.02161742257980018,"{""type"":""MultiPoint"",""coordinates"":[]}"
20211206,2021-12-06,0.01952946880808428,"{""type"":""MultiPoint"",""coordinates"":[]}"
20211207,2021-12-07,0.013254199878148746,"{""type"":""MultiPoint"",""coordinates"":[]}"
20211208,2021-12-08,0.014168916418190073,"{""type"":""MultiPoint"",""coordinates"":[]}"
20211209,2021-12-09,0.013362543053049757,"{""type"":""MultiPoint"",""coordinates"":[]}"
20211210,2021-12-10,0.01528841117340183,"{""type"":""MultiPoint"",""coordinates"":[]}"
20211211,2021-12-11,0.02796089082466693,"{""type"":""MultiPoint"",""coordinates"":[]}"
20211212,2021-12-12,0.03337060774664185,"{""type"":""MultiPoint"",""coordinates"":[]}"
20211213,2021-12-13,0.008147282832756626,"{""type"":""MultiPoint"",""coordinates"":[]}"
20211214,2021-12-14,0.004510956246068742,"{""type"":""MultiPoint"",""coordinates"":[]}"
20211215,2021-12-15,0.003061782393775293,"{""type"":""MultiPoint"",""coordinates"":[]}"
20211216,2021-12-16,0.014969994617279235,"{""type"":""MultiPoint"",""coordinates"":[]}"
20211217,2021-12-17,0.008771825047439117,"{""type"":""MultiPoint"",""coordinates"":[]}"
20211218,2021-12-18,0.004449717660561982,"{""type"":""MultiPoint"",""coordinates"":[]}"
20211219,2021-12-19,0.0035765876533529017,"{""type"":""MultiPoint"",""coordinates"":[]}"
20211220,2021-12-20,0.0016984111742959825,"{""type"":""MultiPoint"",""coordinates"":[]}"
20211221,2021-12-21,0.006521262642124573,"{""type"":""MultiPoint"",""coordinates"":[]}"
20211222,2021-12-22,0.020095521956923754,"{""type"":""MultiPoint"",""coordinates"":[]}"
20211223,2021-12-23,0.008981263581266788,"{""type"":""MultiPoint"",""coordinates"":[]}"
20211224,2021-12-24,0.004114407410886858,"{""type"":""MultiPoint"",""coordinates"":[]}"
20211225,2021-12-25,0.004011528502451604,"{""type"":""MultiPoint"",""coordinates"":[]}"
20211226,2021-12-26,0.008283148225001603,"{""type"":""MultiPoint"",""coordinates"":[]}"
20211227,2021-12-27,0.011529428815012413,"{""type"":""MultiPoint"",""coordinates"":[]}"
20211228,2021-12-28,0.005021930113123321,"{""type"":""MultiPoint"",""coordinates"":[]}"
20211229,2021-12-29,0.005782220174714932,"{""type"":""MultiPoint"",""coordinates"":[]}"
20211230,2021-12-30,0.0035986690678520847,"{""type"":""MultiPoint"",""coordinates"":[]}"
20211231,2021-12-31,0.0027944547320145857,"{""type"":""MultiPoint"",""coordinates"":[]}"
20220101,2022-01-01,0.0016685340106510778,"{""type"":""MultiPoint"",""coordinates"":[]}"
20220102,2022-01-02,0.0010324898328489852,"{""type"":""MultiPoint"",""coordinates"":[]}"
20220103,2022-01-03,0.0010681533641965547,"{""type"":""MultiPoint"",""coordinates"":[]}"
20220104,2022-01-04,6.421815327450929E-4,"{""type"":""MultiPoint"",""coordinates"":[]}"
20220105,2022-01-05,0.0014303660494667913,"{""type"":""MultiPoint"",""coordinates"":[]}"
20220106,2022-01-06,0.004762674675583892,"{""type"":""MultiPoint"",""coordinates"":[]}"
20220107,2022-01-07,0.005959828795508952,"{""type"":""MultiPoint"",""coordinates"":[]}"
20220108,2022-01-08,0.0015221152929984793,"{""type"":""MultiPoint"",""coordinates"":[]}"
20220109,2022-01-09,0.00137117722913613,"{""type"":""MultiPoint"",""coordinates"":[]}"
20220110,2022-01-10,0.0013793262240961602,"{""type"":""MultiPoint"",""coordinates"":[]}"
20220111,2022-01-11,0.001376894395578697,"{""type"":""MultiPoint"",""coordinates"":[]}"
20220112,2022-01-12,0.0014018136116492519,"{""type"":""MultiPoint"",""coordinates"":[]}"
20220113,2022-01-13,0.005026115178732442,"{""type"":""MultiPoint"",""coordinates"":[]}"
20220114,2022-01-14,0.01315495667442473,"{""type"":""MultiPoint"",""coordinates"":[]}"
20220115,2022-01-15,0.005877121042462327,"{""type"":""MultiPoint"",""coordinates"":[]}"
20220116,2022-01-16,0.011651487464498882,"{""type"":""MultiPoint"",""coordinates"":[]}"
20220117,2022-01-17,0.002898295515291513,"{""type"":""MultiPoint"",""coordinates"":[]}"
20220118,2022-01-18,5.780868787571468E-4,"{""type"":""MultiPoint"",""coordinates"":[]}"
20220119,2022-01-19,0.02202001369279603,"{""type"":""MultiPoint"",""coordinates"":[]}"
20220120,2022-01-20,0.01672212009115294,"{""type"":""MultiPoint"",""coordinates"":[]}"
20220121,2022-01-21,0.01418638237613384,"{""type"":""MultiPoint"",""coordinates"":[]}"
20220122,2022-01-22,0.010210480505100405,"{""type"":""MultiPoint"",""coordinates"":[]}"
20220123,2022-01-23,0.0045264464944383955,"{""type"":""MultiPoint"",""coordinates"":[]}"
20220124,2022-01-24,0.0015687864626155936,"{""type"":""MultiPoint"",""coordinates"":[]}"
20220125,2022-01-25,0.002410779436539926,"{""type"":""MultiPoint"",""coordinates"":[]}"
20220126,2022-01-26,0.005472059602592269,"{""type"":""MultiPoint"",""coordinates"":[]}"
20220127,2022-01-27,0.0022415044707652155,"{""type"":""MultiPoint"",""coordinates"":[]}"
20220128,2022-01-28,0.0016009836652665017,"{""type"":""MultiPoint"",""coordinates"":[]}"
20220129,2022-01-29,0.0013214918444035212,"{""type"":""MultiPoint"",""coordinates"":[]}"
20220130,2022-01-30,0.002282921751113519,"{""type"":""MultiPoint"",""coordinates"":[]}"
20220131,2022-01-31,0.0030061566497279215,"{""type"":""MultiPoint"",""coordinates"":[]}"
20220201,2022-02-01,0.004424561838949422,"{""type"":""MultiPoint"",""coordinates"":[]}"
20220202,2022-02-02,0.0012503839167906905,"{""type"":""MultiPoint"",""coordinates"":[]}"
20220203,2022-02-03,0.001707569334258635,"{""type"":""MultiPoint"",""coordinates"":[]}"
20220204,2022-02-04,0.01630143931589396,"{""type"":""MultiPoint"",""coordinates"":[]}"
20220205,2022-02-05,0.01078172120410417,"{""type"":""MultiPoint"",""coordinates"":[]}"
20220206,2022-02-06,0.009745772169387884,"{""type"":""MultiPoint"",""coordinates"":[]}"
20220207,2022-02-07,0.0025466043145733687,"{""type"":""MultiPoint"",""coordinates"":[]}"
20220208,2022-02-08,0.0010946206011988265,"{""type"":""MultiPoint"",""coordinates"":[]}"
20220209,2022-02-09,8.650171064733032E-4,"{""type"":""MultiPoint"",""coordinates"":[]}"
20220210,2022-02-10,0.0014539511503767657,"{""type"":""MultiPoint"",""coordinates"":[]}"
20220211,2022-02-11,0.0024849637205676843,"{""type"":""MultiPoint"",""coordinates"":[]}"
20220212,2022-02-12,0.00765546226525147,"{""type"":""MultiPoint"",""coordinates"":[]}"
20220213,2022-02-13,0.004514828122928973,"{""type"":""MultiPoint"",""coordinates"":[]}"
20220214,2022-02-14,0.013028281380577846,"{""type"":""MultiPoint"",""coordinates"":[]}"
20220215,2022-02-15,0.014108874724511406,"{""type"":""MultiPoint"",""coordinates"":[]}"
20220216,2022-02-16,0.004860511139521732,"{""type"":""MultiPoint"",""coordinates"":[]}"
20220217,2022-02-17,0.002111247265259715,"{""type"":""MultiPoint"",""coordinates"":[]}"
20220218,2022-02-18,0.0036085621729052674,"{""type"":""MultiPoint"",""coordinates"":[]}"
20220219,2022-02-19,0.011583042853016328,"{""type"":""MultiPoint"",""coordinates"":[]}"
20220220,2022-02-20,0.020790508866729288,"{""type"":""MultiPoint"",""coordinates"":[]}"
20220221,2022-02-21,0.01757557154834477,"{""type"":""MultiPoint"",""coordinates"":[]}"
20220222,2022-02-22,0.017136935227535968,"{""type"":""MultiPoint"",""coordinates"":[]}"
20220223,2022-02-23,0.031126087639251045,"{""type"":""MultiPoint"",""coordinates"":[]}"
20220224,2022-02-24,0.04370324667862003,"{""type"":""MultiPoint"",""coordinates"":[]}"
20220225,2022-02-25,0.01735167187220688,"{""type"":""MultiPoint"",""coordinates"":[]}"
20220226,2022-02-26,0.011997257941953813,"{""type"":""MultiPoint"",""coordinates"":[]}"
20220227,2022-02-27,0.0026927113320289286,"{""type"":""MultiPoint"",""coordinates"":[]}"
20220228,2022-02-28,0.0014499026649152326,"{""type"":""MultiPoint"",""coordinates"":[]}"
20220301,2022-03-01,0.01770235364461455,"{""type"":""MultiPoint"",""coordinates"":[]}"
20220302,2022-03-02,0.00791036705670375,"{""type"":""MultiPoint"",""coordinates"":[]}"
20220303,2022-03-03,0.007550373754707635,"{""type"":""MultiPoint"",""coordinates"":[]}"
20220304,2022-03-04,0.00802167713222471,"{""type"":""MultiPoint"",""coordinates"":[]}"
20220305,2022-03-05,0.009615878097172494,"{""type"":""MultiPoint"",""coordinates"":[]}"
20220306,2022-03-06,0.019308714205916302,"{""type"":""MultiPoint"",""coordinates"":[]}"
20220307,2022-03-07,0.015225994044689746,"{""type"":""MultiPoint"",""coordinates"":[]}"
20220308,2022-03-08,0.03367716960051731,"{""type"":""MultiPoint"",""coordinates"":[]}"
20220309,2022-03-09,0.011171767033859787,"{""type"":""MultiPoint"",""coordinates"":[]}"
20220310,2022-03-10,0.009203664468606635,"{""type"":""MultiPoint"",""coordinates"":[]}"
20220311,2022-03-11,0.0014675876086096072,"{""type"":""MultiPoint"",""coordinates"":[]}"
20220312,2022-03-12,0.0032685090641400537,"{""type"":""MultiPoint"",""coordinates"":[]}"
20220313,2022-03-13,0.021363163013958096,"{""type"":""MultiPoint"",""coordinates"":[]}"
20220314,2022-03-14,0.026639411478521186,"{""type"":""MultiPoint"",""coordinates"":[]}"
20220315,2022-03-15,0.014190953189986566,"{""type"":""MultiPoint"",""coordinates"":[]}"
20220316,2022-03-16,0.0026544488714113847,"{""type"":""MultiPoint"",""coordinates"":[]}"
20220317,2022-03-17,0.002192253446514594,"{""type"":""MultiPoint"",""coordinates"":[]}"
20220318,2022-03-18,0.003195037713552337,"{""type"":""MultiPoint"",""coordinates"":[]}"
20220319,2022-03-19,0.0028235151881029603,"{""type"":""MultiPoint"",""coordinates"":[]}"
20220320,2022-03-20,0.001806690329700275,"{""type"":""MultiPoint"",""coordinates"":[]}"
20220321,2022-03-21,7.930571615532476E-4,"{""type"":""MultiPoint"",""coordinates"":[]}"
20220322,2022-03-22,0.0021920398778819236,"{""type"":""MultiPoint"",""coordinates"":[]}"
20220323,2022-03-23,0.006510741400294748,"{""type"":""MultiPoint"",""coordinates"":[]}"
20220324,2022-03-24,0.014500188767395419,"{""type"":""MultiPoint"",""coordinates"":[]}"
20220325,2022-03-25,0.0035257483041353926,"{""type"":""MultiPoint"",""coordinates"":[]}"
20220326,2022-03-26,0.0015649920326050184,"{""type"":""MultiPoint"",""coordinates"":[]}"
20220327,2022-03-27,0.001374795273765924,"{""type"":""MultiPoint"",""coordinates"":[]}"
20220328,2022-03-28,0.0012821771441147466,"{""type"":""MultiPoint"",""coordinates"":[]}"
20220329,2022-03-29,6.379451038168932E-4,"{""type"":""MultiPoint"",""coordinates"":[]}"
20220330,2022-03-30,1.169727503364693E-4,"{""type"":""MultiPoint"",""coordinates"":[]}"
20220331,2022-03-31,3.4027709476617597E-4,"{""type"":""MultiPoint"",""coordinates"":[]}"
20220401,2022-04-01,0.0016025154487321863,"{""type"":""MultiPoint"",""coordinates"":[]}"
20220402,2022-04-02,0.02193171036459784,"{""type"":""MultiPoint"",""coordinates"":[]}"
20220403,2022-04-03,0.01751448637596517,"{""type"":""MultiPoint"",""coordinates"":[]}"
20220404,2022-04-04,0.005070841159822586,"{""type"":""MultiPoint"",""coordinates"":[]}"
20220405,2022-04-05,9.437509581281594E-4,"{""type"":""MultiPoint"",""coordinates"":[]}"
20220406,2022-04-06,0.0041185576485186035,"{""type"":""MultiPoint"",""coordinates"":[]}"
20220407,2022-04-07,0.007352377259972794,"{""type"":""MultiPoint"",""coordinates"":[]}"
20220408,2022-04-08,0.015813600275902263,"{""type"":""MultiPoint"",""coordinates"":[]}"
20220409,2022-04-09,0.005571083199625504,"{""type"":""MultiPoint"",""coordinates"":[]}"
20220410,2022-04-10,0.0052960344110297725,"{""type"":""MultiPoint"",""coordinates"":[]}"
20220411,2022-04-11,0.00211909194197909,"{""type"":""MultiPoint"",""coordinates"":[]}"
20220412,2022-04-12,0.003256335713767615,"{""type"":""MultiPoint"",""coordinates"":[]}"
20220413,2022-04-13,0.004626014422071887,"{""type"":""MultiPoint"",""coordinates"":[]}"
20220414,2022-04-14,0.006924082798137594,"{""type"":""MultiPoint"",""coordinates"":[]}"
20220415,2022-04-15,0.0040708418756310386,"{""type"":""MultiPoint"",""coordinates"":[]}"
20220416,2022-04-16,0.001523672627428569,"{""type"":""MultiPoint"",""coordinates"":[]}"
20220417,2022-04-17,0.0016214396245647744,"{""type"":""MultiPoint"",""coordinates"":[]}"
20220418,2022-04-18,0.0033192072721032863,"{""type"":""MultiPoint"",""coordinates"":[]}"
20220419,2022-04-19,0.006907541428923187,"{""type"":""MultiPoint"",""coordinates"":[]}"
20220420,2022-04-20,0.0058070106831515835,"{""type"":""MultiPoint"",""coordinates"":[]}"
20220421,2022-04-21,0.012264431398473271,"{""type"":""MultiPoint"",""coordinates"":[]}"
20220422,2022-04-22,0.024722129502606587,"{""type"":""MultiPoint"",""coordinates"":[]}"
20220423,2022-04-23,0.01306296383232543,"{""type"":""MultiPoint"",""coordinates"":[]}"
20220424,2022-04-24,0.006636693663774799,"{""type"":""MultiPoint"",""coordinates"":[]}"
20220425,2022-04-25,0.006945492177390671,"{""type"":""MultiPoint"",""coordinates"":[]}"
20220426,2022-04-26,0.01549347218300051,"{""type"":""MultiPoint"",""coordinates"":[]}"
20220427,2022-04-27,0.0029433741395840925,"{""type"":""MultiPoint"",""coordinates"":[]}"
20220428,2022-04-28,0.014354829812261329,"{""type"":""MultiPoint"",""coordinates"":[]}"
20220429,2022-04-29,0.0025105171159483094,"{""type"":""MultiPoint"",""coordinates"":[]}"
20220430,2022-04-30,9.245995219931005E-4,"{""type"":""MultiPoint"",""coordinates"":[]}"
20220501,2022-05-01,9.070140159842065E-4,"{""type"":""MultiPoint"",""coordinates"":[]}"
20220502,2022-05-02,0.003110721156545607,"{""type"":""MultiPoint"",""coordinates"":[]}"
20220503,2022-05-03,0.04118074005340689,"{""type"":""MultiPoint"",""coordinates"":[]}"
20220504,2022-05-04,0.017721661187250472,"{""type"":""MultiPoint"",""coordinates"":[]}"
20220505,2022-05-05,0.0069284380933637745,"{""type"":""MultiPoint"",""coordinates"":[]}"
20220506,2022-05-06,0.02754135661272253,"{""type"":""MultiPoint"",""coordinates"":[]}"
20220507,2022-05-07,0.024356008459000603,"{""type"":""MultiPoint"",""coordinates"":[]}"
20220508,2022-05-08,0.0028848032511750777,"{""type"":""MultiPoint"",""coordinates"":[]}"
20220509,2022-05-09,9.900383967346162E-4,"{""type"":""MultiPoint"",""coordinates"":[]}"
20220510,2022-05-10,0.002902670322479015,"{""type"":""MultiPoint"",""coordinates"":[]}"
20220511,2022-05-11,0.003366159371854794,"{""type"":""MultiPoint"",""coordinates"":[]}"
20220512,2022-05-12,0.010081495297961497,"{""type"":""MultiPoint"",""coordinates"":[]}"
20220513,2022-05-13,0.001630596881654134,"{""type"":""MultiPoint"",""coordinates"":[]}"
20220514,2022-05-14,0.026768702508803546,"{""type"":""MultiPoint"",""coordinates"":[]}"
20220515,2022-05-15,0.021950646440250247,"{""type"":""MultiPoint"",""coordinates"":[]}"
20220516,2022-05-16,0.008481563254909426,"{""type"":""MultiPoint"",""coordinates"":[]}"
20220517,2022-05-17,0.01390136570265265,"{""type"":""MultiPoint"",""coordinates"":[]}"
20220518,2022-05-18,0.0035568921688374764,"{""type"":""MultiPoint"",""coordinates"":[]}"
20220519,2022-05-19,0.007211895240598782,"{""type"":""MultiPoint"",""coordinates"":[]}"
20220520,2022-05-20,0.01706098873575123,"{""type"":""MultiPoint"",""coordinates"":[]}"
20220521,2022-05-21,0.021706627024017103,"{""type"":""MultiPoint"",""coordinates"":[]}"
20220522,2022-05-22,0.02464630667465746,"{""type"":""MultiPoint"",""coordinates"":[]}"
20220523,2022-05-23,0.00781693360209103,"{""type"":""MultiPoint"",""coordinates"":[]}"
20220524,2022-05-24,0.005850902903453029,"{""type"":""MultiPoint"",""coordinates"":[]}"
20220525,2022-05-25,0.01414278200207022,"{""type"":""MultiPoint"",""coordinates"":[]}"
20220526,2022-05-26,0.01688423194175332,"{""type"":""MultiPoint"",""coordinates"":[]}"
20220527,2022-05-27,0.005230613123862716,"{""type"":""MultiPoint"",""coordinates"":[]}"
20220528,2022-05-28,0.0014627898151994378,"{""type"":""MultiPoint"",""coordinates"":[]}"
20220529,2022-05-29,0.004515759118418974,"{""type"":""MultiPoint"",""coordinates"":[]}"
20220530,2022-05-30,0.0034247728783783123,"{""type"":""MultiPoint"",""coordinates"":[]}"
20220531,2022-05-31,0.013994114435483096,"{""type"":""MultiPoint"",""coordinates"":[]}"
20220601,2022-06-01,0.012906847016652005,"{""type"":""MultiPoint"",""coordinates"":[]}"
20220602,2022-06-02,0.01413572059093319,"{""type"":""MultiPoint"",""coordinates"":[]}"
20220603,2022-06-03,0.014555962635967147,"{""type"":""MultiPoint"",""coordinates"":[]}"
20220604,2022-06-04,0.012133148211817883,"{""type"":""MultiPoint"",""coordinates"":[]}"
20220605,2022-06-05,0.027173126648302084,"{""type"":""MultiPoint"",""coordinates"":[]}"
20220606,2022-06-06,0.027930865492053977,"{""type"":""MultiPoint"",""coordinates"":[]}"
20220607,2022-06-07,0.01022191003109933,"{""type"":""MultiPoint"",""coordinates"":[]}"
20220608,2022-06-08,0.016397615874064537,"{""type"":""MultiPoint"",""coordinates"":[]}"
20220609,2022-06-09,0.015061610293143434,"{""type"":""MultiPoint"",""coordinates"":[]}"
20220610,2022-06-10,0.015856740060224275,"{""type"":""MultiPoint"",""coordinates"":[]}"
20220611,2022-06-11,0.014891362725415042,"{""type"":""MultiPoint"",""coordinates"":[]}"
20220612,2022-06-12,0.017541643561702576,"{""type"":""MultiPoint"",""coordinates"":[]}"
20220613,2022-06-13,0.008472954012445438,"{""type"":""MultiPoint"",""coordinates"":[]}"
20220614,2022-06-14,0.011573405994302094,"{""type"":""MultiPoint"",""coordinates"":[]}"
20220615,2022-06-15,0.003166789883855134,"{""type"":""MultiPoint"",""coordinates"":[]}"
20220616,2022-06-16,0.010794951539068981,"{""type"":""MultiPoint"",""coordinates"":[]}"
20220617,2022-06-17,0.01110249295959782,"{""type"":""MultiPoint"",""coordinates"":[]}"
20220618,2022-06-18,0.01451601534106149,"{""type"":""MultiPoint"",""coordinates"":[]}"
20220619,2022-06-19,0.01752965393408321,"{""type"":""MultiPoint"",""coordinates"":[]}"
20220620,2022-06-20,0.014218492298607239,"{""type"":""MultiPoint"",""coordinates"":[]}"
20220621,2022-06-21,0.007029265970894132,"{""type"":""MultiPoint"",""coordinates"":[]}"
20220622,2022-06-22,0.016671057468481125,"{""type"":""MultiPoint"",""coordinates"":[]}"
20220623,2022-06-23,0.008303169817294974,"{""type"":""MultiPoint"",""coordinates"":[]}"
20220624,2022-06-24,0.012159720248513394,"{""type"":""MultiPoint"",""coordinates"":[]}"
20220625,2022-06-25,0.021027987396398534,"{""type"":""MultiPoint"",""coordinates"":[]}"
20220626,2022-06-26,0.0143516799345858,"{""type"":""MultiPoint"",""coordinates"":[]}"
20220627,2022-06-27,0.02861776283631599,"{""type"":""MultiPoint"",""coordinates"":[]}"
20220628,2022-06-28,0.009811209855718716,"{""type"":""MultiPoint"",""coordinates"":[]}"
20220629,2022-06-29,0.01366676784667604,"{""type"":""MultiPoint"",""coordinates"":[]}"
20220630,2022-06-30,0.001041565709617579,"{""type"":""MultiPoint"",""coordinates"":[]}"
20220701,2022-07-01,0.003389509357538967,"{""type"":""MultiPoint"",""coordinates"":[]}"
20220702,2022-07-02,0.007743871648218846,"{""type"":""MultiPoint"",""coordinates"":[]}"
20220703,2022-07-03,0.004015755994522886,"{""type"":""MultiPoint"",""coordinates"":[]}"
20220704,2022-07-04,0.00383652278432438,"{""type"":""MultiPoint"",""coordinates"":[]}"
20220705,2022-07-05,0.016505575745843323,"{""type"":""MultiPoint"",""coordinates"":[]}"
20220706,2022-07-06,0.015679759036197928,"{""type"":""MultiPoint"",""coordinates"":[]}"
20220707,2022-07-07,0.009217296008151878,"{""type"":""MultiPoint"",""coordinates"":[]}"
20220708,2022-07-08,0.005719705081624931,"{""type"":""MultiPoint"",""coordinates"":[]}"
20220709,2022-07-09,0.017819541379343523,"{""type"":""MultiPoint"",""coordinates"":[]}"
20220710,2022-07-10,0.02432460474919695,"{""type"":""MultiPoint"",""coordinates"":[]}"
20220711,2022-07-11,0.01648201467094623,"{""type"":""MultiPoint"",""coordinates"":[]}"
20220712,2022-07-12,0.005581421312607401,"{""type"":""MultiPoint"",""coordinates"":[]}"
20220713,2022-07-13,0.01312416978753547,"{""type"":""MultiPoint"",""coordinates"":[]}"
20220714,2022-07-14,0.009193756546657567,"{""type"":""MultiPoint"",""coordinates"":[]}"
20220715,2022-07-15,0.017891758151432045,"{""type"":""MultiPoint"",""coordinates"":[]}"
20220716,2022-07-16,0.011679159799388059,"{""type"":""MultiPoint"",""coordinates"":[]}"
20220717,2022-07-17,0.008006287801430288,"{""type"":""MultiPoint"",""coordinates"":[]}"
20220718,2022-07-18,0.004349504408858275,"{""type"":""MultiPoint"",""coordinates"":[]}"
20220719,2022-07-19,0.011008384526278203,"{""type"":""MultiPoint"",""coordinates"":[]}"
20220720,2022-07-20,0.01807076315854078,"{""type"":""MultiPoint"",""coordinates"":[]}"
20220721,2022-07-21,0.006849071843022238,"{""type"":""MultiPoint"",""coordinates"":[]}"
20220722,2022-07-22,0.005357619721616237,"{""type"":""MultiPoint"",""coordinates"":[]}"
20220723,2022-07-23,0.01116161597114888,"{""type"":""MultiPoint"",""coordinates"":[]}"
20220724,2022-07-24,0.009529774517928753,"{""type"":""MultiPoint"",""coordinates"":[]}"
20220725,2022-07-25,0.007412748417179635,"{""type"":""MultiPoint"",""coordinates"":[]}"
20220726,2022-07-26,0.007586219878719814,"{""type"":""MultiPoint"",""coordinates"":[]}"
20220727,2022-07-27,0.008753615395017775,"{""type"":""MultiPoint"",""coordinates"":[]}"
20220728,2022-07-28,0.00659691398468208,"{""type"":""MultiPoint"",""coordinates"":[]}"
20220729,2022-07-29,0.016467450819178754,"{""type"":""MultiPoint"",""coordinates"":[]}"
20220730,2022-07-30,0.012845873776179136,"{""type"":""MultiPoint"",""coordinates"":[]}"
20220731,2022-07-31,0.005109502659819713,"{""type"":""MultiPoint"",""coordinates"":[]}"
20220801,2022-08-01,0.01183751040295615,"{""type"":""MultiPoint"",""coordinates"":[]}"
20220802,2022-08-02,0.010129477260318244,"{""type"":""MultiPoint"",""coordinates"":[]}"
20220803,2022-08-03,0.011590096973215811,"{""type"":""MultiPoint"",""coordinates"":[]}"
20220804,2022-08-04,0.00423366472147466,"{""type"":""MultiPoint"",""coordinates"":[]}"
20220805,2022-08-05,0.0014106318899980636,"{""type"":""MultiPoint"",""coordinates"":[]}"
20220806,2022-08-06,0.0014460953908696952,"{""type"":""MultiPoint"",""coordinates"":[]}"
20220807,2022-08-07,7.425708677880568E-4,"{""type"":""MultiPoint"",""coordinates"":[]}"
20220808,2022-08-08,6.693489920585129E-4,"{""type"":""MultiPoint"",""coordinates"":[]}"
20220809,2022-08-09,9.89862981865847E-4,"{""type"":""MultiPoint"",""coordinates"":[]}"
20220810,2022-08-10,0.0034268719211900315,"{""type"":""MultiPoint"",""coordinates"":[]}"
20220811,2022-08-11,0.005274770493113253,"{""type"":""MultiPoint"",""coordinates"":[]}"
20220812,2022-08-12,0.01236830316341725,"{""type"":""MultiPoint"",""coordinates"":[]}"
20220813,2022-08-13,8.55273470273537E-4,"{""type"":""MultiPoint"",""coordinates"":[]}"
20220814,2022-08-14,0.0010969503699944606,"{""type"":""MultiPoint"",""coordinates"":[]}"
20220815,2022-08-15,0.004529636692734948,"{""type"":""MultiPoint"",""coordinates"":[]}"
20220816,2022-08-16,0.0027145560921497487,"{""type"":""MultiPoint"",""coordinates"":[]}"
20220817,2022-08-17,0.0022199553465246584,"{""type"":""MultiPoint"",""coordinates"":[]}"
20220818,2022-08-18,0.016622609348919428,"{""type"":""MultiPoint"",""coordinates"":[]}"
20220819,2022-08-19,0.0035022147662676453,"{""type"":""MultiPoint"",""coordinates"":[]}"
20220820,2022-08-20,0.0022601490832387062,"{""type"":""MultiPoint"",""coordinates"":[]}"
20220821,2022-08-21,0.012890233967764885,"{""type"":""MultiPoint"",""coordinates"":[]}"
20220822,2022-08-22,0.01804450298960502,"{""type"":""MultiPoint"",""coordinates"":[]}"
20220823,2022-08-23,0.01249675662720028,"{""type"":""MultiPoint"",""coordinates"":[]}"
20220824,2022-08-24,0.015397846202518477,"{""type"":""MultiPoint"",""coordinates"":[]}"
20220825,2022-08-25,0.0019038349599893578,"{""type"":""MultiPoint"",""coordinates"":[]}"
20220826,2022-08-26,0.002837278477975706,"{""type"":""MultiPoint"",""coordinates"":[]}"
20220827,2022-08-27,0.003461228317550633,"{""type"":""MultiPoint"",""coordinates"":[]}"
20220828,2022-08-28,0.005639654825381484,"{""type"":""MultiPoint"",""coordinates"":[]}"
20220829,2022-08-29,0.009282635609454798,"{""type"":""MultiPoint"",""coordinates"":[]}"
20220830,2022-08-30,0.005263730872312587,"{""type"":""MultiPoint"",""coordinates"":[]}"
20220831,2022-08-31,0.00472105367623022,"{""type"":""MultiPoint"",""coordinates"":[]}"
20220901,2022-09-01,0.005340071712372714,"{""type"":""MultiPoint"",""coordinates"":[]}"
20220902,2022-09-02,0.003064214257590305,"{""type"":""MultiPoint"",""coordinates"":[]}"
20220903,2022-09-03,0.004556146481180503,"{""type"":""MultiPoint"",""coordinates"":[]}"
20220904,2022-09-04,0.0034321726126925953,"{""type"":""MultiPoint"",""coordinates"":[]}"
20220905,2022-09-05,0.005056992780443034,"{""type"":""MultiPoint"",""coordinates"":[]}"
20220906,2022-09-06,0.0015315797525155296,"{""type"":""MultiPoint"",""coordinates"":[]}"
20220907,2022-09-07,0.001229270090159622,"{""type"":""MultiPoint"",""coordinates"":[]}"
20220908,2022-09-08,0.0028752941476799334,"{""type"":""MultiPoint"",""coordinates"":[]}"
20220909,2022-09-09,8.669688557740034E-4,"{""type"":""MultiPoint"",""coordinates"":[]}"
20220910,2022-09-10,0.0015266412282811663,"{""type"":""MultiPoint"",""coordinates"":[]}"
20220911,2022-09-11,0.008962829907043843,"{""type"":""MultiPoint"",""coordinates"":[]}"
20220912,2022-09-12,0.005232382396116563,"{""type"":""MultiPoint"",""coordinates"":[]}"
20220913,2022-09-13,0.003033327872442865,"{""type"":""MultiPoint"",""coordinates"":[]}"
20220914,2022-09-14,0.0017185943786206742,"{""type"":""MultiPoint"",""coordinates"":[]}"
20220915,2022-09-15,5.164518652763673E-4,"{""type"":""MultiPoint"",""coordinates"":[]}"
20220916,2022-09-16,0.002458315388109503,"{""type"":""MultiPoint"",""coordinates"":[]}"
20220917,2022-09-17,0.002180291471503319,"{""type"":""MultiPoint"",""coordinates"":[]}"
20220918,2022-09-18,1.9659440090594605E-4,"{""type"":""MultiPoint"",""coordinates"":[]}"
20220919,2022-09-19,8.214147241361959E-4,"{""type"":""MultiPoint"",""coordinates"":[]}"
20220920,2022-09-20,0.008398737285719092,"{""type"":""MultiPoint"",""coordinates"":[]}"
20220921,2022-09-21,0.004704845470911167,"{""type"":""MultiPoint"",""coordinates"":[]}"
20220922,2022-09-22,3.807734782330004E-4,"{""type"":""MultiPoint"",""coordinates"":[]}"
20220923,2022-09-23,3.450559614768109E-4,"{""type"":""MultiPoint"",""coordinates"":[]}"
20220924,2022-09-24,2.7731515281655247E-4,"{""type"":""MultiPoint"",""coordinates"":[]}"
20220925,2022-09-25,0.0017266695344532238,"{""type"":""MultiPoint"",""coordinates"":[]}"
20220926,2022-09-26,0.001923127779173212,"{""type"":""MultiPoint"",""coordinates"":[]}"
20220927,2022-09-27,2.465303770199708E-4,"{""type"":""MultiPoint"",""coordinates"":[]}"
20220928,2022-09-28,1.901755254831824E-4,"{""type"":""MultiPoint"",""coordinates"":[]}"
20220929,2022-09-29,3.745962599152038E-4,"{""type"":""MultiPoint"",""coordinates"":[]}"
20220930,2022-09-30,1.7399580369632835E-4,"{""type"":""MultiPoint"",""coordinates"":[]}"
20221001,2022-10-01,1.7427130461208638E-4,"{""type"":""MultiPoint"",""coordinates"":[]}"
20221002,2022-10-02,0.003063046648508427,"{""type"":""MultiPoint"",""coordinates"":[]}"
20221003,2022-10-03,0.012040067320368553,"{""type"":""MultiPoint"",""coordinates"":[]}"
20221004,2022-10-04,0.006393563178090893,"{""type"":""MultiPoint"",""coordinates"":[]}"
20221005,2022-10-05,0.0026333321228063943,"{""type"":""MultiPoint"",""coordinates"":[]}"
20221006,2022-10-06,1.968274186665576E-4,"{""type"":""MultiPoint"",""coordinates"":[]}"
20221007,2022-10-07,9.271092894535018E-5,"{""type"":""MultiPoint"",""coordinates"":[]}"
20221008,2022-10-08,3.2694266509759054E-4,"{""type"":""MultiPoint"",""coordinates"":[]}"
20221009,2022-10-09,0.007639434082005363,"{""type"":""MultiPoint"",""coordinates"":[]}"
20221010,2022-10-10,0.012386160619758245,"{""type"":""MultiPoint"",""coordinates"":[]}"
20221011,2022-10-11,0.0020885963176132272,"{""type"":""MultiPoint"",""coordinates"":[]}"
20221012,2022-10-12,0.01051680845355293,"{""type"":""MultiPoint"",""coordinates"":[]}"
20221013,2022-10-13,0.013489988249900792,"{""type"":""MultiPoint"",""coordinates"":[]}"
20221014,2022-10-14,0.011129556331370622,"{""type"":""MultiPoint"",""coordinates"":[]}"
20221015,2022-10-15,0.001384001934616081,"{""type"":""MultiPoint"",""coordinates"":[]}"
20221016,2022-10-16,0.0010936415294355785,"{""type"":""MultiPoint"",""coordinates"":[]}"
20221017,2022-10-17,0.001616931615726583,"{""type"":""MultiPoint"",""coordinates"":[]}"
20221018,2022-10-18,0.0026662135500878275,"{""type"":""MultiPoint"",""coordinates"":[]}"
20221019,2022-10-19,0.0039212208360267726,"{""type"":""MultiPoint"",""coordinates"":[]}"
20221020,2022-10-20,0.008419721441589468,"{""type"":""MultiPoint"",""coordinates"":[]}"
20221021,2022-10-21,0.009872736387739566,"{""type"":""MultiPoint"",""coordinates"":[]}"
20221022,2022-10-22,0.004268205749195069,"{""type"":""MultiPoint"",""coordinates"":[]}"
20221023,2022-10-23,0.0021387197224193868,"{""type"":""MultiPoint"",""coordinates"":[]}"
20221024,2022-10-24,0.0056792915682534915,"{""type"":""MultiPoint"",""coordinates"":[]}"
20221025,2022-10-25,0.010263277976393998,"{""type"":""MultiPoint"",""coordinates"":[]}"
20221026,2022-10-26,0.0057355063527040825,"{""type"":""MultiPoint"",""coordinates"":[]}"
20221027,2022-10-27,0.006775386158270249,"{""type"":""MultiPoint"",""coordinates"":[]}"
20221028,2022-10-28,1.7062108891075295E-4,"{""type"":""MultiPoint"",""coordinates"":[]}"
20221029,2022-10-29,0.00981665777123161,"{""type"":""MultiPoint"",""coordinates"":[]}"
20221030,2022-10-30,0.01892781860114797,"{""type"":""MultiPoint"",""coordinates"":[]}"
20221031,2022-10-31,0.004971537970042905,"{""type"":""MultiPoint"",""coordinates"":[]}"
20221101,2022-11-01,0.002279005933757706,"{""type"":""MultiPoint"",""coordinates"":[]}"
20221102,2022-11-02,0.005363144198907474,"{""type"":""MultiPoint"",""coordinates"":[]}"
20221103,2022-11-03,0.00590552879353418,"{""type"":""MultiPoint"",""coordinates"":[]}"
20221104,2022-11-04,0.0025252278427816133,"{""type"":""MultiPoint"",""coordinates"":[]}"
20221105,2022-11-05,0.009243591230759022,"{""type"":""MultiPoint"",""coordinates"":[]}"
20221106,2022-11-06,0.006731565891910295,"{""type"":""MultiPoint"",""coordinates"":[]}"
20221107,2022-11-07,0.018150768098145552,"{""type"":""MultiPoint"",""coordinates"":[]}"
20221108,2022-11-08,0.011357368210670944,"{""type"":""MultiPoint"",""coordinates"":[]}"
20221109,2022-11-09,0.008783633299086319,"{""type"":""MultiPoint"",""coordinates"":[]}"
20221110,2022-11-10,0.008600326498031344,"{""type"":""MultiPoint"",""coordinates"":[]}"
20221111,2022-11-11,0.007968074785505933,"{""type"":""MultiPoint"",""coordinates"":[]}"
20221112,2022-11-12,0.01538747770838477,"{""type"":""MultiPoint"",""coordinates"":[]}"
20221113,2022-11-13,0.004730170431158775,"{""type"":""MultiPoint"",""coordinates"":[]}"
20221114,2022-11-14,0.004182725646697163,"{""type"":""MultiPoint"",""coordinates"":[]}"
20221115,2022-11-15,0.0013237033465661983,"{""type"":""MultiPoint"",""coordinates"":[]}"
20221116,2022-11-16,0.00344474710031937,"{""type"":""MultiPoint"",""coordinates"":[]}"
20221117,2022-11-17,0.0013857632097985402,"{""type"":""MultiPoint"",""coordinates"":[]}"
20221118,2022-11-18,0.004667833298179623,"{""type"":""MultiPoint"",""coordinates"":[]}"
20221119,2022-11-19,0.010492510640529354,"{""type"":""MultiPoint"",""coordinates"":[]}"
20221120,2022-11-20,0.008770685810783756,"{""type"":""MultiPoint"",""coordinates"":[]}"
20221121,2022-11-21,0.006806677957262761,"{""type"":""MultiPoint"",""coordinates"":[]}"
20221122,2022-11-22,0.008323607873943416,"{""type"":""MultiPoint"",""coordinates"":[]}"
20221123,2022-11-23,0.015675102929718528,"{""type"":""MultiPoint"",""coordinates"":[]}"
20221124,2022-11-24,0.01133543587700028,"{""type"":""MultiPoint"",""coordinates"":[]}"
20221125,2022-11-25,0.003897201478000028,"{""type"":""MultiPoint"",""coordinates"":[]}"
20221126,2022-11-26,0.005038869677054504,"{""type"":""MultiPoint"",""coordinates"":[]}"
20221127,2022-11-27,0.013699094829199029,"{""type"":""MultiPoint"",""coordinates"":[]}"
20221128,2022-11-28,0.01131646769298374,"{""type"":""MultiPoint"",""coordinates"":[]}"
20221129,2022-11-29,0.025217553907122322,"{""type"":""MultiPoint"",""coordinates"":[]}"
20221130,2022-11-30,0.007429470835732909,"{""type"":""MultiPoint"",""coordinates"":[]}"
20221201,2022-12-01,0.004747468979497668,"{""type"":""MultiPoint"",""coordinates"":[]}"
20221202,2022-12-02,0.017267819570871187,"{""type"":""MultiPoint"",""coordinates"":[]}"
20221203,2022-12-03,0.020573250374812092,"{""type"":""MultiPoint"",""coordinates"":[]}"
20221204,2022-12-04,0.019926738294846445,"{""type"":""MultiPoint"",""coordinates"":[]}"
20221205,2022-12-05,0.00935860143377396,"{""type"":""MultiPoint"",""coordinates"":[]}"
20221206,2022-12-06,0.006001857417359682,"{""type"":""MultiPoint"",""coordinates"":[]}"
20221207,2022-12-07,0.005672054732289364,"{""type"":""MultiPoint"",""coordinates"":[]}"
20221208,2022-12-08,0.003356621441217694,"{""type"":""MultiPoint"",""coordinates"":[]}"
20221209,2022-12-09,0.0022301120420448865,"{""type"":""MultiPoint"",""coordinates"":[]}"
20221210,2022-12-10,0.007075819153494962,"{""type"":""MultiPoint"",""coordinates"":[]}"
20221211,2022-12-11,0.017871387769169113,"{""type"":""MultiPoint"",""coordinates"":[]}"
20221212,2022-12-12,0.009104541595359304,"{""type"":""MultiPoint"",""coordinates"":[]}"
20221213,2022-12-13,0.00807573763751601,"{""type"":""MultiPoint"",""coordinates"":[]}"
20221214,2022-12-14,0.0071042301678852365,"{""type"":""MultiPoint"",""coordinates"":[]}"
20221215,2022-12-15,0.0012622154848546951,"{""type"":""MultiPoint"",""coordinates"":[]}"
20221216,2022-12-16,0.01461987864932642,"{""type"":""MultiPoint"",""coordinates"":[]}"
20221217,2022-12-17,0.023216202543249756,"{""type"":""MultiPoint"",""coordinates"":[]}"
20221218,2022-12-18,0.007206576049627596,"{""type"":""MultiPoint"",""coordinates"":[]}"
20221219,2022-12-19,0.020091330201499853,"{""type"":""MultiPoint"",""coordinates"":[]}"
20221220,2022-12-20,0.013241540544242867,"{""type"":""MultiPoint"",""coordinates"":[]}"
20221221,2022-12-21,0.0017516575390131048,"{""type"":""MultiPoint"",""coordinates"":[]}"
20221222,2022-12-22,0.0010855754822360142,"{""type"":""MultiPoint"",""coordinates"":[]}"
20221223,2022-12-23,6.167992204053647E-4,"{""type"":""MultiPoint"",""coordinates"":[]}"
20221224,2022-12-24,0.0031618595179423053,"{""type"":""MultiPoint"",""coordinates"":[]}"
20221225,2022-12-25,0.0252451538496267,"{""type"":""MultiPoint"",""coordinates"":[]}"
20221226,2022-12-26,0.011114865954541385,"{""type"":""MultiPoint"",""coordinates"":[]}"
20221227,2022-12-27,0.0021286308805055177,"{""type"":""MultiPoint"",""coordinates"":[]}"
20221228,2022-12-28,0.001532988969968572,"{""type"":""MultiPoint"",""coordinates"":[]}"
20221229,2022-12-29,0.0021267838083427223,"{""type"":""MultiPoint"",""coordinates"":[]}"
20221230,2022-12-30,0.013403211861260308,"{""type"":""MultiPoint"",""coordinates"":[]}"
20221231,2022-12-31,0.009412342570511106,"{""type"":""MultiPoint"",""coordinates"":[]}"
20230101,2023-01-01,0.012401339385977123,"{""type"":""MultiPoint"",""coordinates"":[]}"
20230102,2023-01-02,0.005377381071568779,"{""type"":""MultiPoint"",""coordinates"":[]}"
20230103,2023-01-03,0.010135113332035971,"{""type"":""MultiPoint"",""coordinates"":[]}"
20230104,2023-01-04,0.022825692169905813,"{""type"":""MultiPoint"",""coordinates"":[]}"
20230105,2023-01-05,0.0206879234242325,"{""type"":""MultiPoint"",""coordinates"":[]}"
20230106,2023-01-06,0.07045163911207253,"{""type"":""MultiPoint"",""coordinates"":[]}"
20230107,2023-01-07,0.016083389539339545,"{""type"":""MultiPoint"",""coordinates"":[]}"
20230108,2023-01-08,0.027942114831371052,"{""type"":""MultiPoint"",""coordinates"":[]}"
20230109,2023-01-09,0.03353011045111299,"{""type"":""MultiPoint"",""coordinates"":[]}"
20230110,2023-01-10,0.017516467534878875,"{""type"":""MultiPoint"",""coordinates"":[]}"
20230111,2023-01-11,0.025727085729257037,"{""type"":""MultiPoint"",""coordinates"":[]}"
20230112,2023-01-12,0.012063401350923273,"{""type"":""MultiPoint"",""coordinates"":[]}"
20230113,2023-01-13,0.005807350822313805,"{""type"":""MultiPoint"",""coordinates"":[]}"
20230114,2023-01-14,0.002445449871598562,"{""type"":""MultiPoint"",""coordinates"":[]}"
20230115,2023-01-15,0.007218487794187472,"{""type"":""MultiPoint"",""coordinates"":[]}"
20230116,2023-01-16,0.05001700977052929,"{""type"":""MultiPoint"",""coordinates"":[]}"
20230117,2023-01-17,0.003079680188106091,"{""type"":""MultiPoint"",""coordinates"":[]}"
20230118,2023-01-18,0.0016654935177879658,"{""type"":""MultiPoint"",""coordinates"":[]}"
20230119,2023-01-19,0.0026607086870436146,"{""type"":""MultiPoint"",""coordinates"":[]}"
20230120,2023-01-20,0.017051345292710542,"{""type"":""MultiPoint"",""coordinates"":[]}"
20230121,2023-01-21,0.015463773187788151,"{""type"":""MultiPoint"",""coordinates"":[]}"
20230122,2023-01-22,0.008732062681543277,"{""type"":""MultiPoint"",""coordinates"":[]}"
20230123,2023-01-23,0.0014071924160326617,"{""type"":""MultiPoint"",""coordinates"":[]}"
20230124,2023-01-24,0.001967893177534933,"{""type"":""MultiPoint"",""coordinates"":[]}"
20230125,2023-01-25,2.8416669367136318E-5,"{""type"":""MultiPoint"",""coordinates"":[]}"
20230126,2023-01-26,0.001988185616910398,"{""type"":""MultiPoint"",""coordinates"":[]}"
20230127,2023-01-27,6.159966556646473E-4,"{""type"":""MultiPoint"",""coordinates"":[]}"
20230128,2023-01-28,2.688360251820165E-4,"{""type"":""MultiPoint"",""coordinates"":[]}"
20230129,2023-01-29,0.0016961931291137804,"{""type"":""MultiPoint"",""coordinates"":[]}"
20230130,2023-01-30,0.001828556535888803,"{""type"":""MultiPoint"",""coordinates"":[]}"
20230131,2023-01-31,0.01206583919827412,"{""type"":""MultiPoint"",""coordinates"":[]}"
20230201,2023-02-01,0.005856058564139391,"{""type"":""MultiPoint"",""coordinates"":[]}"
20230202,2023-02-02,0.014253258955827798,"{""type"":""MultiPoint"",""coordinates"":[]}"
20230203,2023-02-03,0.018186088051655388,"{""type"":""MultiPoint"",""coordinates"":[]}"
20230204,2023-02-04,0.006812413570906391,"{""type"":""MultiPoint"",""coordinates"":[]}"
20230205,2023-02-05,0.004746358950722303,"{""type"":""MultiPoint"",""coordinates"":[]}"
20230206,2023-02-06,0.004543511307723535,"{""type"":""MultiPoint"",""coordinates"":[]}"
20230207,2023-02-07,0.010029170114987985,"{""type"":""MultiPoint"",""coordinates"":[]}"
20230208,2023-02-08,0.0044262098101132555,"{""type"":""MultiPoint"",""coordinates"":[]}"
20230209,2023-02-09,0.0028499037300126237,"{""type"":""MultiPoint"",""coordinates"":[]}"
20230210,2023-02-10,4.1617497660278215E-4,"{""type"":""MultiPoint"",""coordinates"":[]}"
20230211,2023-02-11,8.709992955076949E-4,"{""type"":""MultiPoint"",""coordinates"":[]}"
20230212,2023-02-12,0.0031569789377213888,"{""type"":""MultiPoint"",""coordinates"":[]}"
20230213,2023-02-13,0.044758287741572256,"{""type"":""MultiPoint"",""coordinates"":[]}"
20230214,2023-02-14,0.03942874552536048,"{""type"":""MultiPoint"",""coordinates"":[]}"
20230215,2023-02-15,0.008780561523035801,"{""type"":""MultiPoint"",""coordinates"":[]}"
20230216,2023-02-16,0.004746227288643264,"{""type"":""MultiPoint"",""coordinates"":[]}"
20230217,2023-02-17,0.00334568643841219,"{""type"":""MultiPoint"",""coordinates"":[]}"
20230218,2023-02-18,0.004278647829251657,"{""type"":""MultiPoint"",""coordinates"":[]}"
20230219,2023-02-19,0.001880866143577276,"{""type"":""MultiPoint"",""coordinates"":[]}"
20230220,2023-02-20,4.060355943767801E-4,"{""type"":""MultiPoint"",""coordinates"":[]}"
20230221,2023-02-21,0.004359164706007785,"{""type"":""MultiPoint"",""coordinates"":[]}"
20230222,2023-02-22,0.01687834240580747,"{""type"":""MultiPoint"",""coordinates"":[]}"
20230223,2023-02-23,0.02854866776193621,"{""type"":""MultiPoint"",""coordinates"":[]}"
20230224,2023-02-24,0.022336332551038285,"{""type"":""MultiPoint"",""coordinates"":[]}"
20230225,2023-02-25,0.006355186577072701,"{""type"":""MultiPoint"",""coordinates"":[]}"
20230226,2023-02-26,0.003430172339404953,"{""type"":""MultiPoint"",""coordinates"":[]}"
20230227,2023-02-27,0.02380355944307761,"{""type"":""MultiPoint"",""coordinates"":[]}"
20230228,2023-02-28,0.012901682878607731,"{""type"":""MultiPoint"",""coordinates"":[]}"
20230301,2023-03-01,0.014877012980384243,"{""type"":""MultiPoint"",""coordinates"":[]}"
20230302,2023-03-02,0.005828600454963892,"{""type"":""MultiPoint"",""coordinates"":[]}"
20230303,2023-03-03,0.005442507392114406,"{""type"":""MultiPoint"",""coordinates"":[]}"
20230304,2023-03-04,0.0015770536200707536,"{""type"":""MultiPoint"",""coordinates"":[]}"
20230305,2023-03-05,0.0016506626609844388,"{""type"":""MultiPoint"",""coordinates"":[]}"
20230306,2023-03-06,0.0029462545003061244,"{""type"":""MultiPoint"",""coordinates"":[]}"
20230307,2023-03-07,0.0023454843985807857,"{""type"":""MultiPoint"",""coordinates"":[]}"
20230308,2023-03-08,0.0013614196476660898,"{""type"":""MultiPoint"",""coordinates"":[]}"
20230309,2023-03-09,7.744929768971433E-4,"{""type"":""MultiPoint"",""coordinates"":[]}"
20230310,2023-03-10,1.1021882429505281E-4,"{""type"":""MultiPoint"",""coordinates"":[]}"
20230311,2023-03-11,2.845621291448224E-4,"{""type"":""MultiPoint"",""coordinates"":[]}"
20230312,2023-03-12,6.940269972619104E-4,"{""type"":""MultiPoint"",""coordinates"":[]}"
20230313,2023-03-13,3.718149287219807E-5,"{""type"":""MultiPoint"",""coordinates"":[]}"
20230314,2023-03-14,4.906123208968726E-4,"{""type"":""MultiPoint"",""coordinates"":[]}"
20230315,2023-03-15,0.0010608221784272074,"{""type"":""MultiPoint"",""coordinates"":[]}"
20230316,2023-03-16,4.2707322460642697E-4,"{""type"":""MultiPoint"",""coordinates"":[]}"
20230317,2023-03-17,4.575070379203577E-4,"{""type"":""MultiPoint"",""coordinates"":[]}"
20230318,2023-03-18,4.8061927288051213E-4,"{""type"":""MultiPoint"",""coordinates"":[]}"
20230319,2023-03-19,0.001369189078001213,"{""type"":""MultiPoint"",""coordinates"":[]}"
20230320,2023-03-20,0.0021749050182716012,"{""type"":""MultiPoint"",""coordinates"":[]}"
20230321,2023-03-21,0.0011263792306434816,"{""type"":""MultiPoint"",""coordinates"":[]}"
20230322,2023-03-22,5.899566325962296E-4,"{""type"":""MultiPoint"",""coordinates"":[]}"
20230323,2023-03-23,0.002189147458117001,"{""type"":""MultiPoint"",""coordinates"":[]}"
20230324,2023-03-24,0.0013856252172476393,"{""type"":""MultiPoint"",""coordinates"":[]}"
20230325,2023-03-25,0.0013324905822982372,"{""type"":""MultiPoint"",""coordinates"":[]}"
20230326,2023-03-26,0.0025404877506191924,"{""type"":""MultiPoint"",""coordinates"":[]}"
20230327,2023-03-27,8.944080574365646E-4,"{""type"":""MultiPoint"",""coordinates"":[]}"
20230328,2023-03-28,0.0027224792138875625,"{""type"":""MultiPoint"",""coordinates"":[]}"
20230329,2023-03-29,0.00418252352041301,"{""type"":""MultiPoint"",""coordinates"":[]}"
20230330,2023-03-30,0.0023080226911331185,"{""type"":""MultiPoint"",""coordinates"":[]}"
20230331,2023-03-31,0.0011895728129088796,"{""type"":""MultiPoint"",""coordinates"":[]}"
20230401,2023-04-01,0.0015144227689900815,"{""type"":""MultiPoint"",""coordinates"":[]}"
20230402,2023-04-02,0.001481010487664815,"{""type"":""MultiPoint"",""coordinates"":[]}"
20230403,2023-04-03,0.001195962963432198,"{""type"":""MultiPoint"",""coordinates"":[]}"
20230404,2023-04-04,0.001571126811633493,"{""type"":""MultiPoint"",""coordinates"":[]}"
20230405,2023-04-05,0.0011199233735071537,"{""type"":""MultiPoint"",""coordinates"":[]}"
20230406,2023-04-06,1.2930993707048973E-4,"{""type"":""MultiPoint"",""coordinates"":[]}"
20230407,2023-04-07,5.411993599374466E-4,"{""type"":""MultiPoint"",""coordinates"":[]}"
20230408,2023-04-08,5.443213465185574E-4,"{""type"":""MultiPoint"",""coordinates"":[]}"
20230409,2023-04-09,5.820409624639565E-4,"{""type"":""MultiPoint"",""coordinates"":[]}"
20230410,2023-04-10,5.966276612945676E-4,"{""type"":""MultiPoint"",""coordinates"":[]}"
20230411,2023-04-11,0.001591735729238929,"{""type"":""MultiPoint"",""coordinates"":[]}"
20230412,2023-04-12,0.0013517633000544177,"{""type"":""MultiPoint"",""coordinates"":[]}"
20230413,2023-04-13,0.0076668233832395735,"{""type"":""MultiPoint"",""coordinates"":[]}"
20230414,2023-04-14,0.006209270170783605,"{""type"":""MultiPoint"",""coordinates"":[]}"
20230415,2023-04-15,0.023442918369047504,"{""type"":""MultiPoint"",""coordinates"":[]}"
20230416,2023-04-16,0.030511636749525294,"{""type"":""MultiPoint"",""coordinates"":[]}"
20230417,2023-04-17,0.023771281133920505,"{""type"":""MultiPoint"",""coordinates"":[]}"
20230418,2023-04-18,0.015632349498426627,"{""type"":""MultiPoint"",""coordinates"":[]}"
20230419,2023-04-19,0.011893288393418725,"{""type"":""MultiPoint"",""coordinates"":[]}"
20230420,2023-04-20,0.009293758452693358,"{""type"":""MultiPoint"",""coordinates"":[]}"
20230421,2023-04-21,0.016371535566952897,"{""type"":""MultiPoint"",""coordinates"":[]}"
20230422,2023-04-22,0.03343463097728047,"{""type"":""MultiPoint"",""coordinates"":[]}"
20230423,2023-04-23,0.01708093103037604,"{""type"":""MultiPoint"",""coordinates"":[]}"
20230424,2023-04-24,0.021215578884478895,"{""type"":""MultiPoint"",""coordinates"":[]}"
20230425,2023-04-25,0.006529214266795458,"{""type"":""MultiPoint"",""coordinates"":[]}"
20230426,2023-04-26,0.03707114886815808,"{""type"":""MultiPoint"",""coordinates"":[]}"
20230427,2023-04-27,0.00753187417321376,"{""type"":""MultiPoint"",""coordinates"":[]}"
20230428,2023-04-28,0.001568569559187264,"{""type"":""MultiPoint"",""coordinates"":[]}"
20230429,2023-04-29,0.002005106337247253,"{""type"":""MultiPoint"",""coordinates"":[]}"
20230430,2023-04-30,0.0016864341466460344,"{""type"":""MultiPoint"",""coordinates"":[]}"
20230501,2023-05-01,0.0012765373514973131,"{""type"":""MultiPoint"",""coordinates"":[]}"
20230502,2023-05-02,0.001597993626032454,"{""type"":""MultiPoint"",""coordinates"":[]}"
20230503,2023-05-03,0.0013395566729126347,"{""type"":""MultiPoint"",""coordinates"":[]}"
20230504,2023-05-04,0.0017382019984594163,"{""type"":""MultiPoint"",""coordinates"":[]}"
20230505,2023-05-05,0.0018705926131491822,"{""type"":""MultiPoint"",""coordinates"":[]}"
20230506,2023-05-06,0.004067342760680735,"{""type"":""MultiPoint"",""coordinates"":[]}"
20230507,2023-05-07,0.03469542891825785,"{""type"":""MultiPoint"",""coordinates"":[]}"
20230508,2023-05-08,0.0280378113868465,"{""type"":""MultiPoint"",""coordinates"":[]}"
20230509,2023-05-09,0.004293776688892133,"{""type"":""MultiPoint"",""coordinates"":[]}"
20230510,2023-05-10,0.022051614544122005,"{""type"":""MultiPoint"",""coordinates"":[]}"
20230511,2023-05-11,0.022751741032563336,"{""type"":""MultiPoint"",""coordinates"":[]}"
20230512,2023-05-12,0.01745230145463063,"{""type"":""MultiPoint"",""coordinates"":[]}"
20230513,2023-05-13,0.007368430286696518,"{""type"":""MultiPoint"",""coordinates"":[]}"
20230514,2023-05-14,0.013488337458276833,"{""type"":""MultiPoint"",""coordinates"":[]}"
20230515,2023-05-15,0.008590512540251241,"{""type"":""MultiPoint"",""coordinates"":[]}"
20230516,2023-05-16,0.01754041777528778,"{""type"":""MultiPoint"",""coordinates"":[]}"
20230517,2023-05-17,0.03089316296319331,"{""type"":""MultiPoint"",""coordinates"":[]}"
20230518,2023-05-18,0.008232156911990576,"{""type"":""MultiPoint"",""coordinates"":[]}"
20230519,2023-05-19,0.009178959380278287,"{""type"":""MultiPoint"",""coordinates"":[]}"
20230520,2023-05-20,0.00967394767752848,"{""type"":""MultiPoint"",""coordinates"":[]}"
20230521,2023-05-21,0.011598570902702124,"{""type"":""MultiPoint"",""coordinates"":[]}"
20230522,2023-05-22,0.02068660096207597,"{""type"":""MultiPoint"",""coordinates"":[]}"
20230523,2023-05-23,0.05936538152757082,"{""type"":""MultiPoint"",""coordinates"":[]}"
20230524,2023-05-24,0.014595770109228846,"{""type"":""MultiPoint"",""coordinates"":[]}"
20230525,2023-05-25,0.011142267388833687,"{""type"":""MultiPoint"",""coordinates"":[]}"
20230526,2023-05-26,0.03219959332887907,"{""type"":""MultiPoint"",""coordinates"":[]}"
20230527,2023-05-27,0.016237331206454785,"{""type"":""MultiPoint"",""coordinates"":[]}"
20230528,2023-05-28,0.017145561978732467,"{""type"":""MultiPoint"",""coordinates"":[]}"
20230529,2023-05-29,0.02067394994326809,"{""type"":""MultiPoint"",""coordinates"":[]}"
20230530,2023-05-30,0.012171906636445289,"{""type"":""MultiPoint"",""coordinates"":[]}"
20230531,2023-05-31,0.0027242476955273566,"{""type"":""MultiPoint"",""coordinates"":[]}"
20230601,2023-06-01,0.012123973561613346,"{""type"":""MultiPoint"",""coordinates"":[]}"
20230602,2023-06-02,0.009574243547901994,"{""type"":""MultiPoint"",""coordinates"":[]}"
20230603,2023-06-03,0.00915955819765848,"{""type"":""MultiPoint"",""coordinates"":[]}"
20230604,2023-06-04,0.009358262276747163,"{""type"":""MultiPoint"",""coordinates"":[]}"
20230605,2023-06-05,0.008112582464079268,"{""type"":""MultiPoint"",""coordinates"":[]}"
20230606,2023-06-06,0.011196101135076929,"{""type"":""MultiPoint"",""coordinates"":[]}"
20230607,2023-06-07,0.015001499606352012,"{""type"":""MultiPoint"",""coordinates"":[]}"
20230608,2023-06-08,0.01124529453381596,"{""type"":""MultiPoint"",""coordinates"":[]}"
20230609,2023-06-09,0.00797657683786001,"{""type"":""MultiPoint"",""coordinates"":[]}"
20230610,2023-06-10,0.01505138732063822,"{""type"":""MultiPoint"",""coordinates"":[]}"
20230611,2023-06-11,0.007403691133657565,"{""type"":""MultiPoint"",""coordinates"":[]}"
20230612,2023-06-12,0.014697604380212448,"{""type"":""MultiPoint"",""coordinates"":[]}"
20230613,2023-06-13,0.008510080993993622,"{""type"":""MultiPoint"",""coordinates"":[]}"
20230614,2023-06-14,0.019118652739679977,"{""type"":""MultiPoint"",""coordinates"":[]}"
20230615,2023-06-15,0.06200539103631636,"{""type"":""MultiPoint"",""coordinates"":[]}"
20230616,2023-06-16,0.012730672121131848,"{""type"":""MultiPoint"",""coordinates"":[]}"
20230617,2023-06-17,0.010761776067504425,"{""type"":""MultiPoint"",""coordinates"":[]}"
20230618,2023-06-18,0.02117648161749625,"{""type"":""MultiPoint"",""coordinates"":[]}"
20230619,2023-06-19,0.006115636834974736,"{""type"":""MultiPoint"",""coordinates"":[]}"
20230620,2023-06-20,0.003378212190838517,"{""type"":""MultiPoint"",""coordinates"":[]}"
20230621,2023-06-21,7.714373854151588E-4,"{""type"":""MultiPoint"",""coordinates"":[]}"
20230622,2023-06-22,0.002298060123243189,"{""type"":""MultiPoint"",""coordinates"":[]}"
20230623,2023-06-23,0.0030074065881922486,"{""type"":""MultiPoint"",""coordinates"":[]}"
20230624,2023-06-24,0.0024071659972812335,"{""type"":""MultiPoint"",""coordinates"":[]}"
20230625,2023-06-25,0.0088536358512681,"{""type"":""MultiPoint"",""coordinates"":[]}"
20230626,2023-06-26,0.006648913381547028,"{""type"":""MultiPoint"",""coordinates"":[]}"
20230627,2023-06-27,0.005644974082424096,"{""type"":""MultiPoint"",""coordinates"":[]}"
20230628,2023-06-28,0.021319108559784982,"{""type"":""MultiPoint"",""coordinates"":[]}"
20230629,2023-06-29,0.012216478743807161,"{""type"":""MultiPoint"",""coordinates"":[]}"
20230630,2023-06-30,0.009939647432110316,"{""type"":""MultiPoint"",""coordinates"":[]}"
20230701,2023-07-01,0.01205007907991347,"{""type"":""MultiPoint"",""coordinates"":[]}"
20230702,2023-07-02,0.008085981018268188,"{""type"":""MultiPoint"",""coordinates"":[]}"
20230703,2023-07-03,0.010204890563839119,"{""type"":""MultiPoint"",""coordinates"":[]}"
20230704,2023-07-04,0.00636659262706326,"{""type"":""MultiPoint"",""coordinates"":[]}"
20230705,2023-07-05,0.00881424107391451,"{""type"":""MultiPoint"",""coordinates"":[]}"
20230706,2023-07-06,0.02135480516461816,"{""type"":""MultiPoint"",""coordinates"":[]}"
20230707,2023-07-07,0.0035584651316813033,"{""type"":""MultiPoint"",""coordinates"":[]}"
20230708,2023-07-08,0.003900781220441115,"{""type"":""MultiPoint"",""coordinates"":[]}"
20230709,2023-07-09,0.01260455886750004,"{""type"":""MultiPoint"",""coordinates"":[]}"
20230710,2023-07-10,0.001863544524921864,"{""type"":""MultiPoint"",""coordinates"":[]}"
20230711,2023-07-11,0.0013458368436645868,"{""type"":""MultiPoint"",""coordinates"":[]}"
20230712,2023-07-12,0.01434748558833043,"{""type"":""MultiPoint"",""coordinates"":[]}"
20230713,2023-07-13,0.003632782538450764,"{""type"":""MultiPoint"",""coordinates"":[]}"
20230714,2023-07-14,0.008419431698247229,"{""type"":""MultiPoint"",""coordinates"":[]}"
20230715,2023-07-15,0.005431705363177184,"{""type"":""MultiPoint"",""coordinates"":[]}"
20230716,2023-07-16,0.0020803002159516,"{""type"":""MultiPoint"",""coordinates"":[]}"
20230717,2023-07-17,0.003550430305239144,"{""type"":""MultiPoint"",""coordinates"":[]}"
20230718,2023-07-18,0.0016943822959098619,"{""type"":""MultiPoint"",""coordinates"":[]}"
20230719,2023-07-19,0.0028129150075676844,"{""type"":""MultiPoint"",""coordinates"":[]}"
20230720,2023-07-20,5.076730210424018E-4,"{""type"":""MultiPoint"",""coordinates"":[]}"
20230721,2023-07-21,0.006694805762238388,"{""type"":""MultiPoint"",""coordinates"":[]}"
20230722,2023-07-22,0.0075570108820436546,"{""type"":""MultiPoint"",""coordinates"":[]}"
20230723,2023-07-23,0.005828452577727574,"{""type"":""MultiPoint"",""coordinates"":[]}"
20230724,2023-07-24,0.011280428878056274,"{""type"":""MultiPoint"",""coordinates"":[]}"
20230725,2023-07-25,0.011857080067083489,"{""type"":""MultiPoint"",""coordinates"":[]}"
20230726,2023-07-26,0.007353933604912406,"{""type"":""MultiPoint"",""coordinates"":[]}"
20230727,2023-07-27,0.0065561052508140245,"{""type"":""MultiPoint"",""coordinates"":[]}"
20230728,2023-07-28,0.001887150981210799,"{""type"":""MultiPoint"",""coordinates"":[]}"
20230729,2023-07-29,0.005762604855156558,"{""type"":""MultiPoint"",""coordinates"":[]}"
20230730,2023-07-30,0.001409367222354688,"{""type"":""MultiPoint"",""coordinates"":[]}"
20230731,2023-07-31,0.0022420806657341237,"{""type"":""MultiPoint"",""coordinates"":[]}"
20230801,2023-08-01,0.010929271723276924,"{""type"":""MultiPoint"",""coordinates"":[]}"
20230802,2023-08-02,0.007193407460647374,"{""type"":""MultiPoint"",""coordinates"":[]}"
20230803,2023-08-03,0.009697601619353027,"{""type"":""MultiPoint"",""coordinates"":[]}"
20230804,2023-08-04,0.003207449424190793,"{""type"":""MultiPoint"",""coordinates"":[]}"
20230805,2023-08-05,4.745573612116163E-4,"{""type"":""MultiPoint"",""coordinates"":[]}"
20230806,2023-08-06,9.188020877978029E-4,"{""type"":""MultiPoint"",""coordinates"":[]}"
20230807,2023-08-07,8.011027249783336E-4,"{""type"":""MultiPoint"",""coordinates"":[]}"
20230808,2023-08-08,0.006859802039072782,"{""type"":""MultiPoint"",""coordinates"":[]}"
20230809,2023-08-09,4.592830022263794E-4,"{""type"":""MultiPoint"",""coordinates"":[]}"
20230810,2023-08-10,5.582269357545912E-4,"{""type"":""MultiPoint"",""coordinates"":[]}"
20230811,2023-08-11,6.39264593226693E-4,"{""type"":""MultiPoint"",""coordinates"":[]}"
20230812,2023-08-12,4.330217590049389E-4,"{""type"":""MultiPoint"",""coordinates"":[]}"
20230813,2023-08-13,0.002375182736801558,"{""type"":""MultiPoint"",""coordinates"":[]}"
20230814,2023-08-14,0.0034874575284923755,"{""type"":""MultiPoint"",""coordinates"":[]}"
20230815,2023-08-15,0.02597419057506611,"{""type"":""MultiPoint"",""coordinates"":[]}"
20230816,2023-08-16,0.011111017209006665,"{""type"":""MultiPoint"",""coordinates"":[]}"
20230817,2023-08-17,0.01131876120970068,"{""type"":""MultiPoint"",""coordinates"":[]}"
20230818,2023-08-18,0.01289661279909132,"{""type"":""MultiPoint"",""coordinates"":[]}"
20230819,2023-08-19,0.0035281692121766307,"{""type"":""MultiPoint"",""coordinates"":[]}"
20230820,2023-08-20,2.7436888934858716E-4,"{""type"":""MultiPoint"",""coordinates"":[]}"
20230821,2023-08-21,2.385656886224021E-5,"{""type"":""MultiPoint"",""coordinates"":[]}"
20230822,2023-08-22,5.091768560056551E-4,"{""type"":""MultiPoint"",""coordinates"":[]}"
20230823,2023-08-23,1.6281550445470673E-4,"{""type"":""MultiPoint"",""coordinates"":[]}"
20230824,2023-08-24,8.206795513959579E-5,"{""type"":""MultiPoint"",""coordinates"":[]}"
20230825,2023-08-25,1.0502251214621098E-4,"{""type"":""MultiPoint"",""coordinates"":[]}"
20230826,2023-08-26,1.6900799974358703E-4,"{""type"":""MultiPoint"",""coordinates"":[]}"
20230827,2023-08-27,4.6023033450029823E-4,"{""type"":""MultiPoint"",""coordinates"":[]}"
20230828,2023-08-28,5.026890901512308E-4,"{""type"":""MultiPoint"",""coordinates"":[]}"
20230829,2023-08-29,5.368644517848941E-4,"{""type"":""MultiPoint"",""coordinates"":[]}"
20230830,2023-08-30,0.0025607584205478693,"{""type"":""MultiPoint"",""coordinates"":[]}"
20230831,2023-08-31,0.003215461679700428,"{""type"":""MultiPoint"",""coordinates"":[]}"
20230901,2023-09-01,0.0018390354764554761,"{""type"":""MultiPoint"",""coordinates"":[]}"
20230902,2023-09-02,1.23955289918378E-4,"{""type"":""MultiPoint"",""coordinates"":[]}"
20230903,2023-09-03,2.3298385719944568E-4,"{""type"":""MultiPoint"",""coordinates"":[]}"
20230904,2023-09-04,1.735655354289162E-4,"{""type"":""MultiPoint"",""coordinates"":[]}"
20230905,2023-09-05,5.414821191824692E-4,"{""type"":""MultiPoint"",""coordinates"":[]}"
20230906,2023-09-06,5.087816200683492E-4,"{""type"":""MultiPoint"",""coordinates"":[]}"
20230907,2023-09-07,7.045324592433305E-4,"{""type"":""MultiPoint"",""coordinates"":[]}"
20230908,2023-09-08,2.6292832617589077E-4,"{""type"":""MultiPoint"",""coordinates"":[]}"
20230909,2023-09-09,7.838765703952063E-4,"{""type"":""MultiPoint"",""coordinates"":[]}"
20230910,2023-09-10,5.475839042144842E-4,"{""type"":""MultiPoint"",""coordinates"":[]}"
20230911,2023-09-11,0.002180994661778526,"{""type"":""MultiPoint"",""coordinates"":[]}"
20230912,2023-09-12,4.654793761039802E-4,"{""type"":""MultiPoint"",""coordinates"":[]}"
20230913,2023-09-13,3.916988109861478E-5,"{""type"":""MultiPoint"",""coordinates"":[]}"
20230914,2023-09-14,6.80015477371167E-6,"{""type"":""MultiPoint"",""coordinates"":[]}"
20230915,2023-09-15,5.615089831359932E-4,"{""type"":""MultiPoint"",""coordinates"":[]}"
20230916,2023-09-16,0.0023160134967588225,"{""type"":""MultiPoint"",""coordinates"":[]}"
20230917,2023-09-17,1.847653606431271E-4,"{""type"":""MultiPoint"",""coordinates"":[]}"
20230918,2023-09-18,0.005096308184751784,"{""type"":""MultiPoint"",""coordinates"":[]}"
20230919,2023-09-19,0.004809179913733603,"{""type"":""MultiPoint"",""coordinates"":[]}"
20230920,2023-09-20,0.006172678308685197,"{""type"":""MultiPoint"",""coordinates"":[]}"
20230921,2023-09-21,0.005460383881586924,"{""type"":""MultiPoint"",""coordinates"":[]}"
20230922,2023-09-22,0.004255510747399204,"{""type"":""MultiPoint"",""coordinates"":[]}"
20230923,2023-09-23,0.001857188447044736,"{""type"":""MultiPoint"",""coordinates"":[]}"
20230924,2023-09-24,0.0011082598327851205,"{""type"":""MultiPoint"",""coordinates"":[]}"
20230925,2023-09-25,0.0014375505611102896,"{""type"":""MultiPoint"",""coordinates"":[]}"
20230926,2023-09-26,6.744529744577083E-4,"{""type"":""MultiPoint"",""coordinates"":[]}"
20230927,2023-09-27,7.581971595468787E-4,"{""type"":""MultiPoint"",""coordinates"":[]}"
20230928,2023-09-28,3.0397458433198264E-4,"{""type"":""MultiPoint"",""coordinates"":[]}"
20230929,2023-09-29,6.177815328527964E-5,"{""type"":""MultiPoint"",""coordinates"":[]}"
20230930,2023-09-30,2.814169586625727E-5,"{""type"":""MultiPoint"",""coordinates"":[]}"
20231001,2023-10-01,1.3791540413360375E-5,"{""type"":""MultiPoint"",""coordinates"":[]}"
20231002,2023-10-02,2.0327656301559222E-4,"{""type"":""MultiPoint"",""coordinates"":[]}"
20231003,2023-10-03,3.7209212679832913E-4,"{""type"":""MultiPoint"",""coordinates"":[]}"
20231004,2023-10-04,0.0022381233689494724,"{""type"":""MultiPoint"",""coordinates"":[]}"
20231005,2023-10-05,0.003497153656747337,"{""type"":""MultiPoint"",""coordinates"":[]}"
20231006,2023-10-06,9.1011868003925E-4,"{""type"":""MultiPoint"",""coordinates"":[]}"
20231007,2023-10-07,0.00151247130381533,"{""type"":""MultiPoint"",""coordinates"":[]}"
20231008,2023-10-08,2.2684572342766447E-4,"{""type"":""MultiPoint"",""coordinates"":[]}"
20231009,2023-10-09,7.428526987733898E-5,"{""type"":""MultiPoint"",""coordinates"":[]}"
20231010,2023-10-10,5.0705238308293634E-5,"{""type"":""MultiPoint"",""coordinates"":[]}"
20231011,2023-10-11,1.7108662206481248E-4,"{""type"":""MultiPoint"",""coordinates"":[]}"
20231012,2023-10-12,9.028864558183467E-4,"{""type"":""MultiPoint"",""coordinates"":[]}"
20231013,2023-10-13,6.148262349008367E-4,"{""type"":""MultiPoint"",""coordinates"":[]}"
20231014,2023-10-14,0.001220222912914904,"{""type"":""MultiPoint"",""coordinates"":[]}"
20231015,2023-10-15,5.11901704793966E-4,"{""type"":""MultiPoint"",""coordinates"":[]}"
20231016,2023-10-16,8.087812604303494E-4,"{""type"":""MultiPoint"",""coordinates"":[]}"
20231017,2023-10-17,0.003358692341188635,"{""type"":""MultiPoint"",""coordinates"":[]}"
20231018,2023-10-18,0.00598377521233736,"{""type"":""MultiPoint"",""coordinates"":[]}"
20231019,2023-10-19,0.005722589544736127,"{""type"":""MultiPoint"",""coordinates"":[]}"
20231020,2023-10-20,0.001040615483423975,"{""type"":""MultiPoint"",""coordinates"":[]}"
20231021,2023-10-21,0.001898693410004626,"{""type"":""MultiPoint"",""coordinates"":[]}"
20231022,2023-10-22,0.006777438777467588,"{""type"":""MultiPoint"",""coordinates"":[]}"
20231023,2023-10-23,0.010480883158562564,"{""type"":""MultiPoint"",""coordinates"":[]}"
20231024,2023-10-24,0.002705794546583057,"{""type"":""MultiPoint"",""coordinates"":[]}"
20231025,2023-10-25,0.002142849603080664,"{""type"":""MultiPoint"",""coordinates"":[]}"
20231026,2023-10-26,7.526273621419219E-4,"{""type"":""MultiPoint"",""coordinates"":[]}"
20231027,2023-10-27,3.9902168125109135E-4,"{""type"":""MultiPoint"",""coordinates"":[]}"
20231028,2023-10-28,7.069356217243493E-4,"{""type"":""MultiPoint"",""coordinates"":[]}"
20231029,2023-10-29,9.670411572834675E-4,"{""type"":""MultiPoint"",""coordinates"":[]}"
20231030,2023-10-30,0.001005223230629269,"{""type"":""MultiPoint"",""coordinates"":[]}"
20231031,2023-10-31,7.491405884192215E-4,"{""type"":""MultiPoint"",""coordinates"":[]}"
20231101,2023-11-01,0.001723644208333102,"{""type"":""MultiPoint"",""coordinates"":[]}"
20231102,2023-11-02,0.0027075202318500476,"{""type"":""MultiPoint"",""coordinates"":[]}"
20231103,2023-11-03,0.001733625365654007,"{""type"":""MultiPoint"",""coordinates"":[]}"
20231104,2023-11-04,0.0011625568682579112,"{""type"":""MultiPoint"",""coordinates"":[]}"
20231105,2023-11-05,0.001285196103741218,"{""type"":""MultiPoint"",""coordinates"":[]}"
20231106,2023-11-06,0.0013036847626493055,"{""type"":""MultiPoint"",""coordinates"":[]}"
20231107,2023-11-07,0.0028866700284004942,"{""type"":""MultiPoint"",""coordinates"":[]}"
20231108,2023-11-08,0.007116390895708522,"{""type"":""MultiPoint"",""coordinates"":[]}"
20231109,2023-11-09,8.367354775082148E-4,"{""type"":""MultiPoint"",""coordinates"":[]}"
20231110,2023-11-10,4.189146500852073E-4,"{""type"":""MultiPoint"",""coordinates"":[]}"
20231111,2023-11-11,0.003946757022566105,"{""type"":""MultiPoint"",""coordinates"":[]}"
20231112,2023-11-12,6.564295477533465E-4,"{""type"":""MultiPoint"",""coordinates"":[]}"
20231113,2023-11-13,2.026930158105998E-4,"{""type"":""MultiPoint"",""coordinates"":[]}"
20231114,2023-11-14,4.5573504711286827E-4,"{""type"":""MultiPoint"",""coordinates"":[]}"
20231115,2023-11-15,0.0038610251001050286,"{""type"":""MultiPoint"",""coordinates"":[]}"
20231116,2023-11-16,0.013308965873633073,"{""type"":""MultiPoint"",""coordinates"":[]}"
20231117,2023-11-17,0.015742132973663,"{""type"":""MultiPoint"",""coordinates"":[]}"
20231118,2023-11-18,0.0010125907086992768,"{""type"":""MultiPoint"",""coordinates"":[]}"
20231119,2023-11-19,0.0014088202807053256,"{""type"":""MultiPoint"",""coordinates"":[]}"
20231120,2023-11-20,6.205466503152369E-4,"{""type"":""MultiPoint"",""coordinates"":[]}"
20231121,2023-11-21,5.730749761563985E-4,"{""type"":""MultiPoint"",""coordinates"":[]}"
20231122,2023-11-22,6.838894860419931E-4,"{""type"":""MultiPoint"",""coordinates"":[]}"
20231123,2023-11-23,0.0024807393837884125,"{""type"":""MultiPoint"",""coordinates"":[]}"
20231124,2023-11-24,0.0038809753064514983,"{""type"":""MultiPoint"",""coordinates"":[]}"
20231125,2023-11-25,0.005843877735544224,"{""type"":""MultiPoint"",""coordinates"":[]}"
20231126,2023-11-26,0.011946779941735281,"{""type"":""MultiPoint"",""coordinates"":[]}"
20231127,2023-11-27,0.0021821524756059367,"{""type"":""MultiPoint"",""coordinates"":[]}"
20231128,2023-11-28,5.281756325948366E-4,"{""type"":""MultiPoint"",""coordinates"":[]}"
20231129,2023-11-29,6.703338217405179E-4,"{""type"":""MultiPoint"",""coordinates"":[]}"
20231130,2023-11-30,0.0011308023861682079,"{""type"":""MultiPoint"",""coordinates"":[]}"
20231201,2023-12-01,3.076530942945384E-4,"{""type"":""MultiPoint"",""coordinates"":[]}"
20231202,2023-12-02,0.0011041274761217333,"{""type"":""MultiPoint"",""coordinates"":[]}"
20231203,2023-12-03,0.0011631567685629403,"{""type"":""MultiPoint"",""coordinates"":[]}"
20231204,2023-12-04,0.001181115713938205,"{""type"":""MultiPoint"",""coordinates"":[]}"
20231205,2023-12-05,0.004450454191190594,"{""type"":""MultiPoint"",""coordinates"":[]}"
20231206,2023-12-06,0.013371474889158986,"{""type"":""MultiPoint"",""coordinates"":[]}"
20231207,2023-12-07,0.007013677799876078,"{""type"":""MultiPoint"",""coordinates"":[]}"
20231208,2023-12-08,0.010265874900031623,"{""type"":""MultiPoint"",""coordinates"":[]}"
20231209,2023-12-09,0.001809485153060797,"{""type"":""MultiPoint"",""coordinates"":[]}"
20231210,2023-12-10,0.001099138693563878,"{""type"":""MultiPoint"",""coordinates"":[]}"
20231211,2023-12-11,0.003997290029012077,"{""type"":""MultiPoint"",""coordinates"":[]}"
20231212,2023-12-12,0.0011955335408761598,"{""type"":""MultiPoint"",""coordinates"":[]}"
20231213,2023-12-13,0.003611876574518219,"{""type"":""MultiPoint"",""coordinates"":[]}"
20231214,2023-12-14,7.399270472156814E-4,"{""type"":""MultiPoint"",""coordinates"":[]}"
20231215,2023-12-15,7.283891408422956E-4,"{""type"":""MultiPoint"",""coordinates"":[]}"
20231216,2023-12-16,0.001383956969836238,"{""type"":""MultiPoint"",""coordinates"":[]}"
20231217,2023-12-17,0.001873204699500086,"{""type"":""MultiPoint"",""coordinates"":[]}"
20231218,2023-12-18,0.0033724096889720108,"{""type"":""MultiPoint"",""coordinates"":[]}"
20231219,2023-12-19,0.002513256187798555,"{""type"":""MultiPoint"",""coordinates"":[]}"
20231220,2023-12-20,9.115244530635391E-4,"{""type"":""MultiPoint"",""coordinates"":[]}"
20231221,2023-12-21,0.0014902857524479395,"{""type"":""MultiPoint"",""coordinates"":[]}"
20231222,2023-12-22,0.005066861682423083,"{""type"":""MultiPoint"",""coordinates"":[]}"
20231223,2023-12-23,0.003851791181733428,"{""type"":""MultiPoint"",""coordinates"":[]}"
20231224,2023-12-24,0.012703678480004007,"{""type"":""MultiPoint"",""coordinates"":[]}"
20231225,2023-12-25,0.007687023797283207,"{""type"":""MultiPoint"",""coordinates"":[]}"
20231226,2023-12-26,6.458232440914322E-4,"{""type"":""MultiPoint"",""coordinates"":[]}"
20231227,2023-12-27,0.0014404757391114637,"{""type"":""MultiPoint"",""coordinates"":[]}"
20231228,2023-12-28,0.002132462278369381,"{""type"":""MultiPoint"",""coordinates"":[]}"
20231229,2023-12-29,0.0024631168735414787,"{""type"":""MultiPoint"",""coordinates"":[]}"
20231230,2023-12-30,0.007563654747124674,"{""type"":""MultiPoint"",""coordinates"":[]}"
20231231,2023-12-31,0.0035169601315388757,"{""type"":""MultiPoint"",""coordinates"":[]}"
